word,ipa,pos,inflections,derivatives,definition,example,collocations,context_type
Conversant,/kəˈnvɝsənt/,adj.,"conversant, more conversant, most conversant","conversance (n.), conversancy (n.)",familiar with or knowledgeable about something｜熟悉某事物的;對某事物有知識的,The lawyer was conversant with all the latest legal precedents in tax law.,conversant with the subject; conversant in multiple languages; conversant on current events,C2
Contrite,/kənˈtɹaɪt/,adj.,"contrite, more contrite, most contrite",contriteness (n.),feeling or expressing pain or sorrow for sins or offenses｜對罪過感到痛苦或悲傷的;表示悔恨的,The contrite defendant apologized profusely for his actions in court.,contrite apology; contrite expression; contrite heart,C2
Convivial,/kəˈnvɪviəl/,adj.,"convivial, more convivial, most convivial",conviviality (n.),occupied with or fond of the pleasures of good company｜樂於交際的;愛好社交的,The convivial atmosphere at the party made everyone feel welcome and included.,convivial atmosphere; convivial gathering; convivial mood,C2
Conundrum,/kəˈnʌndɹəm/,n.,"conundrum, conundrums",None,a difficult problem｜難題;困境,The conundrum of how to reduce traffic congestion puzzled city planners.,solve a conundrum; face a conundrum; present a conundrum,C2
Cordial,/ˈkɔɹdʒəl/,adj.,"cordial, more cordial, most cordial",cordiality (n.),diffusing warmth and friendliness｜散發溫暖和友善的;熱情的,She gave him a cordial smile and invited him to join the group.,cordial greeting; cordial relationship; cordial invitation,C2
Copious,/ˈkoʊpiəs/,adj.,"copious, more copious, most copious","copiously (adv.), copiousness (n.)",large in number or quantity; abundant｜大量的;豐富的,The professor provided copious notes to supplement the lecture.,copious notes; copious amounts; copious details,C2
Corrosive,/kɚˈoʊsɪv/,adj.,"corrosive, more corrosive, most corrosive","corrode (v.), corrosion (n.)","of a substance, especially a strong acid; capable of destroying or eating away by chemical action｜能夠通過化學作用破壞或侵蝕的;腐蝕性的",The corrosive acid ate through the metal container in minutes.,corrosive substance; corrosive effect; corrosive criticism,C2
Cosmopolitan,/ˌkɑzməˈpɑlətən/,adj.,"cosmopolitan, more cosmopolitan, most cosmopolitan",None,having a sophisticated awareness and appreciation of many different countries and cultures; worldly｜對不同國家和文化有成熟認識的;見多識廣的;世界性的,The cosmopolitan city attracted visitors from all over the world.,cosmopolitan city; cosmopolitan culture; cosmopolitan outlook,C2
Corpulent,/ˈkɔːpjələnt/,adj.,"corpulent, more corpulent, most corpulent",corpulence (n.),excessively fat｜過度肥胖的,The corpulent man struggled to fit into the airplane seat.,corpulent figure; corpulent man; corpulent appearance,C2
Convene,/kəˈnvin/,v.,"convene, convenes, convened, convened, convening","convener (n.), convening (n.), convention (n.)",To come together; to meet; to unite.｜聚集;集合;會合,The committee decided to convene a meeting to discuss the budget issues.,convene a meeting; convene an assembly; convene the committee,C2
Corroborate,/kɚˈɑbɚˌeɪt/,v.,"corroborate, corroborates, corroborated, corroborated, corroborating","corroboration (n.), corroborative (adj.)",establish or strengthen as with new evidence or facts｜用新的證據或事實來證實或加強,The witness testimony corroborated the victim's account of the incident.,corroborate evidence; corroborate the story; corroborate the findings,C2
Convalesce,/ˌkɑnvəˈlɛs/,v.,"convalesce, convalesces, convalesced, convalesced, convalescing","convalescent (adj.), convalescence (n.)",get over an illness or shock｜從疾病或衝擊中康復,"After a week in bed, she began to convalesce and regain her strength.",convalesce at home; convalesce after surgery; convalesce from illness,C2
Countenance,/ˈkaʊntənəns/,n.,"countenance, countenances",None,the appearance conveyed by a person's face｜面部表情;面容,His countenance was serious as he delivered the news about the company's layoffs.,stern countenance; change countenance; maintain countenance,C2
Covert,/ˈkoʊvɚt/,adj.,"covert, more covert, most covert","covertly (adv.), covertness (n.)",not openly shown; concealed｜不公開顯示的;隱藏的,The spy used covert signals to communicate with his contacts.,covert operation; covert surveillance; covert affair,C2
Contrived,/kənˈtɹaɪvd/,adj.,"contrived, more contrived, most contrived",None,deliberately created and appearing artificial or forced｜故意創造的;顯得人為或勉強的,The film's plot felt contrived and failed to convince the audience.,contrived plot; contrived excuse; contrived solution,C2
Convoke,/kənˈvoʊk/,v.,"convoke, convokes, convoked, convoked, convoking",convocation (n.),call together｜召集,The principal decided to convoke a school assembly to address the recent bullying incidents.,convoke a meeting; convoke the council; convoke the assembly,C2
Converge,/kəˈnvɝdʒ/,v.,"converge, converges, converged, converged, converging","convergent (adj.), converging (n.), convergence (n.), convergency (n.)",be adjacent or come together｜鄰接;會合;匯聚,"The two rivers converge near the edge of the forest, forming a larger body of water.",converge on a point; converge in time; converge in space,C2
Covetous,/ˈkʌvətəs/,adj.,"covetous, more covetous, most covetous",covetousness (n.),showing extreme cupidity; painfully desirous of another's advantages｜表現出極端貪心的;對他人的優勢痛苦渴望的,The covetous businessman was always looking for ways to outdo his competitors.,covetous gaze; covetous of wealth; covetous of power,C2
Craven,/ˈkɹeɪvən/,n.,"craven, cravens",cravenness (n.),an abject coward｜卑鄙的懦夫,The soldier was labeled a craven after he fled the battlefield.,craven coward; craven behavior; craven act,C2
Crass,/ˈkɹæs/,adj.,"crass, more crass, most crass",crassness (n.),(of persons) so unrefined as to be lacking in discrimination and sensibility｜粗魯且缺乏辨別力和感受力的,His crass comments at the dinner party offended many of the guests.,crass behavior; crass remark; crass ignorance,C2
Countermand,/ˌkaʊntəˈmɑːnd/,v.,"countermand, countermands, countermanded, countermanded, countermanding",None,cancel officially｜正式取消,The general decided to countermand the order after receiving new intelligence.,countermand an order; countermand a directive; countermand a decision,C2
Credence,/ˈkɹidəns/,n. [U],no changes,None,the mental attitude that something is believable and should be accepted as true｜相信某事屬實且應被接受的心理態度,"The evidence was lacking, so the jury gave no credence to the witness's testimony.",give credence to; lend credence to; gain credence,C2
Coy,/ˈkɔɪ/,adj.,"coy, coyer, coyest",coyness (n.),affectedly modest or shy especially in a playful or provocative way｜故作害羞或矜持，常帶調皮或挑釁意味,"The actress gave a coy smile as she accepted the award, adding to her charm.",coy smile; coy demeanor; coy response,C2
Cower,/ˈkaʊɚ/,v.,"cower, cowers, cowered, cowered, cowering",None,crouch or curl up｜蜷縮,The lost hiker cowered under a tree during the thunderstorm.,cower in fear; cower in the corner; cower before danger,C2
Cupidity,/kjuˈpɪdɪti/,n. [U],no changes,None,extreme greed for material wealth｜極度貪財,His cupidity led him to make some risky financial decisions that eventually backfired.,cupidity for money; cupidity for power; cupidity for fame,C2
Cryptic,/ˈkɹɪptɪk/,adj.,"cryptic, more cryptic, most cryptic",cryptically (adv.),of an obscure nature｜晦澀的,"The cryptic message left everyone puzzled, as its meaning was obscure and difficult to decipher.",cryptic message; cryptic warning; cryptic remark,C2
Curator,/kjʊˈɹeɪtɚ/,n.,"curator, curators","curatorial (adj.), curatorship (n.)",the custodian of a collection (as a museum or library)｜博物館或圖書館等收藏品的管理人,"As the curator of the museum, she was responsible for preserving and displaying the priceless artifacts.",museum curator; art curator; chief curator,C2
Credulous,/ˈkɹɛdʒələs/,adj.,"credulous, more credulous, most credulous","credulity (n.), credulousness (n.)",disposed to believe on little evidence｜輕信的,The credulous investor believed the scammer's too-good-to-be-true promises and lost his life savings.,credulous person; credulous nature; credulous belief,C2
Crescendo,/kɹɪˈʃɛndoʊ/,n.,"crescendo, crescendos",None,a gradual increase in volume｜音量漸增,The orchestra reached a thunderous crescendo before the final note faded into silence.,crescendo of applause; crescendo of sound; dramatic crescendo,C2
Criterion,/kɹaɪˈtɪɹiən/,n.,"criterion, criteria","criterial (adj.), criterional (adj.)",a basis for comparison; a reference point against which other things can be evaluated｜比較的基準；評估事物的參照點,The main criterion for the job was a strong background in computer programming and problem-solving.,key criterion; primary criterion; selection criterion,C2
Culpable,/ˈkʌlpəbəl/,adj.,"culpable, more culpable, most culpable","culpability (n.), culpableness (n.)",deserving blame or censure as being wrong or evil or injurious｜應受譴責的,The company acknowledged that it was culpable for the data breach and apologized to its customers.,morally culpable; legally culpable; culpable negligence,C2
Cumbersome,/ˈkʌmbɚsəm/,adj.,"cumbersome, more cumbersome, most cumbersome",cumbersomeness (n.),difficult to handle or use especially because of size or weight｜笨重的,"The cumbersome machinery slowed down the construction project, making it difficult to meet deadlines.",cumbersome process; cumbersome equipment; cumbersome procedure,C2
Curtail,/kɚˈteɪl/,v.,"curtail, curtails, curtailed, curtailed, curtailing",curtailment (n.),place restrictions on｜限制,The new regulations were designed to curtail excessive spending and reduce the budget deficit.,curtail freedom; curtail spending; curtail activities,C2
Cynical,/ˈsɪnɪkəl/,adj.,"cynical, more cynical, most cynical","cynicism (n.), cynically (adv.)",Of or relating to the belief that human actions are motivated only or primarily by base desires or selfishness.｜認為人類行為僅由自私或卑劣欲望所驅使的,His cynical view of politics led him to believe that all politicians were motivated by self-interest.,cynical attitude; cynical view; cynical outlook,C2
Debase,/dəˈbeɪs/,v.,"debase, debases, debased, debased, debasing","debaser (n.), debasement (n.)",corrupt morally or by intemperance or sensuality｜道德敗壞,"The scandal served to debase his reputation, leading many to question his integrity.",morally debase; debase currency; debase oneself,C2
Crestfallen,/ˈkɹɛsˌtfɔlən/,adj.,"crestfallen, more crestfallen, most crestfallen",None,brought low in spirit｜意志消沉的,"After losing the championship game, the team was crestfallen and struggled to regain their confidence.",crestfallen expression; look crestfallen; crestfallen face,C2
Cursory,/ˈkɝsɚi/,adj.,"cursory, more cursory, most cursory",None,hasty and without attention to detail; not thorough｜草率的,"The detective gave the crime scene a cursory glance before moving on, missing a crucial piece of evidence.",cursory glance; cursory inspection; cursory review,C2
Debacle,/dəˈbɑkəl/,n.,"debacle, debacles",None,a sudden and violent collapse｜突發的猛烈崩潰,The financial debacle led to the collapse of several major banks and shook the global economy.,complete debacle; economic debacle; financial debacle,C2
Decimate,/ˈdɛsəˌmeɪt/,v.,"decimate, decimates, decimated, decimated, decimating",decimation (n.),"kill one in every ten, as of mutineers in Roman armies｜每十人中殺一人","The invading army decided to decimate the local population, killing one in every ten people as a warning.",decimate population; decimate ranks; decimate enemy,C2
Daunt,/ˈdɔnt/,v.,"daunt, daunts, daunted, daunted, daunting",None,cause to lose courage｜使膽怯,The scale of the problem did not daunt her; she tackled it with quiet confidence and determination.,daunt opponent; daunt spirit; daunt the bravest,C2
Debate,/dəˈbeɪt/,v.,"debate, debates, debated, debated, debating","debater (n.), debatable (adj.)",argue with one another｜互相爭論,"The two politicians debated the merits of the new policy, each presenting strong arguments.",debate the issue; debate the merits; debate whether,C2
Decipher,/dɪˈsaɪfɚ/,v.,"decipher, deciphers, deciphered, deciphered, deciphering","decipherable (adj.), decipherment (n.)",convert code into ordinary language｜將密碼轉換為普通語言,"The team worked tirelessly to decipher the ancient manuscript, hoping to unlock its secrets.",decipher message; decipher code; decipher handwriting,C2
Debilitate,/dəˈbɪləˌteɪt/,v.,"debilitate, debilitates, debilitated, debilitated, debilitating","debility (n.), debilitation (n.), debilitative (adj.)",make weak｜使虛弱,"The illness debilitated him, leaving him too weak to perform everyday tasks.",debilitating illness; debilitate health; debilitate economy,C2
Dearth,/ˈdɝθ/,n. [U],no changes,None,an acute insufficiency｜嚴重短缺,"There was a dearth of resources, making it challenging to provide adequate aid to the disaster-stricken area.",dearth of resources; dearth of information; dearth of opportunities,C2
Debunk,/dɪˈbʌŋk/,v.,"debunk, debunks, debunked, debunked, debunking",debunking (n.),expose while ridiculing; especially of pretentious or false claims and ideas｜揭穿並嘲弄；尤指針對虛偽或虛假的說法及想法,The documentary aimed to debunk common myths about nutrition and promote healthier eating habits.,debunk myth; debunk theory; debunk claim,C2
Defame,/dɪˈfeɪm/,v.,"defame, defames, defamed, defamed, defaming","defamer (n.), defamation (n.), defamatory (adj.)",charge falsely or with malicious intent; attack the good name and reputation of someone｜誣告或懷有惡意地指控；損害他人的名譽,"The article defamed the actor, accusing him of crimes without any evidence, which led to a lawsuit.",defame character; defame reputation; defame name,C2
Debauchery,/dəˈbɔtʃɚi/,n.,"debauchery, debaucheries",debauch (v.),a wild gathering involving excessive drinking and promiscuity｜狂歡作樂的聚會，伴隨過度饮酒和濫交,"The debauchery at the party was evident, with guests indulging in excessive drinking and unruly behavior.",wild debauchery; act of debauchery; debauchery and excess,C2
Deference,/ˈdɛfɚəns/,n. [U],no changes,"defer (v.), deferent (adj.), deferential (adj.)",a courteous expression (by word or deed) of esteem or regard｜以言語或行動表示敬意或尊重,"Out of deference to his mentor, he always sought his advice before making important decisions.",show deference; treat with deference; deference to elders,C2
Deface,/dɪˈfeɪs/,v.,"deface, defaces, defaced, defaced, defacing",defacement (n.),mar or spoil the appearance of｜破壞或損害外觀,"Vandals defaced the ancient statue, marring its beauty and upsetting the local community.",deface property; deface monument; deface image,C2
Defile,/dɪˈfaɪl/,v.,"defile, defiles, defiled, defiled, defiling","defiler (n.), defilement (n.)",to desecrate or profane; to make filthy or polluted｜褻瀆；弄髒或污染,"The new evidence served to defile his previously sterling reputation, casting doubt on his integrity.",defile reputation; defile name; defile image,C2
Decorum,/dɪˈkɔɹəm/,n. [U],no changes,decorous (adj.),propriety in manners and conduct｜舉止得體,The dinner party guests were impressed by the young man's decorum and polite conversation.,sense of decorum; maintain decorum; breach of decorum,C2
Deflect,/dɪˈflɛkt/,v.,"deflect, deflects, deflected, deflected, deflecting","deflector (n.), deflexion (n.), deflection (n.), deflective (adj.)","to cause something to change direction; to divert attention, criticism, or blame｜使某物改變方向；轉移注意力、批評或指責","The goalkeeper's quick reflexes deflected the powerful shot, saving the team from a certain goal.",deflect attention; deflect criticism; deflect blame,C2
Decant,/dəˈkænt/,v.,"decant, decants, decanted, decanted, decanting","decanter (n.), decantation (n.)",pour out｜倒出,"After letting the wine breathe, the host carefully decanted it into elegant crystal glasses.",decant wine; carefully decant; decant into a glass,C2
Definitive,/dɪˈfɪnɪtɪv/,adj.,no changes,"definitively (adv.), definitiveness (n.)",conclusive and authoritative; final and leaving no room for doubt or question｜決定性的且具權威性的；最終的且不容置疑的,The Supreme Court issued a definitive ruling that settled the matter once and for all.,definitive answer; definitive guide; definitive version,C2
Decrepit,/dəˈkɹɛpɪt/,adj.,"decrepit, more decrepit, most decrepit",None,worn and broken down by hard use｜破舊且損耗的,"The old, decrepit barn was barely standing, with its roof caved in and walls tilting dangerously.",decrepit building; decrepit state; decrepit condition,C2
Default,/dɪˈfɔlt/,n.,"default, defaults",defaulter (n.),The condition of failing to meet an obligation.｜未能履行義務的狀態,The company is in default after failing to make the required payments on its loans.,loan default; in default; default on payments,C2
Defunct,/dɪˈfʌŋkt/,adj.,no changes,defunctness (n.),no longer in force or use; inactive｜不再有效或使用；不活躍的,"The once-popular social media platform is now defunct, having lost all its users to newer apps.",defunct company; defunct law; defunct system,C2
Defeatist,/dɪˈfitɪst/,n.,"defeatist, defeatists","defeat (n.), defeatism (n.)",someone who is resigned to defeat without offering positive suggestions｜不提出正面建議而屈服於失敗的人,"Critics called him a defeatist, but he continued to argue that the campaign could not succeed.",a defeatist; called a defeatist; being a defeatist,C2
Deliberate,/dɪˈlɪbəˌreɪt/,v.,"deliberate, deliberates, deliberated, deliberated, deliberating","deliberation (n.), deliberative (adj.), deliberateness (n.)",think about carefully; weigh｜仔細思考；權衡,The committee will deliberate on the proposal for several weeks before making a final decision.,deliberate on the matter; deliberate on the proposal; deliberate carefully,C2
Degenerate,/dɪˈdʒɛnəˌreɪt/,v.,"degenerate, degenerates, degenerated, degenerated, degenerating","degeneration (n.), degenerative (adj.)",grow worse｜變得更糟,The discussion degenerated into an argument when neither side was willing to compromise.,degenerate into chaos; degenerate into violence; degenerate into an argument,C2
Deleterious,/ˌdɛləˈtɪɹiəs/,adj.,"deleterious, more deleterious, most deleterious","deleteriously (adv.), deleteriousness (n.)",harmful to living things｜對生物有害的,The scientist warned that the chemical was deleterious and could cause long-term health issues.,deleterious effects; deleterious to health; deleterious consequences,C2
Deft,/ˈdɛft/,adj.,"deft, defter, deftest",deftness (n.),skillful in physical movements; especially of the hands｜動作熟練的；（尤指）手巧的,"The surgeon's deft hands moved with precision, performing the delicate operation with ease.",deft touch; deft hands; deft movement,C2
Declivity,/dɪˈklɪvɪti/,n.,"declivity, declivities",declivitous (adj.),a downward slope or bend｜下坡；向下的斜坡,"The mountain bikers navigated the steep declivity with caution, aware of the dangers it posed.",gentle declivity; steep declivity; gradual declivity,C2
Defray,/dɪˈfɹeɪ/,v.,"defray, defrays, defrayed, defrayed, defraying","defrayal (n.), defrayment (n.)",bear the expenses of｜支付…的費用,"The scholarship helped to defray the costs of tuition, books, and accommodation for the students.",defray costs; defray expenses; defray the charges,C2
Delineate,/dɪˈlɪniˌeɪt/,v.,"delineate, delineates, delineated, delineated, delineating","delineation (n.), delineative (adj.)",show the form or outline of｜描繪…的形狀或輪廓,The architect's drawings delineate the proposed changes to the building's facade in great detail.,delineate boundaries; delineate features; delineate the outline,C2
Delirium,/dɪˈlɪɹiəm/,n.,"delirium, deliriums",delirious (adj.),state of violent mental agitation｜精神狂躁的狀態,"In the throes of delirium, the patient mumbled incoherently and struggled against the restraints.",delirium tremens; state of delirium; in delirium,C2
Deluge,/ˈdɛljudʒ/,v.,"deluge, deluges, deluged, deluged, deluging",None,fill quickly beyond capacity; as with a liquid｜（液體等）迅速充滿；淹沒,"The heavy rains deluged the streets, flooding basements and overwhelming the city's drainage system.",deluge with questions; deluge of rain; deluge of information,C2
Delve,/ˈdɛlv/,v.,"delve, delves, delved, delved, delving",None,"turn up, loosen, or remove earth｜挖掘；翻土","The archaeologists delved into the ancient ruins, uncovering artifacts that had been buried for centuries.",delve into research; delve deeper; delve into the past,C2
Deign,/ˈdeɪn/,v.,"deign, deigns, deigned, deigned, deigning",None,do something that one considers to be below one's dignity｜屈尊（做某事）,"The celebrity would not deign to respond to the accusations, considering them beneath her dignity.",deign to reply; deign to speak; deign to help,C2
Demagogue,/ˈdɛməˌɡɑɡ/,n.,"demagogue, demagogues",None,a political leader who seeks support by appealing to popular passions and prejudices｜利用群眾情緒和偏見以爭取支持的政客,"The demagogue rallied the crowd with fiery speeches, appealing to their fears and promising quick fixes.",political demagogue; power-hungry demagogue; demagogue tactics,C2
Denigrate,/ˈdɛnəˌɡɹeɪt/,v.,"denigrate, denigrates, denigrated, denigrated, denigrating","denigration (n.), denigrative (adj.), denigratory (adj.)",cause to seem less serious; play down｜貶低；輕視,"The critics denounced the policy but failed to offer constructive alternatives, causing some to accuse them of denigrating the process.",denigrate someone's efforts; denigrate achievements; denigrate reputation,C2
Demeanor,/dɪˈminɚ/,n.,"demeanor, demeanors",None,the way a person behaves or carries themselves toward others; outward manner｜態度；舉止,His calm demeanor during the crisis reassured everyone that the situation was under control.,calm demeanor; professional demeanor; demeanor of confidence,C2
Denounce,/dɪˈnaʊns/,v.,"denounce, denounces, denounced, denounced, denouncing",denouncement (n.),speak out against｜公開譴責,The activist traveled the country to denounce the injustices faced by marginalized communities.,denounce injustice; publicly denounce; denounce corruption,C2
Depict,/dɪˈpɪkt/,v.,"depict, depicts, depicted, depicted, depicting",depiction (n.),"show in, or as in, a picture｜描繪；表現",The artist chose to depict the beauty of the natural world in her latest series of paintings.,depict reality; vividly depict; depict in detail,C2
Demur,/dɪˈmɝ/,v.,"demur, demurs, demurred, demurred, demurring","demurral (n.), demurrer (n.)",take exception to｜提出異議；反對,"The employee demurred when asked to work overtime, citing a prior commitment.",demur at the suggestion; demur at the proposal; demur politely,C2
Deplete,/dɪˈplit/,v.,"deplete, depletes, depleted, depleted, depleting",depletion (n.),To reduce the amount of; to remove (a substance from something)｜減少…的量；消耗,The factory's operations began to deplete the nearby lake of its clean water supply.,deplete resources; deplete energy; deplete nutrients,C2
Deplore,/dɪˈplɔɹ/,v.,"deplore, deplores, deplored, deplored, deploring",None,express strong disapproval of｜強烈譴責,Environmentalists deplore the destruction of the rainforest for commercial gain.,deplore violence; strongly deplore; deplore actions,C2
Demystify,/diˈmɪstəˌfaɪ/,v.,"demystify, demystifies, demystified, demystified, demystifying",None,make less mysterious or remove the mystery from｜使不再神秘；去除…的神秘感,The professor aimed to demystify quantum physics for his students with engaging lectures.,demystify process; demystify complex topics; demystify technology,C2
Denizen,/ˈdɛnəzən/,n.,"denizen, denizens",None,a person who inhabits a particular place｜居民；棲息者,"As a denizen of New York City, she knew every corner of the bustling metropolis.",denizen of the forest; urban denizen; denizen of the sea,C2
Depravity,/dɪˈpɹævəti/,n.,"depravity, depravities","deprave (v.), depraved (adj.)",moral perversion; impairment of virtue and moral principles｜道德敗壞；腐敗,The dictator's depravity was evident in his callous disregard for human rights.,moral depravity; depths of depravity; depravity of the regime,C2
Deride,/dɪˈɹaɪd/,v.,"deride, derides, derided, derided, deriding","derision (n.), derisive (adj.), derisory (adj.)",treat or speak of with contempt｜輕蔑地對待或談論,The critics deride the artist's work as unoriginal and poorly executed.,deride efforts; openly deride; deride opponents,C2
Depreciate,/dɪˈpɹiʃiˌeɪt/,v.,"depreciate, depreciates, depreciated, depreciated, depreciating","depreciator (n.), depreciation (n.), depreciative (adj.), depreciatory (adj.)",belittle｜輕視；貶低,"She tried not to depreciate her own achievements, despite the pressure from her peers.",depreciate currency; depreciate value; depreciate importance,C2
Deprecate,/ˈdɛpɹəˌkeɪt/,v.,"deprecate, deprecates, deprecated, deprecated, deprecating","deprecation (n.), deprecative (adj.), deprecatory (adj.)",express strong disapproval of; deplore｜強烈反對；痛惜,"He deprecated the new policy, arguing that it would cause more harm than good.",deprecate violence; deprecate behavior; strongly deprecate,C2
Desecrate,/dɛzəˈkɹeɪt/,v.,"desecrate, desecrates, desecrated, desecrated, desecrating",desecration (n.),violate the sacred character of a place or language｜褻瀆某地或某語言的神聖性,"The invaders desecrated the ancient temple, destroying priceless artifacts.",desecrate sacred ground; desecrate monument; desecrate temple,C2
Despot,/ˈdɛspət/,n.,"despot, despots","despotic (adj.), despotical (adj.)",a cruel and oppressive dictator｜殘暴專制的獨裁者,"The despot's rule was marked by fear and oppression, leaving the country in ruins.",ruthless despot; power-hungry despot; despot ruling,C2
Derelict,/ˈdɛɹəˌlɪkt/,adj.,"derelict, more derelict, most derelict",None,worn and broken down by hard use｜因長期使用而磨損破舊的,"The derelict building, with its crumbling walls and broken windows, was an eyesore.",derelict building; derelict ship; derelict site,C2
Contumacious,/kəˈntʌməsiəs/,adj.,"contumacious, more contumacious, most contumacious",contumacy (n.),wilfully obstinate; stubbornly disobedient｜故意固執的；頑固不服從的,"The contumacious child refused to obey the teacher's instructions, causing chaos in the classroom.",contumacious behavior; contumacious refusal; contumacious attitude,C2
Desolate,/ˈdɛsələt/,adj.,"desolate, more desolate, most desolate",desolation (n.),feeling or showing misery and loneliness; (of a place) deserted and bleak｜感到或表現出痛苦與孤獨；（地方）荒蕪淒涼,The abandoned mining town looked utterly desolate after the last residents departed.,desolate landscape; feel desolate; desolate wasteland,C2
Derivative,/dɚˈɪvətɪv/,adj.,"derivative, more derivative, most derivative",derive (v.),"imitative of another person's work, ideas, or style and therefore lacking originality｜模仿他人的作品、想法或風格，因而缺乏原創性","The novel was widely criticized as derivative, offering little more than a pale imitation of its influences.",derivative work; derivative style; derivative approach,C2
Detonation,/ˌdɛtəˈneɪʃən/,n.,"detonation, detonations",detonate (v.),a violent release of energy caused by a chemical or nuclear reaction｜化學或核反應引起的劇烈能量釋放,"The detonation of the bomb shook the entire city, leaving behind a trail of destruction.",nuclear detonation; cause detonation; detonation sequence,C2
Desiccate,/ˈdɛsəkeɪt/,v.,"desiccate, desiccates, desiccated, desiccated, desiccating","desiccant (n.), desiccation (n.)",preserve by removing all water and liquids from｜透過去除所有水分和液體來保存,The process of desiccating fruits helps preserve them for longer periods.,desiccate food; desiccate herbs; desiccate process,C2
Deter,/dɪˈtɝ/,v.,"deter, deters, deterred, deterred, deterring","determent (n.), deterrent (adj.), deterrence (n.)",To prevent something from happening.｜阻止某事發生,Strict laws deter people from driving under the influence of alcohol.,deter crime; deter threats; deter attacks,C2
Deviate,/ˈdiviˌeɪt/,v.,"deviate, deviates, deviated, deviated, deviating","deviation (n.), deviant (adj.)",turn aside; turn away from｜偏離；偏離常軌,"The car began to deviate from the road, heading towards the ditch.",deviate from path; deviate from norm; deviate from plan,C2
Desist,/dɪˈsɪst/,v.,"desist, desists, desisted, desisted, desisting",None,cease doing something; abstain from an action｜停止做某事；戒絕某種行為,"After years of smoking, she decided to desist and improve her health.",desist from smoking; desist immediately; desist from actions,C2
Devastate,/ˈdɛvəˌsteɪt/,v.,"devastate, devastates, devastated, devastated, devastating",devastation (n.),cause extensive destruction or ruin utterly｜造成大規模破壞或徹底毀滅,"The hurricane devastated the coastal town, leaving thousands homeless.",devastate community; devastate economy; devastate landscape,C2
Detrimental,/ˌdɛtɹəˈmɛntəl/,adj.,"detrimental, more detrimental, most detrimental",detriment (n.),tending to cause harm or damage｜趨於造成傷害或損害的,Smoking is detrimental to your health and can lead to serious diseases.,detrimental effects; detrimental to health; detrimental impact,C2
Devout,/dɪˈvaʊt/,adj.,"devout, more devout, most devout",devoutness (n.),deeply religious｜虔誠的,"Despite facing hardships, she remained devout and attended church regularly.",devout christian; devout muslim; devout believer,C2
Devoid,/dɪˈvɔɪd/,adj.,no changes,None,completely wanting or lacking｜完全缺乏的,"The room was devoid of furniture, with nothing but bare walls and a dusty floor.",devoid of emotion; devoid of merit; devoid of content,C2
Dexterous,/ˈdɛkstɚəs/,adj.,"dexterous, more dexterous, most dexterous",None,skillful in physical movements; especially of the hands｜（尤指雙手）靈巧的,The dexterous juggler amazed the crowd by keeping several balls in the air simultaneously.,dexterous hands; dexterous movements; dexterous skill,C2
Diadem,/ˈdaɪəˌdɛm/,n.,"diadem, diadems",None,an ornamental jeweled headdress signifying sovereignty｜象徵主權的飾冠珠寶,"The queen wore a stunning diadem, encrusted with diamonds and sapphires, during the coronation.",royal diadem; jeweled diadem; ancient diadem,C2
Didactic,/daɪˈdæktɪk/,adj.,"didactic, more didactic, most didactic",None,"intended to teach, often in an excessive or moralizing way｜教誨性的；說教式的",The professor's didactic lectures often left students feeling like they were being lectured rather than engaged.,didactic approach; didactic tone; didactic purpose,C2
Dichotomy,/daɪˈkɑtəmi/,n.,"dichotomy, dichotomies","dichotomize (v.), dichotomous (adj.)",being twofold; a classification into two opposed parts or subclasses｜二分法；對立分類,The dichotomy between her public persona and private life was startling to those who knew her well.,false dichotomy; clear dichotomy; stark dichotomy,C2
Desultory,/ˈdɛsəˌltɔɹi/,adj.,"desultory, more desultory, most desultory",None,marked by lack of definite plan or regularity or purpose; jumping from one thing to another｜無計畫的；漫無目的的；東拉西扯的,His desultory approach to studying resulted in poor grades and a lack of understanding of the material.,desultory conversation; desultory manner; desultory thoughts,C2
Diabolical,/ˌdaɪəˈbɑlɪkəl/,adj.,"diabolical, more diabolical, most diabolical",None,showing the cunning or ingenuity or wickedness typical of a devil｜惡魔般的；邪惡的,The diabolical plan involved manipulating multiple people to achieve his sinister goals.,diabolical scheme; diabolical genius; diabolical plot,C2
Diffuse,/dɪˈfjus/,v.,"diffuse, diffuses, diffused, diffused, diffusing","diffusor (n.), diffusion (n.), diffusive (adj.), diffuseness (n.)",move outward｜擴散；散開,"The dye diffused through the water, creating a beautiful, swirling pattern.",diffuse light; diffuse heat; diffuse information,C2
Devious,/ˈdiviəs/,adj.,"devious, more devious, most devious",deviousness (n.),indirect in departing from the accepted or proper way; misleading｜迂迴的；不正直的；誤導的,His devious scheme involved misleading his colleagues to gain an unfair advantage.,devious path; devious plan; devious person,C2
Digress,/daɪˈɡɹɛs/,v.,"digress, digresses, digressed, digressed, digressing","digression (n.), digressive (adj.)","lose clarity or turn aside especially from the main subject of attention or course of argument in writing, thinking, or speaking｜離題；偏離主題","During the lecture, she would often digress into personal anecdotes that had little to do with the topic.",digress from the topic; digress from the main point; digress from the subject,C2
Dilate,/daɪˈleɪt/,v.,"dilate, dilates, dilated, dilated, dilating","dilator (n.), dilation (n.), dilatation (n.)",to become or cause something to become wider or more open｜（使）擴大；（使）膨脹,"As the sun set, the pupils of their eyes began to dilate to adjust to the darkness.",pupils dilate; blood vessels dilate; dilate the pupils,C2
Diatribe,/ˈdaɪəˌtɹaɪb/,n.,"diatribe, diatribes",None,thunderous verbal attack｜激烈抨擊；長篇攻擊言論,"The politician launched into a diatribe against his opponent, accusing him of corruption and deceit.",bitter diatribe; angry diatribe; scathing diatribe,C2
Din,/ˈdɪn/,v.,"din, dins, dinned, dinned, dinning",None,"to make a loud, continuous noise; to impress something on someone by persistent repetition｜喧鬧；喧嘩；不斷地灌輸",The teacher's warnings about the exam had been dinned into the students for weeks.,din into ears; din with noise; din the message into,C2
Dilapidated,/dəˈlæpəˌdeɪtɪd/,adj.,"dilapidated, more dilapidated, most dilapidated",None,fallen into a state of disrepair or ruin through neglect｜破舊的；荒廢的,"The once-grand mansion was now dilapidated, with peeling paint and broken windows.",dilapidated building; dilapidated house; dilapidated condition,C2
Diminutive,/dɪˈmɪnjətɪv/,n.,"diminutive, diminutives",diminutiveness (n.),a word that is formed with a suffix (such as -let or -kin) to indicate smallness｜指小詞；縮小詞,The diminutive 'duckling' is formed from 'duck' to indicate a small or young bird.,diminutive form; diminutive suffix; diminutive noun,C2
Diaphanous,/daɪˈæfənɪs/,adj.,"diaphanous, more diaphanous, most diaphanous",None,so thin as to transmit light｜輕薄的；透明的,"The diaphanous fabric of her dress flowed like water, revealing the silhouette of her legs.",diaphanous fabric; diaphanous veil; diaphanous gown,C2
Dirge,/ˈdɝdʒ/,n.,"dirge, dirges",None,a song or hymn of mourning composed or performed as a memorial to a dead person｜輓歌；哀悼歌曲,"The mourners sang a dirge as the casket was lowered into the ground, a haunting melody that echoed through the cemetery.",funeral dirge; mournful dirge; haunting dirge,C2
Dilemma,/dɪˈlɛmə/,n.,"dilemma, dilemmas",None,state of uncertainty or perplexity especially as requiring a choice between equally unfavorable options｜困境；（兩難的）抉擇,"Faced with the dilemma of choosing between a high-paying job she hated and a low-paying job she loved, she spent days in contemplation.",difficult dilemma; ethical dilemma; moral dilemma,C2
Disavow,/ˌdɪsəˈvaʊ/,v.,"disavow, disavows, disavowed, disavowed, disavowing",disavowal (n.),"refuse to acknowledge; disclaim knowledge of; responsibility for, or association with｜否認；拒絕承認","He disavowed any involvement in the scandal, claiming he had been misrepresented by the media.",disavow responsibility; disavow any knowledge; disavow a statement,C2
Discern,/dɪˈsɝn/,v.,"discern, discerns, discerned, discerned, discerning","discernible (adj.), discernment (n.)",detect with the senses｜察覺；識別,She could discern the faint outline of a ship on the horizon through the thick fog.,discern a difference; discern a pattern; discern a threat,C2
Diffident,/ˈdɪfədənt/,adj.,"diffident, more diffident, most diffident",diffidence (n.),showing modest reserve｜羞怯的；內斂的,"His diffident nature made him hesitant to speak up in meetings, even when he had valuable insights.",diffident manner; diffident smile; diffident personality,C2
Discredit,/dɪsˈkɹɛdət/,v.,"discredit, discredits, discredited, discredited, discrediting",None,cause to be distrusted or disbelieved｜使不可信；使名譽受損,"The new evidence discredited the witness's testimony, raising doubts about the entire case.",discredit a theory; discredit a witness; discredit a claim,C2
Discretion,/dɪsˈkɹɛʃən/,n.,"discretion, discretions",discretionary (adj.),freedom to act or judge on one's own｜自行決定的自由；酌情處理權,"The manager gave her team members the discretion to make decisions on their own, trusting their judgment.",exercise discretion; use discretion; show discretion,C2
Discreet,/dɪsˈkɹit/,adj.,"discreet, more discreet, most discreet","discreetly (adv.), discretion (n.)",Respectful of privacy or secrecy; exercising caution in order to avoid causing embarrassment; quiet; diplomatic.｜謹慎的；審慎的；保守秘密的；注意不使人難堪的,"She was discreet about her personal life, avoiding gossip and keeping her private affairs private.",discreet behavior; discreet manner; discreet approach,C2
Dilettante,/daɪˈlɛtəntə/,n.,"dilettante, dilettantes",None,an amateur who engages in an activity without serious intentions and who pretends to have knowledge｜業餘愛好者；對某事物一知半解卻裝作專家的人,"He was a dilettante in the art world, attending gallery openings and pretending to be an expert but never creating any art himself.",aspiring dilettante; amateur dilettante; wealthy dilettante,C2
Discord,/ˈdɪskɔɹd/,n.,"discord, discords","discordant (adj.), discordance (n.)",lack of agreement or harmony｜不一致；不和諧,The discord between the two departments led to a lack of cooperation and hindered progress on the project.,discord among members; discord in the group; discord between partners,C2
Discriminating,/dɪsˈkɹɪməˌneɪtɪŋ/,adj.,"discriminating, more discriminating, most discriminating",None,having or showing refined taste and good judgment｜有眼光的；辨別力強的,A discriminating reader can easily distinguish strong arguments from weak ones.,discriminating taste; discriminating eye; discriminating listener,C2
Discrete,/dɪsˈkɹit/,adj.,no changes,discreteness (n.),constituting a separate entity or part｜分離的；各自的,"The course was divided into discrete modules, each focusing on a different aspect of the subject.",discrete units; discrete elements; discrete parts,C2
Dilatory,/ˈdɪləˌtɔɹi/,adj.,"dilatory, more dilatory, most dilatory",None,wasting time｜拖延的；耗時的,The committee's dilatory approach caused the project to fall behind schedule.,dilatory tactics; dilatory proceedings; dilatory behavior,C2
Discrepancy,/dɪsˈkɹɛpənsi/,n.,"discrepancy, discrepancies",discrepant (adj.),a difference between conflicting facts or claims or opinions｜差異；矛盾,The discrepancy between the witness statements raised doubts about their credibility.,noticeable discrepancy; significant discrepancy; minor discrepancy,C2
Disenfranchise,/dɪsɪnˈfɹæˌntʃaɪz/,v.,"disenfranchise, disenfranchises, disenfranchised, disenfranchised, disenfranchising",disenfranchisement (n.),deprive of voting rights｜剝奪投票權,The new law would disenfranchise thousands of voters who lack specific forms of identification.,disenfranchise voters; disenfranchise citizens; disenfranchise minority groups,C2
Dismiss,/dɪˈsmɪs/,v.,"dismiss, dismisses, dismissed, dismissed, dismissing","dismissal (n.), dismissive (adj.)",to decide that something is not important and not worth thinking about｜不予考慮；輕視,"The teacher dismissed the student's concerns, saying they were not relevant to the topic at hand.",dismiss the idea; dismiss the allegation; dismiss the complaint,C2
Disparage,/dɪˈspɛɹɪdʒ/,v.,"disparage, disparages, disparaged, disparaged, disparaging","disparager (n.), disparagement (n.)",express a negative opinion of｜貶低；批評,He tended to disparage his opponents' achievements rather than focusing on his own strengths.,disparage someone's efforts; disparage someone's achievements; disparage someone's character,C2
Disjointed,/dɪˈsdʒɔɪntɪd/,adj.,"disjointed, more disjointed, most disjointed",disjointedness (n.),lacking coherence or logical connection｜不連貫的；混亂的,The disjointed narrative made it difficult for readers to follow the story's progression.,disjointed speech; disjointed narrative; disjointed thoughts,C2
Disabuse,/dɪsəˈbjus/,v.,"disabuse, disabuses, disabused, disabused, disabusing",None,free somebody (from an erroneous belief)｜糾正；使擺脫錯誤觀念,She tried to disabuse him of the notion that he could pass the exam without studying.,disabuse someone of the notion; disabuse someone of the belief; disabuse someone of the misconception,C2
Dispatch,/dɪˈspætʃ/,v.,"dispatch, dispatches, dispatched, dispatched, dispatching",dispatcher (n.),send away towards a designated goal｜派遣；發送,The general dispatched troops to the border to reinforce security measures.,dispatch a message; dispatch a package; dispatch troops,C2
Disheveled,/dɪˈʃɛvəld/,adj.,"disheveled, more disheveled, most disheveled",None,untidy or disordered in appearance｜凌亂的；不整潔的,His disheveled appearance suggested he had been up all night working on the project.,disheveled hair; disheveled appearance; disheveled clothes,C2
Disparate,/ˈdɪspɚɪt/,adj.,"disparate, more disparate, most disparate","disparity (n.), disparateness (n.)",fundamentally different or distinct in quality or kind｜本質上不同的；截然不同的,"The two theories are disparate, with one focusing on nature and the other on nurture.",disparate elements; disparate groups; disparate ideas,C2
Disgorge,/dɪˈsɡɔɹdʒ/,v.,"disgorge, disgorges, disgorged, disgorged, disgorging",disgorgement (n.),cause or allow (a solid substance) to flow or run out or over｜使流出；使湧出,"The volcano disgorged lava, creating a path of destruction in its wake.",disgorge contents; disgorge lava; disgorge water,C2
Discomfit,/ˈdɪskəmft/,v.,"discomfit, discomfits, discomfited, discomfited, discomfiting",discomfiture (n.),cause to lose one's composure｜使難堪；使局促不安,The unexpected question seemed to discomfit the normally unflappable politician.,discomfit the opponent; discomfit the enemy; discomfit an interviewer,C2
Disinterested,/dɪˈsɪntɹɪstɪd/,adj.,"disinterested, more disinterested, most disinterested",disinterestedness (n.),unaffected by self-interest｜無私的；公正的,"As a judge, she was expected to be disinterested in the outcome of the cases she presided over.",disinterested party; disinterested observer; disinterested perspective,C2
Disperse,/dɪˈspɝs/,v.,"disperse, disperses, dispersed, dispersed, dispersing","dispersal (n.), dispersion (n.), dispersive (adj.)",distribute loosely｜散開；分散,"The crowd dispersed after the event, leaving the streets quiet once more.",disperse the crowd; disperse the protesters; disperse the seeds,C2
Disinclination,/dɪsɪnkləˈneɪʃən/,n.,"disinclination, disinclinations",disincline (v.),that toward which you are inclined to feel dislike｜不情願；厭惡,His disinclination to participate in team sports was evident from a young age.,strong disinclination; disinclination to participate; disinclination to engage,C2
Disseminate,/dɪˈsɛməˌneɪt/,v.,"disseminate, disseminates, disseminated, disseminated, disseminating",dissemination (n.),cause to become widely known｜使廣泛傳播；使散布,The organization works to disseminate information about the importance of vaccination.,disseminate information; disseminate knowledge; disseminate the news,C2
Dispossess,/ˌdɪspəˈzɛs/,v.,"dispossess, dispossesses, dispossessed, dispossessed, dispossessing",dispossession (n.),deprive of the possession of real estate｜剝奪不動產所有權,The court ruled to dispossess the family of their ancestral home due to unpaid debts.,dispossess someone of land; dispossess someone of property; dispossess someone of their home,C2
Dispel,/dɪˈspɛl/,v.,"dispel, dispels, dispelled, dispelled, dispelling",None,force to go away; used both with concrete and metaphoric meanings｜驅散；消除,The bright sunlight helped dispel the shadows and reveal the hidden details of the landscape.,dispel the myth; dispel the rumor; dispel the fear,C2
Disingenuous,/dɪsɪˈndʒɛnjuəs/,adj.,"disingenuous, more disingenuous, most disingenuous",disingenuousness (n.),not straightforward or candid; giving a false appearance of frankness｜不坦率的；不真誠的,His disingenuous apology only served to anger those who had been affected by his actions.,disingenuous comment; disingenuous behavior; disingenuous response,C2
Dissertation,/ˌdɪsɚˈteɪʃən/,n.,"dissertation, dissertations",dissertate (v.),a treatise advancing a new point of view resulting from research; usually a requirement for an advanced academic degree｜學位論文；專題論文,Her dissertation on the impact of climate change on agriculture earned her a PhD.,doctoral dissertation; dissertation research; dissertation topic,C2
Dissident,/ˈdɪsədɪnt/,adj.,"dissident, more dissident, most dissident",dissidence (n.),characterized by departure from accepted beliefs or standards｜異議的；持不同政見的,The dissident artist was known for challenging traditional norms in her work.,dissident voices; dissident views; dissident movement,C2
Dispute,/dɪsˈpjut/,v.,"dispute, disputes, disputed, disputed, disputing",disputable (adj.),take exception to｜爭論；反對；對...提出異議,"He disputed the claim that the project would be completed on time, citing previous delays.",dispute the claim; dispute the decision; dispute the findings,C2
Dissipate,/ˈdɪsəˌpeɪt/,v.,"dissipate, dissipates, dissipated, dissipated, dissipating","dissipation (n.), dissipative (adj.)",to cause to separate and go in different directions｜使消散；使分散,The morning fog will dissipate as the sun rises higher in the sky.,dissipate energy; dissipate heat; dissipate the tension,C2
Dispassionate,/dɪˈspæʃənət/,adj.,"dispassionate, more dispassionate, most dispassionate","dispassion (n.), dispassionateness (n.)",unaffected by strong emotion or prejudice｜不受強烈情感或偏見影響的；冷靜的,The detective's dispassionate analysis of the evidence led to the breakthrough in the case.,dispassionate analysis; dispassionate view; dispassionate observer,C2
Dissociate,/dɪˈsoʊsieɪt/,v.,"dissociate, dissociates, dissociated, dissociated, dissociating","dissociation (n.), dissociative (adj.)",part; cease or break association with｜使分離；使脫離關係,She decided to dissociate herself from the group after learning about their unethical practices.,dissociate from the group; dissociate from the organization; dissociate from the idea,C2
Dissuade,/dɪˈsweɪd/,v.,"dissuade, dissuades, dissuaded, dissuaded, dissuading","dissuasion (n.), dissuasive (adj.)",turn away from by persuasion｜勸阻；勸戒,The teacher tried to dissuade her students from cheating by explaining the consequences.,dissuade him; dissuade students; strongly dissuade,C2
Distillation,/ˌdɪstəˈleɪʃən/,n.,"distillation, distillations",distill (v.),the process of purifying a liquid by boiling it and condensing its vapors｜蒸餾；蒸餾過程,"The distillation process removes impurities, resulting in a purer form of alcohol.",alcohol distillation; water distillation; distillation process,C2
Dissonance,/ˈdɪsənəns/,n.,"dissonance, dissonances",dissonant (adj.),a conflict of people's opinions or actions or characters｜不一致；不協調,There was a clear dissonance between the company's stated values and its actual business practices.,cognitive dissonance; cultural dissonance; create dissonance,C2
Distinct,/dɪˈstɪŋkt/,adj.,"distinct, more distinct, most distinct","distinctly (adv.), distinction (n.)",recognizably different in nature or quality; clearly separate｜截然不同的；明顯不同的,The two species are quite distinct from each other in both appearance and behavior.,distinct advantage; distinct possibility; distinct from,C2
Distort,/dɪˈstɔɹt/,v.,"distort, distorts, distorted, distorted, distorting",distortion (n.),make false by mutilation or addition; as of a message or story｜扭曲；曲解,The media has a tendency to distort facts to make stories more sensational.,distort the facts; distort reality; distort the truth,C2
Distant,/ˈdɪstənt/,adj.,"distant, more distant, most distant",distance (n.),separated in space or coming from or going to a distance｜遙遠的；遠距離的,The distant sound of thunder signaled an approaching storm.,distant relative; distant memory; distant future,C2
Diverge,/dɪˈvɝdʒ/,v.,"diverge, diverges, diverged, diverged, diverging","divergence (n.), divergent (adj.)",move or draw apart｜分叉；分歧,"The two roads diverge just after the old oak tree, leading to different destinations.",diverge widely; begin to diverge; diverge from methods,C2
Distraught,/dɪsˈtɹɔt/,adj.,"distraught, more distraught, most distraught",None,deeply agitated especially from emotion｜內心紛亂的；心煩意亂的,She was distraught after learning about the unexpected death of her close friend.,distraught with grief; distraught family; distraught mother,C2
Diurnal,/daɪˈɝnəl/,adj.,no changes,None,of or belonging to or active during the day｜白天的；日間活動的,Diurnal animals are typically active during the day and sleep at night.,diurnal cycle; diurnal variation; diurnal rhythm,C2
Doctrine,/ˈdɑktɹən/,n.,"doctrine, doctrines",doctrinal (adj.),a belief (or system of beliefs) accepted as authoritative by some group or school｜信條；教義；學說,The doctrine of human rights has been widely accepted across different cultures.,legal doctrine; political doctrine; religious doctrine,C2
Dissimulate,/ˈdɪsəmjəˌleɪt/,v.,"dissimulate, dissimulates, dissimulated, dissimulated, dissimulating","dissimulation (n.), dissimulative (adj.)",hide (feelings) from other people｜隱瞞（感情）不讓他人察覺,"He tried to dissimulate his anger during the meeting, but his facial expressions gave him away.",dissimulate feelings; dissimulate emotions; learn to dissimulate,C2
Distract,/dɪsˈtɹækt/,v.,"distract, distracts, distracted, distracted, distracting",distraction (n.),draw someone's attention away from something｜分散某人的注意力,The sudden noise from the street distracted her from her reading.,distract attention; distract the audience; easily distract,C2
Dogged,/ˈdɔɡɪd/,adj.,"dogged, more dogged, most dogged",doggedness (n.),showing persistent determination; tenacious｜展現持續的決心；頑強的,Her dogged determination eventually overcame every obstacle in her path.,dogged determination; dogged pursuit; dogged persistence,C2
Divest,/daɪˈvɛst/,v.,"divest, divests, divested, divested, divesting","divestiture (n.), divestment (n.)",take away possessions from someone｜剝奪某人的財產,The court ruled to divest the company of its assets due to illegal activities.,divest of assets; divest holdings; forcibly divest,C2
Dogmatic,/dɑˈɡmætɪk/,adj.,"dogmatic, more dogmatic, most dogmatic","dogma (n.), dogmatism (n.)",characterized by assertion of unproved or unprovable principles｜以未經證實或無法證實的原則為特色的,The professor's dogmatic approach left little room for open discussion or debate.,dogmatic approach; dogmatic views; dogmatic statement,C2
Dissemble,/dɪˈsɛmbəl/,v.,"dissemble, dissembles, dissembled, dissembled, dissembling","dissembler (n.), dissembling (n.)",make believe with the intent to deceive; conceal one's true feelings or intentions｜假裝意圖欺騙；掩飾真實感受或意圖,She tried to dissemble her true intentions by pretending to be indifferent to the offer.,dissemble emotions; dissemble intentions; learn to dissemble,C2
Distend,/dɪˈstɛnd/,v.,"distend, distends, distended, distended, distending","distension (n.), distended (adj.)",become wider｜擴張；膨脹,"The balloon began to distend as it filled with helium, expanding rapidly.",distend the stomach; begin to distend; visibly distend,C2
Dormant,/ˈdɔɹmənt/,adj.,no changes,dormancy (n.),in a condition of biological rest or suspended animation｜處於生物休眠或假死狀態,"The seeds remained dormant throughout the winter, waiting for spring to germinate.",dormant volcano; remain dormant; dormant state,C2
Docile,/ˈdɑsəl/,adj.,"docile, more docile, most docile",docility (n.),willing to be taught or led or supervised or directed｜願意被教導、帶領、監督或指導的,"The new student was docile and eager to learn, making him a joy to teach.",docile nature; docile personality; surprisingly docile,C2
Diverse,/daɪˈvɝs/,adj.,"diverse, more diverse, most diverse","diversity (n.), diverseness (n.)",many and different｜多種多樣的,"The city is known for its diverse culture, offering a wide range of cuisines and traditions.",diverse group; diverse culture; diverse opinions,C2
Drastic,/ˈdɹæstɪk/,adj.,"drastic, more drastic, most drastic",None,"Having a strong or far-reaching effect; extreme, severe.｜具有強大或深遠影響的；極端的，激烈的",The government implemented drastic measures to combat the spread of the virus.,drastic measures; drastic change; drastic action,C2
Dubious,/ˈdubiəs/,adj.,"dubious, more dubious, most dubious","dubiety (n.), dubiousness (n.)",Arousing doubt; questionable; open to suspicion.｜令人懷疑的；可疑的；有問題的,His dubious explanation for being late only raised further suspicions among his colleagues.,dubious reputation; dubious claim; dubious character,C2
Document,/ˈdɑkjəmɛnt/,n.,"document, documents","documental (adj.), documentary (adj.), documentation (n.)","a piece of written, printed, or electronic material that provides official information｜提供官方資訊的書面、印刷或電子材料",The document outlined the terms of the agreement in clear and precise language.,legal document; official document; draft a document,C2
Duplicity,/duˈplɪsɪti/,n.,"duplicity, duplicities",duplicitous (adj.),a fraudulent or duplicitous representation｜欺詐性或雙重性的陳述,"The lawyer accused the company of duplicity, claiming they had knowingly misled their clients.",accuse of duplicity; blatant duplicity; duplicity in business,C2
Drone,/ˈdɹoʊn/,n.,"drone, drones",droning (n.),a stingless male honeybee whose role is to mate with the queen; or a remotely controlled aircraft or similar unmanned aerial vehicle｜無刺的雄性蜜蜂，角色是與蜂后交配；或遙控飛機或類似無人駕駛航空器,"In a bee colony, the drone's primary role is to mate with the queen to ensure the survival of the hive.",drone bee; drone colony; drone population,C2
Ductile,/ˈdʌktəl/,adj.,"ductile, more ductile, most ductile",ductility (n.),capable of being drawn into wire or stretched without breaking｜可被拉成金屬絲或拉伸而不斷裂的,The young artist was ductile and quickly adapted her style to the gallery owner's suggestions.,ductile metal; ductile material; ductile alloy,C2
Dwindle,/ˈdwɪndəl/,v.,"dwindle, dwindles, dwindled, dwindled, dwindling",dwindling (n.),become smaller or lose substance｜變小或失去實質內容,"As autumn progressed, the river's water level began to dwindle significantly.",dwindle away; dwindle in numbers; dwindle to nothing,C2
Draconian,/dɹeɪˈkoʊniən/,adj.,"draconian, more draconian, most draconian",draconianism (n.),of or relating to Draco or his harsh code of laws｜關於 Draco 或其嚴厲法典的,The draconian laws of ancient Athens imposed harsh penalties for even minor offenses.,draconian measures; draconian laws; draconian punishment,C2
Eccentric,/ɪˈksɛntɹɪk/,adj.,"eccentric, more eccentric, most eccentric",eccentricity (n.),"unconventional and slightly strange in behavior, appearance, or ideas｜在行為、外表或想法上不尋常且略帶古怪的",The eccentric inventor spent years building a machine that he claimed could turn lead into gold.,eccentric behavior; eccentric character; eccentric personality,C2
Dupe,/ˈdup/,v.,"dupe, dupes, duped, duped, duping",dupery (n.),fool or hoax｜欺騙或愚弄,The con artist tried to dupe the elderly couple into investing in a fake company.,dupe someone; dupe into believing; dupe the public,C2
Economize,/ɪˈkɑnəˌmaɪz/,v.,"economize, economizes, economized, economized, economizing","economy (n.), economizer (n.)",use cautiously and frugally｜謹慎節儉地使用,"During the recession, many families had to economize by cutting unnecessary expenses.",economize on expenses; economize resources; economize energy,C2
Drab,/ˈdɹæb/,adj.,"drab, drabber, drabbest",drabness (n.),lacking in liveliness or charm or surprise｜缺乏活力或魅力,The drab office walls and lack of decoration made the workspace feel dull and uninspiring.,drab color; drab existence; drab appearance,C2
Eclipse,/ɪˈklɪps/,v.,"eclipse, eclipses, eclipsed, eclipsed, eclipsing",None,be greater in significance than｜在重要性上超過,The success of her latest novel seemed to eclipse all her previous achievements.,eclipse the competition; eclipse previous records; eclipse expectations,C2
Eddy,/ˈɛdi/,n.,"eddy, eddies",None,"a circular movement of water or air, contrary to the main current; a small whirlpool｜水或空氣的逆流旋渦",Leaves caught in the eddy spun slowly around before sinking beneath the surface of the stream.,swirling eddy; eddy current; eddy water,C2
Eclectic,/ɪˈklɛktɪk/,adj.,"eclectic, more eclectic, most eclectic",eclecticism (n.),"deriving ideas, style, or taste from a broad and diverse range of sources｜從廣泛多樣的來源中汲取思想、風格或品味",The eclectic art collector had pieces ranging from ancient Roman sculptures to contemporary digital art.,eclectic approach; eclectic taste; eclectic mix,C2
Droll,/ˈdɹoʊl/,adj.,"droll, droller, drollest",None,comical in an odd or whimsical manner｜奇特而異想天開的可笑,The droll comedian had the audience laughing with his whimsical observations about everyday life.,droll sense of humor; droll comment; droll expression,C2
Ecstasy,/ˈɛkstəsi/,n.,"ecstasy, ecstasies",ecstatic (adj.),a state of being carried away by overwhelming emotion｜被強烈情感席捲的狀態,The fans were in ecstasy as their team won the championship in the final seconds of the game.,ecstasy of joy; drug-induced ecstasy; ecstasy of love,C2
Edifice,/ˈɛdəfəs/,n.,"edifice, edifices",None,a structure that has a roof and walls and stands more or less permanently in one place｜有屋頂和牆壁的建築物,"The ancient Roman edifice, now a UNESCO World Heritage site, still stands as a testament to architectural prowess.",grand edifice; towering edifice; edifice complex,C2
Duration,/ˈdʊˈɹeɪʃən/,n.,"duration, durations",None,the period of time during which something continues｜持續的時間,The duration of the concert was extended due to the overwhelming demand for an encore.,brief duration; duration of the event; duration of time,C2
Effigy,/ˈɛfɪdʒi/,n.,"effigy, effigies",None,"a sculpture or model of a person, often used as a target of protest｜人像雕塑；常用作抗議標的","The town square featured an effigy of the town's founder, commemorating his contributions to the community.",burn in effigy; hang in effigy; effigy of the president,C2
Efficacy,/ˈɛfɪˌkæsi/,n.,"efficacy, efficacies",efficacious (adj.),capacity or power to produce a desired effect｜產生預期效果的能力,The efficacy of the new medication was evident as patients reported significant improvements in their symptoms.,efficacy of the treatment; demonstrate efficacy; prove efficacy,C2
Dulcet,/ˈdʌlsət/,adj.,"dulcet, more dulcet, most dulcet",None,extremely pleasant in a gentle way｜溫和悅耳,"The dulcet tones of the violin filled the concert hall, enchanting every listener in the audience.",dulcet tones; dulcet melody; dulcet voice,C2
Effete,/ɛˈfit/,adj.,"effete, more effete, most effete",None,marked by excessive self-indulgence and moral decay｜因過度自我縱容而頹廢,"The empire fell into effete decadence, losing the strength and vigor that had once defined it.",effete aristocracy; effete culture; effete elite,C2
Effervesce,/ˈɛfɚˌvaɪs/,v.,"effervesce, effervesces, effervesced, effervesced, effervescing","effervescence (n.), effervescent (adj.)",become bubbly or frothy or foaming｜冒泡,"The soda effervesced as it poured over the ice, creating a refreshing, bubbly drink.",effervesce with excitement; effervesce over; effervesce champagne,C2
Efface,/ɪˈfeɪs/,v.,"efface, effaces, effaced, effaced, effacing",effacement (n.),remove completely from recognition or memory｜從記憶中徹底抹除,The library worked to efface all records of the controversial author after the scandal broke.,efface the past; efface memories; efface graffiti,C2
Egalitarian,/ɪˌɡæləˈtɛɹiən/,adj.,"egalitarian, more egalitarian, most egalitarian",egality (n.),believing in or based on the principle that all people deserve equal rights and opportunities｜相信或基於人人平等原則,The egalitarian activist fought tirelessly for the rights of marginalized communities around the world.,egalitarian society; egalitarian principles; egalitarian views,C2
Effusive,/ˈɛfjusɪv/,adj.,"effusive, more effusive, most effusive",effusion (n.),uttered with unrestrained enthusiasm｜熱情奔放,Her effusive praise for the new restaurant quickly made it the hottest dining spot in town.,effusive praise; effusive gratitude; effusive welcome,C2
Ebullient,/ɪˈbʌljənt/,adj.,"ebullient, more ebullient, most ebullient",ebullience (n.),joyously unrestrained｜歡樂奔放,"The ebullient children ran around the playground, their laughter echoing through the park.",ebullient personality; ebullient mood; ebullient spirit,C2
Edify,/ˈɛdəˌfaɪ/,v.,"edify, edifies, edified, edified, edifying",edification (n.),make understand｜啟迪,"The professor's lecture was both informative and entertaining, serving to edify the students on the subject.",edify the public; edify students; edify readers,C2
Elegy,/ˈɛlədʒi/,n.,"elegy, elegies","elegist (n.), elegize (v.)",a mournful poem; a lament for the dead｜哀悼死者的淒涼詩歌,"The poet wrote an elegy to mourn the loss of his beloved friend, capturing the depth of his grief.",elegiac poem; elegy for the dead; mournful elegy,C2
Elaborate,/ɪˈlæbəˌreɪt/,v.,"elaborate, elaborates, elaborated, elaborated, elaborating","elaboration (n.), elaborative (adj.)","add details, as to an account or idea; clarify the meaning of and discourse in a learned way, usually in writing｜對敘述或想法增添細節；以學術方式闡釋其意涵並進行論述，通常以書寫方式呈現","The professor would often elaborate on complex theories, providing detailed examples to help students understand.",elaborate on; elaborate further; elaborate upon,C2
Elicit,/ɪˈlɪsɪt/,v.,"elicit, elicits, elicited, elicited, eliciting",elicitation (n.),"call forth (emotions, feelings, and responses)｜引發（情緒、感受及回應）",The comedian's joke was so well-timed that it elicited laughter from the entire audience.,elicit response; elicit emotion; elicit feedback,C2
Eloquent,/ˈɛləkwənt/,adj.,"eloquent, more eloquent, most eloquent",eloquence (n.),"expressing yourself readily, clearly, effectively｜表達流暢、清晰、有力",The lawyer's eloquent argument convinced the jury of her client's innocence.,eloquent speaker; eloquent speech; eloquent words,C2
Egress,/ɪˈɡɹɛs/,n. [U],no changes,egression (n.),the act of going out; an exit or way out｜出去的行為；出口或通道,The architect designed a wide egress so the crowd could leave the hall quickly and safely.,egress point; safe egress; rapid egress,C2
Effrontery,/ɪˈfɹʌntɚi/,n.,"effrontery, effronteries",None,audacious (even arrogant) behavior that you have no right to｜肆無忌憚（甚至傲慢）的行為,His effrontery in interrupting the meeting with unrelated questions shocked everyone present.,display effrontery; sheer effrontery; act with effrontery,C2
Elucidate,/ɪˈlusəˌdeɪt/,v.,"elucidate, elucidates, elucidated, elucidated, elucidating",elucidation (n.),make clear and (more) comprehensible｜使清楚明瞭,"The teacher did her best to elucidate the difficult concept, using various examples and illustrations.",elucidate meaning; elucidate concept; elucidate details,C2
Ellipsis,/ɪˈlɪpsɪs/,n.,"ellipsis, ellipses",None,omission or suppression of parts of words or sentences｜省略詞句的部分內容,"In informal writing, an ellipsis is often used to indicate an omission or a trailing thought.",ellipsis marks; use ellipsis; ellipsis in writing,C2
Emancipate,/ɪˈmænsəˌpeɪt/,v.,"emancipate, emancipates, emancipated, emancipated, emancipating","emancipator (n.), emancipation (n.), emancipative (adj.)",give equal rights to; of women and minorities｜給予平等權利；尤指女性和少數族裔,"The 19th Amendment helped emancipate women, granting them the right to vote in the United States.",emancipate slaves; emancipate women; emancipate oneself,C2
Elixir,/ɪˈlɪksɚ/,n.,"elixir, elixirs",None,a magical or medicinal liquid believed to cure or preserve｜被認為能治病或延年益壽的魔術或藥用液體,The pharmacist prepared an elixir with a pleasant flavor to mask the bitterness of the medication.,elixir of life; medicinal elixir; sweet elixir,C2
Emanate,/ˈɛməˌneɪt/,v.,"emanate, emanates, emanated, emanated, emanating",emanation (n.),"proceed or issue forth, as from a source｜發出；源自","The smell of fresh coffee seemed to emanate from the kitchen, drawing everyone towards it.",emanate warmth; emanate light; emanate from walls,C2
Egregious,/ɪˈɡɹidʒəs/,adj.,"egregious, more egregious, most egregious",egregiousness (n.),conspicuously and outrageously bad or reprehensible｜極為惡劣或可憎的,"His egregious behavior at the party, including breaking valuables, resulted in his being asked to leave.",egregious error; egregious misconduct; egregious example,C2
Embargo,/ɛˈmbɑɹɡoʊ/,v.,"embargo, embargoes, embargoed, embargoed, embargoing",None,"ban the publication of (documents), as for security or copyright reasons｜禁止發布（文件），基於安全或版權考量",The government decided to embargo the report due to its sensitive nature and potential security risks.,embargo goods; embargo trade; embargo news,C2
Elated,/ɪˈleɪtəd/,adj.,"elated, more elated, most elated",elation (n.),exultantly proud and joyful; in high spirits｜欣喜若狂；興致勃勃,"The team was elated after winning the championship, celebrating late into the night.",feel elated; elated mood; elated spirit,C2
Elude,/ɪˈlud/,v.,"elude, eludes, eluded, eluded, eluding","elusive (adj.), elusion (n.)","escape, either physically or mentally｜逃脫；使困惑",The thief managed to elude the police for months before finally being captured.,elude capture; elude detection; elude understanding,C2
Embellish,/ɪˈmbɛlɪʃ/,v.,"embellish, embellishes, embellished, embellished, embellishing",embellishment (n.),add details to｜增添細節；美化,The author decided to embellish the story with vivid descriptions to make it more engaging for readers.,embellish story; embellish truth; embellish further,C2
Eminent,/ˈɛmənənt/,adj.,"eminent, more eminent, most eminent",eminence (n.),standing above others in quality or position｜傑出；卓越,"The eminent scientist was invited to speak at the conference, where she shared her latest research findings.",eminent scholar; eminent scientist; eminent position,C2
Embezzle,/ɪˈmbɛzəl/,v.,"embezzle, embezzles, embezzled, embezzled, embezzling","embezzler (n.), embezzlement (n.)",appropriate (as property entrusted to one's care) fraudulently to one's own use｜挪用（他人委託管理的財產）供己使用,The accountant was arrested for embezzling funds from the company he worked for over several years.,embezzle funds; embezzle money; embezzle from,C2
Emissary,/ˈɛməˌsɛɹi/,n.,"emissary, emissaries",None,someone sent on a mission to represent the interests of someone else｜被派遣代表他人利益執行任務的人,"The emissary delivered the message from the president, ensuring that both parties understood the terms of the agreement.",send emissary; emissary arrives; emissary departs,C2
Embryonic,/ˌɛmbɹiˈɑnɪk/,adj.,"embryonic, more embryonic, most embryonic","embryo (n.), embryology (n.)",relating to an embryo; at a very early stage of development｜胚胎的；處於非常早期的發展階段,"The embryonic research showed promise, but it would take years before any practical applications could be developed.",embryonic stage; embryonic development; embryonic cells,C2
Embolden,/ɛˈmboʊldən/,v.,"embolden, emboldens, emboldened, emboldened, emboldening",None,give encouragement to｜給予鼓勵,"The coach's pep talk helped to embolden the team, leading them to a decisive victory in the final match.",embolden someone; embolden efforts; embolden actions,C2
Emulate,/ˈɛmjəˌleɪt/,v.,"emulate, emulates, emulated, emulated, emulating","emulation (n.), emulative (adj.)","strive to equal or match, especially by imitating｜努力趕上或匹敵，尤指透過模仿",She always admired her older sister and worked hard to emulate her success in academics and sports.,emulate success; emulate hero; emulate behavior,C2
Emaciate,/ɪˈmeɪʃiˌeɪt/,v.,"emaciate, emaciates, emaciated, emaciated, emaciating",emaciation (n.),cause to grow thin or weak｜使消瘦；使虛弱,"The lack of food and clean water began to emaciate the refugees, making it difficult for them to function.",emaciated body; emaciated by famine; severely emaciated,C2
Emend,/ˈɛmənd/,v.,"emend, emends, emended, emended, emending",None,make improvements or corrections to｜修改；改正,The editor suggested he emend the manuscript by clarifying several points and correcting some factual errors.,emend text; emend document; emend manuscript,C2
Empathy,/ˈɛmpəθi/,n.,"empathy, empathies","empathetic (adj.), empathize (v.)",understanding and entering into another's feelings｜理解並體會他人的情感,Her empathy for the struggling students was evident in the way she mentored and supported them.,show empathy; empathy for; empathy towards,C2
Endemic,/ɛˈndɛmɪk/,adj.,no changes,endemicity (n.),regularly found and persistently present in a particular region or population; native to a specific area｜某地區或人群常見且持續存在的；某地特有的,"Malaria is endemic in certain tropical regions, affecting a large percentage of the population year after year.",endemic disease; endemic to; endemic area,C2
Encroach,/ɪnˈkɹoʊtʃ/,v.,"encroach, encroaches, encroached, encroached, encroaching","encroacher (n.), encroachment (n.)",advance beyond the usual limit｜侵越；侵入,The construction workers were careful not to encroach on the neighboring property.,encroach on territory; encroach upon privacy; gradually encroach,C2
Empirical,/ˌɛˈmpɪɹɪkəl/,adj.,no changes,"empiricism (n.), empiricist (n.)",derived from experiment and observation rather than theory｜來自實驗和觀察的，而非理論的,The scientist conducted an empirical study to test the hypothesis.,empirical evidence; empirical research; empirical study,C2
Enhance,/ɛˈnhæns/,v.,"enhance, enhances, enhanced, enhanced, enhancing",enhancement (n.),"to improve the quality, value, or attractiveness of something.｜提升品質、價值或吸引力",The new lighting will enhance the beauty of the artwork in the gallery.,enhance performance; enhance appearance; enhance understanding,C2
Enamored,/ɛˈnæmɚd/,adj.,"enamored, more enamored, most enamored",enamor (v.),filled with a feeling of love or admiration｜充滿愛慕之情,The novel's protagonist is enamored with the mysterious woman he meets at the party.,become enamored; enamored with beauty; enamored of idea,C2
Enigma,/ɪˈnɪɡmə/,n.,"enigma, enigmas",enigmatic (adj.),something that baffles understanding and cannot be explained｜令人困惑且無法解釋的事物,The origin of the ancient artifact remains an enigma to this day.,pose an enigma; remain an enigma; enigma wrapped in mystery,C2
Encompass,/ɛˈnkʌmpəs/,v.,"encompass, encompasses, encompassed, encompassed, encompassing",encompassment (n.),include in scope; include as part of something broader; have as one's sphere or territory｜包含；涵蓋,The course will encompass topics ranging from history to modern science.,encompass a wide range; encompass all aspects; encompass diverse fields,C2
Endorse,/ɛˈndɔɹs/,v.,"endorse, endorses, endorsed, endorsed, endorsing","endorser (n.), endorsement (n.)",be behind; approve of｜支持；認可,The celebrity decided to endorse the new eco-friendly product.,endorse a product; endorse a candidate; strongly endorse,C2
Endure,/ɛnˈdjʊɹ/,v.,"endure, endures, endured, endured, enduring",endurance (n.),put up with something or somebody unpleasant｜忍受；忍耐,She had to endure the long hours and difficult working conditions.,endure hardship; endure pain; endure criticism,C2
Enormity,/ɪˈnɔɹməti/,n.,"enormity, enormities",enormous (adj.),the quality of being outrageous｜暴虐；巨大罪惡,The enormity of the disaster left the community in shock.,magnitude of enormity; enormity of crime; enormity of task,C2
Encomium,/ɛˈnkɑmiəm/,n.,"encomium, encomiums",encomiastic (adj.),a formal expression of praise｜正式讚揚,The professor delivered an encomium for the retiring head of the department.,sing encomium; receive encomium; encomium for achievement,C2
Enmity,/ˈɛnməti/,n.,"enmity, enmities",None,a state of deep-seated ill-will｜深切的敵意,The longstanding enmity between the two families was difficult to overcome.,harbor enmity; deep-seated enmity; enmity between nations,C2
Engender,/ɛˈndʒɛndɚ/,v.,"engender, engenders, engendered, engendered, engendering",engendering (v.),call forth｜產生；引發,The new policies helped engender a sense of unity among the employees.,engender controversy; engender mistrust; engender support,C2
Emollient,/ɪˈmoʊliənt/,n.,"emollient, emollients",None,toiletry consisting of any of various substances in the form of a thick liquid that have a soothing and moisturizing effect when applied to the skin｜具舒緩及保濕作用的護膚製品,The dermatologist recommended applying an emollient to soothe her dry skin.,apply an emollient; topical emollient; use an emollient,C2
Encumber,/ɛˈnkʌmbɚ/,v.,"encumber, encumbers, encumbered, encumbered, encumbering",None,hold back｜阻礙；拖累,The unnecessary paperwork will only encumber our efforts to complete the project on time.,encumber with debt; encumber progress; heavily encumber,C2
Entitle,/ɛˈntaɪtəl/,v.,"entitle, entitles, entitled, entitled, entitling",entitlement (n.),give the right to｜給予權利,The scholarship will entitle her to a full tuition waiver for the next academic year.,entitle to benefits; entitle to vote; legally entitle,C2
Enumerate,/ɪˈnumɚˌeɪt/,v.,"enumerate, enumerates, enumerated, enumerated, enumerating","enumerator (n.), enumeration (n.)",specify individually｜逐一列舉,The report will enumerate all the changes made to the original plan.,enumerate reasons; enumerate examples; enumerate in detail,C2
Entrepreneur,/ˌɑntɹəpɹəˈnɝ/,n.,"entrepreneur, entrepreneurs",entrepreneurial (adj.),someone who organizes a business venture and assumes the risk for it｜創業家；承擔商業風險的人,The young entrepreneur took a big risk by starting his own tech company.,successful entrepreneur; aspiring entrepreneur; entrepreneur in residence,C2
Ennui,/ɛˈnui/,n.,"ennui, ennuis",None,the feeling of being bored by something tedious｜因無聊事物而產生的倦怠感,The long lecture filled the students with ennui and they struggled to stay awake.,feel ennui; suffer from ennui; ennui sets in,C2
Entity,/ˈɛntəti/,n.,"entity, entities",None,that which is perceived or known or inferred to have its own distinct existence (living or nonliving)｜被感知、認知或推斷為具有獨立存在性的事物（不論有生命或無生命）,The entity known as the European Union has a complex political structure.,legal entity; separate entity; business entity,C2
Enunciate,/ɪˈnʌnsiˌeɪt/,v.,"enunciate, enunciates, enunciated, enunciated, enunciating",enunciation (n.),"speak, pronounce, or utter in a certain way｜以某種方式說話、發音或表達",The actor had to enunciate each word clearly to be understood on stage.,clearly enunciate; enunciate words; enunciate clearly,C2
Enthrall,/ɪnˈθɹɔl/,v.,"enthrall, enthralls, enthralled, enthralled, enthralling",enthrallment (n.),hold spellbound｜使著迷,The suspenseful plot was able to enthrall the audience from start to finish.,enthrall audience; enthrall viewers; enthrall with story,C2
Episodic,/ˌɛpəˈsɑdɪk/,adj.,"episodic, more episodic, most episodic",None,of writing or narration; divided into or composed of episodes｜關於寫作或敘事的；分為或由多個片段組成的,The episodic nature of the novel made it easy to read in short bursts.,episodic series; episodic format; episodic nature,C2
Entreat,/ɛnˈtɹit/,v.,"entreat, entreats, entreated, entreated, entreating",None,ask for or request earnestly｜懇切請求,The villagers would entreat the gods for a good harvest each year.,earnestly entreat; entreat for mercy; entreat assistance,C2
Enervate,/ˈɛnɚˌveɪt/,v.,"enervate, enervates, enervated, enervated, enervating",enervation (n.),weaken mentally or morally｜使精神或道德上衰弱,"The long hours at work began to enervate her, affecting her overall well-being.",enervate body; enervate mind; enervate efforts,C2
Epigram,/ˈɛpəˌɡɹæm/,n.,"epigram, epigrams",epigrammatic (adj.),a witty saying｜機智的言語,The playwright was known for his witty epigrams that left audiences laughing.,epigram about life; witty epigram; clever epigram,C2
Ephemeral,/ɪˈfɛmɚəl/,adj.,"ephemeral, more ephemeral, most ephemeral","ephemera (n.), ephemerality (n.)",lasting for a very short time｜短暫的,"The fame of viral celebrities is often ephemeral, fading almost as quickly as it first appears.",ephemeral beauty; ephemeral nature; ephemeral existence,C2
Epilogue,/ˈɛpəˌlɔɡ/,n.,"epilogue, epilogues",None,"a short concluding section of a play or book, often spoken to the audience｜戲劇或書籍末尾的短小章節，常用於向觀眾發言","At the play's conclusion, the lead actor delivered an epilogue that reflected on the story's themes.",play's epilogue; moving epilogue; poetic epilogue,C2
Equestrian,/ɪˈkwɛstɹiən/,adj.,no changes,None,of or relating to horseback riding or the riders of horses｜關於騎馬或騎手的,The museum displayed suits of armor and other equestrian artifacts from the medieval period.,equestrian statue; equestrian skill; equestrian sport,C2
Eradicate,/ɪˈɹædəˌkeɪt/,v.,"eradicate, eradicates, eradicated, eradicated, eradicating",eradication (n.),kill in large numbers｜大量殺害,The government launched a campaign to eradicate the invasive species threatening local agriculture.,eradicate poverty; eradicate disease; eradicate corruption,C2
Erroneous,/ɛˈɹoʊniəs/,adj.,"erroneous, more erroneous, most erroneous",error (n.),containing or characterized by error｜包含或具有錯誤特性的,The scientist quickly corrected the erroneous data that had been published in the research paper.,erroneous assumption; erroneous conclusion; erroneous information,C2
Equilibrium,/ˌikwəˈlɪbɹiəm/,n.,"equilibrium, equilibriums",None,a stable situation in which forces cancel one another｜力量相互抵消的穩定狀態,The market reached a state of equilibrium when supply finally matched the high consumer demand.,delicate equilibrium; maintain equilibrium; disturb equilibrium,C2
Equivocal,/ɪˈkwɪvəkəl/,adj.,"equivocal, more equivocal, most equivocal","equivocate (v.), equivocation (n.)",open to more than one interpretation; ambiguous or deliberately misleading｜可作多種解釋的；含糊的或故意誤導的,The politician's equivocal statement left voters confused about his actual stance on the issue.,equivocal answer; equivocal statement; equivocal position,C2
Erratic,/ɪˈɹætɪk/,adj.,"erratic, more erratic, most erratic",erratically (adv.),liable to sudden unpredictable change｜易於突然不可預測地變化的,The artist's erratic behavior made it difficult for gallery owners to schedule exhibitions.,erratic behavior; erratic performance; erratic weather,C2
Epicure,/ˈɛpɪˌkjʊɹ/,n.,"epicure, epicures",epicurean (adj.),a person who takes great pleasure in fine food and drink｜非常熱衷於美食和佳釀的人,"As an epicure, he traveled the world to experience the finest cuisines and most exclusive wines.",dedicated epicure; gourmet epicure; self-proclaimed epicure,C2
Esoteric,/ˌɛsəˈtɛɹɪk/,adj.,"esoteric, more esoteric, most esoteric",esotericism (n.),confined to and understandable by only an enlightened inner circle｜局限於且僅有內行人能理解的,"The philosophy club's discussions were often esoteric, leaving newcomers feeling excluded.",esoteric knowledge; esoteric concept; esoteric language,C2
Equanimity,/ˌikwəˈnɪmɪti/,n. [U],no changes,None,steadiness of mind under stress｜鎮定；沉著冷靜,"Despite the chaos around her, she maintained her equanimity and focused on finding a solution.",maintain equanimity; retain equanimity; with equanimity,C2
Espouse,/ɪˈspaʊz/,v.,"espouse, espouses, espoused, espoused, espousing",espousal (n.),"adopt, support, or advocate (a cause, belief, or way of life)｜採納；支持；倡導",The candidate chose to espouse a policy of tax reform to gain support from the working class.,espouse cause; espouse theory; espouse belief,C2
Eschew,/ɛˈstʃu/,v.,"eschew, eschews, eschewed, eschewed, eschewing",None,avoid and stay away from deliberately; stay clear of｜避開；遠離,He decided to eschew social media in order to focus on his personal and professional life.,eschew violence; eschew politics; eschew materialism,C2
Erudite,/ˈɛɹəˌdaɪt/,adj.,"erudite, more erudite, most erudite",erudition (n.),having or showing profound knowledge｜博學的；學識淵博的,The professor's erudite lectures attracted students from various disciplines across the university.,erudite scholar; erudite discussion; erudite commentary,C2
Ethereal,/ɪˈθɪɹiəl/,adj.,"ethereal, more ethereal, most ethereal",ethereality (n.),characterized by lightness and insubstantiality; as impalpable or intangible as air｜輕盈的；縹緲的；如空氣般輕柔的,The ballet dancer's movements were so ethereal that she seemed to float across the stage.,ethereal beauty; ethereal quality; ethereal presence,C2
Esteem,/əˈstim/,n.,"esteem, esteems",esteemed (v.),"Assessment, estimation, or regard; especially; favourable estimation or regard.｜尊重；敬重；評價","The CEO had great esteem for his assistant, who consistently provided invaluable support.",hold in esteem; earn esteem; high esteem,C2
Equable,/ˈɛkwəbəl/,adj.,"equable, more equable, most equable",None,not varying｜穩定的；變化不大的,The equable climate of the island made it a perfect destination for vacationers seeking relaxation.,equable temperament; equable climate; equable distribution,C2
Estrange,/ɛsˈtɹeɪndʒ/,v.,"estrange, estranges, estranged, estranged, estranging",estrangement (n.),remove from customary environment or associations｜使疏遠；使隔離,"After moving to the city, she felt estranged from her rural upbringing and the friends she left behind.",become estranged; estrange family; estrange friends,C2
Ersatz,/ˈɛˌɹsɑts/,adj.,no changes,None,made or used as an artificial and usually inferior substitute for something genuine｜人造的；替代的；劣質的,"The chef refused to use ersatz ingredients, insisting on only the finest and freshest produce.",ersatz coffee; ersatz leather; ersatz product,C2
Escalate,/ˈɛskəˌleɪt/,v.,"escalate, escalates, escalated, escalated, escalating",escalation (n.),increase in extent or intensity｜升級；加劇,The conflict escalated when both sides called for military intervention instead of negotiations.,escalate conflict; escalate tensions; escalate situation,C2
Evanescent,/ˌɛvəˈnɛsənt/,adj.,"evanescent, more evanescent, most evanescent",evanescence (n.),tending to vanish like vapor｜易消散的；短暫的,"The joy she felt at the news was evanescent, fading as quickly as it had appeared.",evanescent moment; evanescent memory; evanescent beauty,C2
Evasive,/ɪˈveɪsɪv/,adj.,"evasive, more evasive, most evasive","evasion (n.), evade (v.)",deliberately vague or ambiguous｜含糊的；逃避的,"The politician gave evasive answers throughout the debate, refusing to commit to any clear policy position.",evasive answer; evasive action; evasive maneuver,C2
Euphoria,/juˈfɔɹiə/,n.,"euphoria, euphorias",None,"a feeling of intense, often exaggerated happiness｜幸福感；亢奮","Winning the championship filled the team with euphoria, celebrating late into the night.",euphoria sets in; euphoria overcomes; euphoria fades,C2
Euphemism,/ˈjufəˌmɪzəm/,n.,"euphemism, euphemisms",euphemistic (adj.),an inoffensive or indirect expression that is substituted for one that is considered offensive or too harsh｜委婉語,Using 'passed away' as a euphemism for death is common in obituaries and formal announcements.,euphemism for; common euphemism; political euphemism,C2
Exacting,/ɪˈɡzæktɪŋ/,adj.,"exacting, more exacting, most exacting",exactingness (n.),"demanding or requiring great care, effort, or precision; rigorous and hard to satisfy｜嚴格的；苛求的","The exacting coach demanded perfection from every player, refusing to accept even the smallest mistake.",exacting standards; exacting requirements; exacting process,C2
Exalt,/ɪˈɡzɔlt/,v.,"exalt, exalts, exalted, exalted, exalting",exaltation (n.),"praise, glorify, or honor｜讚美；推崇",The professor would often exalt the virtues of critical thinking in his lectures.,exalt to stardom; exalt in song; exalt with praise,C2
Exacerbate,/ɪˈɡzæsɚˌbeɪt/,v.,"exacerbate, exacerbates, exacerbated, exacerbated, exacerbating",exacerbation (n.),make worse｜惡化；加劇,The ongoing conflict only served to exacerbate the existing tensions between the two nations.,exacerbate the situation; exacerbate tensions; exacerbate symptoms,C2
Evoke,/ɪˈvoʊk/,v.,"evoke, evokes, evoked, evoked, evoking","evocative (adj.), evocation (n.)",To call out; to draw out or bring forth.｜喚起；引發,The old photograph evoked memories of her childhood summers at the beach.,evoke a response; evoke memories; evoke emotion,C2
Excavate,/ˈɛkskəˌveɪt/,v.,"excavate, excavates, excavated, excavated, excavating","excavator (n.), excavation (n.)",recover through digging｜挖掘,Archeologists worked for months to excavate the ancient city buried under layers of sand.,excavate a site; excavate artifacts; excavate carefully,C2
Eulogize,/ˈjuləˌdʒaɪz/,v.,"eulogize, eulogizes, eulogized, eulogized, eulogizing","eulogy (n.), eulogistic (adj.)",praise formally and eloquently｜頌揚；悼詞,"At the memorial service, friends and family eulogized the late philanthropist for his generosity and kindness.",eulogize a leader; eulogize at a funeral; eulogize with eloquence,C2
Evince,/ɪˈvɪns/,v.,"evince, evinces, evinced, evinced, evincing",None,give expression to｜表達,His actions evinced a deep-seated commitment to social justice.,evince interest; evince surprise; evince skepticism,C2
Exhaustive,/ɪˈɡzɔstɪv/,adj.,no changes,exhaustion (n.),performed comprehensively and completely｜全面且徹底的,The research team conducted an exhaustive study to ensure no potential solutions were overlooked.,exhaustive research; exhaustive list; exhaustive investigation,C2
Exasperate,/ɪˈɡzæspɚˌeɪt/,v.,"exasperate, exasperates, exasperated, exasperated, exasperating",exasperation (n.),to make someone feel intensely irritated or annoyed｜使某人感到非常惱怒,His constant interruptions during the meeting began to exasperate his colleagues.,exasperate the situation; exasperate with delays; exasperate easily,C2
Exceed,/ɪˈksid/,v.,"exceed, exceeds, exceeded, exceeded, exceeding","excessive (adj.), exceedance (n.)",be greater in scope or size than some standard｜超過,"The company's profits exceeded expectations, surpassing the previous year's results by a significant margin.",exceed expectations; exceed limits; exceed capacity,C2
Euphony,/ˈjufəni/,n.,"euphony, euphonies","euphonic (adj.), euphonous (adj.), euphonical (adj.), euphonious (adj.)",any agreeable (pleasing and harmonious) sounds｜悅耳的聲音,"The euphony of the violin concerto filled the concert hall, captivating the audience.",euphony of language; euphony in music; pleasing euphony,C2
Exhort,/ɪˈɡzɔɹt/,v.,"exhort, exhorts, exhorted, exhorted, exhorting",exhortation (n.),strongly urge or encourage someone to do something｜力勸,The coach exhorted the team to give their best effort in the final minutes of the game.,exhort to action; exhort with enthusiasm; exhort the troops,C2
Exemplary,/ɪˈɡzɛmplɚi/,adj.,"exemplary, more exemplary, most exemplary","exemplar (n.), exemplify (v.)",worthy of imitation｜值得效法的,"Her dedication and professionalism were exemplary, setting a high standard for her peers.",exemplary behavior; exemplary service; exemplary conduct,C2
Exodus,/ˈɛksədəs/,n.,"exodus, exoduses",None,a journey by a large group to escape from a hostile environment｜大批人群逃離敵對環境的行動,The exodus of refugees from the war-torn region was one of the largest in recent history.,exodus of refugees; exodus from the city; mass exodus,C2
Expansive,/ɪkˈspænsɪv/,adj.,"expansive, more expansive, most expansive","expand (v.), expansivity (n.), expansiveness (n.)",able or tending to expand or characterized by expansion｜具擴張性的,The company's expansive growth strategy included opening new offices in several countries.,expansive growth; expansive view; expansive personality,C2
Exonerate,/ɪˈɡzɑnɚˌeɪt/,v.,"exonerate, exonerates, exonerated, exonerated, exonerating",exoneration (n.),pronounce not guilty of criminal charges｜宣告無罪,"After reviewing the evidence, the judge decided to exonerate the defendant of all charges.",exonerate from blame; exonerate of charges; exonerate completely,C2
Exhume,/ɛksˈhjum/,v.,"exhume, exhumes, exhumed, exhumed, exhuming",exhumation (n.),dig up for reburial or for medical investigation; of dead bodies｜掘出屍體以重新埋葬或醫學檢驗,The medical examiner was called to exhume the body for further forensic analysis.,exhume a body; exhume for investigation; exhume remains,C2
Excoriate,/ɛkˈskɔɹiˌeɪt/,v.,"excoriate, excoriates, excoriated, excoriated, excoriating",excoriation (n.),express strong disapproval of｜嚴厲批評,"The critic excoriated the film, calling it one of the worst he had ever seen.",excoriate publicly; excoriate in print; excoriate harshly,C2
Execrate,/ˈɛksɪˌkɹeɪt/,v.,"execrate, execrates, execrated, execrated, execrating",execration (n.),find repugnant｜厭惡,"Many people execrate the idea of animal cruelty, finding it utterly repugnant.",execrate the crime; execrate vehemently; execrate with passion,C2
Expedite,/ˈɛkspɪˌdaɪt/,v.,"expedite, expedites, expedited, expedited, expediting","expedition (n.), expeditious (adj.)",speed up the progress of; facilitate｜加速,The project manager worked tirelessly to expedite the completion of the project.,expedite the process; expedite delivery; expedite action,C2
Exotic,/ɪˈɡzɑtɪk/,adj.,"exotic, more exotic, most exotic",exotically (adv.),being or from or characteristic of another place or part of the world｜異國的,"She wore an exotic dress to the party, drawing admiring glances from the other guests.",exotic location; exotic cuisine; exotic appearance,C2
Exculpate,/ˌɛkˈskʌlpeɪt/,v.,"exculpate, exculpates, exculpated, exculpated, exculpating","exculpation (n.), exculpatory (adj.)",pronounce not guilty of criminal charges｜宣告無罪,"The new evidence was sufficient to exculpate the suspect, leading to his immediate release.",exculpate from blame; exculpate of charges; exculpate fully,C2
Exigency,/ˌɛˈksɪdʒənsi/,n.,"exigency, exigencies",exigent (adj.),a pressing or urgent situation｜緊急情況,"The exigency of the situation demanded immediate action, prompting the team to work overnight.",exigency of the moment; exigency of war; exigency requires,C2
Expedient,/ɪkˈspidiənt/,adj.,"expedient, more expedient, most expedient",expediency (n.),serving to promote your interest｜有利於自身利益的,He found it expedient to keep his opinions to himself during the heated debate.,expedient solution; expedient measure; politically expedient,C2
Extant,/ˈɛkstənt/,adj.,no changes,None,still in existence; not extinct or destroyed or lost｜尚存的,"Despite the fire, several important documents remained extant and were recovered by the investigators.",extant manuscripts; extant species; extant records,C2
Expound,/ɪkˈspaʊnd/,v.,"expound, expounds, expounded, expounded, expounding","exponent (n.), expository (adj.), expounding (n.)","add details, as to an account or idea; clarify the meaning of and discourse in a learned way, usually in writing｜闡述","The scholar would often expound on the intricacies of ancient civilizations, sharing his knowledge with anyone willing to listen.",expound on a theory; expound at length; expound ideas,C2
Exploit,/ˈɛksˌplɔɪt/,v.,"exploit, exploits, exploited, exploited, exploiting",None,use or manipulate to one's advantage｜利用或操控以獲取優勢,The company exploited the legal loophole to avoid paying millions in taxes.,exploit a loophole; exploit a weakness; exploit an opportunity,C2
Exorbitant,/ɪˈɡzɔɹbɪtənt/,adj.,"exorbitant, more exorbitant, most exorbitant",exorbitance (n.),greatly exceeding bounds of reason or moderation｜遠超合理或適度的範圍,"The price of the concert tickets was exorbitant, far beyond what most fans could afford.",exorbitant prices; exorbitant fees; exorbitant demands,C2
Explicit,/ɪksˈplɪsət/,adj.,"explicit, more explicit, most explicit",explicitness (n.),precisely and clearly expressed or readily observable; leaving nothing to implication｜明確且清楚地表達或易於觀察；不含蓄意,The instructions were explicit; there was no room for misunderstanding.,explicit instructions; explicit language; explicit consent,C2
Extirpate,/ˈɛkstɚˌpeɪt/,v.,"extirpate, extirpates, extirpated, extirpated, extirpating",extirpation (n.),"destroy completely, as if down to the roots｜徹底毀滅，如同連根拔除",The invasive species was extirpated from the island to protect native wildlife.,extirpate corruption; extirpate a disease; extirpate poverty,C2
Extort,/ɪkˈstɔɹt/,v.,"extort, extorts, extorted, extorted, extorting",extortion (n.),obtain through intimidation｜透過恐嚇取得,The criminal extorted money from local businesses by threatening to expose their secrets.,extort money; extort information; extort concessions,C2
Expurgate,/ɪkˈspɝɡət/,v.,"expurgate, expurgates, expurgated, expurgated, expurgating","expurgator (n.), expurgation (n.)",edit by omitting or modifying parts considered indelicate｜透過刪除或修改不當部分來編輯,The publisher decided to expurgate certain scenes from the novel to make it suitable for younger readers.,expurgate content; expurgate a text; expurgate a manuscript,C2
Extol,/ɪkˈstoʊl/,v.,"extol, extols, extolled, extolled, extolling",extolment (n.),"praise, glorify, or honor｜讚美、稱頌或尊敬",The coach extolled the team's efforts after their hard-fought victory.,extol virtues; extol achievements; extol bravery,C2
Extract,/ɪksˈtɹækt/,v.,"extract, extracts, extracted, extracted, extracting","extractor (n.), extraction (n.), extractible (adj.)","To draw out; to pull out; to remove forcibly from a fixed position, as by traction or suction, etc.｜抽出；拉出；用力從固定位置移除，如透過拉扯或吸力等",The dentist used special tools to extract the impacted wisdom tooth.,extract information; extract resources; extract a confession,C2
Staid,/ˈsteɪd/,adj.,"staid, staider, staidest",staidness (n.),characterized by dignity and propriety｜具尊嚴和得體的特質,The staid butler maintained his composure despite the chaos around him.,staid demeanor; staid personality; staid atmosphere,C2
Stigma,/ˈstɪɡmə/,n.,"stigma, stigmas","stigmatic (adj.), stigmatize (v.)","a mark of disgrace associated with a particular circumstance, quality, or person｜與特定環境、品質或人物相關的恥辱標記",She struggled for years to escape the stigma attached to her father's criminal past.,stigma of disease; stigma attached; stigma remains,C2
Stellar,/ˈstɛlɚ/,adj.,"stellar, more stellar, most stellar",None,indicating the most important performer or role｜表示最重要表演者或角色的,The actor gave a stellar performance that earned him a standing ovation.,stellar performance; stellar career; stellar reputation,C2
Stoic,/ˈstoʊɪk/,adj.,"stoic, more stoic, most stoic","stoically (adv.), stoicism (n.)",seeming unaffected by pleasure or pain; impassive｜看似不受樂趣或痛苦影響；冷漠的,"Despite the pain, the stoic soldier refused to show any sign of discomfort.",stoic expression; stoic demeanor; stoic resilience,C2
Steadfast,/ˈstɛˌdfæst/,adj.,"steadfast, more steadfast, most steadfast",steadfastness (n.),marked by firm determination or resolution; not shakable｜以堅定決心為特徵；不可動搖的,"Her steadfast dedication to the cause never wavered, even during difficult times.",steadfast commitment; steadfast belief; steadfast support,C2
Staunch,/ˈstɔntʃ/,adj.,"staunch, stauncher, staunchest",staunchness (n.),firm and dependable especially in loyalty｜堅定且可靠，尤指在忠誠方面,"He was a staunch supporter of the team, attending every game for decades.",staunch supporter; staunch ally; staunch defender,C2
Stagnant,/ˈstæɡnənt/,adj.,"stagnant, more stagnant, most stagnant","stagnate (v.), stagnancy (n.)",not circulating or flowing｜不循環或流動的,The stagnant pond was a breeding ground for mosquitoes and other insects.,stagnant water; stagnant economy; stagnant growth,C2
Stringent,/ˈstɹɪndʒənt/,adj.,"stringent, more stringent, most stringent",stringency (n.),demanding strict attention to rules and procedures｜要求嚴格注意規則和程序,The company enforced stringent security measures after the data breach.,stringent regulations; stringent standards; stringent requirements,C2
Stolid,/ˈstɑləd/,adj.,"stolid, more stolid, most stolid","stolidity (n.), stolidness (n.)",not easily moved or excited emotionally; impassive and unyielding｜不易被感動或激動；冷漠且不屈撓的,"The stolid accountant showed little emotion, even when discussing financial losses.",stolid expression; stolid demeanor; stolid personality,C2
Stratagem,/ˈstɹætədʒəm/,n.,"stratagem, stratagems",None,"a plan or scheme involving cleverness or deception to gain an advantage, especially in a military or competitive context｜一個涉及聰明或欺騙以獲取優勢的計劃或策略，尤指在軍事或競爭情境中",The general's stratagem involved a feigned retreat to lure the enemy into a trap.,clever stratagem; strategic stratagem; effective stratagem,C2
Sublime,/səˈblaɪm/,adj.,"sublime, more sublime, most sublime","sublimate (n.), sublimity (n.)",inspiring awe｜令人敬畏的,"The view from the mountain was sublime, leaving everyone in awe of its beauty.",sublime beauty; sublime experience; sublime moment,C2
Stupor,/ˈstupɚ/,n.,"stupor, stupors",stuporous (adj.),a state of near-unconsciousness or insensibility｜近無意識或感覺遲鈍的狀態,"In a stupor of shock, she struggled to process the sudden accident.",state of stupor; drug-induced stupor; temporary stupor,C2
Submissive,/səˈbmɪsɪv/,adj.,"submissive, more submissive, most submissive","submit (v.), submissiveness (n.)",inclined or willing to submit to orders or wishes of others or showing such inclination｜傾向於服從他人的命令或意願，或表現出這種傾向,The submissive dog obeyed its owner's commands without hesitation.,submissive behavior; submissive attitude; submissive nature,C2
Subordinate,/səˈbɔɹdəˌneɪt/,n.,"subordinate, subordinates","subordination (n.), subordinateness (n.)",an assistant subject to the authority or control of another｜受他人管轄或控制的助手,"The manager delegated the task to his subordinate, trusting their expertise.",trusted subordinate; loyal subordinate; immediate subordinate,C2
Subversive,/səˈbvɝsɪv/,adj.,"subversive, more subversive, most subversive","subvert (v.), subversiveness (n.)",in opposition to a civil authority or government｜反對民事當局或政府的,The subversive group actively worked to undermine the current government.,subversive activities; subversive ideas; subversive group,C2
Substantive,/ˈsʌbstəntɪv/,adj.,"substantive, more substantive, most substantive",substantival (adj.),"having a firm basis in reality and being therefore important, meaningful, or considerable｜在現實中有堅實基礎的，因此重要的、有意義的或相當可觀的",The research provided substantive evidence supporting the new environmental policy.,substantive change; substantive discussion; substantive evidence,C2
Subservient,/səˈbsɝviənt/,adj.,"subservient, more subservient, most subservient","subserve (v.), subservience (n.), subservientness (n.)",prepared to obey others unquestioningly; less important; subordinate｜準備無條件服從他人；較不重要的；下屬的,"He was careful never to appear subservient to the CEO, even when asked to follow difficult orders.",subservient role; subservient position; subservient attitude,C2
Subtle,/ˈsʌtəl/,adj.,"subtle, subtler, subtlest",None,difficult to detect or grasp by the mind or analyze｜難以被心智察覺、掌握或分析的,The detective noticed a subtle change in the suspect's behavior during the interrogation.,subtle difference; subtle hint; subtle flavor,C2
Superficial,/ˌsupɚˈfɪʃəl/,adj.,no changes,"superficies (n.), superficiality (n.)",existing or occurring at the surface level; lacking depth or thoroughness｜存在於或發生在表面層次的；缺乏深度或徹底性的,"The novel's superficial plot failed to engage readers, who found it lacking depth.",superficial analysis; superficial resemblance; superficial understanding,C2
Succor,/ˈsʌkɚ/,n.,"succor, succors",succorer (n.),assistance in time of difficulty｜困難時的援助,"The Red Cross provided succor to the earthquake victims, offering food, shelter, and medical aid.",seek succor; provide succor; offer succor,C2
Superfluous,/ˈsupɚfˌlwʌs/,adj.,no changes,superfluity (n.),serving no useful purpose; having no excuse for being｜沒有任何用處的；沒有存在理由的,The meeting was filled with superfluous discussions that could have been summarized in a few minutes.,superfluous detail; superfluous comment; superfluous information,C2
Succinct,/səˈksɪŋkt/,adj.,"succinct, more succinct, most succinct",succinctness (n.),briefly giving the gist of something｜簡潔地給出某事的要點,The professor's succinct explanation helped the students understand the complex topic quickly.,succinct summary; succinct explanation; succinct response,C2
Supple,/ˈsʌpəl/,adj.,"supple, suppler, supplest",suppleness (n.),moving and bending with ease｜輕鬆地移動和彎曲的,"The gymnast's supple movements impressed the judges, earning her high scores.",supple movement; supple body; supple leather,C2
Supine,/səˈpaɪn/,adj.,no changes,None,lying flat on one's back with the face upward; passively allowing things to happen without protest｜仰面平躺的；被動地任由事情發生而不抗議的,"The exhausted hiker lay supine on the grass, staring up at the clouds drifting overhead.",supine position; supine posture; supine figure,C2
Supersede,/ˌsupɚˈsid/,v.,"supersede, supersedes, superseded, superseded, superseding","supersedure (n.), supersession (n.)",take the place or move into the position of｜取代或移入某物的位置,"The new software will supersede the old system, offering better features and performance.",supersede previous; supersede outdated; supersede existing,C2
Subjugate,/ˈsʌbdʒəˌɡeɪt/,v.,"subjugate, subjugates, subjugated, subjugated, subjugating","subjugator (n.), subjugation (n.)",put down by force or intimidation｜以武力或威脅鎮壓,The invading army sought to subjugate the local population through fear and violence.,subjugate a nation; subjugate the opposition; subjugate through fear,C2
Subside,/səˈbsaɪd/,v.,"subside, subsides, subsided, subsided, subsiding","subsiding (n.), subsidence (n.)",wear off or die down｜逐漸減退或平息,"The storm gradually subsided, leaving the streets covered in debris and fallen branches.",storm subsides; pain subsides; excitement subsides,C2
Stipulate,/ˈstɪpjəˌleɪt/,v.,"stipulate, stipulates, stipulated, stipulated, stipulating","stipulation (n.), stipulatory (adj.)",specify as a condition or requirement in a contract or agreement; make an express demand or provision in an agreement｜在契約或協議中規定為條件或要求；在協議中提出明確要求或條款,The contract stipulated that all payments must be made within 30 days of receiving the invoice.,stipulate conditions; stipulate requirements; stipulate in the contract,C2
Supplicate,/ˈsʌplɪkeɪt/,v.,"supplicate, supplicates, supplicated, supplicated, supplicating","suppliant (n.), supplicant (adj.), supplication (n.), supplicatory (adj.)",ask humbly (for something)｜卑微地請求,The refugees supplicated the border guards to allow them to cross into safety.,supplicate for mercy; supplicate the court; supplicate humbly,C2
Supplant,/səˈplænt/,v.,"supplant, supplants, supplanted, supplanted, supplanting","supplanter (n.), supplanting (n.)",take the place or move into the position of｜取代或移入某物的位置,The new software was designed to supplant the outdated system currently in use.,supplant the leader; supplant old technology; supplant traditional methods,C2
Surmise,/sɚˈmaɪz/,v.,"surmise, surmises, surmised, surmised, surmising",surmisal (n.),infer from incomplete evidence｜根據不完整的證據推斷,"Based on the clues left at the scene, the detective could surmise what had happened.",surmise the outcome; surmise from evidence; surmise the truth,C2
Suppress,/səˈpɹɛs/,v.,"suppress, suppresses, suppressed, suppressed, suppressing","suppresser (n.), suppressor (n.), suppression (n.), suppressive (adj.)","To put an end to, especially with force, to crush, do away with; to prohibit, subdue.｜終結，尤指以武力；摧毀、消除；禁止、制服",The dictator attempted to suppress any form of political dissent through intimidation and censorship.,suppress a rebellion; suppress emotions; suppress information,C2
Strut,/ˈstɹʌt/,v.,"strut, struts, strutted, strutted, strutting",None,"to walk with a lofty proud gait, often in an attempt to impress others｜高視闊步地走，為了給別人留下深刻印象而帶著傲慢的姿態走路","The peacock strutted around the yard, displaying its colorful feathers to attract a mate.",strut across the stage; strut in front of peers; strut confidently,C2
Surreptitious,/ˌsɝəˈptɪʃəs/,adj.,"surreptitious, more surreptitious, most surreptitious",None,marked by quiet and caution and secrecy; taking pains to avoid being observed｜悄悄的、謹慎的、秘密的；小心翼翼地避免被發現,The spies held a surreptitious meeting to exchange confidential information.,surreptitious glance; surreptitious meeting; surreptitious behavior,C2
Susceptible,/səˈsɛptəbəl/,adj.,"susceptible, more susceptible, most susceptible","susceptibility (n.), susceptibleness (n.)","easily affected, harmed, or influenced by something｜容易被某事物影響、傷害或左右的",People with fair skin are particularly susceptible to sunburn.,susceptible to disease; susceptible of proof; susceptible to influence,C2
Symmetry,/ˈsɪmətɹi/,n.,"symmetry, symmetries","symmetric (adj.), symmetrise (v.), symmetrize (v.)","Exact correspondence on either side of a dividing line, plane, center or axis.｜在分割線、平面、中心或軸的兩側完全對應",The symmetry of the butterfly's wings was truly remarkable.,symmetry in design; perfect symmetry; symmetry of the building,C2
Synthesis,/ˈsɪnθəsəs/,n.,"synthesis, syntheses","synthetic (adj.), synthesise (v.), synthesist (n.), synthetical (adj.)",the combination of elements or ideas into a coherent whole; the process of forming a complex compound or concept from simpler components｜將元素或觀念結合成一個連貫的整體；從較簡單的成分形成複雜化合物或概念的過程,The synthesis of new compounds is crucial for developing innovative medicines.,chemical synthesis; synthesis of ideas; synthesis of data,C2
Tacit,/ˈtæsɪt/,adj.,"tacit, more tacit, most tacit",None,implied by or inferred from actions or statements｜由行為或言語暗示或推斷出的,Her tacit agreement was evident in her nod of approval.,tacit agreement; tacit approval; tacit understanding,C2
Tangible,/ˈtændʒəbəl/,adj.,no changes,"tangibly (adv.), tangibility (n.)",able to be touched or felt; physically real and concrete; clearly perceptible｜能被觸摸或感覺的；實際存在且具體的；清晰可感知的,The artist worked with tangible materials such as clay and wood to create her sculptures.,tangible evidence; tangible benefits; tangible object,C2
Surfeit,/ˈsɝfət/,n.,"surfeit, surfeits",None,the state of being more than full｜過於飽滿的狀態,The surfeit of food at the banquet left many guests unable to finish their meals.,surfeit of food; surfeit of wealth; surfeit of information,C2
Temperance,/ˈtɛmpɚəns/,n. [U],no changes,temper (v.),the trait of avoiding excesses｜避免過度的特質,His temperance was evident in his moderate eating and drinking habits.,temperance in eating; temperance movement; temperance society,C2
Taciturn,/ˈtæsɪˌtɝn/,adj.,"taciturn, more taciturn, most taciturn",taciturnity (n.),habitually reserved and uncommunicative｜習慣性的沉默寡言,"The taciturn old man rarely spoke, preferring to keep his thoughts to himself.",taciturn personality; taciturn demeanor; taciturn nature,C2
Tantamount,/ˈtæntəˌmaʊnt/,adj.,no changes,None,being essentially equal to something｜本質上等於某事物,The student's careless actions were tantamount to cheating.,tantamount to treason; tantamount to dismissal; tantamount to refusal,C2
Sycophant,/ˈsɪkəfænt/,n.,"sycophant, sycophants","sycophancy (n.), sycophantic (adj.)",a person who tries to please someone in order to gain a personal advantage｜為了個人利益而試圖取悅他人的人,The CEO was surrounded by sycophants who would agree with everything he said.,political sycophant; sycophant in the office; sycophantic behavior,C2
Stultify,/ˈstʌltəˌfaɪ/,v.,"stultify, stultifies, stultified, stultified, stultifying",stultification (n.),to impede or suppress the development of something; to render ineffective or futile｜阻礙或抑制某事物的發展；使無效或徒勞,The defendant's erratic behavior served to stultify any attempts at serious discussion.,stultify the process; stultify the argument; stultify the debate,C2
Tentative,/ˈtɛntətɪv/,adj.,"tentative, more tentative, most tentative",None,not definite or fully worked out; uncertain and subject to change｜不確定或未完全解決的；不確定的且可能改變的,"The project was still in a tentative stage, with many details yet to be finalized.",tentative agreement; tentative plan; tentative conclusion,C2
Tenet,/ˈtɛnət/,n.,"tenet, tenets",None,a core principle or belief that is held as fundamental truth by a person or organization｜個人或組織視為基本真理的核心原則或信念,The central tenet of their faith was belief in one God.,fundamental tenet; religious tenet; tenet of belief,C2
Tedious,/ˈtidiəs/,adj.,"tedious, more tedious, most tedious","tedium (n.), tediousness (n.)","too long, slow, or dull; monotonous and wearisome｜過於冗長、緩慢或無聊的；單調乏味的",The lecture was so tedious that many students struggled to stay awake.,tedious task; tedious journey; tedious lecture,C2
Tenacious,/təˈneɪʃəs/,adj.,"tenacious, more tenacious, most tenacious","tenaciously (adv.), tenacity (n.)",persistently determined and unwilling to give up; holding firmly to a course or belief｜堅持不懈且不放棄的；堅定持有某個方向或信念的,"Despite his age, he remained tenacious in his efforts to complete the marathon.",tenacious memory; tenacious effort; tenacious spirit,C2
Thwart,/ˈθwɔɹt/,v.,"thwart, thwarts, thwarted, thwarted, thwarting","thwarter (n.), thwarting (n.)","hinder or prevent (the efforts, plans, or desires) of｜阻礙或阻止（努力、計劃或願望）",The bad weather threatened to thwart their plans for an outdoor wedding.,thwart the plan; thwart the attempt; thwart the enemy,C2
Temerity,/təˈmɛɹəti/,n. [U],no changes,temerarious (adj.),fearless daring｜無畏的大膽,The young entrepreneur had the temerity to propose a new business model that challenged the industry giants.,display temerity; act with temerity; sheer temerity,C2
Tenuous,/ˈtɛnjəwəs/,adj.,"tenuous, more tenuous, most tenuous",tenuity (n.),very weak or slight; insubstantial and lacking a firm basis｜非常微弱或輕微的；不實在且缺乏穩固基礎的,"His tenuous argument failed to convince the jury, who found the reasoning far too fragile to rely upon.",tenuous connection; tenuous argument; tenuous relationship,C2
Terse,/ˈtɝs/,adj.,"terse, terser, tersest",terseness (n.),brief and to the point; effectively cut short｜簡潔扼要的；戛然而止的,The professor's terse response left no room for further discussion.,terse reply; terse statement; terse explanation,C2
Tawdry,/ˈtɔdɹi/,adj.,"tawdry, tawdrier, tawdriest",tawdriness (n.),tastelessly showy｜俗麗的；華而不實的,The actress wore a tawdry outfit that was more distracting than impressive.,tawdry jewelry; tawdry display; tawdry decorations,C2
Timorous,/ˈtɪmɚəs/,adj.,"timorous, more timorous, most timorous",timorousness (n.),timid by nature or revealing timidity｜膽怯的；膽小怯懦的,The timorous kitten hid under the couch at the slightest noise.,timorous nature; timorous voice; timorous demeanor,C2
Tempestuous,/ˌtɛˈmpɛstʃuəs/,adj.,"tempestuous, more tempestuous, most tempestuous","tempest (n.), tempestuousness (n.)",characterized by violent emotions or behavior｜激情衝動的；暴烈的,Their tempestuous relationship was filled with passionate arguments and reconciliations.,tempestuous relationship; tempestuous storm; tempestuous outburst,C2
Thrifty,/ˈθɹɪfti/,adj.,"thrifty, thriftier, thriftiest",None,careful and diligent in the use of resources｜節儉的；勤儉的,"She was known for her thrifty habits, always finding ways to save money without sacrificing quality.",thrifty shopper; thrifty habits; thrifty lifestyle,C2
Tout,/ˈtaʊt/,v.,"tout, touts, touted, touted, touting",touter (n.),to promote or praise loudly or aggressively; to solicit business loudly｜大力推銷；吹噓；兜攬生意,The salesman tried to tout the new software as the best solution for managing projects.,tout a product; tout a service; tout aggressively,C2
Transgress,/tɹænzˈɡɹɛs/,v.,"transgress, transgresses, transgressed, transgressed, transgressing","transgressor (n.), transgression (n.)","act in disregard of laws, rules, contracts, or promises｜違反；違背",He knew that transgressing the company's code of conduct could lead to serious consequences.,transgress boundaries; transgress rules; transgress laws,C2
Tepid,/ˈtɛpɪd/,adj.,"tepid, more tepid, most tepid","tepidity (n.), tepidness (n.)",moderately warm｜微溫的；不冷不熱的,"The bath water was tepid, providing a relaxing soak without the shock of cold or heat.",tepid response; tepid water; tepid support,C2
Tirade,/taɪˈɹeɪd/,n.,"tirade, tirades",None,a speech of violent denunciation｜激烈抨擊的言論；長篇激烈演說,"The politician launched into a tirade against the proposed policy, calling it a 'disaster in the making'.",lengthy tirade; angry tirade; deliver a tirade,C2
Transient,/ˈtɹænʒənt/,n.,"transient, transients","transience (n.), transiency (n.)",one who stays for only a short time｜短期逗留者；過客,The hotel was filled with transients who stayed only for a night before moving on.,transient guest; transient worker; transient population,C2
Treatise,/ˈtɹitəs/,n.,"treatise, treatises",None,a formal exposition｜專論文獻；正式論述,The philosopher's treatise on ethics became a cornerstone of modern moral philosophy.,scholarly treatise; philosophical treatise; treatise on ethics,C2
Translucent,/tɹænˈslusənt/,adj.,"translucent, more translucent, most translucent","translucence (n.), translucency (n.)",allowing light to pass through diffusely｜半透明的,The lampshade was made of a translucent material that softened the light in the room.,translucent glass; translucent material; translucent quality,C2
Transmute,/tɹænˈzmut/,v.,"transmute, transmutes, transmuted, transmuted, transmuting",transmutation (n.),"change or alter completely in form, nature, or substance｜徹底改變；變形；蛻變","The alchemist claimed he could transmute lead into gold, but no one had seen it happen.",transmute energy; transmute elements; transmute form,C2
Traumatic,/tɹɔˈmætɪk/,adj.,"traumatic, more traumatic, most traumatic",trauma (n.),"deeply disturbing or distressing, especially as a result of a shocking or painful experience｜創傷性的；造成精神創傷的",The traumatic accident left him with a permanent scar and a fear of driving.,traumatic experience; traumatic injury; traumatic event,C2
Tortuous,/ˈtɔɹtʃəwəs/,adj.,"tortuous, more tortuous, most tortuous","tortuosity (n.), tortuousness (n.)",full of twists and turns; excessively lengthy and complex｜彎彎曲曲的；曲折的；冗長複雜的,"The path through the forest was tortuous, with unexpected twists and turns.",tortuous path; tortuous journey; tortuous logic,C2
Treacherous,/ˈtɹɛtʃɚəs/,adj.,"treacherous, more treacherous, most treacherous",treachery (n.),dangerously unstable and unpredictable｜危機四伏的；不穩定且難以預測的,"The road conditions were treacherous, with ice making driving extremely dangerous.",treacherous terrain; treacherous weather; treacherous conditions,C2
Torrid,/ˈtɔɹəd/,adj.,"torrid, more torrid, most torrid",torridity (n.),characterized by intense emotion｜熱烈的；熾熱的,Their torrid love affair was the subject of many rumors and speculations.,torrid affair; torrid love; torrid passion,C2
Tractable,/ˈtɹæktəbəl/,adj.,"tractable, more tractable, most tractable","tractability (n.), tractableness (n.)",easily managed (controlled or taught or molded)｜溫順的；易於管教的；易控制的,"The new employee proved to be tractable, quickly adapting to the company's procedures.",tractable problem; tractable student; tractable material,C2
Trifling,/ˈtɹaɪflɪŋ/,adj.,"trifling, more trifling, most trifling",trifle (n.),of little value or importance; trivial｜微不足道的；瑣碎的；不重要的,The cost was a trifling sum compared to the value it delivered.,trifling matter; trifling sum; trifling concern,C2
Truncate,/ˈtɹʌˌŋkeɪt/,v.,"truncate, truncates, truncated, truncated, truncating",truncation (n.),to shorten by cutting off a part; to reduce in extent or scope｜截短；縮短；刪減,The analyst had to truncate the dataset after the final reliable measurement.,truncate sentence; truncate process; truncate data,C2
Stentorian,/stɛˈntɔɹiən/,adj.,"stentorian, more stentorian, most stentorian",stentor (n.),extremely loud and powerful in voice or sound｜聲音極為洪亮的,The stentorian voice of the coach could be heard across the entire field.,stentorian voice; stentorian tones; stentorian roar,C2
Tumultuous,/ˌtuˈmʌltʃuəs/,adj.,"tumultuous, more tumultuous, most tumultuous","tumult (n.), tumultuousness (n.)",characterized by unrest or disorder or insubordination｜以動亂、失序或不服從為特徵的,"The tumultuous crowd demanded justice, their chants echoing through the streets.",tumultuous crowd; tumultuous period; tumultuous change,C2
Trite,/ˈtɹaɪt/,adj.,"trite, triter, tritest",triteness (n.),repeated too often; overfamiliar through overuse｜因過度使用而變得陳腐的,"The lecture was filled with trite phrases, leaving the audience unimpressed and bored.",trite expression; trite phrase; trite remark,C2
Tutelage,/ˈtjutɪlɪdʒ/,n.,"tutelage, tutelages",None,"instruction, guidance, or protection provided by a teacher or guardian; the state of being under such care｜由老師或監護人提供的教導、指導或保護；處於此種照顧之下的狀態",The young pianist's remarkable progress was largely due to the expert tutelage of her private instructor.,undergo tutelage; receive tutelage; provide tutelage,C2
Turmoil,/ˈtɝˌmɔɪl/,n.,"turmoil, turmoils",None,a violent disturbance｜激烈的動盪,The city was thrown into turmoil as protesters clashed with police in the streets.,political turmoil; economic turmoil; social turmoil,C2
Ubiquitous,/juˈbɪkwɪtəs/,adj.,no changes,"ubiquity (n.), ubiquitousness (n.)",being present everywhere at once｜無處不在的,"Smartphones have become ubiquitous in modern society, with people using them constantly throughout the day.",ubiquitous presence; ubiquitous technology; ubiquitous influence,C2
Tremulous,/ˈtɹɛmjələs/,adj.,"tremulous, more tremulous, most tremulous",None,(of the voice) quivering as from weakness or fear｜（指聲音）因虛弱或恐懼而顫抖的,Her voice was tremulous as she recounted the terrifying experience she had endured.,tremulous voice; tremulous hands; tremulous with fear,C2
Trepidation,/ˌtɹɛpɪˈdeɪʃən/,n.,"trepidation, trepidations",None,a feeling of alarm or dread｜恐懼或憂懼的感覺,The hikers proceeded with trepidation as they entered the dark and unfamiliar forest.,feel trepidation; cause trepidation; trepidation filled the room,C2
Uncanny,/əˈnkæni/,adj.,"uncanny, more uncanny, most uncanny",None,suggesting the operation of supernatural influences｜暗示超自然力量運作的,"The old mansion had an uncanny atmosphere, as if it were haunted by the spirits of its past inhabitants.",uncanny ability; uncanny resemblance; uncanny feeling,C2
Unbridled,/ənˈbɹaɪdəld/,adj.,"unbridled, more unbridled, most unbridled",None,not restrained or controlled; lacking restraint or discipline｜不受約束或控制的；缺乏節制或紀律的,"The CEO's unbridled ambition drove the company to expand aggressively, often at the expense of its employees.",unbridled passion; unbridled enthusiasm; unbridled anger,C2
Turpitude,/ˈtɝpɪˌtud/,n.,"turpitude, turpitudes",None,wickedness or immorality; morally corrupt or depraved conduct｜邪惡或不道德；道德敗壞或墮落的行為,The politician's turpitude was exposed when investigative journalists uncovered his corrupt dealings.,moral turpitude; commit turpitude; act of turpitude,C2
Turgid,/ˈtɝdʒɪd/,adj.,"turgid, more turgid, most turgid","turgidity (n.), turgidness (n.)",ostentatiously lofty in style｜風格華而不實的,The professor's lectures were often criticized for being turgid and difficult to follow.,turgid prose; turgid style; turgid writing,C2
Truculent,/ˈtɹʌkjələnt/,adj.,"truculent, more truculent, most truculent","truculence (n.), truculency (n.)",defiantly aggressive｜挑釁好鬥的,The boxer's truculent attitude in the ring intimidated many of his opponents before the fight even began.,truculent attitude; truculent behavior; truculent response,C2
Undermine,/ˈʌndɚˌmaɪn/,v.,"undermine, undermines, undermined, undermined, undermining",None,"to weaken or damage something gradually, often in a concealed or indirect way｜逐漸削弱或破壞，常以隱蔽或間接的方式",The saboteur sought to undermine the company's operations by tampering with their software systems.,undermine authority; undermine efforts; undermine confidence,C2
Unassuming,/ˌʌnəˈsumɪŋ/,adj.,"unassuming, more unassuming, most unassuming",unassumingness (n.),not arrogant or presuming｜不傲慢或不自負的,"Despite his success, the artist remained unassuming and always credited his team for their contributions.",unassuming manner; unassuming personality; unassuming demeanor,C2
Undulate,/ˈʌndʒəˌleɪt/,v.,"undulate, undulates, undulated, undulated, undulating",undulation (n.),"to move with a smooth, wave-like motion or have a gently rising and falling form｜以平穩、波浪般的動作移動，或呈現輕柔起伏的形式","The gentle breeze caused the surface of the lake to undulate with small, soothing ripples.",undulate waves; undulate rhythmically; undulate through the crowd,C2
Unequivocal,/ˌʌnɪˈkwɪvəkəl/,adj.,no changes,unequivocalness (n.),admitting of no doubt or misunderstanding; having only one meaning or interpretation and leading to only one conclusion｜無可置疑的；只有一種意義或解釋，並只導向一個結論的,The evidence of his guilt was unequivocal; there was no question of his involvement in the crime.,unequivocal support; unequivocal evidence; unequivocal statement,C2
Umbrage,/ˈʌmbɹɪdʒ/,n. [U],no changes,umbrageous (adj.),a feeling of anger caused by being offended｜因被冒犯而感到的憤怒,She took umbrage at the suggestion that her work was anything less than exemplary.,take umbrage at; give umbrage; cause umbrage,C2
Unctuous,/ˈʌŋtʃwəs/,adj.,"unctuous, more unctuous, most unctuous",unctuousness (n.),unpleasantly and excessively suave or ingratiating in manner or speech｜態度或言語令人不快地過度圓滑或討好的,The car salesman's unctuous manner made the customers feel uneasy and suspicious of his intentions.,unctuous tone; unctuous manner; unctuous speech,C2
Unalloyed,/əˈnæˌlɔɪd/,adj.,no changes,None,free from admixture｜不含雜質的；純粹的,"The joy she felt at her son's graduation was unalloyed, without a single worry to diminish it.",unalloyed joy; unalloyed pleasure; unalloyed success,C2
Underscore,/ˌʌndɚˈskɔɹ/,v.,"underscore, underscores, underscored, underscored, underscoring",None,give extra weight to (a communication)｜給予額外重視,The report underscored the importance of immediate action to address the climate crisis.,underscore importance; underscore need; underscore message,C2
Unruly,/əˈnɹuli/,adj.,"unruly, more unruly, most unruly",unruliness (n.),noisy and lacking in restraint or discipline｜吵鬧且缺乏約束或紀律,The unruly crowd at the concert ignored the security staff's attempts to maintain order.,unruly crowd; unruly behavior; unruly child,C2
Unprecedented,/ənˈpɹɛsɪˌdɛntɪd/,adj.,no changes,None,having no precedent; novel｜前所未有的；新穎的,The rapid advancement of technology has led to unprecedented changes in how we communicate.,unprecedented success; unprecedented event; unprecedented opportunity,C2
Unerring,/əˈnɝɪŋ/,adj.,no changes,None,not liable to error｜不會犯錯的,"The sharpshooter had an unerring aim, hitting the target with precision every time.",unerring accuracy; unerring judgment; unerring instinct,C2
Ungainly,/əˈnɡeɪnli/,adj.,"ungainly, more ungainly, most ungainly",ungainliness (n.),lacking grace in movement or posture｜動作或姿態缺乏優雅,The newborn foal's first attempts to stand were ungainly but endearing to the observers.,ungainly movement; ungainly posture; ungainly appearance,C2
Unfathomable,/əˈnfæðəməbəl/,adj.,"unfathomable, more unfathomable, most unfathomable",None,of depth; not capable of being sounded or measured｜深不可測的；無法測量的,The ocean's unfathomable depths have always intrigued scientists and explorers alike.,unfathomable depths; unfathomable mystery; unfathomable complexity,C2
Unkempt,/əˈnkɛmpt/,adj.,"unkempt, more unkempt, most unkempt",unkemptness (n.),not neatly combed｜未梳理整齊的,The hiker's hair was unkempt after spending a week in the wilderness without access to grooming tools.,unkempt hair; unkempt appearance; unkempt state,C2
Unscathed,/ənˈskeɪðd/,adj.,no changes,None,not injured｜未受傷的,"The car was left unscathed after the accident, much to the relief of its passengers.",escape unscathed; remain unscathed; emerge unscathed,C2
Untenable,/əˈntɛnəbəl/,adj.,"untenable, more untenable, most untenable",None,"incapable of being defended, maintained, or justified｜無法辯護、維持或證明的",The theory that the Earth is flat is untenable given the overwhelming scientific evidence supporting a spherical Earth.,untenable position; untenable argument; untenable situation,C2
Urbane,/ɚˈbeɪn/,adj.,"urbane, more urbane, most urbane",urbanity (n.),showing a high degree of refinement and the assurance that comes from wide social experience｜展現高度修養及豐富社交經驗所帶來的自信,His urbane demeanor and witty conversation made him popular at social gatherings in the city.,urbane manner; urbane sophistication; urbane gentleman,C2
Usurp,/ˌjuˈsɝp/,v.,"usurp, usurps, usurped, usurped, usurping","usurper (n.), usurpation (n.)",seize and take control without authority and possibly with force; take as one's right or possession｜篡奪；強占,The CEO was accused of trying to usurp power by manipulating the board of directors to vote in his favor.,usurp power; usurp authority; usurp the throne,C2
Utilitarian,/juˌtɪləˈtɛɹiən/,adj.,"utilitarian, more utilitarian, most utilitarian",utility (n.),having a useful function｜具有實用功能的,"The new ergonomic chair was highly utilitarian, providing both comfort and support for long hours at the desk.",utilitarian design; utilitarian purpose; utilitarian approach,C2
Unimpeachable,/ˌʌnɪˈmpitʃəbəl/,adj.,no changes,None,beyond doubt or reproach｜無可置疑的；無可指責的,The witness's unimpeachable testimony played a crucial role in securing the defendant's conviction.,unimpeachable source; unimpeachable character; unimpeachable integrity,C2
Unseemly,/əˈnsimli/,adj.,"unseemly, more unseemly, most unseemly",unseemliness (n.),not in keeping with accepted standards of good taste or propriety; inappropriate or indecorous｜不合宜的；不得體的,It would be unseemly for a teacher to argue with a student in front of the entire class.,unseemly behavior; unseemly conduct; unseemly display,C2
Unwitting,/əˈnwɪtɪŋ/,adj.,"unwitting, more unwitting, most unwitting",None,not done with purpose or intent｜非故意的,The unwitting participant was brought into the experiment without being informed of its true purpose.,unwitting participant; unwitting accomplice; unwitting mistake,C2
Venerate,/ˈvɛnɚˌeɪt/,v.,"venerate, venerates, venerated, venerated, venerating","venerator (n.), veneration (n.)",regard with feelings of respect and reverence; consider hallowed or exalted or be in awe of｜懷著敬意看待；視為神聖或崇高而敬畏,"In many cultures, people venerate their ancestors and honor their contributions to the family and society.",venerate tradition; venerate ancestors; venerate memory,C2
Venerable,/ˈvɛnɚəbəl/,adj.,"venerable, more venerable, most venerable","venerability (n.), venerableness (n.)",impressive by reason of age｜因年歲而令人尊敬的,"The venerable oak tree in the town square had stood for over three hundred years, witnessing generations of change.",venerable institution; venerable leader; venerable age,C2
Vacillate,/ˈvæsəˌleɪt/,v.,"vacillate, vacillates, vacillated, vacillated, vacillating","vacillant (adj.), vacillator (n.), vacillation (n.)",be undecided about something; waver between conflicting positions or courses of action｜對某事猶豫不決；在衝突的立場或行動間搖擺,"She tends to vacillate between different career options, unable to commit to a single path.",vacillate between; vacillate indecisively; vacillate constantly,C2
Upbraid,/ˈʌpˌbɹeɪd/,v.,"upbraid, upbraids, upbraided, upbraided, upbraiding","upbraider (n.), upbraiding (n.)",express criticism towards｜表達批評,The coach had to upbraid the team for their lack of effort during the first half of the game.,upbraid someone; upbraid harshly; upbraid for mistakes,C2
Vagary,/ˈveɪɡɚi/,n.,"vagary, vagaries",None,"an unexpected and inexplicable change in something (in a situation or a person's behavior, etc.)｜某事物中無法預期且難以解釋的變化","The vagaries of the stock market can make investors wary, as prices can change unpredictably.",vagary of fate; strange vagary; unexpected vagary,C2
Vapid,/ˈvæpɪd/,adj.,"vapid, more vapid, most vapid","vapidity (n.), vapidness (n.)","lacking flavor, zest, or interest; bland, dull, or uninspiring｜缺少味道、情趣或興趣；平淡、沉悶或缺乏靈感的",The restaurant's vapid tomato soup lacked any hint of seasoning or depth of flavor.,vapid conversation; vapid personality; vapid expression,C2
Vacuous,/ˈvækjuəs/,adj.,"vacuous, more vacuous, most vacuous","vacuity (n.), vacuousness (n.)",devoid of intelligence｜缺乏智能的,His vacuous comments during the debate made it clear he had not prepared for the discussion.,vacuous stare; vacuous remark; vacuous expression,C2
Vernacular,/vɚˈnækjəlɚ/,n.,"vernacular, vernaculars",None,the everyday language or dialect spoken by ordinary people in a particular region or community｜某地區或社區普通人日常使用的語言或方言,The novelist wrote dialogue in the local vernacular to reflect how people spoke in the region.,vernacular language; vernacular speech; vernacular term,C2
Unstinting,/ənˈstɪntɪŋ/,adj.,"unstinting, more unstinting, most unstinting",None,very generous｜非常慷慨的,Her unstinting support and encouragement helped her friend achieve their dream of opening a bakery.,unstinting support; unstinting generosity; unstinting effort,C2
Vehemence,/ˈviəməns/,n.,"vehemence, vehemences",vehement (adj.),intensity or forcefulness of expression｜表達的激烈程度或強有力,The vehemence of his argument left no room for doubt about his passionate opposition to the proposal.,vehemence of tone; vehemence of protest; vehemence of emotion,C2
Venal,/ˈvinəl/,adj.,"venal, more venal, most venal",venality (n.),capable of being corrupted｜可被腐敗的,"The corrupt official was known to be venal, accepting bribes in exchange for political favors.",venal politician; venal act; venal nature,C2
Veto,/ˈvitoʊ/,v.,"veto, vetoes, vetoed, vetoed, vetoing",None,"to exercise the authority to reject or block a proposed measure, decision, or legislation｜行使否決或阻止提議的措施、決定或立法的權力","The president decided to veto the bill, citing concerns over its potential economic impact.",veto a proposal; veto power; veto legislation,C2
Versatile,/ˈvɝsətəl/,adj.,"versatile, more versatile, most versatile",versatility (n.),able to adapt or be used in many different ways; competent across a wide range of tasks or roles｜能夠適應或以多種不同方式使用；在多種任務或角色中都能勝任的,"A versatile musician, she could play the piano, guitar, and violin with equal competence.",versatile performer; versatile tool; versatile skill,C2
Veracious,/vɚˈeɪʃəs/,adj.,"veracious, more veracious, most veracious",veracity (n.),habitually speaking the truth; truthful and accurate in reporting｜習慣性說實話的；報導時真實準確的,"The journalist was known for being veracious, always striving to report the facts accurately and without bias.",veracious witness; veracious account; veracious statement,C2
Vestige,/ˈvɛstɪdʒ/,n.,"vestige, vestiges",None,an indication that something has been present｜某物曾經存在的跡象,The discovery of a vestige of ancient pottery in the area provided evidence of early human settlement.,vestige of civilization; last vestige; ancient vestige,C2
Venial,/ˈvinjəl/,adj.,"venial, more venial, most venial",None,minor enough to be pardoned or overlooked; not gravely wrong or sinful｜輕微到可以被原諒或忽略的；沒有嚴重錯誤或罪過的,"The judge considered the crime to be venial, imposing a light sentence due to the minor nature of the offense.",venial sin; venial offense; venial mistake,C2
Verbose,/ˈvɝboʊs/,adj.,"verbose, more verbose, most verbose","verbosity (n.), verboseness (n.)",using or containing too many words｜使用或包含過多詞語的,The verbose speaker lost the audience's attention as he rambled on with unnecessary details and repetition.,verbose speaker; verbose explanation; verbose style,C2
Vigilant,/ˈvɪdʒələnt/,adj.,"vigilant, more vigilant, most vigilant",vigilance (n.),carefully observant or attentive; on the lookout for possible danger｜仔細觀察或注意的；警戒可能危險的,The vigilant security guard noticed the suspicious activity and immediately alerted the authorities.,vigilant guard; vigilant watch; vigilant protection,C2
Vindicate,/ˈvɪndəkeɪt/,v.,"vindicate, vindicates, vindicated, vindicated, vindicating","vindicator (n.), vindication (n.), vindicatory (adj.)",show to be right by providing justification or proof｜透過提供理由或證據證明是正確的,The DNA evidence would vindicate the suspect and prove his innocence in the crime.,vindicate oneself; vindicate a claim; vindicate through evidence,C2
Viable,/ˈvaɪəbəl/,adj.,"viable, more viable, most viable",viability (n.),capable of being done with means at hand and circumstances as they are｜能夠以現有方法和環境條件完成的,The project was only viable if we secured additional funding and resources.,viable option; economically viable; technically viable,C2
Virtuoso,/vɚtʃuˈoʊsoʊ/,n.,"virtuoso, virtuosos",None,someone who is dazzlingly skilled in any field｜在任何領域都技藝精湛的人,"As a virtuoso violinist, she dazzled audiences with her technical skill and emotional depth.",virtuoso performance; piano virtuoso; guitar virtuoso,C2
Vicarious,/vaɪˈkɛɹiəs/,adj.,"vicarious, more vicarious, most vicarious",None,experienced at secondhand｜間接體驗的,He experienced a vicarious thrill watching his son accept the award on stage.,vicarious experience; vicarious pleasure; vicarious thrill,C2
Virulent,/ˈvɪɹələnt/,adj.,"virulent, more virulent, most virulent","virulence (n.), virulency (n.)","extremely harmful or severe, especially of a disease or pathogen; bitterly hostile｜極度有害或嚴重的，尤指疾病或病原體；懷有強烈敵意的","The virulent strain of flu spread quickly through the community, causing widespread illness.",virulent strain; virulent disease; virulent attack,C2
Verdant,/ˈvɝdənt/,adj.,"verdant, more verdant, most verdant",verdancy (n.),characterized by abundance of verdure｜以茂盛植被為特徵的,The farmer's field was verdant and lush after the heavy spring rains.,verdant landscape; verdant hills; verdant forest,C2
Viscous,/ˈvɪskəs/,adj.,"viscous, more viscous, most viscous","viscosity (n.), viscousness (n.)",having a relatively high resistance to flow｜具有相對較高流動阻力的,"The viscous liquid flowed slowly down the slope, taking its time to reach the bottom.",viscous liquid; highly viscous; viscous substance,C2
