word,ipa,pos,inflections,derivatives,definition,example,collocations,context_type
Punitive,/ˈpjunətɪv/,adj.,"punitive, more punitive, most punitive",punish (v.),inflicting punishment｜實施懲罰的; 懲罰性的,The punitive measures imposed by the government aimed to deter future crimes.,punitive measures; punitive damages; punitive action,C2
Pungent,/ˈpʌndʒənt/,adj.,"pungent, more pungent, most pungent","pungency (n.), pungently (adv.)",strong and sharp｜強烈而尖銳的; 刺激的,The pungent smell of garlic filled the kitchen as she cooked.,pungent smell; pungent aroma; pungent flavor,C2
Protocol,/ˈpɹoʊtəˌkɑl/,n.,"protocol, protocols",None,a set of rules governing the format and exchange of data or communications; an established procedure｜規範資料或通訊格式和交換的規則集; 既定程序,The new protocol improved the speed and reliability of data transmission.,network protocol; communication protocol; security protocol,C2
Proxy,/ˈpɹɑksi/,n.,"proxy, proxies",None,a person authorized to act for another｜獲授權代他人行事的人,"As his proxy, she was authorized to sign the legal documents on his behalf.",proxy server; proxy vote; proxy war,C2
Quack,/ˈkwæk/,v.,"quack, quacks, quacked, quacked, quacking",quackery (n.),utter quacking noises｜發出嘎嘎叫聲,The ducklings quacked loudly as they followed their mother across the pond.,ducks quack; quack like a duck; quack loudly,C2
Qualified,/ˈkwɑləˌfaɪd/,adj.,"qualified, more qualified, most qualified",None,having the necessary skills or credentials; (of approval) limited or restricted｜具有必要技能或資格的; (批准)有限的或受限制的,Only a qualified professional should attempt this complex repair.,qualified candidate; qualified professional; qualified opinion,C2
Pusillanimous,/pjusəˈlænəməs/,adj.,"pusillanimous, more pusillanimous, most pusillanimous",pusillanimity (n.),lacking in courage and manly strength and resolution; contemptibly fearful｜缺乏勇氣和男子氣概及決心; 膽怯可鄙的,"The pusillanimous leader retreated at the first sign of conflict, disappointing his followers.",pusillanimous behavior; pusillanimous coward; pusillanimous leader,C2
Quagmire,/ˈkwæˌɡmaɪɚ/,n.,"quagmire, quagmires",None,"a soft wet area of low-lying land that sinks underfoot｜低窪的軟濕地帶,踩上去會下陷","The hikers found themselves in a quagmire, struggling to pull their boots from the mud.",environmental quagmire; political quagmire; bureaucratic quagmire,C2
Pugnacious,/pəˈɡnæʃɪs/,adj.,"pugnacious, more pugnacious, most pugnacious","pugnacity (n.), pugnaciously (adv.)","eager or quick to argue, fight, or quarrel; combative｜熱衷或容易爭論、爭鬥或吵架的; 好鬥的",The pugnacious boxer had won several championships due to his aggressive style in the ring.,pugnacious attitude; pugnacious boxer; pugnacious demeanor,C2
Purvey,/pɚˈveɪ/,v.,"purvey, purveys, purveyed, purveyed, purveying","purveyor (n.), purveyance (n.)",supply with provisions｜供應食物和必需品,The local market purveys fresh produce and handmade goods to the community.,purvey food; purvey goods; purvey information,C2
Quarantine,/ˈkwɔɹəˌntin/,n.,"quarantine, quarantines",None,enforced isolation of patients suffering from a contagious disease in order to prevent the spread of disease｜為防止疾病傳播而對傳染病患者進行的強制隔離,"During the outbreak, the hospital set up a quarantine area to isolate infected patients.",mandatory quarantine; quarantine period; quarantine measures,C2
Quell,/ˈkwɛl/,v.,"quell, quells, quelled, quelled, quelling",None,suppress or crush completely｜完全鎮壓或粉碎,The military moved quickly to quell the rebellion before it could spread.,quell rebellion; quell unrest; quell dissent,C2
Punctilious,/pəŋˈktɪliəs/,adj.,"punctilious, more punctilious, most punctilious","punctiliously (adv.), punctiliousness (n.)",marked by precise accordance with details｜一絲不苟的; 精確遵循細節的,The punctilious lawyer reviewed every detail of the contract to ensure accuracy.,punctilious attention; punctilious detail; punctilious manner,C2
Quaint,/ˈkweɪnt/,adj.,"quaint, more quaint, most quaint",quaintness (n.),strange in an interesting or pleasing way｜以有趣或令人愉悅的方式呈現奇特,"The quaint village, with its cobblestone streets and old-world charm, attracted many tourists.",quaint village; quaint cottage; quaint tradition,C2
Quisling,/ˈkwɪzlɪŋ/,n.,"quisling, quislings",None,someone who collaborates with an enemy occupying force｜與敵對占領軍合作的人,"The quisling provided the enemy with crucial information, betraying his own country.",notorious quisling; accused quisling; exposed quisling,C2
Quixotic,/kwɪˈksɑtɪk/,adj.,"quixotic, more quixotic, most quixotic",quixotically (adv.),not sensible about practical matters; idealistic and unrealistic｜不切實際的; 充滿理想主義且不現實的,His quixotic plan to build a spaceship in his backyard was met with skepticism by his friends.,quixotic dream; quixotic quest; quixotic idealist,C2
Prurient,/ˈpɹʊɹiənt/,adj.,"prurient, more prurient, most prurient","prurience (n.), pruriency (n.)",characterized by lust｜充滿情慾的; 好色的,"The novel's prurient themes attracted the attention of censors, leading to a ban in some countries.",prurient interest; prurient thoughts; prurient content,C2
Qualm,/ˈkwɔlm/,n.,"qualm, qualms",None,uneasiness about the fitness of an action｜對行動適當性的不安,"She had qualms about accepting the job offer, fearing it might interfere with her family life.",momentary qualm; ethical qualm; moral qualm,C2
Quash,/ˈkwɔʃ/,v.,"quash, quashes, quashed, quashed, quashing",None,put down by force or intimidation｜以武力或威脅加以鎮壓,"The government moved to quash the protests, using force to disperse the crowd.",quash rumors; quash rebellion; quash opposition,C2
Quandary,/ˈkwɑndɚi/,n.,"quandary, quandaries",None,"a situation from which extrication is difficult especially an unpleasant or trying one｜難以脫身的處境,尤其是令人不悅或艱難的情況","The student was in a quandary, torn between accepting a dream job and pursuing further education.",difficult quandary; legal quandary; financial quandary,C2
Quorum,/ˈkwɔɹəm/,n.,"quorum, quorums",None,a gathering of the minimal number of members of an organization to conduct business｜組織開會所需的最少人數,The club's bylaws state that a quorum of at least ten members is required to vote on new policies.,achieve a quorum; minimum quorum; establish a quorum,C2
Quirk,/ˈkwɝk/,n.,"quirk, quirks",quirky (adj.),a strange attitude or habit｜奇怪的態度或習慣,His quirk of always wearing mismatched socks amused his colleagues.,strange quirk; personality quirk; peculiar quirk,C2
Quintessence,/kwɪˈntɛsəns/,n.,"quintessence, quintessences","quintessential (adj.), quintessentially (adv.)",the most perfect or typical embodiment of something; the purest essence｜完美典型; 最純粹的本質,Alchemists believed the quintessence was the pure essence that filled the heavens and stars.,quintessence of beauty; very quintessence; quintessence of life,C2
Quiescent,/kwaɪˈɛsənt/,adj.,"quiescent, more quiescent, most quiescent","quiescence (n.), quiescently (adv.)",not active or activated｜不活躍的; 未激活的,The volcano remained quiescent for years before unexpectedly erupting.,remain quiescent; quiescent state; lie quiescent,C2
Rampant,/ˈɹæmpənt/,adj.,"rampant, more rampant, most rampant",ramp (v.),unrestrained and violent｜猖獗的; 狂暴的,Violence became rampant as tensions rose during the once peaceful protest.,rampant corruption; rampant growth; rampant inflation,C2
Ramification,/ˌɹæməfəˈkeɪʃən/,n.,"ramification, ramifications",ramify (v.),"a consequence or further development of an action or event, often a complicated or unwelcome one｜後果; 衍生問題（通常指複雜或不利的）",The ramifications of the new tax law affected businesses across multiple sectors.,serious ramifications; unforeseen ramifications; potential ramifications,C2
Querulous,/ˈkwɛɹələs/,adj.,"querulous, more querulous, most querulous","querulously (adv.), querulousness (n.)",habitually complaining｜愛抱怨的,"Her querulous nature made her difficult to work with, as she constantly found faults.",querulous tone; querulous voice; querulous complaint,C2
Rant,/ˈɹænt/,n.,"rant, rants","ranter (n.), ranting (n.)",a loud bombastic declamation expressed with strong emotion｜慷慨激昂的長篇大論,The politician's rant about government inefficiency lasted over an hour.,angry rant; political rant; lengthy rant,C2
Rabid,/ˈɹæbɪd/,adj.,no changes,"rabidity (n.), rabidness (n.)",of or infected by rabies｜患有狂犬病的; 感染狂犬病的,The dog was rushed to the vet after showing signs of being rabid.,rabid dog; rabid fan; rabid supporter,C2
Ratify,/ˈɹætəˌfaɪ/,v.,"ratify, ratifies, ratified, ratified, ratifying","ratifier (n.), ratification (n.)","To give formal consent to; make officially valid, sign off on.｜正式批准; 使正式生效","The Senate voted to ratify the treaty, making it legally binding.",ratify treaty; formally ratify; ratify agreement,C2
Ravenous,/ˈɹævənəs/,adj.,"ravenous, more ravenous, most ravenous",ravenously (adv.),extremely hungry｜極度飢餓的,"After not eating for two days, he was ravenous and devoured the entire pizza.",ravenous hunger; ravenous appetite; ravenous beast,C2
Rancor,/ˈɹæŋkɚ/,n.,"rancor, rancors","rancorous (adj.), rancorously (adv.)",a feeling of deep and bitter anger and ill-will｜深仇大恨; 怨恨,Old grudges and rancor between the two families dated back several generations.,deep rancor; bitter rancor; old rancor,C2
Rapport,/ɹæˈpɔɹ/,n.,"rapport, rapports",None,a relationship of mutual understanding or trust and agreement between people｜和諧的關係; 友好關係,"The teacher worked hard to build rapport with her students, gaining their trust and respect.",build rapport; establish rapport; good rapport,C2
Rash,/ˈɹæʃ/,n.,"rash, rashes",rashness (n.),any red eruption of the skin｜皮疹,The doctor prescribed a cream to treat the rash on her arm.,skin rash; allergic rash; develop rash,C2
Raze,/ˈɹeɪz/,v.,"raze, razes, razed, razed, razing",None,tear down so as to make flat with the ground｜拆除; 夷為平地,The ancient city was razed to the ground during the invasion.,raze to ground; raze building; completely raze,C2
Rebuke,/ɹiˈbjuk/,v.,"rebuke, rebukes, rebuked, rebuked, rebuking",None,censure severely or angrily｜嚴厲斥責,The coach sharply rebuked the team for their lack of effort during practice.,rebuke harshly; stern rebuke; receive rebuke,C2
Quotidian,/ˌkwɑtɪˈdaɪən/,adj.,"quotidian, more quotidian, most quotidian",None,found in the ordinary course of events｜日常的; 平凡的,"In the novel, the protagonist's quotidian life is disrupted by unexpected events.",quotidian life; quotidian tasks; quotidian activities,C2
Recant,/ɹiˈkænt/,v.,"recant, recants, recanted, recanted, recanting",recantation (n.),"formally reject or disavow a formerly held belief, usually under pressure｜正式放棄（通常在壓力下）","Under pressure from the authorities, the activist agreed to recant his statements.",recant statement; publicly recant; forced to recant,C2
Rapacious,/ɹəˈpæʃɪs/,adj.,"rapacious, more rapacious, most rapacious","rapacity (n.), rapaciously (adv.)",living by preying on other animals especially by catching living prey｜掠食性的,"The owl is a rapacious bird, hunting small mammals in the night.",rapacious appetite; rapacious predator; rapacious behavior,C2
Recapitulate,/ˌɹikəˈpɪtʃəˌleɪt/,v.,"recapitulate, recapitulates, recapitulated, recapitulated, recapitulating",recapitulation (n.),summarize briefly｜簡要總結,The professor asked us to recapitulate the main points of the lecture in our own words.,recapitulate main points; briefly recapitulate; recapitulate argument,C2
Receptive,/ɹɪˈsɛptɪv/,adj.,"receptive, more receptive, most receptive","receive (v.), receptivity (n.), receptiveness (n.)","open to arguments, ideas, or change｜樂於接受論點、想法或改變",The company is receptive to new ideas and encourages employees to share their thoughts.,receptive audience; receptive to ideas; receptive mindset,C2
Realm,/ˈɹɛlm/,n.,"realm, realms",None,a domain in which something is dominant｜某事物占主導地位的領域,The realm of digital technology has transformed nearly every aspect of modern life.,realm of possibility; political realm; spiritual realm,C2
Rarefied,/ˈɹɛɹəfaɪd/,adj.,"rarefied, more rarefied, most rarefied","rarefy (v.), rarefaction (n.)","(of air) thin, as at high altitudes; (of a group or sphere) select and exclusive｜(空氣)稀薄的，如在高海拔地區；(團體或領域)精英的、封閉的",Few outsiders are admitted to the rarefied world of elite diplomacy.,rarefied atmosphere; rarefied air; rarefied environment,C2
Raucous,/ˈɹɔkəs/,adj.,"raucous, more raucous, most raucous","raucously (adv.), raucousness (n.)",unpleasantly loud and harsh｜刺耳的、喧鬧的,The raucous crowd at the concert made so much noise that people in the neighborhood complained.,raucous laughter; raucous crowd; raucous noise,C2
Reciprocity,/ˌɹɛsɪˈpɹɑsɪti/,n. [U],no changes,"reciprocal (adj.), reciprocate (v.)",a relation of mutual dependence or action or influence｜相互依賴或相互作用的關係,"The principle of reciprocity is key in diplomacy, as countries rely on mutual cooperation.",principle of reciprocity; mutual reciprocity; establish reciprocity,C2
Reclusive,/ɹɪˈklusɪv/,adj.,"reclusive, more reclusive, most reclusive","recluse (n.), reclusion (n.)",withdrawn from society; seeking solitude｜離群索居的；尋求孤獨的,"The reclusive author rarely left his cabin in the woods, preferring the company of his books to that of people.",reclusive lifestyle; reclusive tendencies; reclusive nature,C2
Redress,/ɹɪˈdɹɛs/,n.,"redress, redresses",None,a sum of money paid in compensation for loss or injury｜為補償損失或傷害而支付的款項,"The court awarded her $50,000 in redress for the injuries she sustained in the accident.",seek redress; financial redress; legal redress,C2
Reconcile,/ˈɹɛkəˌnsaɪl/,v.,"reconcile, reconciles, reconciled, reconciled, reconciling",reconciliation (n.),To restore a friendly relationship; to bring back or return to harmony.｜恢復友好關係；使重歸和睦,"After a long argument, they managed to reconcile their differences and restore their friendship.",reconcile differences; reconcile with family; reconcile conflicting ideas,C2
Refute,/ɹɪˈfjut/,v.,"refute, refutes, refuted, refuted, refuting","refutation (n.), refutable (adj.)",To prove (something) to be false or incorrect.｜證明(某事物)為錯誤或不當,The scientist refuted the claim that the Earth was flat with extensive evidence and research.,refute claims; refute arguments; refute evidence,C2
Recalcitrant,/ɹɪˈkælsɪtɹənt/,adj.,"recalcitrant, more recalcitrant, most recalcitrant",recalcitrance (n.),stubbornly resistant to authority or control｜頑固地抗拒權威或控制,The recalcitrant teenager refused to follow the rules set by his parents and teachers.,recalcitrant child; recalcitrant behavior; recalcitrant attitude,C2
Recidivism,/ɹəˈsɪdɪˌvɪzəm/,n.,"recidivism, recidivisms","recidivist (n.), recidivistic (adj.)",habitual relapse into crime｜習慣性再次犯罪,The program aimed to reduce recidivism by providing education and job training to former inmates.,recidivism rate; recidivism prevention; recidivism risk,C2
Relegate,/ˈɹɛləˌɡeɪt/,v.,"relegate, relegates, relegated, relegated, relegating",relegation (n.),"to assign to a lower rank, position, or category; to demote or transfer to a less important role｜降級、貶低或調至較不重要的職位","After the scandal, the coach was relegated to a minor role within the organization.",relegate to the background; relegate responsibility; relegate to a lower position,C2
Reiterate,/ɹiˈɪtɚˌeɪt/,v.,"reiterate, reiterates, reiterated, reiterated, reiterating","reiteration (n.), reiterative (adj.)","to say, state, or perform again｜重複說、表達或進行",The teacher reiterated the importance of completing homework on time to the students.,reiterate a point; reiterate concerns; reiterate commitment,C2
Redundant,/ɹɪˈdʌndənt/,adj.,"redundant, more redundant, most redundant","redundancy (n.), redundantly (adv.)","more than is needed, desired, or required｜超出需要、期望或要求的","The software update removed redundant code, making the program run more efficiently.",redundant information; redundant staff; redundant systems,C2
Refractory,/ɹəˈfɹæktɚi/,adj.,"refractory, more refractory, most refractory",refractoriness (n.),not responding to treatment｜對治療無反應的,"The doctors tried various treatments, but the infection proved refractory and continued to spread.",refractory material; refractory disease; refractory patient,C2
Regurgitate,/ɹɪˈɡɝdʒɪteɪt/,v.,"regurgitate, regurgitates, regurgitated, regurgitated, regurgitating",regurgitation (n.),to bring swallowed food back up to the mouth; to repeat or reproduce without understanding｜將吞下的食物嘔吐出來；未經理解地複述或複製,The patient began to regurgitate his food shortly after the operation.,regurgitate food; regurgitate information; regurgitate facts,C2
Remediable,/ɹɪˈmidiəbəl/,adj.,"remediable, more remediable, most remediable",None,capable of being remedied or redressed｜能夠被補救或糾正的,"The situation seemed dire, but it was remediable if they acted quickly and decisively.",remediable problem; remediable situation; remediable defect,C2
Remiss,/ɹiˈmɪs/,adj.,"remiss, more remiss, most remiss",remissness (n.),failing in what duty requires｜未盡職責的,The manager was remiss in not addressing the safety concerns raised by the employees.,remiss in duties; remiss in responsibilities; remiss in obligations,C2
Relinquish,/ɹɪˈlɪŋkwɪʃ/,v.,"relinquish, relinquishes, relinquished, relinquished, relinquishing",relinquishment (n.),part with a possession or right｜放棄財產或權利,"After much deliberation, she decided to relinquish her claim to the family estate.",relinquish control; relinquish power; relinquish rights,C2
Reminiscence,/ˌɹɛməˈnɪsəns/,n.,"reminiscence, reminiscences","reminisce (v.), reminiscent (adj.)",a mental impression retained and recalled from the past｜對過去事物的記憶回憶,The old man smiled as he shared his reminiscences of his time in the war with the young soldiers.,childhood reminiscence; share reminiscence; vivid reminiscence,C2
Rejuvenate,/ɹɪˈdʒuvəˌneɪt/,v.,"rejuvenate, rejuvenates, rejuvenated, rejuvenated, rejuvenating","rejuvenation (n.), rejuvenator (n.)",to restore to a youthful condition or vigour; to give new life or energy to｜使恢復年輕活力；給予新生命或能量,"A short vacation was enough to rejuvenate her, and she returned to work full of energy and fresh ideas.",rejuvenate skin; rejuvenate energy; rejuvenate economy,C2
Remorse,/ɹɪˈmɔɹs/,n.,"remorse, remorses","remorseful (adj.), remorseless (adj.)",a feeling of deep regret and guilt for a wrongdoing; anguished sorrow for past misdeeds｜深切的悔恨與罪惡感；對過去錯誤的悲痛,He felt remorse for his actions and apologized sincerely to those he had hurt.,feel remorse; remorse for actions; deep remorse,C2
Relentless,/ɹɪˈlɛntlɪs/,adj.,"relentless, more relentless, most relentless","relentlessly (adv.), relentlessness (n.)",Unrelenting or unyielding in severity.｜毫不放鬆的；不妥協的,"The relentless heatwave showed no signs of abating, leaving residents struggling to cope.",relentless pursuit; relentless pressure; relentless criticism,C2
Renounce,/ɹɪˈnaʊns/,v.,"renounce, renounces, renounced, renounced, renouncing",renunciation (n.),"give up, such as power, as of monarchs and emperors, or duties and obligations｜放棄，如權力（君主和皇帝），或義務和責任","The king decided to renounce his throne in favor of his son, opting for a quieter life.",renounce violence; renounce citizenship; renounce claim,C2
Remonstrate,/ˈɹɛmənsˌtɹeɪt/,v.,"remonstrate, remonstrates, remonstrated, remonstrated, remonstrating","remonstrance (n.), remonstration (n.)",argue in protest or opposition｜激烈反對；提出異議,"The employees remonstrated against the new policy, arguing that it was unfair and unrealistic.",remonstrate against; remonstrate with; remonstrate over,C2
Renown,/ɹɪˈnaʊn/,n.,"renown, renowns",None,the state or quality of being widely honored and acclaimed｜廣受尊敬和讚譽的狀態或品質,The artist's renown grew as her work was exhibited in galleries around the world.,win renown; gain renown; earn renown,C2
Repeal,/ɹɪˈpil/,v.,"repeal, repeals, repealed, repealed, repealing",None,cancel officially｜正式撤銷,The government repealed the outdated law that had caused much confusion among citizens.,repeal law; repeal legislation; repeal amendment,C2
Renovate,/ˈɹɛnəˌveɪt/,v.,"renovate, renovates, renovated, renovated, renovating","renovator (n.), renovation (n.)",restore to a previous or better condition｜修復至先前或更好的狀態,The old house was renovated to restore its original charm and modernize its facilities.,renovate house; renovate kitchen; renovate building,C2
Recondite,/ˈɹɛkəˌndaɪt/,adj.,"recondite, more recondite, most recondite",None,difficult to penetrate; incomprehensible to one of ordinary understanding or knowledge｜難以理解的；凡人難以理解的,The professor's lectures were so recondite that most students found them difficult to understand.,recondite subject; recondite knowledge; recondite theory,C2
Relevant,/ˈɹɛləvənt/,adj.,"relevant, more relevant, most relevant","relevance (n.), relevancy (n.)",having a bearing on or connection with the subject at issue｜與討論中的主題相關的,The lawyer argued that the evidence presented was not relevant to the case at hand.,relevant information; relevant details; relevant experience,C2
Repel,/ɹɪˈpɛl/,v.,"repel, repels, repelled, repelled, repelling","repellant (adj.), repellent (adj.)",cause to move back by force or influence｜用力量或影響力使退卻,The soldiers used tear gas to repel the advancing crowd.,repel invaders; repel an attack; repel insects,C2
Renegade,/ˈɹɛnəˌɡeɪd/,n.,"renegade, renegades",None,someone who rebels and becomes an outlaw｜叛變並成為逃犯的人,The renegade soldier deserted his post and joined the rebellion.,renegade soldier; renegade group; renegade leader,C2
Replenish,/ɹiˈplɛnɪʃ/,v.,"replenish, replenishes, replenished, replenished, replenishing",replenishment (n.),fill something that had previously been emptied｜填補先前已空的事物,"After the long journey, they stopped to replenish their water supply.",replenish supplies; replenish fluids; replenish stocks,C2
Remunerate,/ɹɪˌmjunɚˈeɪt/,v.,"remunerate, remunerates, remunerated, remunerated, remunerating","remunerator (n.), remuneration (n.), remunerative (adj.)",make payment to; compensate｜付款給予；補償,The company agreed to remunerate him for his overtime work.,remunerate employees; remunerate fairly; remunerate for services,C2
Repercussion,/ˌɹipɚˈkʌʃən/,n.,"repercussion, repercussions",repercuss (v.),a remote or indirect consequence of some action｜某種行為的間接或遠距離後果,The policy change had repercussions that affected the entire industry.,repercussion of actions; unforeseen repercussions; serious repercussions,C2
Reproach,/ɹiˈpɹoʊtʃ/,n.,"reproach, reproaches","reproachful (adj.), reproachfully (adv.)",a mild rebuke or criticism｜輕微的責備或批評,His mother cast a look of reproach when he arrived home late.,voice reproach; mild reproach; look of reproach,C2
Repudiate,/ɹiˈpjudiˌeɪt/,v.,"repudiate, repudiates, repudiated, repudiated, repudiating",repudiation (n.),cast off｜拋棄,The committee decided to repudiate the proposal due to its flaws.,repudiate claims; repudiate a contract; repudiate an agreement,C2
Rescind,/ɹɪˈsɪnd/,v.,"rescind, rescinds, rescinded, rescinded, rescinding",rescission (n.),cancel officially｜正式撤銷,The court decided to rescind the previous ruling due to new evidence.,rescind a policy; rescind an order; rescind a decision,C2
Requisite,/ˈɹɛkwəzət/,n.,"requisite, requisites",requisition (n.),anything indispensable｜任何不可或缺的東西,Patience is a requisite for any successful negotiation.,requisite skills; requisite knowledge; requisite for success,C2
Replete,/ɹiˈplit/,adj.,"replete, more replete, most replete",repletion (n.),filled to satisfaction with food or drink｜充滿食物或飲料的,"After the feast, the guests were replete and couldn't eat another bite.",replete with nutrients; replete with history; replete with examples,C2
Resolute,/ˈɹɛzəˌlut/,adj.,"resolute, more resolute, most resolute","resolution (n.), resolutely (adv.)",firm in purpose or belief; characterized by firmness and determination｜意志堅定的；決心堅定的,"Despite the challenges, she remained resolute in her decision to pursue her dreams.",resolute leader; resolute action; resolute determination,C2
Reprobate,/ˈɹɛpɹɔbeɪt/,n.,"reprobate, reprobates",reprobation (n.),a person of unprincipled or immoral character; a scoundrel｜行為不檢者；無賴,The villagers regarded the gambler as a reprobate who could not be trusted.,reprobate behavior; reprobate character; reprobate lifestyle,C2
Resurgent,/ɹɪˈsɝdʒənt/,adj.,"resurgent, more resurgent, most resurgent","resurge (v.), resurgence (n.)",rising again as to new life and vigor｜復甦的；再次興起的,"After years of decline, the city experienced a resurgent period of growth and development.",resurgent economy; resurgent nationalism; resurgent popularity,C2
Restitution,/ˌɹɛstɪˈtuʃən/,n.,"restitution, restitutions",None,a sum of money paid in compensation for loss or injury｜賠償金；損失補償,The court ordered the defendant to pay restitution for the damages caused.,seek restitution; full restitution; restitution payment,C2
Retaliate,/ɹɪˈtæliˌeɪt/,v.,"retaliate, retaliates, retaliated, retaliated, retaliating","retaliator (n.), retaliation (n.), retaliatory (adj.)",take revenge for a perceived wrong｜報復；報仇,The country decided to retaliate after the unprovoked attack on its embassy.,retaliate against enemies; retaliate with force; retaliate immediately,C2
Repast,/ɹiˈpæst/,n.,"repast, repasts",None,the food served and eaten at one time｜一餐；膳食,"The lavish repast included roasted duck, fresh vegetables, and a variety of desserts.",enjoy a repast; hearty repast; lavish repast,C2
Reprehensible,/ˌɹɛpɹɪˈhɛnsəbəl/,adj.,"reprehensible, more reprehensible, most reprehensible","reprehensibly (adv.), reprehensibility (n.)",bringing or deserving severe rebuke or censure｜應受譴責的；可責備的,His reprehensible behavior at the party led to his dismissal from the club.,reprehensible actions; reprehensible behavior; morally reprehensible,C2
Respite,/ˈɹɛspɪt/,n. [U],no changes,None,a (temporary) relief from harm or discomfort｜暫時的緩解；喘息,The doctor advised her to take a brief respite from work to recover her strength.,brief respite; temporary respite; respite from pain,C2
Revel,/ˈɹɛvəl/,v.,"revel, revels, reveled, reveled, reveling","revelry (n.), reveller (n.)",take delight in｜沈醉；歡樂,She loved to revel in the joys of a quiet evening with a good book.,revel in success; revel in glory; revel in luxury,C2
Resilient,/ɹɪˈzɪljənt/,adj.,"resilient, more resilient, most resilient","resilience (n.), resiliency (n.)","recovering readily from adversity, depression, or the like｜能迅速恢復的；適應力強的","Despite facing numerous setbacks, he remained resilient and determined to succeed.",resilient nature; resilient personality; resilient to change,C2
Retract,/ɹiˈtɹækt/,v.,"retract, retracts, retracted, retracted, retracting","retractor (n.), retraction (n.)","formally reject or disavow a formerly held belief, usually under pressure｜正式收回；撤回","Under pressure from the media, the politician was forced to retract his previous statement.",retract a statement; retract a claim; retract a confession,C2
Resplendent,/ɹisˈplɛndənt/,adj.,"resplendent, more resplendent, most resplendent","resplendence (n.), resplendently (adv.)",having great beauty and splendor｜華麗的；光彩奪目的,The ballroom was resplendent with crystal chandeliers and golden decorations.,resplendent in gold; resplendent attire; resplendent palace,C2
Retribution,/ˌɹɛtɹəˈbjuʃən/,n.,"retribution, retributions",retributive (adj.),punishment inflicted as a just penalty for wrongdoing; retaliatory justice｜報應；懲罰,The victims demanded retribution for the crimes committed against them.,seek retribution; swift retribution; retribution for crimes,C2
Restive,/ˈɹɛstɪv/,adj.,"restive, more restive, most restive","restiveness (n.), restively (adv.)",being in a tense state｜焦躁不安的；緊張的,The restive crowd grew impatient waiting for the concert to begin.,restive crowd; restive behavior; restive mood,C2
Rhetoric,/ˈɹɛtɚɪk/,n. [U],no changes,"rhetorical (adj.), rhetorically (adv.)",using language effectively to please or persuade｜修辭；雄辯,The politician's rhetoric was so persuasive that it swayed many voters.,political rhetoric; empty rhetoric; rhetoric of war,C2
Rococo,/ɹəˈkoʊˌkoʊ/,n.,"rococo, rococos",None,fanciful but graceful asymmetric ornamentation in art and architecture that originated in France in the 18th century｜起源於法國十八世紀的裝飾藝術風格，特點為精緻而不對稱的裝飾,"The rococo style, with its fanciful and graceful ornamentation, can be seen in the interiors of many 18th-century French palaces.",rococo style; rococo architecture; rococo design,C2
Reverberate,/ɹɪˈvɝbɚət/,v.,"reverberate, reverberates, reverberated, reverberated, reverberating",reverberation (n.),ring or echo with sound｜回響；迴盪,"The sound of the church bells reverberated through the entire valley, reaching every distant home.",reverberate through; reverberate across; reverberate with sound,C2
Reticent,/ˈɹɛtɪsənt/,adj.,"reticent, more reticent, most reticent","reticence (n.), reticently (adv.)",temperamentally disinclined to talk｜不善言辭的；沉默寡言的,"Despite the lively conversation around him, John remained reticent, only occasionally offering brief comments.",reticent personality; reticent about; reticent nature,C2
Rudimentary,/ˌɹudəˈmɛntɚi/,adj.,"rudimentary, more rudimentary, most rudimentary",rudiment (n.),being or involving basic facts or principles｜基本的；初步的,"The course covers rudimentary concepts in physics, ensuring all students have a solid foundation before moving on to more complex topics.",rudimentary knowledge; rudimentary understanding; rudimentary skills,C2
Rustic,/ˈɹʌstɪk/,adj.,"rustic, more rustic, most rustic","rusticity (n.), rustically (adv.)",characteristic of rural life｜鄉村的；田園的,The rustic charm of the countryside cottage was enhanced by its wooden beams and stone fireplace.,rustic charm; rustic setting; rustic appearance,C2
Rife,/ˈɹaɪf/,adj.,"rife, more rife, most rife",None,most frequent or common｜最常見的；普遍的,"Rumors were rife in the small town, with everyone having a different theory about the mysterious events.",rife with; rife in; rife throughout,C2
Ruminate,/ˈɹumɪˌneɪt/,v.,"ruminate, ruminates, ruminated, ruminated, ruminating","rumination (n.), ruminative (adj.)",to think deeply and carefully over a matter; to ponder or meditate at length｜深入思考；沈思,She continued to ruminate on the decision long after the meeting had ended.,ruminate on; ruminate about; ruminate over,C2
Robust,/ɹoʊˈbʌst/,adj.,"robust, more robust, most robust","robustly (adv.), robustness (n.)",Able to withstand adverse conditions.｜能抵禦逆境,"The robust economy showed resilience, withstanding the adverse effects of the global financial crisis.",robust economy; robust health; robust system,C2
Sacrosanct,/ˈsækɹoʊsæŋkt/,adj.,no changes,sacrosanctity (n.),must be kept sacred｜必須保持神聖不可侵犯,"In many cultures, the institution of marriage is considered sacrosanct, with traditions and rituals that reflect its sacred nature.",sacrosanct tradition; sacrosanct law; sacrosanct principle,C2
Sagacious,/səˈɡeɪʃiəs/,adj.,"sagacious, more sagacious, most sagacious","sagacity (n.), sagaciously (adv.)",acutely insightful and wise｜睿智的,"The sagacious old man offered advice that was both insightful and wise, drawing on years of experience and observation.",sagacious leader; sagacious decision; sagacious advice,C2
Sanction,/ˈsæŋkʃən/,n.,"sanction, sanctions",sanctioned (adj.),formal and explicit approval｜正式批准,The city council's sanction was required before the construction project could begin.,official sanction; grant sanction; obtain sanction,C2
Sanguine,/ˈsæŋɡwɪn/,adj.,"sanguine, more sanguine, most sanguine","sanguinely (adv.), sanguinity (n.)",confidently optimistic and cheerful｜樂觀的,"Despite the challenges, the team remained sanguine about their chances of winning the championship.",sanguine outlook; sanguine mood; remain sanguine,C2
Salutary,/ˈsæljəˌtɛɹi/,adj.,"salutary, more salutary, most salutary",None,tending to promote physical well-being; beneficial to health｜促進健康的,Regular exercise has a salutary effect on both physical and mental health.,salutary effect; salutary influence; salutary advice,C2
Salient,/ˈseɪliənt/,adj.,"salient, more salient, most salient","salience (n.), saliently (adv.)",having a quality that thrusts itself into attention｜引人注目的,The salient feature of the new design was its sleek and modern appearance.,salient feature; salient point; salient detail,C2
Sardonic,/sɑˈɹdɑnɪk/,adj.,"sardonic, more sardonic, most sardonic",sardonically (adv.),disdainfully or ironically humorous; scornful and mocking｜嘲笑的；諷刺的,His sardonic remarks about the political situation left the audience both amused and slightly uncomfortable.,sardonic smile; sardonic humor; sardonic remark,C2
Saturnine,/ˈsætənaɪn/,adj.,"saturnine, more saturnine, most saturnine",None,bitter or scornful｜陰沈的；抑鬱的,"The saturnine detective rarely smiled, preferring to maintain a serious demeanor.",saturnine expression; saturnine disposition; saturnine personality,C2
Salubrious,/səˈlu.bɹi.əs/,adj.,"salubrious, more salubrious, most salubrious","salubriously (adv.), salubriousness (n.)",promoting health; healthful｜有益健康的,The salubrious climate of the mountains attracted many people seeking a healthier lifestyle.,salubrious environment; salubrious climate; salubrious effect,C2
Scathing,/ˈskeɪðɪŋ/,adj.,"scathing, more scathing, most scathing",scathingly (adv.),marked by harshly abusive criticism｜嚴厲批評的,The scathing review of the restaurant left no doubt about the critic's opinion of the food.,scathing criticism; scathing review; scathing attack,C2
Savant,/səˈvɑnt/,n.,"savant, savants",None,"a person of exceptional intellectual or creative ability, especially in one specific domain｜專家；天才","As a savant in the field of astrophysics, she was often invited to speak at international conferences.",renowned savant; distinguished savant; academic savant,C2
Secular,/ˈsɛkjəlɚ/,adj.,"secular, more secular, most secular","secularism (n.), secularize (v.)",of or relating to the doctrine that rejects religion and religious considerations｜世俗的；非宗教的,The university's secular approach to education focused on science and reason rather than religious doctrine.,secular society; secular worldview; secular values,C2
Scintilla,/sɪˈntɪlə/,n.,"scintilla, scintillas","scintillate (v.), scintillating (v.)",a tiny or scarcely detectable amount｜微量；些微,There was not a scintilla of evidence to support the allegations made against him.,scintilla of doubt; scintilla of evidence; not a scintilla,C2
Scrupulous,/ˈskɹupjələs/,adj.,"scrupulous, more scrupulous, most scrupulous","scrupulously (adv.), scruple (n.)",careful to act ethically and correctly; extremely attentive to detail｜一絲不苟的；嚴謹的,Her scrupulous attention to detail ensured that the project was completed with the utmost accuracy.,scrupulous attention; scrupulous honesty; scrupulous adherence,C2
Sedate,/sɪˈdeɪt/,adj.,"sedate, more sedate, most sedate","sedation (n.), sedative (adj.), sedateness (n.)",characterized by dignity and propriety｜端莊的；穩重的,The sedate atmosphere of the library encouraged quiet study and reflection.,sedate manner; sedate pace; sedate atmosphere,C2
Seminal,/ˈsɛmənəl/,adj.,"seminal, more seminal, most seminal",None,highly influential and providing the basis for future development; groundbreaking｜開創性的,The scientist's seminal research on genetics paved the way for future discoveries in the field.,seminal work; seminal idea; seminal paper,C2
Sentient,/ˈsɛn.ʃi.ənt/,adj.,no changes,"sentience (n.), sentiency (n.)",endowed with feeling and unstructured consciousness｜有知覺的,"As a sentient being, she was deeply aware of the emotions and experiences of those around her.",sentient being; sentient creature; sentient life,C2
Scurrilous,/ˈskɝələs/,adj.,"scurrilous, more scurrilous, most scurrilous",scurrility (n.),expressing offensive reproach｜表達侮辱性的責難,The politician's scurrilous comments about his opponent were condemned by both parties.,scurrilous attack; scurrilous language; scurrilous remark,C2
Sentinel,/ˈsɛntənəl/,n.,"sentinel, sentinels",None,a person employed to keep watch for some anticipated event｜受僱守望以等待某預期事件的人,"The sentinel stood watch throughout the night, alert to any sign of danger.",sentinel duty; vigilant sentinel; sentinel post,C2
Sedulous,/ˈsɛdʒʊləs/,adj.,"sedulous, more sedulous, most sedulous","sedulously (adv.), sedulity (n.)",marked by care and persistent effort｜以細心和持續努力為特色的,His sedulous work ethic earned him a reputation as one of the most dedicated employees in the company.,sedulous effort; sedulous pursuit; sedulous attention,C2
Semblance,/ˈsɛmbləns/,n.,"semblance, semblances",None,an outward or token appearance or form that is deliberately misleading｜刻意誤導的外表或形式,The semblance of normality was shattered when the true extent of the corruption was revealed.,semblance of order; mere semblance; deceptive semblance,C2
Serpentine,/ˈsɝpəˌntaɪn/,adj.,"serpentine, more serpentine, most serpentine",None,resembling a serpent in form｜形似蛇的,"The garden path had a serpentine design, winding gracefully through the flower beds.",serpentine movement; serpentine shape; serpentine path,C2
Servile,/ˈsɝvəl/,adj.,"servile, more servile, most servile","servility (n.), servilely (adv.)",submissive or fawning in attitude or behavior｜態度或行為上順從或諂媚的,The servile attitude of the assistant was off-putting to those who valued independence and respect.,servile attitude; servile behavior; servile submission,C2
Sextant,/ˈsɛk.stənt/,n.,"sextant, sextants",None,"a navigational instrument for measuring angular distances between objects, used to determine latitude and longitude at sea｜測量物體間角度以確定海上緯度和經度的導航儀器","Using a sextant, the navigator calculated the ship's position with precision.",navigate with a sextant; sextant reading; use a sextant,C2
Sibilant,/ˈsɪb.ɪ.lənt/,adj.,"sibilant, more sibilant, most sibilant",sibilate (v.),"making or characterized by a hissing sound, especially in speech｜發出或以嘶嘶聲為特徵的，尤指說話時",The sibilant sound of the wind through the trees added to the eerie atmosphere of the night.,sibilant sound; sibilant hiss; sibilant consonant,C2
Serendipity,/ˌsɛɹəˈndɪpɪti/,n.,"serendipity, serendipities","serendipitous (adj.), serendipitously (adv.)",good luck in making unexpected and fortunate discoveries｜意外發現美好事物的幸運,"Their meeting was a stroke of serendipity, leading to a successful business partnership.",stroke of serendipity; serendipity moment; serendipity discovery,C2
Skeptical,/ˈskɛptəkəl/,adj.,"skeptical, more skeptical, most skeptical","skepticism (n.), skeptically (adv.)",not easily convinced; having doubts or questioning accepted claims or beliefs｜不易被說服；對被接受的說法或信仰持懷疑態度,"The professor took a skeptical view of the new theory, demanding more evidence before accepting it.",skeptical view; skeptical stance; skeptical of claims,C2
Sinecure,/ˈsaɪ.nəˌkjʊɹ/,n.,"sinecure, sinecures",None,a position that requires little or no work but provides an ample salary or reward; a cushy job｜工作量少但薪資優厚的職位；輕鬆的工作,"The wealthy patron was given a sinecure as a churchwarden, requiring no actual work but providing a generous income.",lucrative sinecure; cushy sinecure; sought-after sinecure,C2
Sinuous,/ˈsɪnwəs/,adj.,"sinuous, more sinuous, most sinuous","sinuosity (n.), sinuousness (n.)",curved or curving in and out｜彎曲起伏的,"The snake moved in a sinuous pattern through the grass, its body curving gracefully with each movement.",sinuous river; sinuous dance; sinuous path,C2
Solicitous,/səˈlɪsətəs/,adj.,"solicitous, more solicitous, most solicitous","solicitude (n.), solicitously (adv.)",full of anxiety and concern｜充滿焦慮和擔憂的,"The parents were solicitous about their child's health, constantly checking for any signs of illness after the outbreak.",solicitous parent; solicitous concern; solicitous care,C2
Saturate,/ˈsætʃɚˌeɪt/,v.,"saturate, saturates, saturated, saturated, saturating",saturation (n.),"to soak, fill, or supply something completely so that no more can be absorbed or added｜使浸透、充滿或完全供給某物使其無法再吸收或添加",The sponge quickly became saturated with water and could absorb no more.,saturate with water; saturate the market; saturate the solution,C2
Sequester,/sɪˈkwɛstɚ/,v.,"sequester, sequesters, sequestered, sequestered, sequestering",sequestration (n.),to isolate or set apart; to remove or withdraw from general access or influence｜隔離；從普遍可及或影響範圍中移除或撤離,"During the war, the government decided to sequester the enemy's assets to prevent them from funding further conflict.",sequester a jury; sequester assets; sequester property,C2
Solicit,/səˈlɪsɪt/,v.,"solicit, solicits, solicited, solicited, soliciting","solicitor (n.), solicitation (n.)",make a solicitation or entreaty for something; request urgently or persistently｜懇求或迫切請求某物,"The charity worker continued to solicit donations, urging people to contribute whatever they could to the cause.",solicit donations; solicit feedback; solicit support,C2
Sinewy,/ˈsɪnjui/,adj.,"sinewy, more sinewy, most sinewy",sinew (n.),"lean and muscular; consisting of or resembling tough, fibrous sinews｜精瘦且肌肉發達的；由堅韌纖維組成的","The sinewy texture of the beef brisket made it challenging to chew, even after hours of slow cooking.",sinewy texture; sinewy meat; sinewy arms,C2
Skittish,/ˈskɪtɪʃ/,adj.,"skittish, more skittish, most skittish",skittishness (n.),easily startled or frightened; nervously excitable and difficult to control｜易受驚嚇的；神經質且難以控制的,"The skittish colt danced around the corral, its movements unpredictable and full of nervous energy.",skittish horse; skittish behavior; skittish market,C2
Somber,/ˈsɑmbɚ/,adj.,"somber, more somber, most somber","somberly (adv.), somberness (n.)","dark or dull in color; serious, sad, or gloomy in mood｜顏色黑暗或暗淡的；情緒嚴肅、悲傷或陰沉的",The somber atmosphere at the funeral was broken only by occasional quiet sobs from the mourners.,somber mood; somber expression; somber atmosphere,C2
Sate,/ˈseɪt/,v.,"sate, sates, sated, sated, sating",None,fill to satisfaction｜充分滿足,"After a long day of hiking, the meal of steak and potatoes served to sate their hunger completely.",sate hunger; sate curiosity; sate appetite,C2
Sonorous,/ˈsɑnɚəs/,adj.,"sonorous, more sonorous, most sonorous","sonority (n.), sonorousness (n.)",full and loud and deep｜聲音洪亮的；深沉有力的,"The priest's sonorous voice echoed through the cathedral, reaching every corner with its deep resonance.",sonorous voice; sonorous sound; sonorous speech,C2
Scrutinize,/ˈskɹutəˌnaɪz/,v.,"scrutinize, scrutinizes, scrutinized, scrutinized, scrutinizing","scrutiny (n.), scrutinizer (n.)","to look at critically or searchingly, or in minute detail｜仔細審查；細看","The detective scrutinized the evidence, looking for any small detail that might solve the case.",scrutinize evidence; scrutinize closely; scrutinize data,C2
Sporadic,/spɚˈædɪk/,adj.,"sporadic, more sporadic, most sporadic",sporadically (adv.),recurring in scattered and irregular or unpredictable instances｜零星的；散發的；不時發生的,Sporadic outbreaks of flu kept the clinic busy throughout the winter.,sporadic outbreaks; sporadic rain; sporadic incidents,C2
Sophisticated,/səˈfɪstəˌkeɪtɪd/,adj.,"sophisticated, more sophisticated, most sophisticated",sophistication (n.),"having or showing refined knowledge, taste, or complexity; technologically advanced｜精密的；複雜的；老練的",The new system uses sophisticated algorithms to detect fraud in real time.,sophisticated technology; sophisticated palate; sophisticated audience,C2
Spurious,/ˈspjʊɹiəs/,adj.,"spurious, more spurious, most spurious","spuriously (adv.), spuriousness (n.)",plausible but false｜似是而非的；虛假的,The spurious claim that the product was organic was quickly debunked by consumer advocacy groups.,spurious claim; spurious argument; spurious evidence,C2
Squander,/ˈskwɑndɚ/,v.,"squander, squanders, squandered, squandered, squandering",squanderer (n.),spend thoughtlessly; throw away｜浪費；揮霍,"He squandered his inheritance on frivolous purchases, leaving himself with nothing after just a few years.",squander an opportunity; squander money; squander resources,C2
Somnolent,/ˈsɑmnələnt/,adj.,"somnolent, more somnolent, most somnolent",somnolence (n.),inclined to or marked by drowsiness｜昏昏欲睡的；嗜睡的,"The somnolent cat lay curled up on the windowsill, barely stirring even when the doorbell rang.",somnolent state; somnolent afternoon; somnolent feeling,C2
Sordid,/ˈsɔɹdəd/,adj.,"sordid, more sordid, most sordid","sordidly (adv.), sordidness (n.)",morally degraded｜骯髒的；墮落的,"The sordid details of the scandal shocked the community, revealing a side of the politician they had never seen.",sordid affair; sordid history; sordid details,C2
Specious,/ˈspiʃəs/,adj.,"specious, more specious, most specious","speciously (adv.), speciousness (n.)",plausible but false｜似是而非的；華而不實的,"The specious argument, though convincing at first, fell apart under closer scrutiny, revealing its flaws.",specious argument; specious reasoning; specious claim,C2
Squalid,/ˈskwɑləd/,adj.,"squalid, more squalid, most squalid",squalidness (n.),"extremely dirty and unpleasant, often because of poverty or neglect; morally degraded｜骯髒惡臭的；道德敗壞的",The squalid conditions of the abandoned building made it unsafe for habitation.,squalid conditions; squalid living; squalid environment,C2
Soporific,/ˌsɑp.əˈɹɪf.ɪk/,adj.,"soporific, more soporific, most soporific",soporifically (adv.),sleep inducing｜催眠的；使人昏睡的,The soporific lecture on economic theory had many students nodding off.,soporific effect; soporific drug; soporific lecture,C2
Subpoena,/səˈpinə/,v.,"subpoena, subpoenas, subpoenaed, subpoenaed, subpoenaing",None,serve or summon with a subpoena｜傳喚；送達傳票,The lawyer was subpoenaed to testify in the high-profile court case.,subpoena issued; subpoena served; subpoena received,C2
Subsequent,/ˈsʌbsəkwənt/,adj.,no changes,"subsequence (n.), subsequentness (n.)",following in time or order｜接著的；隨後的,Subsequent events proved that their initial decision had been the correct one.,subsequent events; subsequent actions; subsequent development,C2
Satiate,/ˈsæʃət/,v.,"satiate, satiates, satiated, satiated, satiating","satiety (n.), satiation (n.)",fill to satisfaction｜使滿足；使充分飽足,"After a long day of hiking, the meal completely satiated their hunger.",satiate hunger; satiate desire; satiate appetite,C2
Sundry,/ˈsʌndɹi/,adj.,"sundry, no changes",None,consisting of a haphazard assortment of different kinds｜各式各樣的；五花八門的,"The shop carried sundry items, from groceries to household goods, catering to diverse needs.",sundry items; sundry topics; sundry occasions,C2
Synthetic,/sɪˈnθɛtɪk/,adj.,no changes,synthesis (n.),produced by chemical synthesis rather than derived from a natural source; artificially made｜合成的；人造的,The synthetic fabric was designed to mimic the properties of natural fibers while being more durable.,synthetic materials; synthetic drugs; synthetic fibers,C2
Sustain,/səˈsteɪn/,v.,"sustain, sustains, sustained, sustained, sustaining","sustainer (n.), sustenance (n.), sustainable (adj.), sustainment (n.)",lengthen or extend in duration or space｜維持；持續,The team's efforts to sustain their winning streak paid off as they clinched another victory.,sustain an injury; sustain a relationship; sustain growth,C2
Tardy,/ˈtɑɹdi/,adj.,"tardy, tardier, tardiest",tardiness (n.),after the expected or usual time; delayed｜遲到的；延遲的,"The tardy student rushed into class, apologizing for being late due to the traffic.",tardy arrival; tardy response; tardy student,C2
Terrestrial,/tɚˈɛstɹiəl/,adj.,no changes,None,of or relating to or inhabiting the land as opposed to the sea or air｜陸地的；地球的,The study focused on terrestrial ecosystems and their impact on climate change.,terrestrial environment; terrestrial species; terrestrial habitat,C2
Therapeutic,/ˌθɛɹəˈpjutɪk/,adj.,"therapeutic, more therapeutic, most therapeutic","therapeutically (adv.), therapy (n.)",tending to cure or restore to health｜治療的；有療效的,The therapeutic massage helped relieve the tension in his shoulders after a long week.,therapeutic treatment; therapeutic effect; therapeutic properties,C2
Terminal,/ˈtɝmənəl/,adj.,no changes,None,occurring at or forming the end; fatal and leading to death; situated at the furthest point｜位於或形成結尾的；致命的且導致死亡的；位於最遠點的,The patient was receiving palliative care for a terminal illness.,terminal illness; terminal station; terminal velocity,C2
Transcribe,/tɹænsˈkɹaɪb/,v.,"transcribe, transcribes, transcribed, transcribed, transcribing","transcriber (n.), transcription (n.)","write out from speech, notes, etc.｜從言語、筆記等中寫出",The secretary was tasked with transcribing the meeting's minutes for distribution to all attendees.,transcribe an interview; transcribe notes; transcribe a recording,C2
Tribute,/ˈtɹɪbjut/,n.,"tribute, tributes",None,something given or done as an expression of esteem｜作為表達敬意而給予或做的事情,The town paid tribute to the fallen hero by naming the new library after him.,pay tribute; receive tribute; tribute concert,C2
Trophy,/ˈtɹoʊfi/,n.,"trophy, trophies",None,an object awarded as a symbol of victory or achievement in a competition; a prize or token of success｜作為競賽勝利或成就象徵而頒發的物品；成功獎品或標誌,The football team proudly displayed their championship trophy in the school hall.,win a trophy; trophy case; hunting trophy,C2
Transparent,/tɹænˈspɛɹənt/,adj.,"transparent, more transparent, most transparent","transparence (n.), transparency (n.), transparentness (n.)",transmitting light; able to be seen through with clarity｜可透光的；能清晰透視的,The transparent glass walls of the conference room offered a clear view of the city skyline.,transparent glass; transparent process; transparent policy,C2
Ulterior,/əˈltɪɹiɚ/,adj.,"ulterior, more ulterior, most ulterior",None,intentionally concealed so as to deceive; existing beyond what is openly stated or admitted｜故意隱藏以欺騙的；存在於公開陳述或承認之外的,She suspected there was an ulterior motive behind his sudden kindness.,ulterior motive; ulterior purpose; ulterior agenda,C2
Uniformity,/ˌjunəˈfɔɹməti/,n. [U],no changes,uniform (adj.),a condition in which everything is regular and unvarying｜一切都規律且不變的狀態,The school's strict uniformity in dress code aimed to minimize social distinctions among students.,uniformity in design; strict uniformity; achieve uniformity,C2
Unilateral,/ˌjunəˈlætɚəl/,adj.,no changes,None,involving only one part or side｜只涉及一部分或一方的,The CEO made a unilateral decision to change the company's direction without consulting the board.,unilateral decision; unilateral action; unilateral agreement,C2
Unique,/juˈnik/,adj.,no changes,uniqueness (n.),radically distinctive and without equal｜根本獨特且無與倫比的,"Each snowflake is unique, with its own intricate pattern and shape.",truly unique; unique opportunity; unique perspective,C2
Unflappable,/ənˈflæpəbəl/,adj.,"unflappable, more unflappable, most unflappable",None,not easily perturbed or excited or upset; marked by extreme calm and composure｜不易被擾動或激動或困擾的；極度冷靜且從容的,"Even in the midst of the crisis, the captain remained unflappable and focused.",unflappable demeanor; unflappable composure; unflappable calm,C2
Utopia,/juˈtoʊpiə/,n.,"utopia, utopias",utopian (adj.),an imagined ideal society in which everything is perfect and everyone lives in harmony｜一個想象中的完美社會，其中一切都是完美的，每個人都生活在和諧中,"In his book 'Utopia', Thomas More envisioned a fictional island society that has intrigued readers for centuries.",search for utopia; utopia vs dystopia; dream of utopia,C2
Vague,/ˈveɪɡ/,adj.,"vague, more vague, most vague","vaguely (adv.), vagueness (n.)",not clearly understood or expressed｜不明確理解或表達的,The instructions were vague and left everyone confused about what to do next.,vague idea; vague answer; vague recollection,C2
Validate,/ˈvælədeɪt/,v.,"validate, validates, validated, validated, validating","validation (n.), valid (adj.)",declare or make legally valid｜宣布或使具有法律效力,"The court validated the contract, ensuring both parties were legally bound.",validate passport; validate claim; validate theory,C2
Vertigo,/ˈvɝtɪˌɡoʊ/,n.,"vertigo, vertigos",vertiginous (adj.),a reeling sensation; a feeling that you are about to fall｜眩暈感；即將要摔倒的感覺,The vertigo she experienced on the balcony made her reluctant to look down.,suffer from vertigo; cause vertigo; vertigo symptoms,C2
Verify,/ˈvɛɹəˌfaɪ/,v.,"verify, verifies, verified, verified, verifying",verification (n.),confirm the truth of｜確認真實性,The detective needed to verify the alibi before moving forward with the investigation.,verify identity; verify information; verify source,C2
Waive,/ˈweɪv/,v.,"waive, waives, waived, waived, waiving",waiver (n.),do without or cease to hold or adhere to｜放棄或不堅持或停止遵守,The university decided to waive the application fee for low-income students.,waive rights; waive fees; waive requirement,C2
Warrant,/ˈwɔɹənt/,n.,"warrant, warrants","warrantee (n.), warranter (n.), warrantor (n.)",authorization or justification; an official document issued by a court authorizing action such as a search or arrest｜授權或正當理由；由法院發出的授權搜索或逮捕等行動的官方文件,The judge issued a warrant for the arrest of the suspect based on the evidence presented.,search warrant; arrest warrant; issue warrant,C2
Vulpine,/ˈvʌlpin/,adj.,"vulpine, more vulpine, most vulpine",None,resembling or characteristic of a fox｜像狐狸的或具有狐狸特徵的,The vulpine expression on his face hinted at the cunning strategy he was about to unveil.,vulpine cunning; vulpine features; vulpine smile,C2
Yield,/ˈjild/,v.,"yield, yields, yielded, yielded, yielding","yielder (n.), yielding (n.)","to produce or provide something, such as a result, profit, or crop｜產生或提供某物，如結果、利潤或農作物",The farm expected to yield a bountiful harvest after the long and rainy spring.,yield results; yield profit; yield to pressure,C2
Writ,/ˈɹɪt/,n.,"writ, writs",None,(law) a legal document issued by a court or judicial officer｜由法院或司法官員簽發的法律文件,The judge signed the writ ordering the immediate release of the wrongfully detained individual.,legal writ; court writ; issue a writ,C2
Yeoman,/ˈjoʊmən/,n.,"yeoman, yeomen",None,officer in the (ceremonial) bodyguard of the British monarch｜英國君主儀式護衛隊的官員,"As a yeoman, he stood at attention during the monarch's procession, dressed in traditional regalia.",yeoman of the guard; ceremonial yeoman; royal yeoman,C2
Yaw,/ˈjɔ/,v.,"yaw, yaws, yawed, yawed, yawing",None,"to rotate about a vertical axis, causing deviation from a straight course; to swerve or swing to port or starboard｜繞垂直軸旋轉，導致偏離直線航向；向左右舷偏航或搖擺","The ship began to yaw dangerously in the storm, causing panic among the passengers.",yaw wide; yaw violently; begin to yaw,C2
Yoke,/ˈjoʊk/,n.,"yoke, yokes",None,fabric comprising a fitted part at the top of a garment｜服裝上部貼合部分的布料,She adjusted the yoke of her blouse before heading out the door.,shirt yoke; dress yoke; fitted yoke,C2
Xenophobia,/ˌzɛnəˈfoʊbiə/,n.,"xenophobia, xenophobias",xenophobic (adj.),a fear of foreigners or strangers｜對外國人或陌生人的恐懼,"In a time of rising xenophobia, the small town struggled to welcome refugees from overseas.",racial xenophobia; xenophobia towards; rising xenophobia,C2
Welter,/ˈwɛltɚ/,v.,"welter, welters, weltered, weltered, weltering",None,"toss, roll, or rise and fall in an uncontrolled way｜不受控制地翻滾、滾動或起伏","The small boat weltered in the stormy sea, tossed by massive waves.",welters in chaos; waves welter; storm welter,C2
Aboriginal,/ˌæbɚˈɪdʒənəl/,adj.,no changes,aborigine (n.),First according to historical or scientific records; original; indigenous; primitive.｜根據歷史或科學記錄最早的；原始的；本土的；早期的,"Archaeologists discovered aboriginal tools that dated back over 10,000 years.",aboriginal inhabitants; aboriginal culture; aboriginal species,C2
Abridge,/əˈbɹɪdʒ/,v.,"abridge, abridges, abridged, abridged, abridging",abridgment (n.),reduce in scope while retaining essential elements｜在保留主要要素的同時縮小範圍,The editor decided to abridge the lengthy novel to make it more accessible to casual readers.,abridge freedom; abridge rights; abridge content,C2
Aboveboard,/əˈbʌˌvbɔɹd/,adj.,"aboveboard, more aboveboard, most aboveboard",None,without concealment or deception; honest｜無隱瞞或欺騙；誠實的,"The transaction was aboveboard, with all parties agreeing to full transparency.",aboveboard dealings; aboveboard transaction; completely aboveboard,C2
Zephyr,/ˈzɛfɚ/,n.,"zephyr, zephyrs",None,"a slight, gentle breeze｜輕柔的微風","A gentle zephyr rustled the leaves, providing a welcome break from the summer heat.",gentle zephyr; refreshing zephyr; summer zephyr,C2
Winsome,/ˈwɪnsəm/,adj.,"winsome, more winsome, most winsome",winsomeness (n.),charming in a childlike or naive way｜以天真爛漫的方式迷人,The winsome child charmed everyone at the party with her innocent laughter and playful antics.,winsome charm; winsome smile; winsome personality,C2
Zest,/ˈzɛst/,n.,"zest, zests",zesty (adj.),vigorous and enthusiastic enjoyment｜精力充沛且熱情的享受,"He approached the challenge with zest, eager to prove himself in the competitive environment.",add zest; zest for life; full of zest,C2
Abstain,/əbˈsteɪn/,v.,"abstain, abstains, abstained, abstained, abstaining","abstention (n.), abstinence (n.)",to voluntarily refrain from doing or consuming something; to hold oneself back｜自願不做或不使用某物；克制自己,"Several council members chose to abstain from the vote, citing conflicts of interest.",abstain from voting; abstain from alcohol; abstain from action,C2
Abundant,/əˈbʌndənt/,adj.,"abundant, more abundant, most abundant",abundance (n.),present in great quantity｜大量存在,"The abundant harvest filled the granaries to capacity, ensuring food security for the coming year.",abundant resources; abundant supply; abundant wildlife,C2
Abreast,/əˈbɹɛst/,adj.,"abreast, more abreast, most abreast",None,being up to particular standard or level especially in being up to date in knowledge｜趕上特定標準或水準，尤其是在知識上與時俱進,"To stay abreast of the latest developments, she subscribed to several industry journals and attended conferences.",keep abreast; stay abreast; abreast of changes,C2
Abut,/əˈbʌt/,v.,"abut, abuts, abutted, abutted, abutting",abutment (n.),lie adjacent to another or share a boundary｜與另一物相鄰或共用邊界,"The new building will abut the park, providing easy access for visitors.",abut on; property that abuts; land abutting,C2
Absolute,/ˈæbsəˌlut/,adj.,no changes,absoluteness (n.),perfect or complete or pure｜完美、完整或純粹,His absolute dedication to his craft earned him respect from colleagues and competitors alike.,absolute power; absolute truth; absolute certainty,C2
Absorb,/əˈbzɔɹb/,v.,"absorb, absorbs, absorbed, absorbed, absorbing","absorber (n.), absorbate (n.), absorbent (adj.), absorbable (adj.), absorption (n.), absorptive (adj.)",become imbued｜充滿、浸透,"The sponge quickly absorbed the spilled water, preventing any damage to the wooden floor.",absorb information; absorb impact; absorb nutrients,C2
Accentuate,/æˈksɛntʃueɪt/,v.,"accentuate, accentuates, accentuated, accentuated, accentuating",accentuation (n.),"to stress, single out as important｜強調、突出為重要",The professor sought to accentuate the importance of research ethics during the seminar.,accentuate differences; accentuate features; accentuate importance,C2
Accede,/æˈksid/,v.,"accede, accedes, acceded, acceded, acceding",accession (n.),yield to another's wish or opinion｜順從他人的意願或意見,"Reluctantly, she acceded to her parents' wishes and agreed to attend law school.",accede to demands; accede to request; accede to pressure,C2
Accomplice,/əˈkɑmpləs/,n.,"accomplice, accomplices",None,a person who helps another carry out an unethical or illegal plan｜幫助他人執行不道德或非法計劃的人,"The detective uncovered evidence linking the accomplice to the crime, leading to multiple arrests.",criminal accomplice; accomplice in crime; unwitting accomplice,C2
Abstract,/æbsˈtɹækt/,v.,"abstract, abstracts, abstracted, abstracted, abstracting","abstraction (n.), abstractly (adv.)",consider a concept without thinking of a specific example; consider abstractly or theoretically｜思考概念而不考慮具體範例；抽象地或理論地思考,Philosophers often abstract complex ideas to discuss them in a theoretical framework.,abstract ideas; abstract thinking; abstract concept,C2
Accretion,/əˈkɹiʃən/,n.,"accretion, accretions","accrete (v.), accretionary (adj.)",an increase by natural growth or addition｜透過自然生長或增加而來的增長,The accretion of wealth over time allowed him to retire comfortably.,natural accretion; gradual accretion; accretion of knowledge,C2
Accommodate,/əˈkɑməˌdeɪt/,v.,"accommodate, accommodates, accommodated, accommodated, accommodating","accommodation (n.), accommodating (v.)",be agreeable or acceptable to｜使合意或可接受,The hotel was able to accommodate the guest's request for a late check-out.,accommodate guests; accommodate requests; accommodate needs,C2
Accrue,/əˈkɹu/,v.,"accrue, accrues, accrued, accrued, accruing","accrual (n.), accruement (n.)",grow by addition｜透過增加而生長,"Interest on the investment will accrue over time, increasing the total return.",accrue interest; accrue benefits; accrue over time,C2
Abysmal,/əˈbɪzməl/,adj.,"abysmal, more abysmal, most abysmal",abysmally (adv.),extremely bad or appalling; immeasurably deep｜極其惡劣或令人震驚的；深不可測的,The abysmal performance of the team led to the coach's resignation.,abysmal failure; abysmal ignorance; abysmal conditions,C2
Abstruse,/əbsˈtɹus/,adj.,"abstruse, more abstruse, most abstruse",abstruseness (n.),difficult to penetrate; incomprehensible to one of ordinary understanding or knowledge｜難以理解的；對普通人來說無法理解的,The professor's abstruse theories left most of the students baffled.,abstruse theory; abstruse concept; abstruse language,C2
Accumulate,/əˈkjumjəˌleɪt/,v.,"accumulate, accumulates, accumulated, accumulated, accumulating","accumulation (n.), accumulative (adj.)","To heap up in a mass; to pile up; to collect or bring together (either literally or figuratively), often gradually and without active intent.｜堆積成團；堆疊；收集或聚集（無論是字面上或比喻上），通常是漸進的且非主動意圖的","Dust accumulated in the abandoned house, covering every surface.",accumulate wealth; accumulate over time; gradually accumulate,C2
Adept,/əˈdɛpt/,adj.,"adept, more adept, most adept","adeptness (n.), adeptly (adv.)",highly skilled or proficient in a particular activity｜在某項活動中技藝高超或精通,"As an adept musician, she could play several instruments with ease.",adept at negotiation; adept practitioner; socially adept,C2
Adjunct,/ˈæˌdʒʌŋkt/,n.,"adjunct, adjuncts",adjunctive (adj.),something added to another thing but not an essential part of it｜附加於他物但非主要部分的東西,"The new annex was an adjunct to the main building, providing additional office space.",useful adjunct; adjunct professor; serve as adjunct,C2
Admonish,/æˈdmɑnɪʃ/,v.,"admonish, admonishes, admonished, admonished, admonishing","admonition (n.), admonitory (adj.)",admonish or counsel in terms of someone's behavior｜就某人的行為給予警告或建議,The teacher had to admonish the student for disruptive behavior during class.,admonish someone; admonish for behavior; sternly admonish,C2
Adversity,/æˈdvɝsɪti/,n.,"adversity, adversities",adverse (adj.),a state of misfortune or affliction｜不幸或苦難的狀態,"Despite the adversity he faced, he managed to graduate at the top of his class.",face adversity; overcome adversity; times of adversity,C2
Adversary,/ˈædvɚˌsɛɹi/,n.,"adversary, adversaries",adversarial (adj.),someone who offers opposition｜提出反對的人,The young chess player was no match for his more experienced adversary.,worthy adversary; formidable adversary; face an adversary,C2
Adulation,/ˌædʒəˈleɪʃən/,n. [U],no changes,adulatory (adj.),servile flattery; exaggerated and hypocritical praise｜奴性的奉承；誇張且虛偽的讚美,"The celebrity basked in the adulation of his fans, signing autographs and posing for photos.",receive adulation; shower with adulation; excessive adulation,C2
Affinity,/əˈfɪnəti/,n.,"affinity, affinities",affine (adj.),(immunology) the attraction between an antigen and an antibody｜抗原與抗體之間的吸引力,The antibody showed a high affinity for the antigen on the virus's surface.,natural affinity; strong affinity; affinity for something,C2
Afflict,/əˈflɪkt/,v.,"afflict, afflicts, afflicted, afflicted, afflicting","affliction (n.), afflictive (adj.)",cause great unhappiness for; distress｜造成極度不快；使痛苦,The loss of her pet afflicted her with deep sadness.,severely afflict; afflict with disease; emotionally afflict,C2
Affiliate,/əˈfɪliˌeɪt/,v.,"affiliate, affiliates, affiliated, affiliated, affiliating",affiliation (n.),to bring into close association or connection with a larger organization; to officially attach or link｜與更大組織建立密切關係或聯繫；正式附屬或連接,The organization decided to affiliate with a larger charity to expand its reach.,affiliate with organization; newly affiliated; closely affiliate,C2
Aesthetic,/ɛˈsθɛtɪk/,adj.,"aesthetic, more aesthetic, most aesthetic","aesthetically (adv.), aestheticism (n.)","concerned with or having an appreciation of beauty, artistic effect, or appearance｜涉及或對美、藝術效果或外觀有欣賞能力的","The museum's aesthetic appeal was as impressive as its collection, drawing visitors from around the world.",aesthetic appeal; aesthetic value; aesthetic experience,C2
Alienate,/ˈeɪljəˌneɪt/,v.,"alienate, alienates, alienated, alienated, alienating",alienation (n.),to cause someone to feel isolated or estranged; to make unfriendly or hostile to oneself｜使某人感到孤立或疏遠；使對自己產生敵意或不友善,The abrupt policy change threatened to alienate many of the party's longtime supporters.,alienate supporters; alienate friends; alienate voters,C2
Aggravate,/ˈæɡɹəˌveɪt/,v.,"aggravate, aggravates, aggravated, aggravated, aggravating",aggravation (n.),make worse｜使惡化,The ongoing conflict only served to aggravate the already tense relations between the two countries.,aggravate the problem; aggravate the situation; aggravate tensions,C2
Agitate,/ˈædʒəˌteɪt/,v.,"agitate, agitates, agitated, agitated, agitating","agitation (n.), agitator (n.)",try to stir up public opinion｜試圖煽動公眾輿論,Environmental groups continue to agitate for stricter regulations on industrial emissions.,agitate the public; agitate for change; agitate the crowd,C2
Albeit,/ɔˈlbiɪt/,conj.,no changes,None,although; even though; notwithstanding the fact that｜雖然；即使；儘管,"The team delivered the project on time, albeit with several last-minute revisions.",albeit briefly; albeit slowly; albeit with reservations,C2
Allegiance,/əˈlidʒəns/,n.,"allegiance, allegiances",allegiant (adj.),the act of binding yourself (intellectually or emotionally) to a course of action｜忠誠；效忠,The soldiers swore allegiance to their country and pledged to defend it at all costs.,swear allegiance; pledge allegiance; allegiance to the flag,C2
Aggregate,/ˈæɡɹəɡət/,n.,"aggregate, aggregates",aggregation (n.),the whole amount｜總額；總量,The aggregate of all donations collected during the charity event exceeded everyone's expectations.,aggregate sum; aggregate score; aggregate data,C2
Allege,/əˈlɛdʒ/,v.,"allege, alleges, alleged, alleged, alleging",allegation (n.),"to claim or assert that someone has done something illegal or wrong, typically without proof｜宣稱；斷言",Prosecutors allege that the defendant concealed the payments from investigators.,allege wrongdoing; allege a crime; allege misconduct,C2
Altruism,/ˈæltɹuˌɪzəm/,n.,"altruism, altruisms","altruistic (adj.), altruist (n.)",the quality of unselfish concern for the welfare of others｜利他主義；無私,His altruism was evident in the way he dedicated his life to helping the less fortunate.,act of altruism; altruism in action; display of altruism,C2
Ambiguous,/æˈmbɪɡjuəs/,adj.,"ambiguous, more ambiguous, most ambiguous","ambiguity (n.), ambiguously (adv.)",open to more than one interpretation; having a double or unclear meaning｜模棱兩可的；含糊不清的,The ambiguous statement left everyone wondering whether the company was planning to expand or downsize.,ambiguous statement; ambiguous meaning; ambiguous situation,C2
Amass,/əˈmæs/,v.,"amass, amasses, amassed, amassed, amassing",amassment (n.),collect or gather｜積累；收集,The museum's curator aimed to amass a comprehensive collection of 19th-century paintings.,amass wealth; amass evidence; amass a fortune,C2
Aloof,/əˈluf/,adj.,"aloof, more aloof, most aloof",aloofness (n.),remote in manner｜冷漠的；疏遠的,"The new professor remained aloof, often eating lunch alone and avoiding casual conversations.",aloof demeanor; aloof attitude; aloof from others,C2
Altercation,/ˌɑltɚˈkeɪʃən/,n.,"altercation, altercations",altercate (v.),noisy quarrel｜爭吵；口角,The altercation between the two drivers attracted a crowd and disrupted traffic for hours.,heated altercation; verbal altercation; physical altercation,C2
Ambivalent,/æˈmbɪvələnt/,adj.,"ambivalent, more ambivalent, most ambivalent",ambivalence (n.),uncertain or unable to decide about what course to follow｜矛盾的；猶豫不決的,"She felt ambivalent about accepting the job offer, as it meant moving away from her family.",ambivalent feelings; ambivalent attitude; ambivalent about the decision,C2
Amenable,/əˈmɛnəbəl/,adj.,"amenable, more amenable, most amenable",amenability (n.),disposed or willing to comply｜順從的；願意服從的,"The students were amenable to the idea of a field trip, as long as it didn't interfere with their exams.",amenable to change; amenable to reason; amenable to suggestions,C2
Anarchy,/ˈænɚki/,n.,"anarchy, anarchies","anarchic (adj.), anarchist (n.)","a state of lawlessness and disorder, often from the collapse of government｜無政府狀態；混亂",The country descended into anarchy after the government collapsed and armed groups took control.,state of anarchy; descend into anarchy; anarchy in the streets,C2
Ameliorate,/əˈmiljɚˌeɪt/,v.,"ameliorate, ameliorates, ameliorated, ameliorated, ameliorating",amelioration (n.),to make better｜改善；改進,The new policies were designed to ameliorate the living conditions of low-income families.,ameliorate the situation; ameliorate conditions; ameliorate the problem,C2
Anecdote,/ˈænəˌkdoʊt/,n.,"anecdote, anecdotes",anecdotal (adj.),"a short, often amusing account of a real incident｜軼事；趣聞","The author shared an anecdote about his childhood during the interview, which amused the audience.",tell an anecdote; humorous anecdote; share an anecdote,C2
Amicable,/ˈæmɪkəbəl/,adj.,"amicable, more amicable, most amicable","amicability (n.), amicably (adv.)",characterized by friendship and good will｜友善的；和睦的,"The two neighbors resolved their dispute in an amicable manner, agreeing to share the cost of the repairs.",amicable settlement; amicable relationship; amicable divorce,C2
Amorphous,/əˈmɔɹfəs/,adj.,"amorphous, more amorphous, most amorphous",amorphously (adv.),having no definite form or distinct shape｜無定形的；模糊的,"The amorphous clouds drifted across the sky, constantly changing shape.",amorphous mass; amorphous structure; amorphous material,C2
Analogous,/əˈnæləɡəs/,adj.,"analogous, more analogous, most analogous","analogy (n.), analogue (n.)",similar or equivalent in some respects though otherwise dissimilar｜相似的；類似的,The way a computer stores data is analogous to how the human brain processes information.,analogous situation; analogous example; analogous relationship,C2
Anathema,/əˈnæθəmə/,n. [U],no changes,anathematize (v.),a detested or cursed thing; a formal curse or excommunication｜令人厭惡的事物；咒逐,"To the strict traditionalist, any departure from the old ritual was anathema.",anathema to someone; regarded as anathema; considered anathema,C2
Amiable,/ˈeɪmiəbəl/,adj.,"amiable, more amiable, most amiable","amiability (n.), amiably (adv.)",disposed to please｜和藹的；友善的,The waiter was so amiable that all the customers left the restaurant in a good mood.,amiable personality; amiable demeanor; amiable disposition,C2
Anguish,/ˈæŋɡwɪʃ/,v.,"anguish, anguishes, anguished, anguished, anguishing",None,suffer great pains or distress｜感到痛苦；苦惱,"She would anguish over every decision, fearing the consequences of making the wrong choice.",anguish over something; cause anguish; feel anguish,C2
Animosity,/ˌænəˈmɑsəti/,n.,"animosity, animosities",animus (n.),a feeling of ill will arousing active hostility｜充滿敵意的情緒，引發積極的敵對,The animosity between the two colleagues was obvious to everyone in the office.,animosity towards someone; deep animosity; harbor animosity,C2
Antagonism,/æˈntæɡəˌnɪzəm/,n.,"antagonism, antagonisms","antagonistic (adj.), antagonist (n.), antagonize (v.)",a state of deep-seated ill-will｜根深蒂固的敵意狀態,The long-standing antagonism between the two nations finally erupted into war.,antagonism between parties; foster antagonism; mutual antagonism,C2
Annihilate,/əˈnaɪəˌleɪt/,v.,"annihilate, annihilates, annihilated, annihilated, annihilating",annihilation (n.),to destroy completely; to reduce to nothing; to obliterate entirely｜完全摧毀；化為烏有；徹底消滅,"The invading army sought to annihilate all resistance, leaving no survivors.",annihilate the enemy; annihilate the competition; completely annihilate,C2
Appease,/əˈpiz/,v.,"appease, appeases, appeased, appeased, appeasing",appeasement (n.),cause to be more favorably inclined; gain the good will of｜使更加傾向；獲得好感,The teacher tried to appease the angry parents by explaining the new grading policy.,appease someone's anger; appease someone's fears; appease someone's hunger,C2
Apocryphal,/əˈpɑkɹəfəl/,adj.,"apocryphal, more apocryphal, most apocryphal",apocrypha (n.),being of questionable authenticity｜可疑的真實性,The story about George Washington and the cherry tree is likely apocryphal.,apocryphal story; apocryphal legend; apocryphal tale,C2
Apathy,/ˈæpəθi/,n. [U],no changes,apathetic (adj.),an absence of emotion or enthusiasm｜缺乏情感或熱情,Widespread voter apathy resulted in the lowest election turnout in decades.,complete apathy; political apathy; widespread apathy,C2
Archaic,/ɑˈɹkeɪɪk/,adj.,"archaic, more archaic, most archaic",None,so extremely old as seeming to belong to an earlier period｜極度古老，彷彿屬於更早的時期,The archaic language of the text made it difficult for modern readers to understand.,archaic language; archaic customs; archaic laws,C2
Anomaly,/əˈnɑməli/,n.,"anomaly, anomalies",anomalous (adj.),deviation from the normal or common order or form or rule｜偏離正常或常見的秩序、形式或規則,The anomaly in the data set was discovered during a routine analysis.,anomaly in the data; statistical anomaly; genetic anomaly,C2
Antipathy,/æˈntɪpəθi/,n.,"antipathy, antipathies",antipathetic (adj.),a feeling of intense dislike｜強烈的厭惡感,Her antipathy towards public speaking was evident in her trembling voice and sweaty palms.,feel antipathy; strong antipathy; mutual antipathy,C2
Archetype,/ˈɑɹkɪˌtaɪp/,n.,"archetype, archetypes",archetypal (adj.),something that serves as a model or a basis for making copies｜作為模型或製作複製品的基礎,"The hero in the story is an archetype of the brave knight, embodying all the classic virtues.",archetype of something; classic archetype; serve as archetype,C2
Ardent,/ˈɑɹdənt/,adj.,"ardent, more ardent, most ardent","ardor (n.), ardently (adv.)",characterized by intense emotion｜以強烈情感為特徵,His ardent love for music drove him to practice the piano for hours every day.,ardent supporter; ardent desire; ardent passion,C2
Ascetic,/əˈsɛtɪk/,adj.,"ascetic, more ascetic, most ascetic",asceticism (n.),pertaining to or characteristic of an ascetic or the practice of rigorous self-discipline｜屬於或具有苦行者或嚴格自律的特徵,"The monk's ascetic lifestyle included fasting, meditation, and strict self-discipline.",ascetic lifestyle; ascetic practices; ascetic discipline,C2
Approbation,/ˌæpɹəˈbeɪʃən/,n.,"approbation, approbations",approbate (v.),official approval｜官方批准,The new policy changes received approbation from the board of directors.,win approbation; receive approbation; gain approbation,C2
Ascribe,/əsˈkɹaɪb/,v.,"ascribe, ascribes, ascribed, ascribed, ascribing",ascription (n.),attribute or credit to｜歸因於,He ascribed his success to the support of his family and mentors.,ascribe to someone; ascribe to something; ascribe meaning,C2
Arbitrary,/ˈɑɹbəˌtɹɛɹi/,adj.,"arbitrary, more arbitrary, most arbitrary","arbitrariness (n.), arbitrarily (adv.)",based on or subject to individual discretion or preference or sometimes impulse or caprice｜基於或取決於個人判斷、偏好，有時是衝動或任性,"The judge's ruling seemed arbitrary, lacking clear reasoning or consistency.",arbitrary decision; arbitrary rule; arbitrary power,C2
Arcane,/ˌɑˈɹkeɪn/,adj.,"arcane, more arcane, most arcane",arcanum (n.),requiring secret or mysterious knowledge｜需要秘密或神秘的知識,The arcane rituals of the secret society were known only to its members.,arcane knowledge; arcane secrets; arcane rituals,C2
Artifice,/ˈɑɹtəfɪs/,n.,"artifice, artifices","artificial (adj.), artificer (n.)",clever or cunning devices or expedients used to trick or deceive; crafty skill employed to gain an advantage｜用於欺騙的巧妙或狡猾的手段；為獲取優勢而使用的詭計,"The thief used artifice to escape, creating a diversion to distract the guards.",employ artifice; clever artifice; use artifice,C2
Atone,/əˈtoʊn/,v.,"atone, atones, atoned, atoned, atoning",atonement (n.),make amends for｜彌補,"After causing a car accident, he worked hard to atone by volunteering at a local charity.",atone for sins; atone for mistakes; atone for wrongdoing,C2
Arduous,/ˈɑɹdʒuəs/,adj.,"arduous, more arduous, most arduous","arduousness (n.), arduously (adv.)",characterized by effort to the point of exhaustion; especially physical effort｜以努力到筋疲力盡為特徵；尤其指體力上的努力,Completing the marathon was an arduous task that left her muscles aching for days.,arduous task; arduous journey; arduous work,C2
Asperity,/əˈspɛɹɪti/,n.,"asperity, asperities",None,something hard to endure｜難以忍受的事物,The asperity of the winter storm made it difficult for the rescue team to do their job.,asperity of manner; treat with asperity; endure asperity,C2
Attenuate,/əˈtɛnjuˌeɪt/,v.,"attenuate, attenuates, attenuated, attenuated, attenuating",attenuation (n.),"to reduce the force, effect, intensity, or virulence of something｜減少、減弱或降低某物的力量、效果、強度或毒性",Thick concrete walls attenuate the radio signal before it reaches the basement.,attenuate a signal; attenuate the effect; attenuated vaccine,C2
Aplomb,/əˈplɑm/,n.,"aplomb, aplombs",None,great coolness and composure under strain｜在壓力下表現出的冷靜與鎮定,"Despite the chaos around her, she handled the situation with aplomb and completed the task efficiently.",maintain aplomb; display aplomb; recover aplomb,C2
Astute,/əˈstut/,adj.,"astute, more astute, most astute","astuteness (n.), astutely (adv.)",marked by practical hardheaded intelligence｜表現出務實而敏銳的洞察力,His astute observations during the meeting impressed everyone and led to a successful strategy.,astute observer; astute decision; astute businessman,C2
Assiduous,/əˈsɪdwəs/,adj.,"assiduous, more assiduous, most assiduous","assiduity (n.), assiduously (adv.)",marked by care and persistent effort｜細心且持續努力的,"The research team was assiduous in their efforts, working late nights to meet the project deadline.",assiduous worker; assiduous study; assiduous attention,C2
Austere,/ɔˈstɪɹ/,adj.,"austere, more austere, most austere",austerity (n.),severely simple｜極度簡樸的,The artist lived in an austere studio with only the basic necessities to focus on his work.,austere lifestyle; austere design; austere environment,C2
Atrophy,/ˈætɹəfi/,n.,"atrophy, atrophies","atrophic (adj.), atrophied (v.)",a decrease in size of an organ caused by disease or disuse｜器官因疾病或廢用而萎縮變小,The doctor explained that the patient's muscle atrophy was due to prolonged inactivity and lack of exercise.,muscle atrophy; cause atrophy; prevent atrophy,C2
Audacious,/ɑˈdeɪʃəs/,adj.,"audacious, more audacious, most audacious","audacity (n.), audaciously (adv.)",invulnerable to fear or intimidation｜不畏懼或威嚇的，大膽無畏的,"The audacious young woman stood up to the bullies without hesitation, earning the respect of her peers.",audacious plan; audacious move; audacious leader,C2
Assuage,/əˈsweɪdʒ/,v.,"assuage, assuages, assuaged, assuaged, assuaging",assuagement (n.),make an unpleasant feeling less intense; soothe or relieve｜減輕不愉快的情緒；安撫或舒緩,The teacher tried to assuage the student's fears about the upcoming exam by offering extra help sessions.,assuage fears; assuage concerns; assuage anger,C2
Auspicious,/ɑˈspɪʃəs/,adj.,"auspicious, more auspicious, most auspicious","auspiciousness (n.), auspiciously (adv.)",auguring favorable circumstances and good luck｜預示著有利的情況和好運,The early arrival of the spring flowers was an auspicious sign that the weather would be pleasant for the wedding.,auspicious start; auspicious occasion; auspicious sign,C2
Augment,/ɔˈɡmɛnt/,v.,"augment, augments, augmented, augmented, augmenting",augmentation (n.),enlarge or increase｜擴大或增加,The company decided to augment its security measures after a recent data breach.,augment knowledge; augment resources; augment capacity,C2
Avid,/ˈævəd/,adj.,"avid, more avid, most avid","avidity (n.), avidly (adv.)",enthusiastically eager and keen; having a great interest in or desire for something｜熱切的，渴望的；對某事物有濃厚的興趣或強烈的渴望,"She was avid for knowledge, spending hours in the library reading every book she could find on the subject.",avid reader; avid collector; avid for success,C2
Aver,/ˈeɪvɚ/,v.,"aver, avers, averred, averred, averring",averment (n.),report or maintain｜斷言，堅稱,"The witness averred that he had seen the suspect at the scene of the crime, providing crucial testimony.",aver the truth; aver a fact; aver a claim,C2
Banal,/bəˈnɑl/,adj.,"banal, more banal, most banal",banality (n.),repeated too often; overfamiliar through overuse｜因過度使用而變得陳腐或過於熟悉,"The movie's plot was banal, relying on tired tropes that failed to engage the audience.",banal statement; banal conversation; banal theme,C2
Benevolent,/bəˈnɛvələnt/,adj.,"benevolent, more benevolent, most benevolent","benevolence (n.), benevolently (adv.)",intending or showing kindness｜意圖或表現出善良的,The benevolent organization provided food and shelter to those affected by the natural disaster.,benevolent gesture; benevolent society; benevolent intention,C2
Avarice,/ˈævɚəs/,n. [U],no changes,avaricious (adj.),extreme greed for wealth or material gain; insatiable desire for riches｜對財富或物質利益的極端貪婪；對財富的貪得無厭,"His avarice led him to make unethical business decisions, prioritizing profit over integrity.",avarice for money; greed and avarice; insatiable avarice,C2
Balk,/ˈbɔk/,v.,"balk, balks, balked, balked, balking",balky (adj.),"to hesitate or refuse to proceed because something seems difficult, costly, or objectionable｜因看起來困難、昂貴或令人反感而猶豫或拒絕繼續",Several investors balked at the unexpectedly high cost of the project.,balk at the price; balk at the idea; balk at paying,C2
Bane,/ˈbeɪn/,n.,"bane, banes",baneful (adj.),something causing misery or death｜造成苦難或死亡的東西,"The widespread disease became the bane of the community, causing widespread suffering and loss.",bane of existence; bane of society; bane of progress,C2
Bolster,/ˈboʊlstɚ/,v.,"bolster, bolsters, bolstered, bolstered, bolstering",None,support and strengthen｜支持並加強,The coach's motivational speech helped bolster the team's confidence before the big game.,bolster confidence; bolster support; bolster morale,C2
Benign,/bɪˈnaɪn/,adj.,"benign, more benign, most benign","benignity (n.), benignly (adv.)",not harmful or dangerous; (of a tumour) not cancerous｜無害的或不危險的；（腫瘤）非癌性的,"The tumor was benign, and the surgery to remove it was considered low risk.",benign tumor; benign condition; benign neglect,C2
Berate,/bɪˈɹeɪt/,v.,"berate, berates, berated, berated, berating",None,censure severely or angrily｜嚴厲或憤怒地責備,"The coach berated the team for their poor performance, hoping to inspire improvement.",berate someone; berate for mistakes; berate harshly,C2
Bellicose,/ˈbɛləˌkoʊs/,adj.,"bellicose, more bellicose, most bellicose",bellicosity (n.),having or showing a ready disposition to fight｜好戰的；顯示出好鬥傾向的,The bellicose leader's aggressive policies heightened tensions between the two nations.,bellicose attitude; bellicose rhetoric; bellicose behavior,C2
Brazen,/ˈbɹeɪzən/,adj.,"brazen, more brazen, most brazen","brazenness (n.), brazenly (adv.)",unrestrained by convention or propriety｜不拘泥於傳統或禮儀的；肆無忌憚的,"The brazen student challenged the teacher's decision, disregarding classroom etiquette.",brazen lie; brazen act; brazen disregard,C2
Buttress,/ˈbʌtɹəs/,v.,"buttress, buttresses, buttressed, buttressed, buttressing",None,reinforce with a buttress｜用扶壁加固,The engineers worked to buttress the old bridge to ensure it could withstand future storms.,buttress an argument; buttress a wall; buttress a claim,C2
Bombast,/ˈbɑmbæst/,n. [U],no changes,bombastic (adj.),pompous or pretentious talk or writing｜浮誇或自負的言論或文章,"The politician's speech was full of bombast, filled with grand promises but lacking substance.",pompous bombast; political bombast; empty bombast,C2
Brevity,/ˈbɹɛvəti/,n.,"brevity, brevities",brief (adj.),the use of brief expressions｜簡潔的表達方式,The author's brevity of language allowed the reader to quickly grasp the complex concepts being presented.,brevity of speech; brevity in writing; appreciate brevity,C2
Bucolic,/bjuˈkɑlɪk/,adj.,"bucolic, more bucolic, most bucolic",None,"relating to or characteristic of an idealized, pleasant rural life｜關於或具有理想化、愉快田園生活特徵的",The bucolic villagers gathered at the annual harvest festival to celebrate the season's bounty.,bucolic setting; bucolic lifestyle; bucolic charm,C2
Burgeon,/ˈbɝdʒən/,v.,"burgeon, burgeons, burgeoned, burgeoned, burgeoning",burgeoning (v.),grow and flourish｜成長並繁榮,"With the new funding, the tech startup began to burgeon, expanding its team and product offerings.",burgeon rapidly; burgeoning population; burgeoning industry,C2
Burnish,/ˈbɝnɪʃ/,v.,"burnish, burnishes, burnished, burnished, burnishing",None,polish and make shiny｜拋光使發亮,She took a cloth to burnish the old silver teapot until it shone brilliantly.,burnish reputation; burnish metal; burnish skills,C2
Boorish,/ˈbʊɹɪʃ/,adj.,"boorish, more boorish, most boorish",boorishness (n.),ill-mannered and coarse and contemptible in behavior or appearance｜行為或外表粗魯、不雅且可鄙的,"His boorish behavior at the dinner party, including loud belching and crude jokes, appalled the other guests.",boorish behavior; boorish remark; boorish manner,C2
Capitulate,/kəˈpɪtʃulɪt/,v.,"capitulate, capitulates, capitulated, capitulated, capitulating",capitulation (n.),surrender under agreed conditions｜在約定條件下投降,"The army, facing insurmountable odds, decided to capitulate under the agreed condition of safe passage for its troops.",capitulate under pressure; capitulate unconditionally; capitulate to demands,C2
Callous,/ˈkæləs/,adj.,"callous, more callous, most callous","callousness (n.), callously (adv.)",emotionally hardened｜情感麻木的,"The callous criminal showed no remorse for his actions, even when confronted with the suffering of his victims.",callous disregard; callous attitude; callous nature,C2
Candor,/ˈkændɚ/,n. [U],no changes,"candid (adj.), candidly (adv.), candidness (n.)","the quality of being open, honest, and sincere in expression; frankness without deception｜表達開放、誠懇且真摯的品質；不欺瞞的坦率","In a moment of candor, she admitted to the committee that their previous decision had been a mistake.",candor in communication; speak with candor; display candor,C2
Cardinal,/ˈkɑɹdənəl/,n.,"cardinal, cardinals",cardinalship (n.),a senior official of the Roman Catholic Church appointed by the pope｜由教皇任命的羅馬天主教會高級官員,The cardinal was known for his progressive views and often advised the Pope on matters of social justice.,College of Cardinals; appoint a cardinal; cardinal's robes,C2
Cacophony,/kæˈkɑfəni/,n.,"cacophony, cacophonies",cacophonous (adj.),a loud harsh or strident noise｜刺耳、喧鬧的噪音,The cacophony of car horns and shouting in the city street was overwhelming to the tourists.,cacophony of sounds; deafening cacophony; industrial cacophony,C2
Calumny,/ˈkæləmni/,n.,"calumny, calumnies","calumniate (v.), calumnious (adj.)",a false accusation of an offense or a malicious misrepresentation of someone's words or actions｜對罪行的虛假指控或對他人言行的恶意曲解,The politician's calumny against his opponent was quickly debunked by fact-checkers and journalists.,baseless calumny; spread calumny; malicious calumny,C2
Cajole,/kəˈdʒoʊl/,v.,"cajole, cajoles, cajoled, cajoled, cajoling",cajolery (n.),"influence or urge by gentle urging, caressing, or flattering｜以溫和的勸說、撫慰或奉承來影響或激勵",The salesperson tried to cajole the customer into buying the expensive warranty with promises of peace of mind.,cajole into agreement; cajole someone into doing; cajole with flattery,C2
Circuitous,/sɚˈkjuɪtəs/,adj.,"circuitous, more circuitous, most circuitous",circuitously (adv.),marked by obliqueness or indirection in speech or conduct｜言語或行為上的間接、迂迴,The lawyer's circuitous response to the question left everyone in the courtroom confused about his client's alibi.,circuitous route; circuitous argument; circuitous explanation,C2
Censure,/ˈsɛnʃɚ/,n.,"censure, censures",censorious (adj.),harsh criticism or disapproval｜嚴厲的批評或譴責,The public censure of the company's unethical practices led to a swift change in their business model.,public censure; face censure; harsh censure,C2
Cantankerous,/kæˈntæŋkɚəs/,adj.,"cantankerous, more cantankerous, most cantankerous",cantankerously (adv.),"given to or marked by ill-tempered, quarrelsome behavior; difficult and uncooperative｜脾氣暴躁、愛爭吵的；難以相處且不配合的","The cantankerous old man refused to move his car, arguing with the tow truck driver for over an hour.",cantankerous old man; cantankerous attitude; cantankerous behavior,C2
Catalyst,/ˈkætələst/,n.,"catalyst, catalysts","catalytic (adj.), catalyze (v.)",a substance that increases the rate of a chemical reaction without being consumed; a person or event that triggers significant change｜能加速化學反應而不被消耗的物質；觸發重大變革的人或事件,"The catalyst in the experiment accelerated the reaction, allowing the scientists to gather data more quickly.",catalyst for change; chemical catalyst; act as a catalyst,C2
Castigate,/ˈkæstəˌɡeɪt/,v.,"castigate, castigates, castigated, castigated, castigating",castigation (n.),censure severely｜嚴厲譴責,The teacher had to castigate the student for repeatedly disrupting the class with his outbursts.,castigate harshly; castigate publicly; castigate for wrongdoing,C2
Caustic,/ˈkɑstɪk/,adj.,"caustic, more caustic, most caustic","causticity (n.), caustically (adv.)",harsh or corrosive in tone｜語氣刻薄或腐蝕性的,"Her caustic remarks about the new policy did not go unnoticed, causing a stir at the town hall meeting.",caustic remark; caustic tone; caustic criticism,C2
Capricious,/kəˈpɹɪʃəs/,adj.,"capricious, more capricious, most capricious","capriciousness (n.), capriciously (adv.)",given to sudden and unpredictable changes of mood or behavior; acting on impulse without apparent reason｜反覆無常的，行事衝動且無明顯理由的,The capricious weather in the mountains meant hikers had to be prepared for sudden changes in conditions.,capricious decision; capricious nature; capricious weather,C2
Chronic,/ˈkɹɑnɪk/,adj.,no changes,"chronicity (n.), chronically (adv.)",being long-lasting and recurrent or characterized by long suffering｜長期持續或反覆發生的，或以長期痛苦為特徵的,The chronic pain in her back made it difficult for her to enjoy activities she once loved.,chronic illness; chronic condition; chronic pain,C2
Capacious,/kəˈpeɪʃəs/,adj.,"capacious, more capacious, most capacious",capaciousness (n.),large in capacity｜容量大的,The capacious warehouse could easily hold all the inventory for the upcoming holiday season.,capacious bag; capacious mind; capacious storage,C2
Clandestine,/klæˈndɛstɪn/,adj.,"clandestine, more clandestine, most clandestine",clandestinely (adv.),conducted with or marked by hidden aims or methods｜以隱密的方式進行或以隱藏的目的或方法為標誌的,"The clandestine meeting between the spies took place in a dimly lit alley, away from prying eyes.",clandestine operation; clandestine meeting; clandestine affair,C2
Clemency,/ˈklɛmənsi/,n.,"clemency, clemencies",clement (adj.),"merciful and lenient treatment, especially by a person in authority; mildness or leniency in judgment｜仁慈寬大的待遇，尤指掌權者所為；裁判的寬厚或從輕",The governor granted clemency after reviewing evidence of the prisoner's rehabilitation.,clemency in sentencing; show clemency; grant clemency,C2
Circumvent,/ˌsɝkəˈmvɛnt/,v.,"circumvent, circumvents, circumvented, circumvented, circumventing",circumvention (n.),to find a way around an obstacle or rule; to avoid or bypass by ingenuity or skill｜繞過障礙或規則；靠機智或技巧避開或繞道,The company attempted to circumvent the new regulations by outsourcing production to a country with looser laws.,circumvent the law; circumvent restrictions; circumvent obstacles,C2
Chicanery,/ʃɪˈkeɪnɚi/,n. [U],no changes,chicanerous (adj.),the use of deception and clever trickery to achieve a goal｜為達目的而使用的欺騙和巧妙詭計,The con artist's chicanery was exposed when his victims discovered they had been tricked into buying worthless shares.,chicanery in business; blatant chicanery; financial chicanery,C2
Concede,/kəˈnsid/,v.,"concede, concedes, conceded, conceded, conceding",concession (n.),admit (to a wrongdoing)｜承認（過錯）,"After weeks of denial, the accused finally conceded that he had falsified the records.",concede defeat; concede reluctantly; concede a point,C2
Complement,/ˈkɑmpləmənt/,n.,"complement, complements",complementary (adj.),"something that completes, enhances, or brings to perfection something else; a counterpart that goes well with something｜使他物完整、增強或臻於完美的東西；與某物相配的對應物","In the sentence 'She is a doctor,' the word 'doctor' serves as a complement, completing the grammatical construction.",grammatical complement; complete a complement; verb complement,C2
Coalesce,/ˌkoʊəˈlɛs/,v.,"coalesce, coalesces, coalesced, coalesced, coalescing","coalescence (n.), coalescent (adj.)",mix together different elements｜混合不同的元素,"The flavors of garlic and ginger began to coalesce, creating a rich and aromatic sauce.",coalesce into one; begin to coalesce; forces coalesce,C2
Circumspect,/ˈsɝkəmˌspɛkt/,adj.,"circumspect, more circumspect, most circumspect","circumspection (n.), circumspectly (adv.)",heedful of potential consequences｜注意潛在後果的,"The politician was circumspect in his response, carefully considering the potential consequences of his words.",circumspect approach; very circumspect; remain circumspect,C2
Complacent,/kəmˈpleɪsənt/,adj.,"complacent, more complacent, most complacent","complacency (n.), complacently (adv.)",contented to a fault with oneself or one's actions｜對自己或自己的行為過度自滿的,"After years of success, the company grew complacent, failing to anticipate changes in the market.",complacent attitude; become complacent; dangerously complacent,C2
Cogent,/ˈkoʊdʒənt/,adj.,"cogent, more cogent, most cogent","cogency (n.), cogently (adv.)",powerfully persuasive｜強有力的說服力的,"The lawyer presented a cogent argument, persuading the jury to reconsider the evidence.",cogent argument; cogent reasoning; particularly cogent,C2
Compliant,/kəmˈplaɪənt/,adj.,"compliant, more compliant, most compliant","compliance (n.), comply (adv.)",disposed or willing to comply｜願意服從的,The new policy was designed to ensure that all employees are compliant with safety regulations.,legally compliant; fully compliant; compliant with regulations,C2
Concise,/kəˈnsaɪs/,adj.,"concise, more concise, most concise","concision (n.), concisely (adv.)",using few words but conveying much; expressing ideas clearly and succinctly without unnecessary elaboration｜言簡意賅的,"The report was concise, covering all the essential points without unnecessary elaboration.",concise summary; concise explanation; clear and concise,C2
Commensurate,/kəˈmɛnsɚət/,adj.,no changes,"commensurately (adv.), commensuration (n.)",corresponding in size or degree or extent｜大小、程度或範圍相當的,"The salary increase was commensurate with her performance, reflecting her hard work and dedication.",commensurate with experience; commensurate salary; commensurate effort,C2
Composure,/kəˈmpoʊʒɚ/,n. [U],no changes,compose (v.),"calmness and self-possession, especially in a difficult situation; equanimity of mind or manner｜冷靜沉著，（尤指在困境中）自我控制；心態或舉止的泰然",He struggled to maintain his composure after learning about the betrayal.,maintain composure; lose composure; composure in the face of,C2
Condone,/kəˈndoʊn/,v.,"condone, condones, condoned, condoned, condoning",condonation (n.),"excuse, overlook, or make allowances for; be lenient with｜寬恕、忽視或體諒；對…寬大",The teacher could not condone the student's cheating and decided to report the incident.,condone bad behavior; cannot condone; condone violence,C2
Conciliatory,/kəˈnsɪˌliəˌtɔɹi/,adj.,"conciliatory, more conciliatory, most conciliatory","conciliation (n.), conciliate (v.)",making or willing to make concessions｜調解的；願意讓步的,"The manager adopted a conciliatory approach, willing to make concessions to resolve the conflict.",conciliatory gesture; conciliatory tone; attempt to be conciliatory,C2
Conducive,/kəˈndusɪv/,adj.,"conducive, more conducive, most conducive",conduce (v.),tending to bring about; being partly responsible for｜有助於…的；促進的,Regular exercise is conducive to better health and improved mood.,conducive environment; conducive to learning; conditions conducive,C2
Confound,/kɑˈnfaʊnd/,v.,"confound, confounds, confounded, confounded, confounding",confounding (adj.),be confusing or perplexing to; cause to be unable to think clearly｜使困惑；使無法清晰思考,The complex math problem served to confound most of the students in the class.,confound expectations; completely confound; confound the issue,C2
Conjecture,/kəˈndʒɛktʃɚ/,n.,"conjecture, conjectures",conjectural (adj.),an opinion or conclusion formed from incomplete evidence; a guess｜猜測；根據不完整證據形成的意見,The detective's conjecture about the suspect's motive was based on very little hard evidence.,mere conjecture; based on conjecture; wild conjecture,C2
Connotation,/ˌkɑnəˈteɪʃən/,n.,"connotation, connotations","connote (v.), connotative (adj.)",what you must know in order to determine the reference of an expression｜內涵意義；確定表達所指所需的知識,The word 'cool' has connotations of calmness and detachment that go beyond its literal meaning.,positive connotation; negative connotation; carry connotations,C2
Console,/ˈkɑnsoʊl/,n.,"console, consoles",None,a control panel or electronic unit; a narrow table designed to stand against a wall｜控制面板；靠牆擺放的窄桌,"The vintage console table added a touch of elegance to the hallway, fitting perfectly against the wall.",console table; game console; console cabinet,C2
Connoisseur,/ˌkɑnəˈsɝ/,n.,"connoisseur, connoisseurs",connoisseurship (n.),an expert able to appreciate a field; especially in the fine arts｜專家；（尤指）藝術品鑒賞家,"As a connoisseur of fine wines, he could easily distinguish between the subtle notes of different vintages.",connoisseur of wine; true connoisseur; art connoisseur,C2
Conspicuous,/kənˈspɪkjuəs/,adj.,"conspicuous, more conspicuous, most conspicuous","conspicuousness (n.), conspicuously (adv.)",obvious to the eye or mind｜顯眼的；明顯的,The actor's performance was so conspicuous that it drew the attention of several casting directors.,conspicuous by absence; highly conspicuous; conspicuous display,C2
Consternation,/ˌkɑnstɚˈneɪʃən/,n. [U],no changes,consternate (v.),fear resulting from the awareness of danger｜驚慌；恐懼,"The sound of gunfire filled the air, causing consternation among the townspeople.",cause consternation; fill with consternation; consternation among,C2
Construe,/kənˈstruː/,v.,"construe, construes, construed, construed, construing","construction (n.), constructive (adj.)",make sense of; assign a meaning to｜解釋；賦予意義,The lawyer had to construe the contract carefully to find a loophole that would benefit his client.,construe as meaning; construe literally; construe the law,C2
Congenial,/kəˈndʒinjəl/,adj.,"congenial, more congenial, most congenial","congeniality (n.), congenially (adv.)",pleasant or agreeable because well-suited to one's tastes; (of a person) friendly and sociable｜宜人的；友善的；合得來的,"The inn offered a congenial atmosphere, with its warm lighting and comfortable furnishings.",congenial atmosphere; congenial company; congenial environment,C2
Consummate,/ˈkɑnsəmət/,adj.,no changes,consummation (n.),having or revealing supreme mastery or skill｜精湛的；完美的,Her consummate skill on the piano left the audience in awe.,consummate skill; consummate professional; consummate performance,C2
Contemplate,/ˈkɑntəmˌpleɪt/,v.,"contemplate, contemplates, contemplated, contemplated, contemplating","contemplation (n.), contemplative (adj.)",look at thoughtfully; observe deep in thought｜沉思；深思,"He liked to contemplate the stars, finding peace in the quiet night sky.",contemplate the future; contemplate deeply; contemplate one's options,C2
Contentious,/kəˈntɛnʃəs/,adj.,"contentious, more contentious, most contentious","contentiousness (n.), contentiously (adv.)","inclined or showing an inclination to dispute or disagree, even to engage in law suits｜愛爭執的；有爭議的","The topic was contentious, often leading to heated debates and disagreements.",contentious issue; contentious debate; contentious relationship,C2
Contiguous,/kəˈntɪɡjuəs/,adj.,no changes,contiguity (n.),very close or connected in space or time｜相連的；接壤的,"The two countries shared a contiguous border, which facilitated trade and travel between them.",contiguous states; geographically contiguous; contiguous territories,C2
Contemptuous,/kəˈntɛmptʃuəs/,adj.,"contemptuous, more contemptuous, most contemptuous","contempt (n.), contemptuousness (n.)",expressing extreme contempt｜輕蔑的；表示鄙視的,The contemptuous look on her face made it clear she had no respect for his opinion.,contemptuous glare; contemptuous remark; contemptuous attitude,C2
Dissent,/dɪˈsɛnt/,v.,"dissent, dissents, dissented, dissented, dissenting","dissension (n.), dissenter (n.)",withhold assent｜不同意；持異議,"The committee member dissented from the majority opinion, presenting a detailed counterargument.",openly dissent; dissent from the majority; dissent from the opinion,C2
Exuberant,/ɪˈɡzubɚənt/,adj.,"exuberant, more exuberant, most exuberant",exuberance (n.),joyously unrestrained｜興高采烈的；熱情奔放的,"The children were exuberant as they ran around the playground, laughing and shouting.",exuberant joy; exuberant personality; exuberant celebration,C2
Extricate,/ˈɛkstɹəˌkeɪt/,v.,"extricate, extricates, extricated, extricated, extricating",extrication (n.),release from entanglement of difficulty｜擺脫；使脫困,The hikers had to extricate themselves from the thorny bushes that lined the narrow trail.,extricate from trouble; extricate from predicament; extricate from situation,C2
Extemporize,/ɪkstɛmpɝaɪz/,v.,"extemporize, extemporizes, extemporized, extemporized, extemporizing","extemporaneous (adj.), extemporization (n.)",manage in a makeshift way; do with whatever is at hand｜臨時湊合；即興而為,"With no utensils available, they had to extemporize by using large leaves as plates.",extemporize a solution; extemporize with available resources; extemporize on stage,C2
Facetious,/fəˈsiʃəs/,adj.,"facetious, more facetious, most facetious",facetiousness (n.),cleverly amusing in tone｜言語詼諧的；俏皮的,His facetious remark about the boss's new haircut did not go over well in the meeting.,facetious remark; facetious tone; facetious comment,C2
Fathom,/ˈfæðəm/,v.,"fathom, fathoms, fathomed, fathomed, fathoming",fathomable (adj.),come to understand｜理解；領會,It took her a moment to fathom why everyone was suddenly laughing at the joke.,fathom the problem; fathom the situation; fathom the meaning,C2
Extenuate,/ɪkˈstɛnjuˌeɪt/,v.,"extenuate, extenuates, extenuated, extenuated, extenuating","extenuation (n.), extenuating (v.)",lessen or to try to lessen the seriousness or extent of｜減輕（罪過等）；淡化,The lawyer tried to extenuate his client's actions by citing extenuating circumstances.,extenuate circumstances; extenuate the offense; extenuate the crime,C2
Facilitate,/fəˈsɪləˌteɪt/,v.,"facilitate, facilitates, facilitated, facilitated, facilitating","facilitation (n.), facilitator (n.)",make easier｜使更容易；促進,The new software will facilitate the process of data analysis for our team.,facilitate learning; facilitate communication; facilitate the process,C2
Feign,/ˈfeɪn/,v.,"feign, feigns, feigned, feigned, feigning",feint (n.),make believe with the intent to deceive｜偽裝；假裝,She decided to feign illness to avoid attending the boring company meeting.,feign illness; feign interest; feign innocence,C2
Feral,/ˈfɛɹəl/,adj.,"feral, more feral, most feral",ferality (n.),wild and menacing｜野生的；兇猛的,The feral cat hissed and ran away as soon as it saw the approaching humans.,feral cat; feral dog; feral expression,C2
Fecund,/ˈfɛk.ənd/,adj.,"fecund, more fecund, most fecund","fecundity (n.), fecundate (v.)",capable of producing offspring or vegetation｜多產的；肥沃的,The farmer was pleased with the fecund soil that produced an abundant crop of corn.,fecund imagination; fecund soil; fecund period,C2
Fidelity,/fəˈdɛləti/,n.,"fidelity, fidelities",None,"faithfulness to duties, obligations, or a person; loyalty; also, accuracy in reproducing an original｜忠誠；忠實；保真度","The audio system was known for its fidelity, reproducing sound exactly as it was recorded.",fidelity to the original; fidelity in sound; fidelity in reproduction,C2
Fastidious,/fæˈstɪdiəs/,adj.,"fastidious, more fastidious, most fastidious",fastidiousness (n.),giving careful attention to detail; hard to please; excessively concerned with cleanliness｜一絲不苟的；挑剔的；愛乾淨的,The fastidious editor spent hours checking every detail of the manuscript for errors.,fastidious attention; fastidious taste; fastidious standards,C2
Fervent,/ˈfɝvənt/,adj.,"fervent, more fervent, most fervent","fervency (n.), fervor (n.)",characterized by intense emotion｜熱烈的；激烈的,The fervent speech about climate change inspired many in the audience to take action.,fervent belief; fervent prayer; fervent supporter,C2
Felicitous,/fɪˈlɪsətəs/,adj.,"felicitous, more felicitous, most felicitous",felicity (n.),exhibiting an agreeably appropriate manner or style｜貼切的；恰到好處的,The felicitous turn of phrase in the novel made readers pause and reflect on its meaning.,felicitous phrase; felicitous timing; felicitous choice,C2
Fluctuate,/ˈflʌktʃəˌweɪt/,v.,"fluctuate, fluctuates, fluctuated, fluctuated, fluctuating",fluctuation (n.),cause to fluctuate or move in a wavelike pattern｜使波動；使起伏,The stock market tends to fluctuate based on economic indicators and global events.,fluctuate wildly; fluctuate between; fluctuate in value,C2
Flamboyant,/flæˈmbɔɪənt/,adj.,"flamboyant, more flamboyant, most flamboyant",flamboyance (n.),marked by ostentation but often tasteless｜浮誇的；華而不實的,The flamboyant actor arrived at the premiere in a bright purple suit and oversized hat.,flamboyant style; flamboyant personality; flamboyant display,C2
Fatuous,/ˈfætʃəwəs/,adj.,"fatuous, more fatuous, most fatuous","fatuity (n.), fatuousness (n.)",devoid of intelligence｜愚笨的；昏庸的,His fatuous comments during the debate made it clear he had not prepared properly.,fatuous comment; fatuous idea; fatuous behavior,C2
Foment,/ˈfoʊmɛnt/,v.,"foment, foments, fomented, fomented, fomenting",fomentation (n.),try to stir up public opinion｜煽動；激起,The inflammatory speeches helped foment unrest throughout the capital.,foment unrest; foment rebellion; foment dissent,C2
Fickle,/ˈfɪkəl/,adj.,"fickle, fickler, ficklest",fickleness (n.),marked by erratic changeableness in affections or attachments｜善變的；變化無常的,The fickle weather in the region made it difficult for farmers to plan their planting schedules.,fickle nature; fickle lover; fickle weather,C2
Formidable,/ˈfɔɹmədəbəl/,adj.,"formidable, more formidable, most formidable",formidability (n.),"Causing fear, dread, awe, or discouragement as a result of size, strength, or some other impressive feature; commanding respect; causing wonder or astonishment.｜令人敬畏的；可怕的；難以應付的","The new CEO was a formidable leader, commanding respect from employees and competitors alike.",formidable opponent; formidable challenge; formidable presence,C2
Forestall,/fɔɹˈstɔl/,v.,"forestall, forestalls, forestalled, forestalled, forestalling",forestallment (n.),keep from happening or arising; make impossible｜預先阻止；先發制人,The city council hoped to forestall the construction of the new highway through their neighborhood.,forestall disaster; forestall attack; forestall crisis,C2
Fraudulent,/ˈfɹɔdʒələnt/,adj.,"fraudulent, more fraudulent, most fraudulent","fraud (n.), fraudulence (n.)",intended to deceive｜欺詐的；騙人的,The fraudulent scheme involved creating fake invoices to deceive the company into paying for nonexistent services.,fraudulent scheme; fraudulent activity; fraudulent claim,C2
Flaunt,/ˈflɔnt/,v.,"flaunt, flaunts, flaunted, flaunted, flaunting",flauntingly (adv.),display proudly; act ostentatiously or pretentiously｜炫耀；賣弄,She couldn't resist flaunting her new designer bag to everyone at the party.,flaunt wealth; flaunt success; flaunt designer clothes,C2
Forbearance,/fɔˈɹbɛɹəns/,n.,"forbearance, forbearances",forbear (v.),good-natured tolerance of delay or incompetence｜寬容；耐心,His forbearance with the slow internet connection was impressive given his busy schedule.,show forbearance; exercise forbearance; remarkable forbearance,C2
Flippant,/ˈflɪpənt/,adj.,"flippant, more flippant, most flippant",flippancy (n.),showing inappropriate levity｜輕率的；無禮的,His flippant remarks about the accident were inappropriate and offended many people.,flippant remark; flippant attitude; flippant response,C2
Fraught,/ˈfɹɔt/,adj.,"fraught, more fraught, most fraught",None,marked by distress｜充滿焦慮的；令人擔憂的,The meeting was fraught with tension as the board members argued over the budget cuts.,fraught with danger; fraught with tension; fraught situation,C2
Fortuitous,/fɔˈɹtuɪtəs/,adj.,"fortuitous, more fortuitous, most fortuitous",fortuity (n.),"happening by chance or accident; coincidental, and often with favorable results｜偶然的；僥倖的",Their meeting was entirely fortuitous; neither of them had planned to be at the café that day.,fortuitous encounter; fortuitous event; fortuitous circumstances,C2
Frivolous,/ˈfɹɪvələs/,adj.,"frivolous, more frivolous, most frivolous",frivolity (n.),not serious in content or attitude or behavior｜輕浮的；無聊的,The lawyer's frivolous lawsuit wasted everyone's time and resources.,frivolous lawsuit; frivolous argument; frivolous behavior,C2
Frugal,/ˈfɹuɡəl/,adj.,"frugal, more frugal, most frugal",frugality (n.),avoiding waste｜節儉的；樸素的,"She was frugal with her money, always looking for ways to save and avoid unnecessary expenses.",frugal lifestyle; frugal shopper; frugal with money,C2
Galvanize,/ˈɡælvəˌnaɪz/,v.,"galvanize, galvanizes, galvanized, galvanized, galvanizing",galvanization (n.),to stimulate to action｜激勵；刺激,"The speech galvanized the crowd, inspiring them to take immediate action.",galvanize support; galvanize into action; galvanize the community,C2
Futile,/ˈfjutəl/,adj.,"futile, more futile, most futile",futility (n.),producing no result or effect｜徒勞的；無效的,Their attempts to negotiate were futile as neither side was willing to compromise.,futile attempt; futile effort; futile endeavor,C2
Garner,/ˈɡɑɹnɚ/,v.,"garner, garners, garnered, garnered, garnering",garnering (v.),acquire or deserve by one's efforts or actions｜獲得；博得,He managed to garner widespread support for his proposal through persistent lobbying.,garner attention; garner praise; garner support,C2
Fractious,/ˈfɹækʃəs/,adj.,"fractious, more fractious, most fractious",fractiousness (n.),stubbornly resistant to authority or control｜難以控制的；暴躁的,The fractious child refused to sit still and constantly disrupted the class.,fractious child; fractious behavior; fractious relationship,C2
Fulminate,/ˈfʊlməˌneɪt/,v.,"fulminate, fulminates, fulminated, fulminated, fulminating",fulmination (n.),criticize severely｜猛烈抨擊；譴責,"The environmental group fulminated against the new policy, calling it a disaster for nature.",fulminate against injustice; fulminate in anger; fulminate vehemently,C2
Frenetic,/fɹəˈnɛtɪk/,adj.,"frenetic, more frenetic, most frenetic",frenetically (adv.),excessively agitated; distraught with fear or other violent emotion｜瘋狂的；狂熱的,The frenetic pace of the emergency room left the staff feeling exhausted and overwhelmed.,frenetic pace; frenetic activity; frenetic energy,C2
Germane,/dʒɚˈmeɪn/,adj.,"germane, more germane, most germane",germaneness (n.),relevant and appropriate｜相關的；切題的,The professor reminded the students that their comments must be germane to the topic at hand.,germane to the topic; germane information; germane discussion,C2
Gauche,/ˈɡoʊʃ/,adj.,"gauche, more gauche, most gauche",gaucherie (n.),lacking social polish｜笨拙的；不擅社交的,"His gauche behavior at the dinner party, such as eating with his hands, embarrassed his hosts.",gauche behavior; gauche remark; gauche mannerisms,C2
Gainsay,/ˈɡeɪˌnseɪ/,v.,"gainsay, gainsays, gainsaid, gainsaid, gainsaying",gainsayer (n.),take exception to｜反駁；否認,"No one dared to gainsay the director's decision, fearing it would cost them their jobs.",gainsay the facts; gainsay an argument; gainsay a claim,C2
Garish,/ˈɡɛɹɪʃ/,adj.,"garish, more garish, most garish",garishness (n.),tastelessly showy｜俗麗的；過於鮮豔的,The garish decorations at the event were more distracting than festive.,garish outfit; garish decorations; garish colors,C2
Furtive,/ˈfɝtɪv/,adj.,"furtive, more furtive, most furtive",furtiveness (n.),marked by quiet and caution and secrecy; taking pains to avoid being observed｜鬼鬼祟祟的；偷偷摸摸的,The burglar cast a furtive glance over his shoulder before slipping into the dark alley.,furtive glance; furtive movement; furtive behavior,C2
Genial,/ˈdʒinjəl/,adj.,"genial, more genial, most genial",geniality (n.),diffusing warmth and friendliness｜友善的；親切的,The genial host made sure every guest felt welcome and comfortable throughout the evening.,genial host; genial personality; genial smile,C2
Grandiose,/ˌɡɹændiˈoʊs/,adj.,"grandiose, more grandiose, most grandiose",grandiosity (n.),impressive because of unnecessary largeness or grandeur; used to show disapproval｜宏大的；鋪張的（帶貶義）,"The CEO's grandiose plans for expansion worried the board, who feared it was too ambitious.",grandiose plan; grandiose vision; grandiose ideas,C2
Goad,/ˈɡoʊd/,v.,"goad, goads, goaded, goaded, goading",goader (n.),"to provoke or drive someone into action, often through pressure or irritation｜刺激；促使",His rival's taunts goaded him into making a reckless challenge.,goad someone into action; goad someone to do something; goad someone forward,C2
Glib,/ˈɡlɪb/,adj.,"glib, glibber, glibbest",glibness (n.),marked by lack of intellectual depth｜缺乏思想深度的,The politician's glib response to the crisis did little to reassure the public.,glib talker; glib response; glib remark,C2
Garrulous,/ˈɡɛɹələs/,adj.,"garrulous, more garrulous, most garrulous","garrulity (n.), garrulousness (n.)",full of trivial conversation｜充滿瑣碎談話的,Her garrulous nature meant she could talk for hours about the most trivial things.,garrulous neighbor; garrulous old man; garrulous conversation,C2
Gratuitous,/ɡɹəˈtuətəs/,adj.,"gratuitous, more gratuitous, most gratuitous",gratuity (n.),without cause｜無理由的,"The judge dismissed the case, calling the charges against the defendant gratuitous and unfounded.",gratuitous violence; gratuitous insult; gratuitous comment,C2
Guile,/ˈɡaɪl/,n.,"guile, guiles","guileful (adj.), guileless (adj.)",shrewdness as demonstrated by being skilled in deception｜欺騙的狡猾勁,The con artist used his guile to trick unsuspecting victims into giving him their savings.,display guile; cunning guile; clever guile,C2
Gregarious,/ɡɹəˈɡɛɹiəs/,adj.,"gregarious, more gregarious, most gregarious",gregariousness (n.),(of animals) tending to form a group with others of the same species｜群居的,"The gregarious sheep huddled together in the pasture, forming a tight-knit group for safety and warmth.",gregarious animals; gregarious species; naturally gregarious,C2
Hamper,/ˈhæmpɚ/,v.,"hamper, hampers, hampered, hampered, hampering",hampering (v.),"to hinder or impede the movement, progress, or free action of something or someone｜阻礙或妨礙",A shortage of trained staff continued to hamper the investigation.,hamper progress; hamper efforts; hamper development,C2
Hackneyed,/ˈhæknid/,adj.,"hackneyed, more hackneyed, most hackneyed",hackneyedness (n.),repeated too often; overfamiliar through overuse｜用濫的；陳腐的,The hackneyed phrase 'think outside the box' has lost its impact due to overuse in corporate meetings.,hackneyed phrase; hackneyed expression; hackneyed theme,C2
Hedonism,/ˈhidəˌnɪzəm/,n.,"hedonism, hedonisms","hedonist (n.), hedonistic (adj.)",the pursuit of pleasure as a matter of ethical principle｜享樂主義,"His philosophy of life was pure hedonism, believing that the pursuit of personal pleasure was the highest good.",philosophy of hedonism; embrace hedonism; hedonism lifestyle,C2
Hegemony,/hiˈdʒɛməni/,n.,"hegemony, hegemonies",hegemonic (adj.),the dominance or leadership of one social group or nation over others｜霸權；支配地位,"The country's cultural hegemony influenced neighboring nations through its dominance in music, film, and fashion.",cultural hegemony; political hegemony; military hegemony,C2
Gullible,/ˈɡʌləbəl/,adj.,"gullible, more gullible, most gullible",gullibility (n.),naive and easily deceived or tricked｜輕信的；易受騙的,"The gullible tourist fell for the scam, believing the stranger who promised him a free luxury vacation.",gullible person; gullible victim; easily gullible,C2
Grandiloquent,/ɡɹæˈndɪləkwənt/,adj.,"grandiloquent, more grandiloquent, most grandiloquent",grandiloquence (n.),lofty in style｜華而不實的；浮誇的,"The politician's grandiloquent speech was filled with lofty phrases and dramatic gestures, captivating the audience.",grandiloquent speech; grandiloquent style; grandiloquent language,C2
Halcyon,/ˈhælsiən/,adj.,no changes,None,"calm, peaceful, and happy, especially when describing an idealized time in the past｜平靜美好的","She recalled the halcyon days of her youth, when summers seemed endless and worries were few.",halcyon days; halcyon period; halcyon times,C2
Heresy,/ˈhɛɹəsi/,n.,"heresy, heresies","heretic (adj.), heretical (adj.)",any opinions or doctrines at variance with the official or orthodox position｜異端；異說,The church labeled his views as heresy because they contradicted the orthodox teachings that had been upheld for centuries.,religious heresy; commit heresy; heresy trial,C2
Hermetic,/hɚˈmɛtɪk/,adj.,no changes,hermetically (adv.),completely sealed; completely airtight｜完全密封的,The hermetic seal on the jar ensured that the contents remained fresh and uncontaminated by air or moisture.,hermetic seal; hermetic container; hermetic environment,C2
Haphazard,/hæˈphæzɚd/,adj.,"haphazard, more haphazard, most haphazard",haphazardness (n.),dependent upon or characterized by chance｜偶然的；隨機的,The haphazard arrangement of books on the shelf made it difficult to find the one she was looking for.,haphazard manner; haphazard approach; haphazard fashion,C2
Hierarchy,/ˈhaɪɚˌɑɹki/,n.,"hierarchy, hierarchies",hierarchical (adj.),A body of authoritative officials organized in nested ranks.｜等級制度,"In the corporate hierarchy, the CEO occupied the top rank, followed by a structured chain of vice presidents and managers.",social hierarchy; corporate hierarchy; hierarchy of needs,C2
Hyperbole,/haɪˈpɝbəˌli/,n.,"hyperbole, hyperboles",hyperbolic (adj.),extravagant exaggeration｜誇張法,"The salesman's claim that his product was 'the best in the world' was clearly hyperbole, intended to exaggerate its merits.",use hyperbole; hyperbolic statement; hyperbole example,C2
Iconoclast,/ˌaɪˈkɑnəˌklæst/,n.,"iconoclast, iconoclasts",iconoclastic (adj.),"a person who attacks or undermines cherished beliefs, established institutions, or traditional values｜挑戰傳統觀念的人","As an iconoclast, she challenged traditional norms by advocating for the removal of outdated symbols from public spaces.",iconoclast artist; iconoclast thinker; iconoclast movement,C2
Homogeneous,/ˌhoʊməˈdʒiniəs/,adj.,"homogeneous, more homogeneous, most homogeneous","homogeneity (n.), homogenize (v.)",all of the same or similar kind or nature｜同質的,"The team was homogeneous, with all members sharing similar backgrounds, which sometimes hindered diverse perspectives.",homogeneous mixture; homogeneous group; homogeneous population,C2
Heterogeneous,/ˌhɛtɚəˈdʒinjəs/,adj.,"heterogeneous, more heterogeneous, most heterogeneous",heterogeneity (n.),consisting of elements that are not of the same kind or nature｜異質的,"The festival was a heterogeneous mix of cultures, featuring food, music, and traditions from around the world.",heterogeneous mixture; heterogeneous group; heterogeneous population,C2
Heinous,/ˈheɪnəs/,adj.,"heinous, more heinous, most heinous",heinousness (n.),"extremely wicked, deeply criminal｜極邪惡的、極其犯罪的","The heinous crime shocked the community, leading to widespread calls for justice and reform.",heinous crime; heinous act; heinous behavior,C2
Harangue,/hɚˈæŋ/,v.,"harangue, harangues, harangued, harangued, haranguing",haranguer (n.),deliver a harangue to; address forcefully｜向...發表長篇激烈演說；大聲演說,"The coach harangued the team after their poor performance, urging them to improve their strategy and effort.",harangue crowd; harangue audience; harangue speech,C2
Hypocrite,/ˈhɪpəˌkɹɪt/,n.,"hypocrite, hypocrites","hypocrisy (n.), hypocritical (adj.)","a person who pretends to have virtues, beliefs, or qualities they do not actually possess｜偽裝自己有美德、信仰或品質的人",The politician was exposed as a hypocrite when his actions contradicted the promises he made during his campaign.,hypocrite politician; hypocrite behavior; hypocrite attitude,C2
Illicit,/ɪˈlɪsət/,adj.,"illicit, more illicit, most illicit",illicitly (adv.),"forbidden by law, rules, or accepted morality｜法律、規則或普遍道德所禁止的","The illicit affair was kept secret for years, hidden from the public eye and those who would condemn it.",illicit activities; illicit affair; illicit trade,C2
Imminent,/ˈɪmənənt/,adj.,"imminent, more imminent, most imminent",imminence (n.),"About to happen, occur, or take place very soon, especially of something which won't last long.｜即將發生、出現或來臨，尤其是指不會持續太久的事物","With the storm imminent, residents were advised to take shelter and prepare for potential power outages.",imminent threat; imminent danger; imminent arrival,C2
Histrionic,/ˌhɪstɹiˈɑnɪk/,adj.,"histrionic, more histrionic, most histrionic",histrionics (n.),characteristic of acting or a stage performance; often affected｜表演或舞台演出特有的；常為做作的,"The actor's histrionic performance, filled with exaggerated emotions, was more suited to the theater than film.",histrionic outburst; histrionic behavior; histrionic personality,C2
Immutable,/ɪˈmjutəbəl/,adj.,no changes,immutability (n.),not subject or susceptible to change or variation in form or quality or nature｜不變的、不可改變的,"The laws of physics are considered immutable, as they govern the universe with unwavering consistency.",immutable law; immutable truth; immutable fact,C2
Impair,/ɪˈmpɛɹ/,v.,"impair, impairs, impaired, impaired, impairing",impairment (n.),make worse or less effective｜使變得更差或更無效,"The lack of sleep impaired his ability to concentrate, affecting his work and overall productivity.",impair vision; impair health; impair performance,C2
Illusory,/ɪˈlusɚi/,adj.,"illusory, more illusory, most illusory",illusion (n.),based on or having the nature of an illusion｜基於幻覺的或具有幻覺性質的,"The illusory promise of easy wealth attracted many investors, only for them to realize it was too good to be true.",illusory perception; illusory promise; illusory feeling,C2
Idiosyncrasy,/ɪdioʊˈsɪnkɹəˌsi/,n.,"idiosyncrasy, idiosyncrasies",idiosyncratic (adj.),a behavioral attribute that is distinctive and peculiar to an individual｜個人獨有的行為特徵,Her idiosyncrasy of always wearing mismatched socks amused her friends but puzzled strangers.,unique idiosyncrasy; personal idiosyncrasy; behavioral idiosyncrasy,C2
Immaculate,/ɪˈmækjələt/,adj.,no changes,immaculateness (n.),completely neat and clean｜完全整潔乾淨的,"The hotel room was immaculate, with crisp sheets and spotless floors that gleamed.",immaculate condition; immaculate appearance; immaculate record,C2
Impasse,/ɪˈmpæs/,n.,"impasse, impasses",None,a situation in which no progress can be made or no advancement is possible｜無法前進或無法發展的情況,The negotiations reached an impasse when neither side would compromise on key issues.,reach an impasse; political impasse; diplomatic impasse,C2
Imperious,/ɪˈmpɪɹiəs/,adj.,"imperious, more imperious, most imperious",imperiousness (n.),having or showing arrogant superiority to and disdain of those one views as unworthy｜對自己認為不值得的人表現出傲慢的優越感和輕蔑,"His imperious attitude alienated colleagues, as he dismissed their ideas with disdain.",imperious tone; imperious manner; imperious demand,C2
Impassive,/ɪˈmpæsɪv/,adj.,"impassive, more impassive, most impassive",impassivity (n.),showing no signs of emotion; not easily moved or excited; outwardly calm and expressionless｜沒有情感跡象；不易被感動或激動；外表冷靜且無表情,"The defendant remained impassive throughout the trial, showing little emotion even when the verdict was read.",impassive expression; impassive demeanor; remain impassive,C2
Impede,/ɪˈmpid/,v.,"impede, impedes, impeded, impeded, impeding",impediment (n.),be a hindrance or obstacle to｜成為...的阻礙或障礙,The fallen tree limbs impeded traffic on the narrow mountain road for hours.,impede progress; impede movement; impede development,C2
Impetuous,/ɪmˈpɛtʃuəs/,adj.,"impetuous, more impetuous, most impetuous",impetuosity (n.),acting or done quickly and without careful thought; impulsive and forceful｜快速且不經深思熟慮的行為或做事方式；衝動且有力的,His impetuous decision to quit his job left him without a plan or financial security.,impetuous decision; impetuous behavior; impetuous nature,C2
Imperative,/ɪˈmpɛɹətɪv/,n.,"imperative, imperatives",imperativeness (n.),"an urgent and essential duty, principle, or requirement｜緊急且必要的職責、原則或要求",Protecting the water supply became an urgent public-health imperative.,moral imperative; legal imperative; categorical imperative,C2
Ignominious,/ˌɪɡnəˈmɪniəs/,adj.,"ignominious, more ignominious, most ignominious",ignominy (n.),(used of conduct or character) deserving or bringing disgrace or shame｜（指行為或品格）應得或帶來恥辱的,The athlete's ignominious defeat in the championship match was a shock to everyone who had expected him to win.,ignominious defeat; ignominious end; ignominious retreat,C2
Impeccable,/ɪˈmpɛkəbəl/,adj.,no changes,impeccability (n.),without fault or error｜無過失的、無錯誤的,"Her presentation was impeccable, with no errors and a flawless delivery that impressed the audience.",impeccable taste; impeccable manners; impeccable reputation,C2
Implore,/ɪmˈplɔɹ/,v.,"implore, implores, implored, implored, imploring",imploringly (adv.),call upon in supplication; entreat｜苦苦哀求；懇求,The villagers implored the government to provide aid after the devastating flood destroyed their homes.,implore forgiveness; implore help; implore mercy,C2
Impromptu,/ɪmˈpɹɑmptu/,n.,"impromptu, impromptus",None,an extemporaneous speech or remark｜即興的演說或言論,The speaker's impromptu remarks about his childhood brought both laughter and tears to the audience.,give an impromptu; deliver an impromptu; impromptu speech,C2
Implicit,/ɪmˈplɪsət/,adj.,"implicit, more implicit, most implicit",implicitness (n.),"Suggested indirectly, without being directly expressed.｜暗示的，含蓄的，未直接表達的","His implicit criticism of the proposal was clear to everyone in the room, though he never stated it directly.",implicit bias; implicit threat; implicit meaning,C2
Implacable,/ɪmˈplækəbəl/,adj.,no changes,implacability (n.),"unable to be appeased, pacified, or mollified; relentlessly harsh or inexorable｜無法平息的，無法撫慰的；無情的，不容情的","The two countries remained implacable enemies, refusing to negotiate or compromise despite international pressure.",implacable enemy; implacable opposition; implacable hatred,C2
Impervious,/ɪˈmpɝviəs/,adj.,"impervious, more impervious, most impervious",imperviousness (n.),not allowing passage through; unable to be affected or influenced by something｜不能穿越的；無法被影響或動搖的,"The new raincoat was impervious to water, keeping him dry even during the heaviest storms.",impervious to criticism; impervious to water; impervious surface,C2
Inadvertent,/ˌɪnəˈdvɝtənt/,adj.,no changes,inadvertence (n.),happening by chance or unexpectedly or unintentionally｜偶然發生的，意外或非故意的,The inadvertent meeting between the two former friends led to an awkward conversation filled with old memories.,inadvertent mistake; inadvertent error; inadvertent action,C2
Incense,/ɪˈnsɛns/,v.,"incense, incenses, incensed, incensed, incensing",incensed (v.),perfume especially with a censer｜用香爐焚香使充滿香氣,"The priest incensed the room with frankincense, the fragrant smoke curling upwards in delicate wisps.",incense the crowd; incense the room; incense with fragrance,C2
Incendiary,/ɪˈnsɛndiɛɹi/,adj.,"incendiary, more incendiary, most incendiary",incendiarism (n.),involving deliberate burning of property｜涉及故意縱火焚毀財產的,"The incendiary device was detonated in the middle of the night, destroying the abandoned building.",incendiary device; incendiary rhetoric; incendiary attack,C2
Impugn,/ɪmˈpjun/,v.,"impugn, impugns, impugned, impugned, impugning",impugnment (n.),attack as false or wrong｜攻擊為虛假或錯誤的,The defense attorney tried to impugn the credibility of the witness by pointing out inconsistencies in her testimony.,impugn someone's motives; impugn someone's character; impugn someone's integrity,C2
Impudent,/ˈɪmpjudənt/,adj.,"impudent, more impudent, most impudent",impudence (n.),marked by casual disrespect｜表現出隨意的輕視,His impudent remark about the principal's tie earned him a stern reprimand and a trip to the office.,impudent remark; impudent behavior; impudent child,C2
Inane,/ɪˈneɪn/,adj.,"inane, more inane, most inane",inanity (n.),devoid of intelligence｜缺乏智能的，愚昧的,The inane chatter of the reality show contestants made it impossible for her to watch for more than a few minutes.,inane comment; inane conversation; inane question,C2
Impecunious,/ˌɪm.pəˈkjuː.ni.əs/,adj.,"impecunious, more impecunious, most impecunious",impecuniousness (n.),not having enough money to pay for necessities｜沒有足夠金錢支付必需品的,"Despite his impecunious circumstances, he always found a way to help those in need, even if it was just a kind word.",impecunious artist; impecunious student; impecunious lifestyle,C2
Imperturbable,/ɪˈmpɝtəbɹət/,adj.,"imperturbable, more imperturbable, most imperturbable",imperturbability (n.),not easily perturbed or excited or upset; marked by extreme calm and composure｜不易激動或不安的；極度冷靜和鎮定的,"Despite the chaos around her, the CEO remained imperturbable, calmly addressing each issue with composure.",imperturbable demeanor; remain imperturbable; imperturbable calmness,C2
Improvident,/ɪmˈpɹuvdənt/,adj.,"improvident, more improvident, most improvident",improvidence (n.),not provident; not providing for the future｜不考慮未來的；不為將來做準備的,His improvident spending habits left him with no savings and a mountain of debt.,improvident habits; improvident spending; improvident behavior,C2
Machination,/ˌmækəˈneɪʃən/,n.,"machination, machinations","machinate (v.), machinator (n.)",a crafty and complex plot intended to achieve a sinister end｜為達邪惡目的而精心策劃的陰謀,"The detective uncovered a machination involving high-ranking officials and a foreign spy, leading to a major scandal.",mental machinations; own machinations; with machinations,C2
Pervasive,/pɚˈveɪsɪv/,adj.,"pervasive, more pervasive, most pervasive","pervasively (adv.), pervasiveness (n.)",spreading or spread throughout｜遍布的，遍及各處的,"The pervasive smell of garlic filled the entire apartment building, reaching every corner.",pervasive problem; pervasive influence; pervasive culture,C2
Polemical,/pəˈlɛməkəl/,adj.,"polemical, more polemical, most polemical","polemic (adj.), polemicist (n.)",of or involving dispute or controversy｜涉及爭論或爭議的,The polemical debate between the two politicians attracted the attention of the entire nation.,polemical essay; polemical debate; polemical stance,C2
Prescient,/ˈpɹɛsiənt/,adj.,"prescient, more prescient, most prescient","prescience (n.), presciently (adv.)",perceiving the significance of events before they occur｜預知事件發生的意義的,Her prescient warning about the market crash saved many investors from financial ruin.,prescient observation; prescient warning; prescient insight,C2
Premonition,/pɹɛməˈnɪʃən/,n.,"premonition, premonitions",premonitory (adj.),a feeling of evil to come｜對即將來臨之禍的預感,"She had a premonition of danger as she entered the dimly lit alley, prompting her to turn back.",premonition of danger; strong premonition; eerie premonition,C2
Reverent,/ˈɹɛvɚənt/,adj.,"reverent, more reverent, most reverent","reverence (n.), reverential (adj.)",feeling or showing profound respect or veneration｜感到或表現出深深的尊敬或崇拜,The congregation watched in reverent silence as the choir sang the hymn.,reverent attitude; reverent silence; reverent bow,C2
Sanctimonious,/ˌsæŋktəˈmoʊniəs/,adj.,"sanctimonious, more sanctimonious, most sanctimonious","sanctimony (n.), sanctimoniously (adv.)",excessively or hypocritically pious｜過度或虛偽地虔誠的,The sanctimonious preacher's lectures on morality were often criticized for their hypocrisy.,sanctimonious attitude; sanctimonious behavior; sanctimonious speech,C2
