word,ipa,pos,inflections,derivatives,definition,example,collocations,context_type
Vexation,/ˌvɛˈkseɪʃən/,n.,"vexation, vexations",vex (v.),anger produced by some annoying irritation｜因惱人的刺激而產生的怒氣,His constant interruptions were a source of vexation for everyone in the meeting.,cause vexation; source of vexation; extreme vexation,C2
Visionary,/ˈvɪʒəˌnɛɹi/,n.,"visionary, visionaries",vision (n.),a person with original and far-sighted ideas or plans about the future｜對未來有原創且遠見的想法或計劃的人,"The young CEO was seen as a visionary, always thinking ten steps ahead of current trends.",visionary leader; visionary idea; political visionary,C2
Vicissitude,/ˌvɪˈsɪsɪtud/,n.,"vicissitude, vicissitudes",None,a variation in circumstances or fortune at different times in your life or in the development of something｜一生中或事物發展過程中不同時期環境或命運的變化,The company's vicissitudes over the years had taught its leaders the value of adaptability.,vicissitudes of life; suffer vicissitudes; face vicissitudes,C2
Vilify,/ˈvɪlɪˌfaɪ/,v.,"vilify, vilifies, vilified, vilified, vilifying","vilifier (n.), vilification (n.)",spread negative information about｜散播負面資訊,The politician tried to vilify his opponent by spreading rumors about their personal life.,vilify opponent; publicly vilify; vilify someone's character,C2
Volatile,/ˈvɑlətəl/,adj.,"volatile, more volatile, most volatile","volatility (n.), volatilize (v.)","liable to change rapidly and unpredictably, especially for the worse; also, (of a substance) evaporating quickly at normal temperatures｜易變且不可預測地變化，尤其是變壞；（物質）在正常溫度下快速蒸發",The chemical was so volatile that it had to be stored in a special refrigerated unit.,volatile substance; highly volatile; volatile compounds,C2
Volition,/voʊˈlɪʃən/,n.,"volition, volitions",volitional (adj.),the capability of conscious choice and decision and intention｜有意識地選擇、決定和意圖的能力,"She acted out of her own volition, making the decision to resign without any external pressure.",exercise volition; freedom of volition; act of volition,C2
Vitriolic,/ˌvɪtɹiˈɑlɪk/,adj.,"vitriolic, more vitriolic, most vitriolic",vitriol (n.),harsh or corrosive in tone｜語氣尖刻或腐蝕性的,The critic's vitriolic review of the play left the cast feeling disheartened and angry.,vitriolic attack; vitriolic tone; vitriolic criticism,C2
Wane,/ˈweɪn/,v.,"wane, wanes, waned, waned, waning",None,grow smaller｜變小,"As the moon waned, the night grew darker and the stars shone more brightly.",wane in power; begin to wane; gradually wane,C2
Vituperate,/vɪˈtupɚˌeɪt/,v.,"vituperate, vituperates, vituperated, vituperated, vituperating","vituperation (n.), vituperative (adj.)",to blame or abuse someone in strong or violent language; to censure harshly｜用強烈或激烈的語言責備或辱罵他人；嚴厲譴責,The newspapers were accused of vituperating the celebrity with unfounded accusations.,vituperate against; publicly vituperate; vituperate someone,C2
Wan,/ˈwɑn/,adj.,"wan, wanner, wannest",wanness (n.),(of light) lacking in intensity or brightness; dim or feeble｜光線缺乏強度或亮度；暗淡或微弱,The wan light of the single bulb barely illuminated the dimly lit room.,wan complexion; wan light; wan smile,C2
Vivacious,/vəˈveɪʃəs/,adj.,"vivacious, more vivacious, most vivacious",vivacity (n.),vigorous and animated｜精力充沛且活潑,"Her vivacious personality made her the life of the party, drawing people to her wherever she went.",vivacious personality; vivacious woman; vivacious spirit,C2
Vociferous,/voʊˈsɪfɚəs/,adj.,"vociferous, more vociferous, most vociferous",None,conspicuously and offensively loud; given to vehement outcry｜引人注目的且令人不悅的大聲喧嘩；充滿激烈叫喊,"The crowd's vociferous protests could be heard from several blocks away, demanding change.",vociferous protest; vociferous critic; vociferous opposition,C2
Voracious,/vɔˈɹeɪʃəs/,adj.,"voracious, more voracious, most voracious","voracity (n.), voraciousness (n.)",consuming or craving great quantities of food or other things; having an insatiable appetite｜對食物或其他事物有極大消耗或渴望；有貪得無厭的慾望,"The voracious appetites of the lions were satisfied after the hunt, and they rested contentedly.",voracious appetite; voracious reader; voracious demand,C2
Vitiate,/ˈvaɪtiət/,v.,"vitiate, vitiates, vitiated, vitiated, vitiating",vitiation (n.),"to spoil, weaken, corrupt, or impair the effectiveness or validity of something｜破壞、削弱、腐蝕或損害某事物的有效性或效力",The corrupt official's actions vitiated the public's trust in the government.,vitiate the system; vitiate the argument; vitiate the effect,C2
Wary,/ˈwɛɹi/,adj.,"wary, warier, wariest",None,marked by keen caution and watchful prudence｜表現出敏銳的謹慎和警覺的審慎,"She was wary of the new neighbor, keeping a close eye on their activities.",wary approach; wary of danger; remain wary,C2
Zenith,/ˈzinəθ/,n.,"zenith, zeniths",zenithal (adj.),"the highest point of achievement, success, or power; the peak of something｜成就、成功或權力的最高點；某事物的頂峰","At the zenith of his career, the athlete was considered the best in the world at his sport.",reach the zenith; solar zenith; celestial zenith,C2
Vulnerable,/ˈvʌlnɚəbəl/,adj.,"vulnerable, more vulnerable, most vulnerable","vulnerability (n.), vulnerably (adv.)",susceptible to attack｜易受攻擊,"The castle, while majestic, was vulnerable to attacks due to its exposed position on the hill.",vulnerable position; vulnerable to attack; emotionally vulnerable,C2
Wanton,/ˈwɔntən/,adj.,no changes,wantonness (n.),"done deliberately and unprovoked, without restraint or moral consideration; merciless or reckless｜故意且無端地進行，不受約束或道德考慮；無情或魯莽",The wanton destruction of the ancient ruins by the invaders shocked historians and conservationists alike.,wanton waste; wanton destruction; wanton disregard,C2
Zealot,/ˈzɛlət/,n.,"zealot, zealots",None,a person who is fanatically and uncompromisingly devoted to a cause or belief｜對某項事業或信仰狂熱且不妥協的人,"The zealots of Judea were known for their fierce resistance against Roman rule, often resorting to violence against those they saw as traitors.",religious zealot; fervent zealot; extremist zealot,C2
Aberrant,/æˈbɛɹənt/,adj.,no changes,aberration (n.),departing from an established norm or expected course; deviating from what is usual or proper｜偏離既定規範或預期軌跡；偏離通常或適當的方式,"In a group of introverts, the one voluble and outgoing person might be considered aberrant.",aberrant behavior; aberrant thinking; social aberration,C2
Whimsical,/ˈwɪmzɪkəl/,adj.,"whimsical, more whimsical, most whimsical","whimsy (n.), whimsicality (n.)",determined by chance or impulse or whim rather than by necessity or reason｜由衝動或心血來潮決定，而非出於必要或理性,"Her decision to quit her job and travel the world was whimsical, driven by a sudden desire for adventure.",whimsical idea; whimsical nature; whimsical decision,C2
Voluble,/ˈvɑljəbəl/,adj.,"voluble, more voluble, most voluble",volubility (n.),marked by a ready flow of speech｜口若懸河的；健談的,"The voluble host entertained guests with his endless stories and jokes, keeping everyone engaged throughout the evening.",voluble speaker; voluble conversation; voluble storyteller,C2
Wistful,/ˈwɪstfəl/,adj.,"wistful, more wistful, most wistful",wistfulness (n.),showing pensive sadness｜表現出沉思的憂傷；帶有悵惘的,"She gazed out the window with a wistful expression, longing for the days when life was simpler.",wistful smile; wistful glance; wistful longing,C2
Abate,/əˈbeɪt/,v.,"abate, abates, abated, abated, abating",abatement (n.),make less active or intense｜使減弱；使減緩,"The storm began to abate after several hours, allowing the city to assess the damage and begin recovery efforts.",abate the storm; abate the pain; abate the noise,C2
Abash,/əˈbæʃ/,v.,"abash, abashes, abashed, abashed, abashing",abashment (n.),cause to be embarrassed; cause to feel self-conscious｜使尷尬；使難為情,He was abashed when he realized he had been calling his boss by the wrong name for weeks.,abash someone; easily abashed; publicly abash,C2
Abolish,/əˈbɑlɪʃ/,v.,"abolish, abolishes, abolished, abolished, abolishing",abolition (n.),"to officially end a law, system, or practice｜正式廢除法律、體制或習俗",The government decided to abolish the outdated law that had caused much confusion and frustration among citizens.,abolish slavery; abolish a law; abolish the death penalty,C2
Abet,/əˈbɛt/,v.,"abet, abets, abetted, abetted, abetting",abetment (n.),"assist or encourage, usually in some wrongdoing｜協助或鼓勵（通常指做壞事）；幫兇",She was accused of abetting the thief by providing him with information about the security system.,aid and abet; abet a crime; abet wrongdoing,C2
Abjure,/ˈædʒbɚ/,v.,"abjure, abjures, abjured, abjured, abjuring",abjuration (n.),"formally reject or disavow a formerly held belief, usually under pressure｜在壓力下正式放棄或否認先前持有的信仰","Under pressure from the authorities, he had to abjure his previous statements and publicly apologize.",abjure one's faith; abjure violence; abjure former beliefs,C2
Abhor,/æˈbhɔɹ/,v.,"abhor, abhors, abhorred, abhorred, abhorring",abhorrence (n.),find repugnant｜深感厭惡,She abhorred the idea of animal cruelty and became a passionate advocate for animal rights.,abhor violence; deeply abhor; abhor cruelty,C2
Abeyance,/əˈbeɪəns/,n.,"abeyance, abeyances",abeyant (adj.),temporary cessation or suspension｜暫時中止；擱置,The project was put in abeyance until the team could secure additional funding.,hold in abeyance; remain in abeyance; abeyance period,C2
Abound,/əˈbaʊnd/,v.,"abound, abounds, abounded, abounded, abounding","abundance (n.), abundant (adj.)",to exist in large numbers or quantities; to be plentiful or prevalent｜大量存在；充滿,"The forest abounded with wildlife, offering endless opportunities for nature lovers and photographers.",abound with opportunities; abound in nature; abound in resources,C2
Abase,/əˈbɑs/,v.,"abase, abases, abased, abased, abasing",abasement (n.),cause to feel shame; hurt the pride of｜使蒙羞；傷害自尊,"The public humiliation was designed to abase him, but he held his head high and refused to be broken.",abase oneself; abase someone's pride; publicly abase,C2
Abrogate,/ˈæbɹəˌɡeɪt/,v.,"abrogate, abrogates, abrogated, abrogated, abrogating",abrogation (n.),revoke formally｜正式撤銷,The new government promised to abrogate the unfair policies that had burdened the population for years.,abrogate a treaty; abrogate a law; abrogate an agreement,C2
Abject,/ˈæbdʒɛkt/,adj.,"abject, more abject, most abject",abjection (n.),"extremely miserable, degrading, or contemptible｜悲慘的；卑賤的","The conditions in the prison were abject, with little food, poor sanitation, and rampant disease.",abject poverty; abject failure; abject misery,C2
Accolade,/ˈækəˌleɪd/,n.,"accolade, accolades",None,a tangible symbol signifying approval or distinction｜榮譽；獎賞,The prestigious accolade was awarded to her in recognition of her groundbreaking research in the field of medicine.,receive an accolade; prestigious accolade; well-deserved accolade,C2
Acme,/ˈækmi/,n.,"acme, acmes",None,the highest level or degree attainable; the highest stage of development｜頂點；最高峰,"Reaching the acme of his career, the renowned chef opened his own Michelin-starred restaurant.",reach the acme; acme of success; acme of perfection,C2
Absolve,/əˈbzɑlv/,v.,"absolve, absolves, absolved, absolved, absolving",absolution (n.),grant remission of a sin to｜赦免罪過,"The priest moved to absolve the parishioner of his sins, offering guidance and support.",absolve someone of guilt; absolve sins; absolve responsibility,C2
Abnegate,/ˈæbnəˌɡeɪt/,v.,"abnegate, abnegates, abnegated, abnegated, abnegating",abnegation (n.),"deny oneself (something); restrain, especially from indulging in some pleasure｜剝奪己欲；節制",She chose to abnegate her favorite desserts for a month to improve her health.,abnegate one's desires; abnegate worldly pleasures; abnegate power,C2
Acquiesce,/ˌækwiˈɛs/,v.,"acquiesce, acquiesces, acquiesced, acquiesced, acquiescing","acquiescence (n.), acquiescent (adj.)",to agree or express agreement｜默許；勉強同意,"Realizing the futility of further argument, she acquiesced to her colleague's proposal.",acquiesce to demands; reluctantly acquiesce; quietly acquiesce,C2
Abscond,/æbˈskɑnd/,v.,"abscond, absconds, absconded, absconded, absconding",absconder (n.),run away; usually includes taking something or somebody along｜潛逃；逃離,"The bank robber absconded with the money, leaving no trace behind.",abscond with money; abscond from prison; abscond with stolen goods,C2
Abrade,/əˈbɹeɪd/,v.,"abrade, abrades, abraded, abraded, abrading","abrasion (n.), abrasive (adj.)",wear away｜磨損,"The constant flow of water had abraded the stones, giving them a smooth, polished appearance.",abrade the surface; abrade the skin; abrade metal,C2
Adamant,/ˈædəmənt/,adj.,"adamant, more adamant, most adamant",None,stubborn; unyielding; refusing to be persuaded｜固執的；不讓步的；不為所動的,"Despite pressure from all sides, she remained adamant in her refusal to compromise her principles.",adamant refusal; remain adamant; steadfastly adamant,C2
Abstemious,/æbˈstiməs/,adj.,"abstemious, more abstemious, most abstemious",abstemiousness (n.),sparing in consumption of especially food and drink｜節制的；飲食有度的,"His abstemious lifestyle, avoiding excess in both food and drink, contributed to his longevity.",abstemious lifestyle; abstemious diet; abstemious habits,C2
Acrimony,/ˈækɹɪˌmoʊni/,n.,"acrimony, acrimonies",acrimonious (adj.),a rough and bitter manner｜尖刻；激烈,The acrimony in their divorce proceedings made it difficult for anyone to remain neutral.,bitter acrimony; acrimony between parties; acrimony in the debate,C2
Accost,/əˈkɔst/,v.,"accost, accosts, accosted, accosted, accosting",None,"to approach and address someone boldly or aggressively, especially with a demand｜勇往質問；大膽上前攀談","The stranger tried to accost her with a question, but she quickly walked away.",accost a stranger; accost someone on the street; accost with a question,C2
Acerbic,/əˈsɛɹbɪk/,adj.,"acerbic, more acerbic, most acerbic",acerbity (n.),"sharp or acidic in taste; harsh, cutting, or biting in tone｜酸澀的；尖酸的",The acerbic taste of the lemon made her wince and reach for water.,acerbic taste; acerbic comment; acerbic wit,C2
Acumen,/əˈkjumən/,n.,"acumen, acumens",acuminate (v.),"the ability to make good judgments and quick decisions, typically in a particular domain｜敏銳的判斷力；精明",Her sharp business acumen allowed her to identify undervalued companies and make highly profitable investments.,business acumen; political acumen; acumen for negotiation,C2
Adulterate,/əˈdʌltɚˌeɪt/,v.,"adulterate, adulterates, adulterated, adulterated, adulterating",adulteration (n.),"corrupt, debase, or make impure by adding a foreign or inferior substance; often by replacing valuable ingredients with inferior ones｜摻雜；摻假",The company was fined for adulterating the honey with cheap sugar syrup.,adulterate food; adulterate with chemicals; adulterate ingredients,C2
Acrid,/ˈækɹɪd/,adj.,"acrid, more acrid, most acrid",acridity (n.),strong and sharp｜刺鼻的；辛辣的,"The acrid smell of smoke filled the room, making it hard to breathe.",acrid smell; acrid taste; acrid smoke,C2
Adage,/ˈædədʒ/,n.,"adage, adages",None,a condensed but memorable saying embodying some important fact of experience that is taken as true by many people｜格言；諺語,The adage 'actions speak louder than words' is often quoted in discussions about integrity.,old adage; popular adage; adage about life,C2
Addle,/ˈædəl/,v.,"addle, addles, addled, addled, addling",addled (v.),mix up or confuse｜使困惑；使糊塗,"The complex instructions seemed to addle her, and she ended up more confused than before.",addle the mind; addle the brain; addle with confusion,C2
Adventitious,/æˌdvɛˈntiʃəs/,adj.,"adventitious, more adventitious, most adventitious",adventitiously (adv.),associated by chance and not an integral part｜偶然的；附帶的,His success was adventitious; he happened to be in the right place at the right time.,adventitious circumstance; adventitious growth; adventitious connection,C2
Adroit,/əˈdɹɔɪt/,adj.,"adroit, more adroit, most adroit","adroitness (n.), adroitly (adv.)",quick or skillful or adept in action or thought｜機敏的；熟練的,Her adroit handling of the crisis earned her a promotion and the team's respect.,adroit negotiator; adroit handling; adroit decision-making,C2
Amalgamate,/əˈmælɡəˌmeɪt/,v.,"amalgamate, amalgamates, amalgamated, amalgamated, amalgamating",amalgamation (n.),to bring or combine together or with something else｜合併；混合,The school decided to amalgamate the two classes due to low student enrollment.,amalgamate companies; amalgamate ideas; amalgamate cultures,C2
Alacrity,/əˈlækɹəti/,n. [U],no changes,alacritous (adj.),liveliness and eagerness｜欣然；樂意；敏捷,"He accepted the challenge with alacrity, eager to prove his skills.",with alacrity; show alacrity; alacrity in response,C2
Alleviate,/əˈliviˌeɪt/,v.,"alleviate, alleviates, alleviated, alleviated, alleviating",alleviation (n.),"provide physical relief, as from pain｜減輕；舒緩",The doctor prescribed medication to alleviate the pain from her injury.,alleviate pain; alleviate suffering; alleviate symptoms,C2
Allocate,/ˈæləˌkeɪt/,v.,"allocate, allocates, allocated, allocated, allocating",allocation (n.),distribute according to a plan or set apart for a special purpose｜分配；撥給,The committee will allocate funds for the new project next week.,allocate resources; allocate funds; allocate time,C2
Allay,/əˈleɪ/,v.,"allay, allays, allayed, allayed, allaying",allayer (n.),lessen the intensity of or calm｜減輕；平息,The soothing music helped to allay her anxiety before the performance.,allay fears; allay concerns; allay anxiety,C2
Affable,/ˈæfəbəl/,adj.,"affable, more affable, most affable","affability (n.), affably (adv.)",diffusing warmth and friendliness｜和藹可親的,The affable host made sure every guest felt welcome and comfortable.,affable personality; affable manner; affable host,C2
Aggrandize,/əˈɡɹæˌndaɪz/,v.,"aggrandize, aggrandizes, aggrandized, aggrandized, aggrandizing",aggrandizement (n.),"to increase or exaggerate one's own power, status, or reputation, often beyond what is warranted｜擴張（權力、地位或名聲）；吹捧",The ruler used elaborate ceremonies to aggrandize his status and authority.,aggrandize oneself; aggrandize one's reputation; aggrandize political power,C2
Incorrigible,/ɪˈnkɑɹədʒəbəl/,adj.,"incorrigible, more incorrigible, most incorrigible",incorrigibility (n.),impervious to correction by punishment｜無法透過懲罰改正的,"Despite multiple suspensions, the incorrigible student continued to disrupt class with his pranks.",incorrigible liar; incorrigible habit; incorrigible optimist,C2
Incipient,/ɪˈnsɪpiənt/,adj.,no changes,incipience (n.),only partly in existence; imperfectly formed｜才開始存在的；尚未完全形成的,"The incipient stages of the project showed promise, but it needed more development to succeed.",incipient stages; incipient disease; incipient stage of development,C2
Incongruous,/ɪˈŋkɔŋɹuəs/,adj.,"incongruous, more incongruous, most incongruous",incongruity (n.),lacking in harmony or compatibility or appropriateness｜不協調的；不合適的,The modern sculpture looked incongruous in the middle of the traditional Italian piazza.,incongruous elements; incongruous mixture; incongruous style,C2
Incredulous,/ɪnˈkɹɛdʒələs/,adj.,"incredulous, more incredulous, most incredulous",incredulity (n.),not disposed or willing to believe; unbelieving｜不輕信的；懷疑的,She was incredulous when her brother claimed he had seen a UFO in the night sky.,incredulous stare; incredulous expression; incredulous tone,C2
Incisive,/ɪˈnsaɪsɪv/,adj.,"incisive, more incisive, most incisive",incisiveness (n.),having or demonstrating ability to recognize or draw fine distinctions｜敏銳的；具有辨別能力的,The lawyer's incisive analysis of the case helped the jury understand the complex legal issues.,incisive analysis; incisive mind; incisive commentary,C2
Inclusive,/ɪnˈklusɪv/,adj.,"inclusive, more inclusive, most inclusive",include (v.),Including (almost) everything within its scope.｜包含一切的；全面的,"The new policy was inclusive, covering almost every possible scenario that could arise.",inclusive education; inclusive policy; inclusive approach,C2
Inclement,/ɪnˈklɛmənt/,adj.,"inclement, more inclement, most inclement","inclemency (n.), inclementness (n.)",(of weather or climate) severe｜惡劣的（指天氣或氣候）,"The hikers were forced to retreat due to the inclement weather, with heavy rain and strong winds.",inclement weather; inclement conditions; inclement storm,C2
Incognito,/ɪnkɔˈɡnitoʊ/,adj.,no changes,None,with your identity concealed｜隱藏身分的,The celebrity traveled incognito to avoid being recognized by fans and paparazzi.,incognito mode; travel incognito; remain incognito,C2
Increment,/ˈɪnkɹəmənt/,n.,"increment, increments",incremental (adj.),a process of becoming larger or longer or more numerous or more important｜增加的過程；增長,The company reported a steady increment in profits over the past five years.,annual increment; salary increment; steady increment,C2
Incumbent,/ɪˈnkʌmbənt/,adj.,no changes,incumbency (n.),currently holding an office or position; obligatory or necessary｜現任的；義不容辭的,The incumbent mayor leaned on years of experience to win the election again.,incumbent president; incumbent leader; incumbent government,C2
Indebted,/ɪˈndɛtəd/,adj.,"indebted, more indebted, most indebted",indebtedness (n.),owing gratitude or recognition to another for help or favors etc｜感激的；受恩惠的,I am indebted to my mentor for guiding me through the challenges of my early career.,indebted to someone; deeply indebted; financially indebted,C2
Indefatigable,/ˌɪndɪˈfætɪɡəbəl/,adj.,no changes,indefatigability (n.),showing sustained enthusiastic action with unflagging vitality｜不知疲倦的；堅持不懈的,"The indefatigable volunteers worked tirelessly, handing out supplies to the hurricane victims.",indefatigable worker; indefatigable spirit; indefatigable efforts,C2
Indigenous,/ɪˈndɪdʒənəs/,adj.,no changes,indigeneity (n.),originating where it is found｜原生的；當地的,The indigenous people of the Amazon have lived in harmony with the rainforest for centuries.,indigenous people; indigenous culture; indigenous species,C2
Indelible,/ɪˈndɛlɪbəl/,adj.,no changes,indelibility (n.),cannot be removed or erased｜無法消除的；難以抹去的,The events of that fateful day left an indelible mark on everyone who was there.,indelible mark; indelible impression; indelible ink,C2
Indignant,/ɪˈndɪɡnənt/,adj.,"indignant, more indignant, most indignant",indignation (n.),"Showing anger or indignation, especially at something unjust or wrong.｜憤怒的；憤慨的",The workers were indignant when they found out their boss had been cheating them out of overtime pay.,indignant response; indignant protest; indignant tone,C2
Indigent,/ˈɪndɪdʒənt/,adj.,"indigent, more indigent, most indigent",indigence (n.),poor enough to need help from others｜貧窮的；需要他人幫助的,The indigent family relied on the local food bank to make ends meet during the winter months.,indigent families; indigent population; indigent patients,C2
Incubate,/ˈɪnkjəˌbeɪt/,v.,"incubate, incubates, incubated, incubated, incubating","incubator (n.), incubation (n.)",grow under conditions that promote development｜孵化；培育,The scientist worked tirelessly to incubate the cells needed for the groundbreaking experiment.,incubate ideas; incubate a plan; incubate a startup,C2
Incite,/ɪˈnsaɪt/,v.,"incite, incites, incited, incited, inciting",incitement (n.),give an incentive for action｜激勵；煽動,The protest leader's speech was designed to incite the crowd to demand change from the government.,incite violence; incite rebellion; incite anger,C2
Indiscretion,/ˌɪndɪsˈkɹɛʃən/,n.,"indiscretion, indiscretions",None,the trait of being injudicious｜輕率的行為；不謹慎,His indiscretion at the party led to a scandal that damaged his reputation.,act of indiscretion; indiscretion of youth; personal indiscretion,C2
Incriminate,/ɪnˈkɹɪməˌneɪt/,v.,"incriminate, incriminates, incriminated, incriminated, incriminating","incrimination (n.), incriminatory (adj.)",suggest that someone is guilty｜暗示有罪；歸罪,"The detective's questions were meant to incriminate the suspect, but he had an alibi.",incriminate someone; incriminate oneself; incriminate by association,C2
Incur,/ɪˈnkɝ/,v.,"incur, incurs, incurred, incurred, incurring","incurring (n.), incursion (n.), incurrence (n.)","To bring upon oneself or expose oneself to, especially something inconvenient, harmful, or onerous; to become liable or subject to.｜招惹、招致（尤指不便、有害或繁重的事物）；使自己成為應負責任者","By signing the contract without reading it, he incurred a lot of unexpected expenses.",incur debt; incur expenses; incur losses,C2
Indolent,/ˈɪndələnt/,adj.,"indolent, more indolent, most indolent",indolence (n.),disinclined to work or exertion｜不願工作或努力的；懶散的,He was indolent and preferred to spend his days lounging on the couch rather than working.,indolent lifestyle; indolent behavior; indolent attitude,C2
Industrious,/ɪˈndʌstɹiəs/,adj.,"industrious, more industrious, most industrious","industry (n.), industriousness (n.)",characterized by hard work and perseverance｜勤奮的；勤勉的,The industrious student spent every weekend studying at the library to maintain her perfect GPA.,industrious worker; industrious student; industrious nature,C2
Indict,/ɪˈndaɪt/,v.,"indict, indicts, indicted, indicted, indicting",indictment (n.),accuse formally of a crime｜正式指控犯罪,The district attorney decided to indict the corrupt politician after gathering enough evidence.,indict someone for; indict on charges; indict for fraud,C2
Indulge,/ɪˈndʌldʒ/,v.,"indulge, indulges, indulged, indulged, indulging","indulging (n.), indulgence (n.)",give free rein to｜放縱；任由,She decided to indulge her craving for chocolate by buying a box of gourmet truffles.,indulge in luxury; indulge in pleasures; indulge oneself,C2
Inert,/ɪˈnɝt/,adj.,"inert, more inert, most inert",inertness (n.),unable to move or resist motion｜無法移動的；無抵抗力的,"The old dog lay inert on the rug, unable to move even when the children played around him.",inert gas; inert object; chemically inert,C2
Inculcate,/ˈɪŋkəˌlkeɪt/,v.,"inculcate, inculcates, inculcated, inculcated, inculcating",inculcation (n.),teach and impress by frequent repetitions or admonitions｜透過反覆灌輸或告誡來教導並使人牢記,"The coach worked hard to inculcate discipline in the team, repeating the same advice every day.",inculcate values; inculcate beliefs; inculcate habits,C2
Indomitable,/ɪˈndɑmətəbəl/,adj.,no changes,indomitability (n.),impossible to subdue｜無法征服的；不屈不撓的,"Despite facing numerous setbacks, the indomitable spirit of the athlete never wavered.",indomitable spirit; indomitable will; indomitable courage,C2
Infallible,/ɪˈnfæləbəl/,adj.,no changes,infallibility (n.),incapable of failure or error｜不會失敗或犯錯的；萬無一失的,"The new software was touted as infallible, but it crashed during the first live demonstration.",infallible method; infallible system; infallible proof,C2
Inept,/ɪˈnɛpt/,adj.,"inept, more inept, most inept",ineptness (n.),"lacking competence, skill, or aptitude; bungling｜缺乏能力的；笨拙的","His inept speech left the audience confused, filled with awkward pauses and unclear points.",inept handling; inept attempt; socially inept,C2
Infamous,/ˈɪnfəməs/,adj.,"infamous, more infamous, most infamous",infamy (n.),known widely and usually unfavorably｜眾所周知且名聲不佳的,The infamous pirate Blackbeard struck fear into the hearts of sailors across the Caribbean.,infamous criminal; infamous scandal; infamous dictator,C2
Inevitable,/ɪˈnɛvətəbəl/,adj.,no changes,"inevitability (n.), inevitableness (n.)",incapable of being avoided or prevented｜無法避免或阻止的,It was inevitable that the old building would be torn down to make way for the new development.,inevitable conclusion; inevitable outcome; inevitable consequence,C2
Ineffable,/ɪˈnɛfəbəl/,adj.,no changes,ineffability (n.),defying expression or description｜難以表達或形容的,"The beauty of the sunset was ineffable, leaving the onlookers speechless and in awe.",ineffable beauty; ineffable joy; ineffable mystery,C2
Inebriated,/ɪˈnɛbɹiˌeɪtəd/,adj.,"inebriated, more inebriated, most inebriated",None,drunk; intoxicated (literally or figuratively)｜醉的；中毒的（字面或比喻義）,"The audience was inebriated by the poet's words, filling them with a sense of wonder and delight.",inebriated state; inebriated driver; inebriated with success,C2
Infinitesimal,/ˌɪnfɪnɪˈtɛsɪməl/,adj.,no changes,infinitesimally (adv.),extremely small; so minute as to be almost immeasurable｜極微小的；小到幾乎無法測量的,"In calculus, the concept of an infinitesimal helps describe quantities approaching zero.",infinitesimal amount; infinitesimal change; infinitesimal particle,C2
Infringe,/ɪnˈfɹɪndʒ/,v.,"infringe, infringes, infringed, infringed, infringing",infringement (n.),"go against, as of rules and laws｜違反（規則和法律）",The company was accused of infringing on the competitor's patent with their latest product.,infringe rights; infringe law; infringe upon privacy,C2
Ineluctable,/ɪn.ɪˈlʌk.tə.bəl/,adj.,no changes,ineluctability (n.),impossible to avoid or escape; inescapable｜無法避免或逃脫的；不可避免的,The ineluctable passage of time means we cannot stop ourselves from growing older.,ineluctable fate; ineluctable truth; ineluctable reality,C2
Inflate,/ɪnˈfleɪt/,v.,"inflate, inflates, inflated, inflated, inflating","inflater (n.), inflator (n.), inflation (n.), inflatable (adj.)",exaggerate or make bigger｜誇大；使膨脹,The company decided to inflate the sales numbers to impress the shareholders.,inflate prices; inflate numbers; inflate ego,C2
Influx,/ˈɪnˌflʌks/,n.,"influx, influxes",None,the process of flowing in｜流入的過程,The influx of tourists during the summer months overwhelmed the small town's infrastructure.,sudden influx; influx of refugees; influx of tourists,C2
Infer,/ɪˈnfɝ/,v.,"infer, infers, inferred, inferred, inferring",inference (n.),"To introduce (something) as a reasoned conclusion; to conclude by reasoning or deduction, as from premises or evidence.｜根據前提或證據透過推理得出結論；推斷","Based on the evidence, the detective could infer that the suspect had left the country.",infer meaning; infer conclusion; infer from evidence,C2
Inexorable,/ˌɪˈnɛksɚəbəl/,adj.,no changes,inexorability (n.),not to be placated or appeased or moved by entreaty｜無法被安撫或請求所動的,The inexorable advance of technology continues to change the way we live and work.,inexorable march; inexorable progress; inexorable decline,C2
Infirm,/ɪˈnfɝm/,adj.,"infirm, more infirm, most infirm",infirmity (n.),lacking bodily or muscular strength or vitality｜缺乏身體或肌肉力量或活力的,His infirm condition made it difficult for him to climb the stairs without assistance.,infirm health; infirm body; infirm mind,C2
Ingenuous,/ɪˈndʒɛnjuəs/,adj.,"ingenuous, more ingenuous, most ingenuous",ingenuousness (n.),characterized by an inability to mask your feelings; not devious｜無法掩飾情感的；不狡詐的,"Her ingenuous laughter was infectious, revealing her genuine and open nature.",ingenuous smile; ingenuous manner; ingenuous question,C2
Ingenious,/ɪˈndʒinjəs/,adj.,"ingenious, more ingenious, most ingenious","ingenuity (n.), ingeniousness (n.)",showing inventiveness and skill｜展現創造力和技巧的,The ingenious inventor created a device that could purify water using only sunlight.,ingenious solution; ingenious design; ingenious plan,C2
Inhibit,/ɪˈnhɪbət/,v.,"inhibit, inhibits, inhibited, inhibited, inhibiting","inhibitor (n.), inhibition (n.), inhibitory (adj.)","to hinder, restrain, or prevent a process, action, or behavior｜阻礙、抑制或阻止過程、行為",The new policy was designed to inhibit excessive spending and reduce waste.,inhibit growth; inhibit progress; inhibit behavior,C2
Inherent,/ɪˈnhɪɹənt/,adj.,no changes,inherence (n.),existing as an essential constituent or characteristic｜作為必要成分或特徵而存在的,"Creativity is an inherent part of human nature, present in everyone to some degree.",inherent quality; inherent risk; inherent flaw,C2
Innate,/ɪˈneɪt/,adj.,no changes,innateness (n.),not established by conditioning or learning｜非由訓練或學習建立的,The child's innate curiosity drove them to explore every corner of the house.,innate ability; innate talent; innate sense,C2
Ingratiate,/ɪŋˈɡɹeɪʃiˌeɪt/,v.,"ingratiate, ingratiates, ingratiated, ingratiated, ingratiating",ingratiatory (adj.),gain favor with somebody by deliberate efforts｜透過刻意努力獲得某人好感,The new employee tried to ingratiate himself with his colleagues by bringing in donuts every morning.,ingratiate oneself; ingratiate with boss; ingratiate with peers,C2
Ingrained,/ɪnˈɡɹeɪnd/,adj.,"ingrained, more ingrained, most ingrained",ingrain (v.),firmly fixed or deep-rooted｜牢固固定或根深蒂固的,"The habit of reading was ingrained in her from a young age, becoming a lifelong passion.",ingrained habit; ingrained belief; ingrained prejudice,C2
Innovation,/ˌɪnəˈveɪʃən/,n.,"innovation, innovations","innovate (v.), innovational (adj.)",a creation (a new device or process) resulting from study and experimentation｜由研究與實驗產生的創造（新裝置或程序）,"The company's latest innovation, a solar-powered car, attracted attention from around the world.",technological innovation; innovation in technology; innovation in design,C2
Innuendo,/ɪnjuˈɛndoʊ/,n.,"innuendo, innuendos",None,an indirect (and usually malicious) implication｜間接的（通常帶惡意的）暗示,The email contained an innuendo suggesting that the employee was not qualified for the promotion.,malicious innuendo; veiled innuendo; sexual innuendo,C2
Innocuous,/ɪˈnɑkjuəs/,adj.,"innocuous, more innocuous, most innocuous",innocuousness (n.),not injurious to physical or mental health｜無害於身體或心理健康的,The medication is innocuous and has no known side effects on mental health.,innocuous substance; innocuous remark; innocuous question,C2
Insatiable,/ɪˈnseɪʃəbəl/,adj.,no changes,insatiability (n.),impossible to satisfy｜無法滿足的,His insatiable appetite for success drove him to work 80-hour weeks.,insatiable appetite; insatiable demand; insatiable curiosity,C2
Inordinate,/ɪˈnɔɹdənɪt/,adj.,"inordinate, more inordinate, most inordinate",inordinateness (n.),beyond normal limits｜超出正常範圍的,She had an inordinate amount of confidence for someone who had just started the job.,inordinate amount; inordinate delay; inordinate influence,C2
Inscrutable,/ɪnsˈkɹutəbəl/,adj.,"inscrutable, more inscrutable, most inscrutable",inscrutability (n.),difficult or impossible to comprehend or interpret; unfathomable｜難以理解或解釋的；深不可測的,The famously inscrutable artist never explained the meaning behind his abstract paintings.,inscrutable expression; inscrutable motives; inscrutable smile,C2
Inimical,/ɪˈnɪmɪkəl/,adj.,"inimical, more inimical, most inimical",inimicality (n.),not friendly｜不友善的,The two countries have long had inimical relations due to their ongoing border disputes.,inimical to health; inimical forces; inimical relationship,C2
Insolent,/ˈɪnsələnt/,adj.,"insolent, more insolent, most insolent",insolence (n.),marked by casual disrespect｜帶有隨意不敬的,The teenager's insolent remarks towards the teacher resulted in detention.,insolent behavior; insolent remark; insolent attitude,C2
Iniquitous,/ɪˈnɪkwɪtəs/,adj.,"iniquitous, more iniquitous, most iniquitous",iniquity (n.),characterized by iniquity; wicked because it is believed to be a sin｜以邪惡為特徵的；因被視為罪惡而邪惡的,The dictator's iniquitous regime was overthrown after years of oppression.,iniquitous act; iniquitous scheme; iniquitous policy,C2
Instigate,/ˈɪnstəˌɡeɪt/,v.,"instigate, instigates, instigated, instigated, instigating","instigation (n.), instigator (n.)",provoke or stir up｜激起或煽動,The protesters were accused of instigating violence during the demonstration.,instigate violence; instigate rebellion; instigate change,C2
Insensible,/ɪˈnsɛnsəbəl/,adj.,"insensible, more insensible, most insensible",insensibility (n.),incapable of physical sensation｜無法感受物理刺激的,"After the accident, he was insensible to pain for hours due to the shock.",insensible to pain; insensible to criticism; insensible to danger,C2
Insurgent,/ɪˈnsɝdʒənt/,n.,"insurgent, insurgents",insurgency (n.),a person who takes part in an armed rebellion against established authority｜參與武裝叛亂反對既定權威的人,The insurgent leader called for a nationwide uprising against the government.,armed insurgent; insurgent group; insurgent leader,C2
Insidious,/ɪˈnsɪdiəs/,adj.,"insidious, more insidious, most insidious",insidiousness (n.),beguiling but harmful｜誘人而有害的,"The insidious virus spread rapidly, often without any noticeable symptoms.",insidious disease; insidious plot; insidious threat,C2
Insular,/ˈɪnsəlɚ/,adj.,"insular, more insular, most insular",insularity (n.),narrowly restricted in outlook or experience; parochial and isolated from wider influences｜視野或經驗極度狹隘的; 偏狹且與更廣泛影響隔絕的,The island's insular culture was largely unaffected by outside influences for centuries.,insular community; insular mindset; insular attitude,C2
Insubordinate,/ɪnsəˈbɔɹdəˌneɪt/,adj.,"insubordinate, more insubordinate, most insubordinate",None,not submissive to authority｜不服從權威的,The soldier was court-martialed for being insubordinate to his commanding officer.,insubordinate behavior; insubordinate employee; insubordinate act,C2
Intangible,/ɪˈntændʒəbəl/,adj.,"intangible, more intangible, most intangible",intangibility (n.),not having material form or physical substance; unable to be touched or precisely measured｜沒有物質形式或物理實體的; 無法觸摸或精確測量的,"The value of the company's intangible assets, such as brand recognition, was difficult to quantify.",intangible assets; intangible benefits; intangible value,C2
Integral,/ˈɪntəɡɹəl/,adj.,"integral, more integral, most integral",integrality (n.),existing as an essential constituent or characteristic｜作為必要成分或特徵而存在的,Teamwork is integral to the success of any large-scale project.,integral part; integral component; integral element,C2
Intermittent,/ˌɪntɚˈmɪtənt/,adj.,"intermittent, more intermittent, most intermittent","intermittence (n.), intermittency (n.)",stopping and starting at irregular intervals｜不規律地停止和開始的,The intermittent power outages were caused by a faulty transformer.,intermittent rain; intermittent pain; intermittent power,C2
Intricate,/ˈɪntɹəkət/,adj.,"intricate, more intricate, most intricate",None,having many complexly arranged elements; elaborate｜具有許多複雜排列元素的; 精巧的,The intricate design of the cathedral's stained glass windows left visitors in awe.,intricate design; intricate pattern; intricate network,C2
Insipid,/ɪnˈsɪp.ɪd/,adj.,"insipid, more insipid, most insipid",insipidity (n.),lacking taste or flavor or tang｜缺乏味道或風味的,The restaurant's food was so insipid that we left without finishing our meal.,insipid food; insipid personality; insipid performance,C2
Invalidate,/ɪˈnvælɪˌdeɪt/,v.,"invalidate, invalidates, invalidated, invalidated, invalidating","invalidator (n.), invalidation (n.)",declare invalid｜宣布無效,The judge decided to invalidate the previous ruling due to procedural errors.,invalidate a claim; invalidate a contract; invalidate an argument,C2
Inundate,/ˈɪnəˌndeɪt/,v.,"inundate, inundates, inundated, inundated, inundating",inundation (n.),fill quickly beyond capacity; as with a liquid｜迅速充滿超出容量的; 如液體般淹没,The heavy rain caused the river to inundate the nearby village.,inundate with requests; inundate with complaints; inundate with information,C2
Intrepid,/ɪnˈtɹɛpəd/,adj.,"intrepid, more intrepid, most intrepid",intrepidity (n.),invulnerable to fear or intimidation｜無畏懼或恐嚇的,The intrepid explorers ventured into the uncharted wilderness without hesitation.,intrepid explorer; intrepid spirit; intrepid leader,C2
Intrinsic,/ɪnˈtɹɪnsɪk/,adj.,no changes,intrinsically (adv.),belonging to a thing by its very nature｜屬於事物本性的,The intrinsic beauty of the landscape was untouched by human intervention.,intrinsic value; intrinsic quality; intrinsic nature,C2
Intemperate,/ɪˈntɛmpɚət/,adj.,"intemperate, more intemperate, most intemperate",intemperateness (n.),"lacking moderation or self-restraint; prone to excess, especially in drink or speech｜缺乏節制或自我約束的; 易於過度的,尤其在飲食或言辭上",His intemperate remarks at the dinner offended several guests and sparked a heated argument.,intemperate behavior; intemperate language; intemperate outburst,C2
Invincible,/ɪˈnvɪnsəbəl/,adj.,no changes,invincibility (n.),incapable of being overcome or subdued｜無法被克服或征服的,The invincible army had not lost a battle in over a decade.,invincible army; invincible spirit; invincible will,C2
Iota,/aɪˈoʊtə/,n.,"iota, iotas",None,a tiny or scarcely detectable amount｜極少量或幾乎無法察覺的量,There wasn't an iota of evidence to support his wild claims.,iota of truth; iota of difference; not one iota,C2
Interminable,/ɪˈntɝmənəbəl/,adj.,no changes,None,tiresomely long; seemingly without end｜令人厭倦地冗長的; 似乎無止境的,"The interminable meeting lasted for hours, leaving everyone exhausted.",interminable wait; interminable meeting; interminable debate,C2
Invective,/ɪˈnvɛktɪv/,n.,"invective, invectives",None,abusive or venomous language used to express blame or censure or bitter deep-seated ill will｜用來表達指責或譴責或深刻敵意的侮辱性或惡毒語言,"The politician resorted to invective, hurling insults at his opponent.",stream of invective; launch into invective; bitter invective,C2
Invigorate,/ɪˈnvɪɡɚɪt/,v.,"invigorate, invigorates, invigorated, invigorated, invigorating","invigorator (n.), invigoration (n.)",heighten or intensify｜提高或加強,The coach's speech served to invigorate the team before the big game.,invigorate economy; invigorate debate; invigorate spirit,C2
Ironic,/aɪˈɹɑnɪk/,adj.,"ironic, more ironic, most ironic",irony (n.),humorously sarcastic or mocking｜幽默諷刺的或嘲弄的,His ironic comment about the weather drew laughter from the crowd.,ironic twist; ironic humor; ironic tone,C2
Inure,/ɪˈnjʊɹ/,v.,"inure, inures, inured, inured, inuring",inurement (n.),cause to accept or become hardened to; habituate｜使習慣；使適應,She had become inured to the constant noise of the city after a few months.,inure to cold; inure to hardship; inure oneself to,C2
Irrational,/ɪˈɹæʃənəl/,adj.,"irrational, more irrational, most irrational","irrationally (adv.), irrationality (n.)",not consistent with or using reason｜不合理性的；無理性的,His irrational fear of spiders often led to panicked reactions.,irrational fear; irrational behavior; irrational decision,C2
Iridescent,/ˌɪɹəˈdɛsənt/,adj.,"iridescent, more iridescent, most iridescent","iridesce (v.), iridescence (n.)",varying in color when seen in different lights or from different angles｜色彩斑斕的；虹彩的,"The soap bubbles were iridescent, shimmering with different colors in the sunlight.",iridescent colors; iridescent sheen; iridescent fabric,C2
Inveterate,/ɪˈnvɛtɚət/,adj.,"inveterate, more inveterate, most inveterate",inveteracy (n.),habitual｜根深蒂固的；積習的,His inveterate smoking habit was hard to break despite numerous attempts.,inveterate gambler; inveterate liar; inveterate habit,C2
Irascible,/ɪˈɹæsɪbəl/,adj.,"irascible, more irascible, most irascible",irascibility (n.),quickly aroused to anger｜易怒的；脾氣暴躁的,The irascible old man would often shout at passersby for no reason.,irascible temper; irascible old man; irascible response,C2
Invidious,/ɪˈnvɪdiəs/,adj.,"invidious, more invidious, most invidious",invidiousness (n.),containing or implying a slight or showing prejudice｜引起反感的；不公平的,The invidious comparison between the two sisters caused a rift in the family.,invidious comparison; invidious distinction; invidious remark,C2
Irrevocable,/ɪˈɹɛvəkəbəl/,adj.,no changes,irrevocability (n.),incapable of being retracted or revoked; final and unalterable｜不可撤回的；無法改變的,"Once the decision was made, it was irrevocable and could not be changed.",irrevocable decision; irrevocable step; irrevocable change,C2
Inchoate,/ˈɪntʃəˌweɪt/,adj.,"inchoate, more inchoate, most inchoate",inchoately (adv.),only partly in existence; imperfectly formed｜未形成的；不完整的,"The project was still inchoate, with many details yet to be finalized.",inchoate idea; inchoate plan; inchoate form,C2
Irreverent,/ɪˈɹɛvɚənt/,adj.,"irreverent, more irreverent, most irreverent",irreverence (n.),showing lack of due respect or veneration｜不尊敬的；不敬的,His irreverent attitude towards authority often got him into trouble.,irreverent attitude; irreverent humor; irreverent comment,C2
Itinerant,/aɪˈtɪnɚənt/,adj.,"itinerant, more itinerant, most itinerant",itinerancy (n.),"travelling from place to place, especially for work, rather than living or working in one fixed location｜流動的；巡回的",The itinerant workers moved from farm to farm following the harvest season.,itinerant worker; itinerant musician; itinerant preacher,C2
Itinerary,/aɪˈtɪnɚˌɛɹi/,n.,"itinerary, itineraries",None,"a detailed plan or schedule of a journey, including routes, stops, and timing｜行程；旅行計畫","The travel agent provided an itinerary for the entire trip, including all stops.",travel itinerary; detailed itinerary; planned itinerary,C2
Jargon,/ˈdʒɑɹɡən/,n.,"jargon, jargons",None,"specialized or technical language used by a particular field or group, often difficult for outsiders to understand｜術語；行話",The jargon used by the hackers was unintelligible to anyone outside their group.,medical jargon; legal jargon; technical jargon,C2
Jaded,/ˈdʒeɪdəd/,adj.,"jaded, more jaded, most jaded",jadedness (n.),"tired, bored, or lacking enthusiasm after overexposure｜倦怠的；厭倦的","After years of teaching, she found herself jaded and longing for a change.",jaded palate; jaded audience; jaded by experience,C2
Judicious,/dʒuˈdɪʃəs/,adj.,"judicious, more judicious, most judicious",judiciousness (n.),marked by the exercise of good judgment or common sense in practical matters｜深思熟慮的；明智的,It was a judicious decision to postpone the event due to the storm.,judicious decision; judicious choice; judicious use,C2
Irksome,/ˈɝksəm/,adj.,"irksome, more irksome, most irksome",None,annoying or irritating; causing mild annoyance or bother｜令人厭煩的,The lecture was so irksome that many students struggled to stay awake.,irksome task; irksome habit; irksome delay,C2
Jeopardize,/ˈdʒɛpɚˌdaɪz/,v.,"jeopardize, jeopardizes, jeopardized, jeopardized, jeopardizing",jeopardy (n.),pose a threat to; present a danger to｜危及；危害,The new policy could jeopardize the company's future if not implemented carefully.,jeopardize safety; jeopardize chances; jeopardize reputation,C2
Jurisdiction,/ˌdʒʊɹəˈsdɪkʃən/,n.,"jurisdiction, jurisdictions",jurisdictional (adj.),the official power or authority to make legal decisions and judgments within a defined territory or sphere｜司法權；管轄範圍,The court's jurisdiction extended to all cases within the state boundaries.,jurisdiction over; legal jurisdiction; criminal jurisdiction,C2
Irreproachable,/ɪɹɹipɑɹəbəl/,adj.,no changes,None,free of guilt; not subject to blame｜無可指責的；無過失的,His reputation for being irreproachable made him the ideal candidate for the job.,irreproachable character; irreproachable conduct; irreproachable reputation,C2
Irresolute,/ˈɪɹəˌsoʊlut/,adj.,"irresolute, more irresolute, most irresolute",irresolution (n.),uncertain how to act or proceed｜優柔寡斷的；猶豫不決的,"The irresolute leader struggled to make decisions, causing frustration among the team.",irresolute action; irresolute leader; irresolute decision,C2
Jubilant,/ˈdʒubələnt/,adj.,"jubilant, more jubilant, most jubilant","jubilance (n.), jubilation (n.)",joyful and proud especially because of triumph or success｜歡欣鼓舞的；勝利的喜悅,"The team was jubilant after winning the championship, celebrating late into the night.",jubilant crowd; jubilant mood; jubilant celebration,C2
Juxtapose,/ˌdʒʌkstəˈpoʊz/,v.,"juxtapose, juxtaposes, juxtaposed, juxtaposed, juxtaposing",juxtaposition (n.),place side by side｜並置；並排放置,The art exhibit juxtaposes paintings from the Renaissance with modern abstract pieces to highlight their differences.,juxtapose ideas; juxtapose images; juxtapose contrasting elements,C2
Justification,/ˌdʒʌstəfəˈkeɪʃən/,n.,"justification, justifications",justify (v.),something (such as a fact or circumstance) that shows an action to be reasonable or necessary｜證明行動合理或必要的事物（如事實或情況）,The judge demanded a clear justification for the officer's use of force during the arrest.,seek justification; provide justification; find justification,C2
Keen,/ˈkin/,adj.,"keen, keener, keenest",keenness (n.),having or demonstrating ability to recognize or draw fine distinctions｜具有或展現識別或區分細微差異的能力,Her keen eye for detail allowed her to spot the one tiny error in the otherwise perfect manuscript.,keen observer; keen sense; keen insight,C2
Juggernaut,/ˈdʒʌɡɚˌnɔt/,n.,"juggernaut, juggernauts",None,a massive inexorable force that seems to crush everything in its way｜似乎能碾壓一切的巨大不可阻擋力量,"The company's expansion was like a juggernaut, crushing all competitors in its path.",relentless juggernaut; unstoppable juggernaut; corporate juggernaut,C2
Labyrinth,/ˈlæbɚˌɪnθ/,n.,"labyrinth, labyrinths",labyrinthian (adj.),complex system of paths or tunnels in which it is easy to get lost｜複雜的通道或隧道系統，容易迷路,"The old mansion had a labyrinth of corridors, making it easy for guests to lose their way.",maze-like labyrinth; complex labyrinth; navigate labyrinth,C2
Jovial,/ˈdʒoʊviəl/,adj.,"jovial, more jovial, most jovial",joviality (n.),cheerful and good-humoured; merry and convivial in manner｜愉快的且和藹的；舉止歡樂且友善,"The reunion was a jovial event, filled with laughter and nostalgic stories from the past.",jovial mood; jovial personality; jovial atmosphere,C2
Jocular,/ˈdʒɑkjəlɚ/,adj.,"jocular, more jocular, most jocular",jocularity (n.),characterized by jokes and good humor｜以笑話和幽默為特徵的,"His jocular personality made him popular at parties, where he always had a joke ready.",jocular tone; jocular remark; jocular character,C2
Kindle,/ˈkɪndəl/,v.,"kindle, kindles, kindled, kindled, kindling",kindling (n.),to start or light a fire; to arouse or inspire an emotion or interest｜點燃或生火；激發或鼓舞情感或興趣,The campers kindled a fire to stay warm during the chilly autumn night.,kindle flames; kindle interest; kindle hope,C2
Juncture,/ˈdʒʌŋktʃɚ/,n.,"juncture, junctures",None,"a particular point in time or stage in a sequence of events, especially a critical one｜時間或事件序列中的特定點，尤指關鍵時刻","At this critical juncture, the company had to decide whether to launch the product or delay it.",critical juncture; pivotal juncture; at this juncture,C2
Lament,/ləˈmɛnt/,n.,"lament, laments","lamenter (n.), lamentable (adj.), lamentation (n.)",a cry of sorrow and grief｜悲傷的哭泣,A lament echoed through the village as the community mourned the loss of their beloved leader.,express lament; heartfelt lament; lament the loss,C2
Lampoon,/læˈmpun/,v.,"lampoon, lampoons, lampooned, lampooned, lampooning",lampooner (n.),ridicule with satire｜用諷刺來嘲弄,The comedian's new show lampoons celebrity culture and its many absurdities.,lampoon politicians; mercilessly lampoon; lampoon in print,C2
Kinetic,/kəˈnɛtɪk/,adj.,no changes,kinesis (n.),relating to the motion of material bodies and the forces associated therewith｜與物質運動及其相關力量有關的,The study of kinetic energy is crucial in understanding the motion of objects in physics.,kinetic energy; kinetic art; kinetic force,C2
Lambaste,/ˌlæˈmbæst/,v.,"lambaste, lambastes, lambasted, lambasted, lambasting",lambasting (v.),to criticize or reprimand harshly and severely｜嚴厲批評或斥責,The coach threatened to lambaste any player who showed up late to practice again.,publicly lambaste; harshly lambaste; lambaste for mistakes,C2
Kudos,/ˈkudoʊs/,n.,"kudos, no changes",None,an expression of approval and commendation｜表示讚許和稱讚,The team received kudos from the manager for their outstanding performance in the championship game.,receive kudos; earn kudos; kudos for efforts,C2
Latent,/ˈleɪtənt/,adj.,"latent, more latent, most latent",latency (n.),potentially existing but not presently evident or realized｜可能存在但目前不明顯或未顯現的,The forensic team dusted the glass for latent fingerprints left by the intruder.,latent potential; latent talent; latent threat,C2
Larceny,/ˈlɑɹsəni/,n.,"larceny, larcenies","larcener (n.), larcenist (n.)",the act of taking something from someone unlawfully｜非法從他人處取走財物的行為,The man was charged with larceny after stealing money from the cash register.,commit larceny; petty larceny; grand larceny,C2
Lachrymose,/ˈkælkɹiˌmoʊz/,adj.,"lachrymose, more lachrymose, most lachrymose",None,showing sorrow｜表現悲傷的,"The lachrymose film left the audience in tears, as it depicted a heartbreaking story of loss.",lachrymose mood; lachrymose expression; lachrymose story,C2
Laud,/ˈlɔd/,v.,"laud, lauds, lauded, lauded, lauding","laudable (adj.), laudatory (adj.)","praise, glorify, or honor｜讚美、頌揚或尊敬",The community came together to laud the volunteers who had dedicated so much time to the charity event.,loudly laud; publicly laud; laud achievements,C2
Languish,/ˈlæŋɡwɪʃ/,v.,"languish, languishes, languished, languished, languishing",languisher (n.),"lose vigor, health, or flesh, as through grief｜因悲傷而失去活力、健康或消瘦","Without proper care, the plant will languish and eventually die.",languish in prison; languish for years; languish in neglect,C2
Laconic,/lɑˈkɑnɪk/,adj.,"laconic, more laconic, most laconic",laconicism (n.),brief and to the point; effectively cut short｜簡潔且切中要點的；有效簡短的,The professor's laconic response left the students pondering the deeper meaning behind his words.,laconic response; laconic style; laconic statement,C2
Lavish,/ˈlævɪʃ/,adj.,"lavish, more lavish, most lavish",lavishness (n.),Expending or bestowing profusely; profuse; prodigal.｜慷慨花費的；豐厚的；揮霍的,"The celebrity's lavish lifestyle, filled with expensive cars and designer clothes, was often featured in magazines.",lavish lifestyle; lavish spending; lavish gifts,C2
Languid,/ˈlæŋɡwəd/,adj.,"languid, more languid, most languid","languor (n.), languish (v.)",lacking spirit or liveliness｜無精打采的；倦怠的,"After a long day at work, she felt languid and decided to take a nap.",languid pace; languid movements; languid afternoon,C2
Levy,/ˈlɛvi/,v.,"levy, levies, levied, levied, levying",None,impose and collect｜徵收；徵稅,The government will levy new taxes on luxury goods to generate additional revenue.,levy taxes; levy fines; levy sanctions,C2
Libel,/ˈlaɪbəl/,n.,"libel, libels","libeler (n.), libelous (adj.), libellous (adj.)",a false and malicious publication printed for the purpose of defaming a living person｜文字誹謗；誹謗罪（針對在世人士的虛假惡意出版物）,The newspaper was sued for libel after publishing a false article that damaged the actor's reputation.,sue for libel; commit libel; libel lawsuit,C2
Liaison,/liˈeɪˌzɑn/,n.,"liaison, liaisons",None,communication or cooperation that builds a close working relationship between groups; a person who arranges this｜聯繫；聯絡人；協調者,She acted as the liaison between the engineering team and the marketing department.,liaison between teams; act as liaison; close liaison,C2
Liberality,/ˌlɪbɚˈæləti/,n.,"liberality, liberalities",liberal (adj.),generosity in giving; openness and broad-mindedness toward others｜慷慨；寬宏大量,The university's liberality in accepting students from diverse backgrounds was widely praised.,spirit of liberality; liberality in giving; liberality towards others,C2
Liability,/ˌlaɪəˈbɪlɪti/,n.,"liability, liabilities",liable (adj.),the state of being legally obliged and responsible｜法律責任；義務,"As the building owner, he faced liability for the accident that occurred on his property.",legal liability; liability insurance; liability for damages,C2
Largesse,/lɑˈɹɡɛs/,n. [U],no changes,None,a gift or money given (as for service or out of benevolence); usually given ostentatiously｜慷慨的捐贈；賞金（常指炫耀性的）,The celebrity's largesse in donating millions to charity was covered extensively by the media.,generous largesse; receive largesse; public display of largesse,C2
Libertine,/ˈlɪbɚˌtin/,n.,"libertine, libertines",None,a dissolute person; usually a man who is morally unrestrained｜放蕩的人；道德敗壞者（通常指男性）,The novel's protagonist is a libertine who spends his days in reckless pursuit of pleasure.,notorious libertine; wealthy libertine; libertine lifestyle,C2
Lackadaisical,/ˌlækəˈdeɪzɪkəl/,adj.,"lackadaisical, more lackadaisical, most lackadaisical",None,lacking spirit or liveliness｜沒精打采的；慵懶的,His lackadaisical approach to work resulted in several missed deadlines and frustrated colleagues.,lackadaisical attitude; lackadaisical approach; lackadaisical demeanor,C2
Legacy,/ˈlɛɡəsi/,n.,"legacy, legacies",None,something handed down from the past; an inheritance or lasting impact left by a predecessor｜遺產；遺留物,The family was surprised by the generous legacy left to them by their reclusive uncle.,family legacy; leave a legacy; cultural legacy,C2
Lethargic,/ləˈθɑɹdʒɪk/,adj.,"lethargic, more lethargic, most lethargic",lethargy (n.),deficient in alertness or activity｜昏睡的；無力的,"After a long night of partying, she felt lethargic and struggled to get out of bed.",lethargic state; feel lethargic; lethargic movements,C2
Licentious,/laɪˈsɛntʃəs/,adj.,"licentious, more licentious, most licentious",licentiousness (n.),lacking moral discipline; especially sexually unrestrained｜放蕩的；淫蕩的,The play's licentious themes shocked audiences and sparked widespread controversy.,licentious behavior; licentious lifestyle; licentious conduct,C2
Lucrative,/ˈlukɹətɪv/,adj.,"lucrative, more lucrative, most lucrative",lucre (n.),producing substantial profit or financial gain; highly profitable｜獲利豐厚的；有利可圖的,"The new business venture proved to be lucrative, yielding a substantial profit within the first year.",lucrative business; lucrative opportunity; lucrative investment,C2
Luminous,/ˈlumənəs/,adj.,"luminous, more luminous, most luminous","luminosity (n.), luminescent (adj.), luminance (n.)",softly bright or radiant｜發光的；明亮的,The painting's luminous colors captivated everyone who walked into the gallery.,luminous glow; luminous quality; luminous presence,C2
Lofty,/ˈlɔfti/,adj.,"lofty, loftier, loftiest",loftiness (n.),"impressively high; elevated in character, ideals, or spirit; noble｜崇高的；高尚的","The lofty mountain peak was visible from miles away, inspiring awe in all who saw it.",lofty ideals; lofty heights; lofty ambitions,C2
Levity,/ˈlɛvɪti/,n.,"levity, levities",None,feeling an inappropriate lack of seriousness｜輕浮；輕率,The comedian's levity during the serious interview was inappropriate and upset many viewers.,sense of levity; inappropriate levity; moments of levity,C2
Loathe,/ˈloʊð/,v.,"loathe, loathes, loathed, loathed, loathing","loather (n.), loathing (n.)",find repugnant｜厭惡；憎恨,"She loathed the smell of cigarette smoke, which reminded her of an unpleasant childhood memory.",loathe the idea; loathe violence; loathe hypocrisy,C2
Lucid,/ˈlusəd/,adj.,"lucid, more lucid, most lucid",lucidity (n.),(of language) transparently clear; easily understandable｜清晰的；易懂的,"The professor's explanations were lucid, making even the most complex concepts easy to understand.",lucid explanation; lucid writing; lucid analysis,C2
Listless,/ˈlɪstləs/,adj.,"listless, more listless, most listless",listlessness (n.),lacking zest or vivacity｜無精打采的；倦怠的,"After a long day at work, he felt listless and uninterested in doing anything but lying on the couch.",listless behavior; listless mood; listless demeanor,C2
Magnate,/ˈmæɡnət/,n.,"magnate, magnates",None,a very wealthy or powerful businessman｜非常有錢或有力的商人,The business magnate was known for his shrewd investments and philanthropic endeavors.,powerful magnate; business magnate; influential magnate,C2
Ludicrous,/ˈludəkɹəs/,adj.,"ludicrous, more ludicrous, most ludicrous",ludicrousness (n.),broadly or extravagantly humorous; resembling farce｜極度或誇張滑稽的；像鬧劇的,"The movie's plot was ludicrous, filled with absurd situations and over-the-top characters.",ludicrous situation; ludicrous attempt; ludicrous claim,C2
Lurid,/ˈlʊɹəd/,adj.,"lurid, more lurid, most lurid",luridness (n.),horrible in fierceness or savagery｜在兇猛或野蠻方面可怕的,The lurid details of the crime scene left a lasting impression on the investigators.,lurid details; lurid crime; lurid headlines,C2
Limpid,/ˈlɪmpəd/,adj.,"limpid, more limpid, most limpid",limpidity (n.),clear and bright｜清澈明亮的,The water in the mountain lake was so limpid that you could see the fish swimming beneath the surface.,limpid water; limpid eyes; limpid stream,C2
Malaise,/mæˈleɪz/,n. [U],no changes,None,physical discomfort (as mild sickness or depression)｜身體不適（如輕微疾病或憂鬱）,She woke up with a malaise that made her feel sluggish and slightly depressed.,general malaise; economic malaise; sense of malaise,C2
Lugubrious,/luˈɡjubɹiəs/,adj.,"lugubrious, more lugubrious, most lugubrious",lugubriousness (n.),excessively mournful｜過度悲傷的,The lugubrious tone of the funeral service left everyone feeling somber and reflective.,lugubrious expression; lugubrious tone; lugubrious mood,C2
Malevolent,/məˈlɛvələnt/,adj.,"malevolent, more malevolent, most malevolent","malevolence (n.), malevolently (adv.)",wishing or appearing to wish evil to others; arising from intense ill will or hatred｜希望或似乎希望他人遭殃的；出於強烈惡意或仇恨的,The dictator's malevolent actions led to the suffering of millions and sparked international outrage.,malevolent intent; malevolent force; malevolent smile,C2
Manifesto,/ˌmænəˈfɛˌstoʊ/,n.,"manifesto, manifestos",None,a public declaration of intentions (as issued by a political party or government)｜公開的意圖宣言（如由政黨或政府發布）,The political party's manifesto outlined ambitious plans for economic reform and social change.,political manifesto; issue manifesto; publish manifesto,C2
Magnanimous,/mæˈɡnænəməs/,adj.,"magnanimous, more magnanimous, most magnanimous","magnanimity (n.), magnanimously (adv.)",noble and generous in spirit｜精神上高尚且慷慨的,"Despite his own struggles, he was magnanimous in forgiving those who had wronged him.",magnanimous gesture; magnanimous spirit; magnanimous act,C2
Maladroit,/ˌmæləˈdɹɔɪt/,adj.,"maladroit, more maladroit, most maladroit","maladroitly (adv.), maladroitness (n.)",not adroit｜不靈巧的,His maladroit handling of the situation only served to make matters worse for everyone involved.,maladroit handling; maladroit attempt; maladroit move,C2
Martial,/ˈmɑɹʃəl/,adj.,"martial, more martial, most martial",None,"Of, relating to, or suggestive of war; warlike.｜關於戰爭的或暗示戰爭的；好戰的",The general's martial demeanor and strict discipline made him a respected yet feared leader.,martial arts; martial law; martial music,C2
Malleable,/ˈmæliəbəl/,adj.,"malleable, more malleable, most malleable",malleability (n.),easily influenced｜易受影響的,The young artist was malleable and willing to adapt her style based on feedback from more experienced painters.,malleable metal; malleable personality; malleable clay,C2
Maverick,/ˈmævɚɪk/,n.,"maverick, mavericks",None,someone who exhibits great independence in thought and action｜在思想和行動上表現出極大獨立性的人,"As a maverick in the tech industry, he often challenged conventional wisdom and pursued unconventional projects.",maverick politician; maverick scientist; maverick filmmaker,C2
Loquacious,/loʊˈkweɪʃəs/,adj.,"loquacious, more loquacious, most loquacious",loquacity (n.),full of trivial conversation｜充滿瑣碎談話的,"The loquacious old man at the corner store always had a story to tell, though few were truly interesting.",loquacious person; loquacious speech; loquacious storyteller,C2
Malapropism,/ˌmæləˈpɹɑpɪzəmz/,n.,"malapropism, malapropisms",None,the unintentional misuse of a word by confusion with one that sounds similar｜因混淆發音相似的詞而無意誤用一個詞,"She made a malapropism during her speech, saying 'for all intensive purposes' instead of 'for all intents and purposes'.",common malapropism; humorous malapropism; embarrassing malapropism,C2
Martinet,/mɑˈɹtinti/,n.,"martinet, martinets",None,someone who demands exact conformity to rules and forms｜要求嚴格遵守規則和形式的人,"The martinet of a coach demanded perfect adherence to the training regimen, with no exceptions for anyone.",strict martinet; military martinet; martinet teacher,C2
Mercurial,/mɚˈkjʊɹiəl/,adj.,"mercurial, more mercurial, most mercurial","mercurially (adv.), mercuriality (n.)",liable to sudden unpredictable change｜易於突然不可預測的變化,"The mercurial artist's moods shifted rapidly, making it difficult for others to predict his next move.",mercurial temperament; mercurial weather; mercurial market,C2
Malinger,/ˈmælɪŋɚ/,v.,"malinger, malingers, malingered, malingered, malingering",malingerer (n.),"avoid responsibilities and duties, e.g., by pretending to be ill｜逃避責任和義務，例如假裝生病","He tried to malinger by faking a headache to avoid going to the meeting, but his boss saw through the act.",malinger at work; malinger in school; malinger during military service,C2
Meager,/ˈmiɡɚ/,adj.,"meager, more meager, most meager","meagerly (adv.), meagerness (n.)",deficient in amount or quality or extent｜在數量、質量或程度上不足的,"The meager meal consisted of only a few slices of bread and a small bowl of soup, leaving everyone still hungry.",meager salary; meager resources; meager diet,C2
Mediocre,/ˌmidiˈoʊkɚ/,adj.,"mediocre, more mediocre, most mediocre",mediocrity (n.),moderate to inferior in quality｜質量中下等的,The mediocre performance of the team disappointed fans who had hoped for a better showing in the championship.,mediocre performance; mediocre talent; mediocre results,C2
Mendicant,/ˈmɛndəkənt/,n.,"mendicant, mendicants",mendicancy (n.),a person who relies on charity or begging for a living; a beggar｜靠救濟或乞討為生的人；乞丐,"The mendicant monk traveled from village to village, relying on the kindness of strangers for his daily sustenance.",mendicant monk; mendicant order; wandering mendicant,C2
Meticulous,/məˈtɪkjələs/,adj.,"meticulous, more meticulous, most meticulous","meticulously (adv.), meticulousness (n.)",marked by precise accordance with details｜注重細節的；一絲不苟的,The meticulous accountant reviewed every number twice to ensure there were no errors in the financial statements.,meticulous attention; meticulous planner; meticulous researcher,C2
Minuscule,/ˈmɪnəsˌkjul/,adj.,no changes,None,extremely small; tiny｜極小的；微小的,The ancient manuscript was written in a minuscule script that was difficult to read without a magnifying glass.,minuscule handwriting; minuscule amount; minuscule detail,C2
Milieu,/mɪˈljʊ/,n.,"milieu, milieus",None,the environmental condition｜環境狀況,"The artist was inspired by the urban milieu, capturing the essence of city life in her vibrant paintings.",social milieu; cultural milieu; academic milieu,C2
Maudlin,/ˈmɔdlɪn/,adj.,"maudlin, more maudlin, most maudlin",None,effusively or insincerely emotional｜過度或虛偽情感的,The maudlin speech at the funeral was more about the speaker's own grief than a tribute to the deceased.,maudlin sentiment; maudlin movie; maudlin speech,C2
Meretricious,/ˌmɛɹəˈtɪɹiəs/,adj.,"meretricious, more meretricious, most meretricious","meretriciously (adv.), meretriciousness (n.)",apparently attractive but actually lacking in real value or merit; falsely alluring or gaudy｜表面吸引人但實際缺乏價值或優點的；華而不實的,"The meretricious decorations at the party were more distracting than elegant, drawing criticism from the guests.",meretricious appearance; meretricious behavior; meretricious glamour,C2
Mettle,/ˈmɛtəl/,n. [U],no changes,None,the courage to carry on｜繼續前進的勇氣,"Despite facing numerous setbacks, the team showed true mettle by continuing to fight until the very end.",display mettle; true mettle; mettle of a champion,C2
Meddlesome,/ˈmɛdəlsəm/,adj.,"meddlesome, more meddlesome, most meddlesome",meddlesomeness (n.),intrusive in a meddling or offensive manner｜以干預或冒犯的方式侵犯的,"The meddlesome neighbor constantly interfered in other people's business, often causing more harm than good.",meddlesome neighbor; meddlesome relative; meddlesome coworker,C2
Mischief,/ˈmɪstʃəf/,n.,"mischief, mischiefs",mischievous (adj.),reckless or malicious behavior that causes discomfort or annoyance in others｜導致他人不適或煩惱的魯莽或惡意行為,"The children's mischief resulted in a mess that took hours to clean up, frustrating their parents.",childish mischief; cause mischief; mischief maker,C2
Minutiae,/mɪˈnuʃiə/,n.,"minutiae, no changes",None,small or minor details; the trifling particulars of something｜細枝末節；瑣碎的細節,"The detective was meticulous, paying attention to even the minutiae that others might have overlooked.",focus on minutiae; get lost in minutiae; minutiae of daily life,C2
Mendacious,/mɛˈndeɪʃəs/,adj.,"mendacious, more mendacious, most mendacious","mendacity (n.), mendaciously (adv.)",given to lying｜說謊的,"The mendacious salesman promised the moon but delivered nothing, leaving customers feeling cheated.",mendacious person; mendacious statement; mendacious behavior,C2
Mnemonic,/nɪˈmɑnɪk/,n.,"mnemonic, mnemonics",None,a device (such as a rhyme or acronym) used to aid recall｜幫助記憶的裝置（如諧音或縮寫）,The mnemonic 'Every Good Boy Deserves Fudge' helped music students remember the notes on the lines of the treble clef.,use mnemonic; mnemonic device; mnemonic technique,C2
Miser,/ˈmaɪzɚ/,n.,"miser, misers","miserliness (n.), miserly (adj.)",a person who hoards money and is very unwilling to spend it｜囤積金錢且非常不願花費的人,"The old miser hoarded every penny, living in squalor while amassing a fortune he never spent.",notorious miser; confirmed miser; live like a miser,C2
Mirth,/ˈmɝθ/,n. [U],no changes,None,great merriment｜歡樂,"The sound of mirth filled the room as the comedian delivered joke after joke, leaving the audience in stitches.",burst of mirth; infectious mirth; mirth and laughter,C2
Misanthrope,/ˈmɪsənˌθɹoʊp/,n.,"misanthrope, misanthropes","misanthropic (adj.), misanthropy (n.)",someone who dislikes people in general｜厭世者；厭惡人類者,"The misanthrope preferred solitude, avoiding social gatherings and interactions with people whenever possible.",a bitter misanthrope; a reclusive misanthrope; become a misanthrope,C2
Mellifluous,/ˌmɛləˈfʌləs/,adj.,"mellifluous, more mellifluous, most mellifluous","mellifluously (adv.), mellifluence (n.)",pleasing to the ear｜悅耳的,"The singer's mellifluous voice captivated the entire audience, leaving them in awe.",mellifluous voice; mellifluous tones; mellifluous sound,C2
Moratorium,/ˌmɔɹəˈtɔɹiəm/,n.,"moratorium, moratoriums",None,a legally authorized postponement before some obligation must be discharged｜法定延緩期,"Due to the economic crisis, the government declared a moratorium on student loan repayments.",impose a moratorium; temporary moratorium; moratorium on drilling,C2
Monolithic,/ˌmɑnəˈlɪθɪk/,adj.,"monolithic, more monolithic, most monolithic",None,imposing in size or bulk or solidity｜龐大的；巨大的,"The monolithic skyscraper dominated the city skyline, casting long shadows over the streets below.",monolithic structure; monolithic organization; monolithic block,C2
Motif,/moʊˈtif/,n.,"motif, motifs",None,"a design or figure that consists of recurring shapes or colors, as in architecture or decoration｜圖案；花紋","The artist used a floral motif throughout the room, creating a cohesive and elegant design.",recurring motif; floral motif; geometric motif,C2
Mordant,/ˈmɔɹdənt/,adj.,"mordant, more mordant, most mordant",None,harshly ironic or sinister｜尖刻的；陰險的,"His mordant wit was both entertaining and unsettling, leaving people both laughing and unsettled.",mordant wit; mordant humor; mordant commentary,C2
Mitigate,/ˈmɪtəˌɡeɪt/,v.,"mitigate, mitigates, mitigated, mitigated, mitigating","mitigation (n.), mitigator (n.)",lessen or to try to lessen the seriousness or extent of｜減輕或試圖減輕嚴重性或程度,The new policies were designed to mitigate the impact of climate change on vulnerable communities.,mitigate risks; mitigate damage; mitigate the impact,C2
Mollify,/ˈmɑləˌfaɪ/,v.,"mollify, mollifies, mollified, mollified, mollifying",mollification (n.),cause to be more favorably inclined; gain the good will of｜使更加友好；獲得好感,The manager tried to mollify the angry customer by offering a full refund and a sincere apology.,mollify someone; mollify anger; mollify concerns,C2
Mundane,/məˈndeɪn/,adj.,"mundane, more mundane, most mundane","mundanely (adv.), mundanity (n.)",found in the ordinary course of events｜在日常事件中發現的,"After the excitement of the weekend, she returned to her mundane routine of work and household chores.",mundane tasks; mundane activities; mundane life,C2
Miscreant,/ˈmɪskɹiənt/,n.,"miscreant, miscreants",None,a person without moral scruples｜沒有道德原則的人,"The miscreant was caught stealing from the local charity, causing outrage in the community.",despicable miscreant; notorious miscreant; dangerous miscreant,C2
Modicum,/ˈmɑdɪkəm/,n.,"modicum, modicums",None,a small or moderate or token amount｜少量或適量或象徵性數量,"He showed a modicum of respect by apologizing, but it was clear his heart wasn't in it.",modicum of effort; modicum of success; modicum of truth,C2
Moribund,/ˈmɔɹəbənd/,adj.,no changes,moribundity (n.),not growing or changing; without force or vitality｜不生長或改變；沒有力量或活力,The once thriving industry had become moribund after years of declining demand.,moribund economy; moribund industry; moribund newspaper,C2
Myriad,/ˈmɪɹiəd/,n.,"myriad, myriads",None,a large indefinite number｜大量不確定的數字,"A myriad of stars filled the night sky, reminding her of the vastness of the universe.",myriad possibilities; myriad options; myriad choices,C2
Nadir,/ˈneɪdɚ/,n.,"nadir, nadirs",None,an extreme state of adversity; the lowest point of anything｜極端的逆境；任何事物的最低點,"After losing his job and his home, he found himself at the nadir of his life.",reach nadir; hit nadir; nadir of despair,C2
Mutable,/ˈmjutəbəl/,adj.,"mutable, more mutable, most mutable","mutability (n.), mutableness (n.)",capable of or tending to change in form or quality or nature｜能夠或傾向於改變形式、質量或性質,The mutable nature of the weather made it difficult to plan outdoor events.,mutable nature; mutable environment; mutable circumstances,C2
Nascent,/ˈneɪsənt/,adj.,"nascent, more nascent, most nascent",nascency (n.),being born or beginning｜正在誕生或開始,"The nascent company showed great promise, attracting investors with its innovative ideas.",nascent industry; nascent technology; nascent idea,C2
Negligence,/ˈnɛɡlədʒəns/,n. [U],no changes,"negligent (adj.), negligently (adv.)",failure to act with the prudence that a reasonable person would exercise under the same circumstances｜未以理性人在相同情況下會有的謹慎態度行事,The accident was a result of negligence on the part of the construction company.,criminal negligence; gross negligence; negligence lawsuit,C2
Mystique,/mɪˈstik/,n.,"mystique, mystiques",None,an aura of heightened value or interest or meaning surrounding a person or thing｜圍繞某人或某物的價值、興趣或意義增強的光環,"The mystique surrounding the old mansion intrigued visitors, who often wondered about its history.",certain mystique; maintain mystique; mystique surrounding,C2
Morose,/mɚˈoʊs/,adj.,"morose, more morose, most morose","morosely (adv.), moroseness (n.)",showing a brooding ill humor｜表現出憂鬱惡劣的情緒,"Feeling morose after the breakup, he spent the day alone in his room, listening to sad songs.",morose expression; morose mood; morose outlook,C2
Neologism,/ˈniəˌlaɪzdɪm/,n.,"neologism, neologisms",neologist (n.),a newly invented word or phrase｜新發明的詞或短語,"The professor criticized the overuse of neologisms, arguing they often obscure clear communication.",coined neologism; popular neologism; neologism enters language,C2
Nemesis,/ˈnɛməsɪs/,n.,"nemesis, nemeses",None,a long-standing or formidable opponent or rival; a source of inevitable downfall or ruin｜長期的或強大的對手或競爭對手；不可避免的墮落或毀滅的根源,"In the movie, the hero finally confronts his nemesis in an epic showdown.",nemesis pursues; become nemesis; nemesis arrives,C2
Nebulous,/ˈnɛbjələs/,adj.,"nebulous, more nebulous, most nebulous","nebulously (adv.), nebulousness (n.)",lacking definite form or limits｜缺乏明確的形式或限制,"The details of the plan were still nebulous, leaving everyone uncertain about the next steps.",nebulous concept; nebulous idea; nebulous future,C2
Narcissist,/ˈnɑɹsɪsɪst/,n.,"narcissist, narcissists",narcissism (n.),someone in love with themselves｜迷戀自己的人,"The narcissist constantly sought attention, dominating every conversation with stories about themselves.",vain narcissist; self-absorbed narcissist; narcissist personality,C2
Nihilism,/ˈnaɪəˌlɪzəm/,n. [U],no changes,"nihilist (n.), nihilistic (adj.)",a revolutionary doctrine that advocates destruction of the social system for its own sake｜宣揚純粹為了破壞而破壞社會制度的革命學說,"The political group advocated for nihilism, believing that destruction was the only path to true change.",philosophical nihilism; political nihilism; nihilism as ideology,C2
Nirvana,/nɪˈɹvɑnə/,n. [U],no changes,None,"a state of perfect peace, bliss, or liberation from suffering and worldly desires｜完美和平、幸福或從苦難和世俗慾望中解脫的狀態","After years of meditation, the monk claimed to have achieved nirvana, a state of perfect peace.",achieve nirvana; spiritual nirvana; nirvana state,C2
Nocturnal,/nɑˈktɝnəl/,adj.,no changes,None,belonging to or active during the night｜屬於夜間或夜間活動的,"The nocturnal animals emerged from their hiding places as the sun set, beginning their nightly activities.",nocturnal animals; nocturnal activities; nocturnal visit,C2
Nexus,/ˈnɛksəs/,n.,"nexus, nexuses",None,the means of connection between things linked in series｜串聯事物的連接方式,The internet serves as the nexus between people and information across the globe.,nexus between; digital nexus; global nexus,C2
Nomadic,/noʊˈmædɪk/,adj.,no changes,None,migratory｜遷徙的,The nomadic tribe moved across the desert in search of fresh grazing lands for their livestock.,nomadic lifestyle; nomadic tribe; nomadic people,C2
Munificent,/ˌmjunəˈfɪsənt/,adj.,"munificent, more munificent, most munificent","munificence (n.), munificently (adv.)",very generous｜非常慷慨的,"The philanthropist made a munificent donation to the children's hospital, ensuring the construction of a new wing.",munificent donation; munificent gift; munificent patron,C2
Noisome,/ˈnɔɪsəm/,adj.,"noisome, more noisome, most noisome",noisomeness (n.),causing or able to cause nausea｜令人作嘔的,The noisome odor from the garbage dump made it difficult for residents to enjoy their backyard.,noisome odor; noisome stench; noisome fumes,C2
Nostalgia,/nɔˈstældʒə/,n. [U],no changes,"nostalgic (adj.), nostalgically (adv.)",longing for something past｜對過去事物的嚮往,Nostalgia for the 1980s has inspired a resurgence of retro fashion and music.,nostalgia for; wave of nostalgia; sense of nostalgia,C2
Neophyte,/ˈniəˌfaɪt/,n.,"neophyte, neophytes",None,"a beginner or novice in a particular subject, skill, or field｜初學者；新手","As a neophyte in the kitchen, she burned the rice on her first attempt at cooking dinner.",neophyte gardener; neophyte pilot; neophyte teacher,C2
Nefarious,/nəˈfɛɹiəs/,adj.,"nefarious, more nefarious, most nefarious","nefariously (adv.), nefariousness (n.)",extremely wicked｜極度邪惡的,The nefarious criminal masterminded a plan to rob the national bank and escape to a remote island.,nefarious scheme; nefarious plot; nefarious activities,C2
Notorious,/noʊˈtɔɹiəs/,adj.,"notorious, more notorious, most notorious","notoriety (n.), notoriously (adv.)",widely known for something negative or disgraceful; infamous｜臭名昭著的,The notorious gangster was known for his ruthless tactics and complete disregard for the law.,notorious criminal; notorious case; notorious reputation,C2
Nurture,/ˈnɝtʃɚ/,v.,"nurture, nurtures, nurtured, nurtured, nurturing",nurturer (n.),to foster or encourage the development and growth of someone or something; to care for and support｜培育；撫養,The gardener uses compost to nurture the plants and ensure they grow strong and healthy.,nurture growth; nurture talent; nurture relationship,C2
Novel,/ˈnɑvəl/,n.,"novel, novels","novelist (n.), novelette (n.)",an extended fictional work in prose; usually in the form of a story｜長篇小說,The novel's intricate plot and well-developed characters captivated readers from the first page to the last.,novel by; historical novel; publish a novel,C2
Nondescript,/ˈnɑndɪsˈkɹɪpt/,adj.,"nondescript, more nondescript, most nondescript",None,lacking distinctive or interesting features and therefore difficult to describe｜平淡無奇的,"The nondescript man in the grey suit blended into the crowd, unnoticed by everyone around him.",nondescript appearance; nondescript building; nondescript man,C2
Nutrient,/ˈnutɹiənt/,n.,"nutrient, nutrients",nutrify (v.),any substance that can be metabolized by an animal to give energy and build tissue｜營養物質,"Protein, carbohydrates, and fats are essential nutrients that the body needs to function properly.",essential nutrient; dietary nutrient; nutrient deficiency,C2
Nonentity,/nɑˈnɛntəti/,n.,"nonentity, nonentities",None,a person or thing of no importance or significance｜無足輕重的人或事物,"Once a powerful official, he became a political nonentity after the scandal.",complete nonentity; social nonentity; political nonentity,C2
Noxious,/ˈnɑkʃəs/,adj.,"noxious, more noxious, most noxious","noxiously (adv.), noxiousness (n.)",injurious to physical or mental health｜有害身心健康的,The noxious fumes from the chemical spill forced the evacuation of the nearby neighborhood.,noxious gas; noxious fumes; noxious substance,C2
Nuance,/ˈnuɑns/,n.,"nuance, nuances",nuanced (adj.),a subtle difference in meaning or opinion or attitude｜細微差別,"The nuance in her tone revealed her true feelings, despite her carefully chosen words.",subtle nuance; important nuance; nuance of meaning,C2
Oblique,/əˈblik/,adj.,"oblique, more oblique, most oblique","obliquity (n.), obliqueness (n.)","not stated or done in a direct way; indirect or evasive; also, slanting at an angle｜間接的；斜的","She made only an oblique reference to the scandal, never naming anyone directly.",oblique reference; oblique angle; oblique remark,C2
Nonchalant,/ˌnɑnʃəˈlɑnt/,adj.,"nonchalant, more nonchalant, most nonchalant","nonchalance (n.), nonchalantly (adv.)",marked by blithe unconcern｜若無其事的,"He was nonchalant about the upcoming exam, confident in his preparation and ability to perform well.",nonchalant attitude; nonchalant manner; nonchalant shrug,C2
Obligatory,/əˈblɪɡəˌtɔɹi/,adj.,no changes,None,morally or legally constraining or binding｜義不容辭的；強制性的,Attending the weekly meetings is obligatory for all members of the organization.,obligatory requirement; obligatory course; obligatory fee,C2
Obfuscate,/ˈɑbfəˌskeɪt/,v.,"obfuscate, obfuscates, obfuscated, obfuscated, obfuscating","obfuscation (n.), obfuscatory (n.)",make obscure or unclear｜使模糊；使困惑,The politician's speech was filled with jargon that seemed intended to obfuscate the real issues.,obfuscate meaning; obfuscate issue; obfuscate facts,C2
Objective,/əˈbdʒɛktɪv/,adj.,"objective, more objective, most objective","objectivity (n.), objectiveness (n.)",undistorted by emotion or personal bias; based on observable phenomena｜客觀的,The scientist's objective analysis of the data led to a breakthrough in understanding the phenomenon.,objective view; objective analysis; objective assessment,C2
Obeisance,/oʊˈbeɪsəns/,n.,"obeisance, obeisances",None,bending the head or body or knee as a sign of reverence or submission or shame or greeting｜鞠躬、低頭或屈膝以表示尊敬、服從、羞恥或問候,The villagers showed obeisance to the visiting dignitary by kneeling and bowing their heads.,pay obeisance; bow in obeisance; show obeisance,C2
Obscure,/əbsˈkjʊɹ/,adj.,"obscure, more obscure, most obscure",obscurity (n.),not clearly understood or expressed｜不清楚的理解或表達；含糊的,"The meaning of the ancient text remained obscure, challenging scholars to decipher its secrets.",obscure meaning; obscure reference; obscure origin,C2
Obliterate,/əˈblɪtɚˌeɪt/,v.,"obliterate, obliterates, obliterated, obliterated, obliterating","obliterable (adj.), obliterator (n.), obliteration (n.)","mark for deletion, rub off, or erase｜標記刪除、擦除或消除",The digital editing software allowed her to obliterate any imperfections in the photograph.,obliterate evidence; obliterate memory; obliterate past,C2
Obsolete,/ˈɑbsəˌlit/,adj.,no changes,"obsolescence (n.), obsolescent (adj.)",no longer in use｜不再使用,The use of typewriters has become obsolete with the advent of personal computers and word processors.,obsolete technology; obsolete equipment; obsolete system,C2
Oblivious,/əˈblɪviəs/,adj.,"oblivious, more oblivious, most oblivious","oblivion (n.), obliviously (adv.)",lacking awareness or consciousness of what is happening around one; unmindful｜對周圍發生的事情缺乏意識或警覺；不注意的,"Oblivious to the danger, the hiker continued along the trail, unaware of the approaching storm.",oblivious to; oblivious of; remain oblivious,C2
Obdurate,/ˈɑbdɚət/,adj.,"obdurate, more obdurate, most obdurate","obduracy (n.), obdurately (adv.)",stubbornly refusing to change one's opinion or course of action; unyielding｜固執地拒絕改變意見或行為；不屈服,The obdurate criminal remained defiant even after being presented with overwhelming evidence of his guilt.,obdurate refusal; obdurate stance; obdurate nature,C2
Obsess,/əˈbsɛs/,v.,"obsess, obsesses, obsessed, obsessed, obsessing","obsession (n.), obsessive (adj.)",To be preoccupied with a single topic or emotion.｜全神貫注於單一話題或情緒,"She began to obsess over every detail of the case, unable to think about anything else.",obsess over details; obsess about appearance; obsess with cleanliness,C2
Obnoxious,/ɑˈbnɑkʃəs/,adj.,"obnoxious, more obnoxious, most obnoxious",obnoxiousness (n.),causing disapproval or protest｜引起反對或抗議,His obnoxious behavior at the party caused several guests to leave early in protest.,obnoxious behavior; obnoxious smell; obnoxious comment,C2
Obsequious,/əˈbsikwiəs/,adj.,"obsequious, more obsequious, most obsequious","obsequiousness (n.), obsequiously (adv.)",attempting to win favor from influential people by flattery｜試圖透過奉承來獲得有權勢者的好感,The obsequious assistant constantly praised the CEO in hopes of gaining a promotion.,obsequious manner; obsequious servant; obsequious flatterer,C2
Obstinate,/ˈɑbstənət/,adj.,"obstinate, more obstinate, most obstinate","obstinacy (n.), obstinately (adv.)","Stubbornly adhering to an opinion, purpose, or course, usually with implied unreasonableness; persistent.｜固執地堅持意見、目的或行動，通常帶有不合理的意味；持續的","Despite numerous warnings, the obstinate driver refused to change his reckless habits.",obstinate refusal; obstinate attitude; obstinate belief,C2
Obstreperous,/əbsˈtɹɛpɚəs/,adj.,"obstreperous, more obstreperous, most obstreperous","obstreperously (adv.), obstreperousness (n.)",noisily and stubbornly defiant｜吵鬧且固執地不服從,The obstreperous child continued to shout and kick even after being repeatedly told to stop.,obstreperous child; obstreperous behavior; obstreperous crowd,C2
Officious,/əˈfɪʃəs/,adj.,"officious, more officious, most officious","officiously (adv.), officiousness (n.)",intrusive in a meddling or offensive manner｜以干預或冒犯的方式多管閒事,"The officious receptionist insisted on knowing everyone's personal business, which annoyed the visitors.",officious behavior; officious interference; officious suggestion,C2
Obviate,/ˈɑbviˌeɪt/,v.,"obviate, obviates, obviated, obviated, obviating",obviation (n.),do away with｜消除、排除,The new security system would obviate the need for constant human monitoring.,obviate need; obviate problem; obviate difficulty,C2
Obtuse,/ɑˈbtus/,adj.,"obtuse, more obtuse, most obtuse","obtusely (adv.), obtuseness (n.)","slow to understand or perceive; lacking sharpness of wit, or (of an angle) greater than 90 but less than 180 degrees｜遲鈍的理解或感知；缺乏機智，或（角度）大於90度但小於180度",The architect explained that the obtuse angle in the design was crucial for structural integrity.,obtuse angle; obtuse remark; obtuse thinker,C2
Omnipotent,/ɑˈmnɪpətənt/,adj.,no changes,omnipotence (n.),having unlimited power｜擁有無限的力量,"In the novel, the omnipotent ruler could control every aspect of his subjects' lives.",omnipotent being; omnipotent ruler; omnipotent force,C2
Omniscient,/ɑˈmnɪʃənt/,adj.,no changes,omniscience (n.),knowing everything; having complete or infinite knowledge｜無所不知；擁有完整或無限的知識,"The character in the story claimed to be omniscient, knowing every detail of the past, present, and future.",omniscient narrator; omniscient power; omniscient authority,C2
Occlude,/əˈklud/,v.,"occlude, occludes, occluded, occluded, occluding","occlusion (n.), occlusive (adj.)",block passage through｜阻擋通道,"The fallen tree occluded the road, preventing any vehicles from passing through.",occlude airway; occlude passage; occlude view,C2
Obtrusive,/əbˈtɹusɪv/,adj.,"obtrusive, more obtrusive, most obtrusive","obtrude (v.), obtrusiveness (n.)",undesirably noticeable｜不受歡迎的引人注目,The obtrusive advertisements from the website made it difficult to read the article.,obtrusive behavior; obtrusive presence; obtrusive advertising,C2
Ominous,/ˈɑmənəs/,adj.,"ominous, more ominous, most ominous","ominously (adv.), ominousness (n.)",threatening or foreshadowing evil or tragic developments｜威脅或預示邪惡或悲慘的發展,"The dark clouds and howling wind had an ominous feel, warning of the coming storm.",ominous sign; ominous warning; ominous silence,C2
Odious,/ˈoʊdiəs/,adj.,"odious, more odious, most odious","odiously (adv.), odiousness (n.)",unequivocally detestable｜明確可憎的,"The dictator's actions were odious, leaving the citizens in a state of despair and anger.",odious crime; odious villain; odious reputation,C2
Opaque,/oʊˈpeɪk/,adj.,"opaque, more opaque, most opaque","opacity (n.), opaquely (adv.)",not transmitting or reflecting light or radiant energy; impenetrable to sight｜不透光的或不反射光的；視線無法穿透的,The opaque glass prevented anyone outside from seeing into the room.,opaque glass; opaque surface; opaque liquid,C2
Opprobrious,/əˈpɹubɹiəs/,adj.,"opprobrious, more opprobrious, most opprobrious","opprobrium (n.), opprobriously (adv.)",expressing offensive reproach｜表示侮辱性責備的,The opprobrious comments made by the politician sparked widespread public outrage.,opprobrious language; opprobrious term; opprobrious remark,C2
Orthodox,/ˈɔɹθəˌdɑks/,adj.,"orthodox, more orthodox, most orthodox",orthodoxy (n.),"Conforming to the accepted, established, or traditional doctrines of a given faith, religion, or ideology.｜符合特定信仰、宗教或意識形態的既定、傳統教義的","The community was known for its orthodox beliefs, strictly adhering to traditional practices.",orthodox view; orthodox belief; orthodox doctrine,C2
Opulent,/ˈɑpjələnt/,adj.,"opulent, more opulent, most opulent","opulence (n.), opulently (adv.)",rich and superior in quality｜豪華的且品質上乘的,The opulent mansion featured gold-trimmed furniture and crystal chandeliers throughout.,opulent lifestyle; opulent mansion; opulent decor,C2
Ornate,/ɔˈɹneɪt/,adj.,"ornate, more ornate, most ornate","ornately (adv.), ornateness (n.)",marked by elaborate rhetoric and elaborated with decorative details｜以華麗修辭和精緻裝飾細節為特色的,The ornate speech was filled with flowery language and elaborate metaphors that captivated the audience.,ornate design; ornate style; ornate language,C2
Oust,/ˈaʊst/,v.,"oust, ousts, ousted, ousted, ousting","ouster (n.), ousting (n.)",remove from a position or office｜免除職務或驅離職位,The board voted to oust the corrupt director and appoint a new leader.,oust from power; oust from office; oust from position,C2
Optimum,/ˈɑptəməm/,adj.,no changes,"optimal (adj.), optimise (v.), optimize (v.)",most favorable or best for achieving a particular result under given conditions｜在特定條件下最有利於達成特定結果的,The scientist worked tirelessly to find the optimum conditions for the experiment.,optimum conditions; optimum temperature; optimum performance,C2
Oscillate,/ˈɑsəˌleɪt/,v.,"oscillate, oscillates, oscillated, oscillated, oscillating","oscillation (n.), oscillator (n.)",be undecided about something; waver between conflicting positions or courses of action｜對某事猶豫不決；在衝突的立場或行動過程中搖擺,She began to oscillate between accepting the job offer and staying at her current position.,oscillate between choices; oscillate between extremes; oscillate between options,C2
Ostracize,/ˈɔstɹəˌsaɪz/,v.,"ostracize, ostracizes, ostracized, ostracized, ostracizing",ostracism (n.),expel from a community or group｜驅逐出社區或團體,"After the scandal, the celebrity was ostracized by former friends and colleagues.",ostracize from community; ostracize from group; ostracize from society,C2
Pacifist,/ˈpæsɪfɪst/,n.,"pacifist, pacifists","pacifism (n.), pacifistic (adj.)",someone opposed to violence as a means of settling disputes｜反對以暴力解決爭端的人,"As a pacifist, he believed that dialogue was the only acceptable way to resolve conflicts.",pacifist movement; pacifist stance; pacifist ideology,C2
Ostensible,/ɑˈstɛnsəbəl/,adj.,"ostensible, more ostensible, most ostensible",ostensibly (adv.),appearing as such but not necessarily so｜表面如此但未必如此,"The ostensible reason for the meeting was to discuss the budget, but many suspected it was really about personnel changes.",ostensible reason; ostensible purpose; ostensible meaning,C2
Onerous,/ˈoʊnɚəs/,adj.,"onerous, more onerous, most onerous","onerously (adv.), onerousness (n.)",not easily borne; wearing｜不易承受的；令人疲憊的,"The onerous task of organizing the event fell to the newest member of the team, who struggled to manage the workload.",onerous task; onerous responsibility; onerous burden,C2
Offhand,/ˈɔˈfhænd/,adj.,"offhand, more offhand, most offhand",None,"casual, curt, or careless; said or done without preparation｜隨便的、簡慢的或漫不經心的；未經準備就說或做的","He gave an offhand estimate of the cost, not expecting to be taken seriously without more detailed calculations.",offhand remark; offhand comment; offhand manner,C2
Palatable,/ˈpælətəbəl/,adj.,"palatable, more palatable, most palatable",palatability (n.),acceptable to the taste or mind｜合口味或可接受的,"The proposal was palatable to both parties, as it offered a compromise that addressed the main concerns of each side.",palatable option; palatable solution; palatable alternative,C2
Palette,/ˈpælət/,n.,"palette, palettes",None,the range of colour characteristic of a particular artist or painting or school of art｜某位藝術家、畫作或藝術流派特有的色彩範圍,"The artist's palette was characterized by deep blues and greens, evoking the mood of a stormy sea.",color palette; artist's palette; wide palette,C2
Ossify,/ˈɑsəˌfaɪ/,v.,"ossify, ossifies, ossified, ossified, ossifying",ossification (n.),"to turn into bone; figuratively, to become rigid, fixed, or resistant to change｜變成骨頭；比喻上變得僵化、固定或不願改變","As the cartilage matured, it began to ossify, providing the necessary strength and structure for the developing bone.",begin to ossify; gradually ossify; ossify into bone,C2
Ostentatious,/ˌɑstəˈnteɪʃəs/,adj.,"ostentatious, more ostentatious, most ostentatious","ostentation (n.), ostentatiously (adv.)",intended to attract notice and impress others｜旨在引人注目並給他人留下深刻印象的,"The ostentatious mansion featured gold-plated fixtures and a grand staircase, clearly designed to impress visitors.",ostentatious display; ostentatious wealth; ostentatious lifestyle,C2
Paean,/ˈpiən/,n.,"paean, paeans",None,a formal expression of praise｜正式的讚揚表達,"The biography was a paean to the scientist's groundbreaking work, celebrating his contributions to modern medicine.",paean to; paean of praise; paean of victory,C2
Painstaking,/ˈpeɪnˌsteɪkɪŋ/,adj.,"painstaking, more painstaking, most painstaking",painstakingly (adv.),characterized by extreme care and great effort｜以極度的關心和巨大的努力為特點的,"The painstaking restoration of the old painting took months, with each detail meticulously addressed by the expert art restorer.",painstaking work; painstaking effort; painstaking detail,C2
Palpable,/ˈpælpəbəl/,adj.,"palpable, more palpable, most palpable","palpably (adv.), palpability (n.)",capable of being perceived; especially capable of being handled or touched or felt｜可被感知到的；尤指可被觸摸或觸及的,"The tension in the room was palpable, as everyone waited for the announcement that would determine their future.",palpable tension; palpable fear; palpable sense,C2
Palliate,/ˈpæliət/,v.,"palliate, palliates, palliated, palliated, palliating","palliative (adj.), palliation (n.)",lessen or to try to lessen the seriousness or extent of｜減輕或試圖減輕嚴重性或程度,The doctor tried to palliate the patient's anxiety by explaining the treatment options and their potential outcomes.,palliate symptoms; palliate suffering; palliate situation,C2
Pandemic,/pæˈndɛmɪk/,adj.,no changes,None,epidemic over a wide geographical area｜在廣泛地理區域流行的傳染病,"The COVID-19 pandemic affected countries across the globe, leading to widespread health and economic challenges.",pandemic outbreak; pandemic spread; pandemic threat,C2
Pallid,/ˈpæləd/,adj.,"pallid, more pallid, most pallid",pallidness (n.),abnormally deficient in color as suggesting physical or emotional distress｜異常蒼白，暗示身體或情緒上的不適,"After weeks of illness, she had a pallid complexion, highlighting the toll the disease had taken on her body.",pallid complexion; pallid face; pallid appearance,C2
Paltry,/ˈpɔltɹi/,adj.,"paltry, paltrier, paltriest",paltriness (n.),not worth considering｜不值得考慮的,"The paltry sum offered for the valuable antique was insulting, and the seller refused to consider it.",paltry sum; paltry amount; paltry excuse,C2
Panacea,/ˌpænəˈsiə/,n.,"panacea, panaceas",None,a solution believed to remedy all difficulties or problems; a universal cure｜被認為能解決所有困難或問題的方案；萬能藥,"The new technology is useful, but it is not a panacea for every problem in education.",panacea for; panacea for evils; perfect panacea,C2
Panache,/pəˈnɑʃ/,n.,"panache, panaches",None,distinctive and stylish elegance｜獨特且時尚的優雅,"The actor performed the role with panache, earning a standing ovation for his charismatic and stylish portrayal.",panache and style; panache and flair; panache and elegance,C2
Paradox,/ˈpɛɹəˌdɑks/,n.,"paradox, paradoxes","paradoxical (adj.), paradoxically (adv.)","An apparently self-contradictory statement, which can only be true if it is false, and vice versa.｜表面自相矛盾的陳述，只有在假的時候才為真，反之亦然","The statement 'This sentence is false' is a classic example of a paradox, as it contradicts itself.",paradox of; interesting paradox; resolve paradox,C2
Partisan,/ˈpɑɹtəzən/,n.,"partisan, partisans",partisanship (n.),a fervent and even militant proponent of something｜某事物的狂熱甚至激進的支持者,"As a partisan of the environmental movement, she dedicated herself to advocating for policies that would protect natural habitats.",a partisan of; staunch partisan; loyal partisan,C2
Paramount,/ˈpɛɹəˌmaʊnt/,adj.,no changes,paramountcy (n.),having superior power and influence｜擁有較強的權力和影響力,"The paramount goal of the project was to ensure the safety of all participants, with every decision prioritizing this objective.",paramount importance; paramount concern; paramount issue,C2
Panoply,/ˈpænɑpli/,n.,"panoply, panoplies",None,a complete and impressive array｜完整而令人印象深刻的陣列,"The museum displayed a panoply of artifacts from ancient civilizations, offering visitors a comprehensive view of historical cultures.",panoply of colors; panoply of weapons; panoply of options,C2
Parody,/ˈpɛɹədi/,v.,"parody, parodies, parodied, parodied, parodying",parodist (n.),make a spoof of or make fun of｜嘲弄或取笑,"The comedian's act parodied popular culture, with jokes that mocked the latest trends and celebrities.",parody popular culture; parody a film; parody the genre,C2
Paragon,/ˈpɛɹəˌɡɑn/,n.,"paragon, paragons",None,an ideal instance; a perfect embodiment of a concept｜理想的例子；概念的完美體現,"He was considered a paragon of virtue, admired for his unwavering integrity and commitment to ethical principles.",paragon of virtue; paragon of beauty; paragon of excellence,C2
Parsimony,/ˈpɑɹsəˌmoʊni/,n.,"parsimony, parsimonies","parsimonious (adj.), parsimoniously (adv.)",extreme care in spending money; reluctance to spend money unnecessarily｜過度節儉；不願意浪費錢,"The company's parsimony was evident in its decision to cut back on office supplies, even as profits soared.",parsimony in spending; parsimony in budgeting; parsimony in resources,C2
Pedestrian,/pəˈdɛstɹiən/,n.,"pedestrian, pedestrians",None,a person who travels by foot｜步行者,"The pedestrian hurried down the street, determined to reach the bus stop before the rain started.",pedestrian traffic; pedestrian walkway; pedestrian crossing,C2
Patent,/ˈpætənt/,v.,"patent, patents, patented, patented, patenting","patency (n.), patentee (n.)",obtain a patent for｜取得專利,"After years of research, the scientist was able to patent her invention, securing the rights to her groundbreaking work.",patent an invention; patent a process; patent the technology,C2
Parochial,/pɚˈoʊkiəl/,adj.,"parochial, more parochial, most parochial","parochialism (n.), parochially (adv.)",having a limited or narrow outlook or scope; provincial｜視野或範圍有限；地方性的,The committee's parochial outlook prevented it from considering solutions used elsewhere.,parochial mindset; parochial outlook; parochial community,C2
Pejorative,/pəˈdʒɔɹətɪv/,adj.,"pejorative, more pejorative, most pejorative",pejoratively (adv.),expressing disapproval｜表示反對的,The teacher was careful to avoid using pejorative language when addressing the students' mistakes.,pejorative term; pejorative connotation; pejorative remark,C2
Pariah,/pɚˈaɪə/,n.,"pariah, pariahs",None,a person who is rejected (from society or home)｜被社會或家庭排斥的人,"After the scandal, he became a pariah in his community, shunned by friends and family alike.",social pariah; complete pariah; treated like a pariah,C2
Peregrination,/ˌpɛɹəˈɡɹeɪniənt/,n.,"peregrination, peregrinations",peregrinate (v.),traveling or wandering around｜旅行或漫遊,"Her summer was filled with exciting peregrinations across Europe, exploring new cultures and cuisines.",extensive peregrination; global peregrination; peregrination across Europe,C2
Peccadillo,/pɛkəˈdɪloʊ/,n.,"peccadillo, peccadillos",None,a petty misdeed｜輕微的過失,He considered his habit of chewing with his mouth open a minor peccadillo compared to other flaws.,minor peccadillo; youthful peccadillo; peccadillo of youth,C2
Paucity,/ˈpɔsəti/,n.,"paucity, paucities",None,an insufficient quantity or number｜數量或數目不足,The paucity of job opportunities in the small town forced many young people to move away.,paucity of resources; paucity of evidence; paucity of information,C2
Pedantic,/pəˈdæntɪk/,adj.,"pedantic, more pedantic, most pedantic","pedant (n.), pedantry (n.)",marked by a narrow focus on or display of learning especially its trivial aspects｜表現為對學問的狹隘專注或展示，尤指其瑣碎方面,"His pedantic analysis of the novel, focusing on obscure literary references, bored the audience.",pedantic approach; pedantic style; pedantic attention to detail,C2
Perennial,/pɚˈɛniəl/,adj.,"perennial, more perennial, most perennial",perennially (adv.),persisting or recurring constantly over a long period; enduring through many seasons｜長時間持續或反覆出現的；歷經多季而不凋的,The perennial flowers in the garden provided color and beauty year after year.,perennial favorite; perennial problem; perennial debate,C2
Penchant,/ˈpɛntʃənt/,n.,"penchant, penchants",None,a strong liking｜強烈的愛好,"She had a penchant for collecting vintage jewelry, often spending hours at flea markets.",strong penchant; penchant for collecting; penchant for adventure,C2
Peripheral,/pɚˈɪfɚəl/,adj.,"peripheral, more peripheral, most peripheral","periphery (n.), peripherally (adv.)",on or near an edge or constituting an outer boundary; the outer area｜在邊緣或靠近邊緣的；構成外邊界的；外圍區域,The peripheral vision of the athlete was crucial for tracking the ball and his opponents.,peripheral vision; peripheral issue; peripheral role,C2
Peremptory,/pɚˈɛmptɚi/,adj.,"peremptory, more peremptory, most peremptory","peremptorily (adv.), peremptoriness (n.)",offensively self-assured or given to exercising usually unwarranted power｜自以為是且令人不快的；常濫用權力的,His peremptory attitude during the meeting alienated his colleagues and stifled discussion.,peremptory tone; peremptory command; peremptory dismissal,C2
Permeable,/ˈpɝmiəbəl/,adj.,"permeable, more permeable, most permeable","permeability (n.), permeate (v.)",allowing fluids or gases to pass or diffuse through｜允許流體或氣體通過或擴散的,"The new fabric was designed to be permeable, allowing sweat to evaporate while keeping the wearer dry.",highly permeable; permeable membrane; permeable boundary,C2
Perfidious,/pɚˈdɪfiəs/,adj.,"perfidious, more perfidious, most perfidious","perfidy (n.), perfidiously (adv.)",tending to betray; especially having a treacherous character as attributed to the Carthaginians by the Romans｜有背叛傾向的；（尤指）具有如羅馬人所描述的迦太基人那樣的背信棄義性格,"The perfidious ally leaked information to their competitors, betraying years of trust and collaboration.",perfidious act; perfidious nature; perfidious behavior,C2
Perpetuate,/pɚˈpɛtʃəˌweɪt/,v.,"perpetuate, perpetuates, perpetuated, perpetuated, perpetuating","perpetuation (n.), perpetuity (n.)",cause to continue or prevail｜使持續或使流行,The university aimed to perpetuate its legacy of academic excellence through its rigorous programs.,perpetuate inequality; perpetuate myth; perpetuate cycle,C2
Pensive,/ˈpɛnsɪv/,adj.,"pensive, more pensive, most pensive","pensively (adv.), pensiveness (n.)",deeply or seriously thoughtful｜陷入深思的；憂鬱的,"She sat by the window, pensive and lost in thought, contemplating the changes in her life.",pensive mood; pensive expression; pensive silence,C2
Penury,/ˈpɛnjʊɹi/,n. [U],no changes,"penurious (adj.), penuriously (adv.)",a state of extreme poverty or destitution｜極度貧窮或困乏的狀態,"After losing his job, he found himself in a state of penury, unable to afford basic necessities.",abject penury; live in penury; reduce to penury,C2
Perturb,/pɚˈtɝb/,v.,"perturb, perturbs, perturbed, perturbed, perturbing","perturbation (n.), perturbing (v.)",disturb in mind or make uneasy or cause to be worried or alarmed｜擾亂心神；使不安或擔憂,"The sudden loud noise seemed to perturb the usually calm cat, causing it to jump and run away.",perturb balance; perturb peace; perturb tranquility,C2
Persevere,/pɚsəˈvɪɹ/,v.,"persevere, perseveres, persevered, persevered, persevering",perseverance (n.),"be persistent, refuse to stop｜堅持不懈；拒絕放棄","Despite numerous setbacks, the team persevered and eventually achieved their goal.",persevere through adversity; persevere despite setbacks; persevere in face of challenges,C2
Perfunctory,/pɚˈfʌŋktɚi/,adj.,"perfunctory, more perfunctory, most perfunctory","perfunctorily (adv.), perfunctoriness (n.)",hasty and without attention to detail; not thorough｜草率且不注重細節的；不徹底的,The inspector's perfunctory examination of the building missed several critical safety issues.,perfunctory effort; perfunctory review; perfunctory response,C2
Pernicious,/pɚˈnɪʃəs/,adj.,"pernicious, more pernicious, most pernicious","perniciously (adv.), perniciousness (n.)",exceedingly harmful｜極為有害的,"The pernicious effects of the virus spread quickly, overwhelming hospitals and claiming many lives.",pernicious influence; pernicious effect; pernicious disease,C2
Pervade,/pɚˈveɪd/,v.,"pervade, pervades, pervaded, pervaded, pervading","pervasion (n.), pervasive (adj.)",spread or diffuse through｜蔓延或擴散至各處,A sense of unease pervaded the room as the news of the accident spread among the guests.,pervade society; pervade culture; pervade atmosphere,C2
Pertinent,/ˈpɝtɪnɪnt/,adj.,"pertinent, more pertinent, most pertinent","pertinence (n.), pertinently (adv.)",having precise or logical relevance to the matter at hand｜與所討論之事有精確或邏輯相關的,"The lawyer presented evidence that was pertinent to the case, strengthening their argument significantly.",pertinent information; pertinent question; pertinent detail,C2
Petty,/ˈpɛti/,adj.,"petty, pettier, pettiest",pettiness (n.),of little importance; trivial or insignificant; also inferior in rank or status｜不重要的；瑣碎的或無關緊要的；亦指階級或地位較低的,He was demoted to a petty officer after being found guilty of misconduct.,petty crime; petty officer; petty argument,C2
Perverse,/pɚˈvɝs/,adj.,"perverse, more perverse, most perverse","perversity (n.), perverseness (n.)",marked by a disposition to oppose and contradict｜表現為傾向反對和駁斥的,"Her perverse refusal to accept help frustrated her family, who only wanted the best for her.",perverse sense of humor; perverse logic; perverse pleasure,C2
Pessimism,/ˈpɛsəˌmɪzəm/,n.,"pessimism, pessimisms","pessimist (n.), pessimistic (adj.)",the feeling that things will turn out badly｜認為事情會變糟的感覺,"His pessimism about the economy led him to make conservative financial decisions, avoiding risky investments.",overcome pessimism; sense of pessimism; pessimism about future,C2
Philistine,/ˈfɪləˌstin/,n.,"philistine, philistines",None,a person who is uninterested in intellectual pursuits｜對知識追求不感興趣的人,The new art gallery opening was lost on the philistine who found no value in paintings or sculptures.,cultural philistine; philistine attitude; philistine mentality,C2
Peruse,/pɚˈuz/,v.,"peruse, peruses, perused, perused, perusing","perusal (n.), peruser (n.)",examine or consider with attention and in detail｜仔細檢查或考慮,She liked to peruse the morning newspaper with a cup of coffee before starting her day.,peruse the document; carefully peruse; peruse the details,C2
Phenomenon,/fəˈnɑməˌnɑn/,n.,"phenomenon, phenomena",None,any state or process known through the senses rather than by intuition or reasoning｜透過感官而非直覺或推理所知的任何狀態或過程,The Northern Lights are a stunning natural phenomenon that attracts tourists from around the world.,natural phenomenon; rare phenomenon; weather phenomenon,C2
Petrify,/ˈpɛtɹəˌfaɪ/,v.,"petrify, petrifies, petrified, petrified, petrifying","petrifaction (n.), petrification (n.)",cause to become stonelike or stiff or dazed and stunned｜使石化或僵硬或驚呆,"The horror movie was so terrifying that it seemed to petrify the audience, leaving them frozen in their seats.",petrify with fear; petrify into stone; petrify the audience,C2
Philanthropic,/ˌfɪlənˈθɹɑpɪk/,adj.,"philanthropic, more philanthropic, most philanthropic","philanthropy (n.), philanthropist (n.)",generous in assistance to the poor｜慷慨援助窮人,The philanthropic billionaire donated millions to fund educational programs in underprivileged areas.,philanthropic organization; philanthropic efforts; philanthropic donation,C2
Placebo,/pləˈsiboʊ/,n.,"placebo, placebos",None,an innocuous or inert medication; given as a pacifier or to the control group in experiments on the efficacy of a drug｜無害或惰性的藥物；作為安慰劑或給實驗對照組,"In the clinical trial, some participants received the real drug while others were given a placebo.",placebo effect; administer a placebo; sugar pill placebo,C2
Petulant,/ˈpɛtʃələnt/,adj.,"petulant, more petulant, most petulant","petulance (n.), petulantly (adv.)",easily irritated or annoyed｜易怒的,The petulant child sulked and refused to talk to anyone after being told he couldn't have a toy.,petulant child; petulant outburst; petulant behavior,C2
Pique,/ˈpik/,n. [U],no changes,None,"a feeling of irritation or resentment, especially from wounded pride｜惱怒或怨恨的感覺，尤指出於自尊受傷",She left the meeting in a fit of pique after her proposal was dismissed without discussion.,fit of pique; moment of pique; act out of pique,C2
Placate,/ˈpleɪkeɪt/,v.,"placate, placates, placated, placated, placating","placation (n.), placatory (adj.)",cause to be more favorably inclined; gain the good will of｜使更有好感；獲得善意,The manager tried to placate the angry customer by offering a full refund and a sincere apology.,placate the crowd; attempt to placate; placate anger,C2
Plebeian,/pləˈbiən/,adj.,"plebeian, more plebeian, most plebeian",pleb (n.),relating to ordinary people or lacking the refinement associated with higher social classes｜與普通人相關或缺乏上流社會的優雅,The plebeian class in ancient Rome had little political power compared to the patricians.,common plebeian; plebeian class; plebeian origins,C2
Plaintive,/ˈpleɪntɪv/,adj.,"plaintive, more plaintive, most plaintive","plaintively (adv.), plaintiveness (n.)",expressing sorrow｜表達悲傷,The plaintive melody of the violin brought tears to the eyes of everyone in the concert hall.,plaintive cry; plaintive voice; plaintive melody,C2
Phlegmatic,/flɛˈɡmætɪk/,adj.,"phlegmatic, more phlegmatic, most phlegmatic",phlegmatically (adv.),showing little emotion｜表現出很少情緒,"Despite the chaos around him, the phlegmatic man remained calm and composed, unfazed by the noise.",phlegmatic personality; phlegmatic response; phlegmatic demeanor,C2
Plausible,/ˈplɔzəbəl/,adj.,"plausible, more plausible, most plausible","plausibility (n.), plausibly (adv.)","apparently reasonable and valid, and truthful｜看似合理有效且真實",The detective found the suspect's alibi plausible but decided to investigate further to confirm the story.,plausible explanation; plausible scenario; plausible argument,C2
Pithy,/ˈpɪθi/,adj.,"pithy, pithier, pithiest","pithily (adv.), pithiness (n.)",concise and full of meaning｜簡潔且充滿意義,"Her pithy advice, 'Just be yourself,' left a lasting impression on the young graduates.",pithy statement; pithy remark; pithy observation,C2
Platitude,/ˈplætɪˌtud/,n.,"platitude, platitudes",platitudinous (adj.),a trite or obvious remark｜老生常談或明顯的言論,The politician's speech was filled with platitudes that offered no real solutions to the problems at hand.,empty platitude; offer platitudes; tired platitude,C2
Ploy,/ˈplɔɪ/,n.,"ploy, ploys",None,"a cunning trick, stratagem, or maneuver intended to gain an advantage｜旨在獲得優勢的狡猾伎倆、策略或手段","The lawyer's ploy to distract the jury with irrelevant details ultimately backfired, leading to a mistrial.",clever ploy; marketing ploy; strategic ploy,C2
Plethora,/ˈplɛθɚə/,n.,"plethora, plethoras",None,extreme excess｜過度,"The company faced a plethora of challenges, from supply chain issues to increased competition.",plethora of options; plethora of choices; plethora of opportunities,C2
Plummet,/ˈplʌmət/,v.,"plummet, plummets, plummeted, plummeted, plummeting",None,drop sharply｜急速下降,"After the market crash, stock prices plummeted, causing panic among investors.",prices plummet; plummet to earth; stock prices plummet,C2
Ponderous,/ˈpɑndɚəs/,adj.,"ponderous, more ponderous, most ponderous","ponderously (adv.), ponderousness (n.)",slow and laborious because of weight｜因重量而緩慢且費力,"The ponderous machinery moved slowly but steadily, transforming raw materials into finished products.",ponderous movement; ponderous style; ponderous pace,C2
Plutocracy,/ˈplutəɹəsi/,n.,"plutocracy, plutocracies","plutocratic (adj.), plutocratical (adj.)",a political system governed by the wealthy people｜由富有的人治理的政治體制,"In some countries, a plutocracy exists where the wealthy elite hold the majority of political power.",modern plutocracy; rule by plutocracy; plutocracy system,C2
Potentate,/ˈpoʊtəˌnteɪt/,n.,"potentate, potentates",None,a ruler who is unconstrained by law｜不受法律約束的統治者,"The potentate ruled the small kingdom with an iron fist, ignoring the cries for reform from his subjects.",absolute potentate; powerful potentate; benevolent potentate,C2
Posit,/ˈpɑzət/,v.,"posit, posits, posited, posited, positing",position (n.),to put forward or assume as fact; to postulate or propose as a basis for argument｜提出或假設為事實；作為論證的基礎而假定或提議,"He posited the theory that the ancient civilization had contact with extraterrestrials, sparking debate among scholars.",posit a theory; posit an argument; posit a hypothesis,C2
Poignant,/ˈpɔɪnjənt/,adj.,"poignant, more poignant, most poignant","poignancy (n.), poignantly (adv.)","evoking a keen sense of sadness, regret, or tenderness; deeply moving emotionally｜激起強烈的悲傷、遺憾或溫柔情緒；情感上深受觸動",The poignant documentary about the refugee crisis moved audiences to tears and inspired calls for action.,poignant moment; poignant memory; poignant story,C2
Precedent,/ˈpɹɛsɪdənt/,n.,"precedent, precedents","precedence (n.), precedented (adj.)",An act in the past which may be used as an example to help decide the outcome of similar instances in the future.｜過去的行為，可作為範例來幫助決定未來類似情況的結果,The judge cited a precedent from a 1965 case to justify her ruling in the current lawsuit.,legal precedent; set a precedent; follow precedent,C2
Pragmatic,/pɹæˈɡmætɪk/,adj.,"pragmatic, more pragmatic, most pragmatic","pragmatism (n.), pragmatically (adv.)",concerned with practical matters｜關注實際事務,The pragmatic approach of the project manager focused on meeting deadlines and staying within budget rather than theoretical perfection.,pragmatic approach; pragmatic solution; pragmatic decision,C2
Pliant,/ˈplaɪənt/,adj.,"pliant, more pliant, most pliant","pliancy (n.), pliability (n.)",capable of being influenced or formed｜能夠被影響或塑造,"The young artist was pliant and open to feedback, which helped her improve her skills rapidly.",pliant material; pliant personality; pliant to suggestions,C2
Precipitate,/pɹɪˈsɪpɪˌteɪt/,v.,"precipitate, precipitates, precipitated, precipitated, precipitating","precipitation (n.), precipitately (adv.)",bring about abruptly｜突然引發,The sudden rainstorm precipitated an early end to the outdoor concert.,precipitate action; precipitate a crisis; precipitate change,C2
Portent,/ˈpɔɹtɛnt/,n.,"portent, portents","portentous (adj.), portentously (adv.)",a sign of something about to happen｜即將發生的事情的徵兆,The dark clouds were a portent of the severe storm that would arrive later that evening.,portent of doom; ominous portent; portent of things to come,C2
Preamble,/pɹiˈæmbəl/,n.,"preamble, preambles",None,"a preliminary statement or introductory section, especially to a formal document｜初步聲明或引言部分，尤指正式文件",The preamble of the treaty outlined the principles that would guide the negotiations.,preamble to the constitution; lengthy preamble; preamble of a speech,C2
Preclude,/pɹɪˈklud/,v.,"preclude, precludes, precluded, precluded, precluding",preclusion (n.),keep from happening or arising; make impossible｜阻止發生或出現；使不可能,The security system was designed to preclude any unauthorized access to the facility.,preclude any possibility; preclude from entering; preclude success,C2
Precursor,/pɹiˈkɝsɚ/,n.,"precursor, precursors",precursory (adj.),"a person, thing, or event that precedes and indicates the approach of something; a forerunner｜在前面並預示某事物到來的人、事物或事件；先驅",The compound serves as a chemical precursor to several widely used medicines.,precursor to modern art; chemical precursor; precursor of a disease,C2
Precarious,/pɹiˈkɛɹiəs/,adj.,"precarious, more precarious, most precarious","precariously (adv.), precariousness (n.)",affording no ease or reassurance｜不提供舒適或安心,The hiker found himself in a precarious position on the steep and icy mountain trail.,precarious situation; precarious balance; precarious existence,C2
Preeminent,/pɹiˈɛmənənt/,adj.,no changes,"preeminence (n.), preeminently (adv.)",greatest in importance or degree or significance or achievement｜最重要的、最卓越的,"The professor was preeminent in her field, known for her groundbreaking research and numerous awards.",preeminent scholar; preeminent position; preeminent in the field,C2
Predatory,/ˈpɹɛdəˌtɔɹi/,adj.,"predatory, more predatory, most predatory","predator (n.), predation (n.)",living by preying on other animals; seeking to exploit or oppress others｜以捕食其他動物為生；試圖剝削或壓迫他人,The predatory behavior of the lion is essential for its survival in the wild.,predatory behavior; predatory animal; predatory instincts,C2
Prelude,/ˈpɹeɪˌlud/,n.,"prelude, preludes",None,"an event, action, or piece of music that introduces or precedes something more important｜引入或先於更重要事物的事件、行動或音樂作品",The gentle piano piece served as a prelude to the main performance.,prelude to war; prelude to a performance; prelude to disaster,C2
Precocious,/pɹɪˈkoʊʃəs/,adj.,"precocious, more precocious, most precocious","precocity (n.), precociously (adv.)","characterized by exceptionally early development or maturity, especially in mental ability｜具有異常早期發展或成熟的特徵，尤指智力方面",The precocious child was reading at a college level by the age of eight.,precocious child; precocious talent; precocious development,C2
Prerogative,/pɹɪˈɹɑɡətɪv/,n.,"prerogative, prerogatives",None,an exclusive right or privilege held by a particular person or group by virtue of rank or authority｜因地位或權威而擁有的專屬權利或特權,"As the eldest son, he had the prerogative to inherit the family estate.",prerogative of the president; royal prerogative; exercise one's prerogative,C2
Predicament,/pɹɪˈdɪkəmənt/,n.,"predicament, predicaments",None,a situation from which extrication is difficult especially an unpleasant or trying one｜難以脫離的處境，尤指令人不悅或艱難的處境,"Finding himself in a predicament, he had to choose between his job and his integrity.",difficult predicament; awkward predicament; find oneself in a predicament,C2
Prattle,/ˈpɹætəl/,v.,"prattle, prattles, prattled, prattled, prattling",prattler (n.),speak (about unimportant matters) rapidly and incessantly｜快速而不停地談論不重要的事情,"The toddler prattled on about his day at school, sharing every little detail with his parents.",prattle on about; prattle incessantly; prattle like a child,C2
Preempt,/ˈpɹiˌɛmpt/,v.,"preempt, preempts, preempted, preempted, preempting","preemptor (n.), preemption (n.), preemptive (adj.)",acquire for oneself before others can do so｜在他人之前為自己取得,The company moved quickly to preempt its competitors by releasing the new product ahead of schedule.,preempt the competition; preempt any objections; preempt a crisis,C2
Predilection,/ˌpɹɛdəˈlɛkʃən/,n.,"predilection, predilections",None,a predisposition in favor of something｜對某事物的偏好或傾向,Her predilection for classical music was evident in her large collection of vinyl records.,predilection for art; natural predilection; strong predilection,C2
Prestige,/pɹɛˈstiʒ/,n. [U],no changes,prestigious (adj.),a high standing achieved through success or influence or wealth etc.｜透過成功、影響力或財富等獲得的高地位,Winning the award gave her the prestige needed to advance in her career.,prestige of the position; gain prestige; international prestige,C2
Preponderate,/pɹipɑndɝeɪt/,v.,"preponderate, preponderates, preponderated, preponderated, preponderating","preponderant (adj.), preponderance (n.)",weigh more heavily｜重量更大；占優勢,"In the debate, the arguments in favor of the policy began to preponderate as more evidence was presented.",preponderate in number; preponderate among the group; reasons that preponderate,C2
Presage,/ˈpɹɛsɪdʒ/,n.,"presage, presages",None,a foreboding about what is about to happen｜對將要發生之事的不祥預感,The darkening skies were a presage of the coming storm.,presage of doom; presage of success; presage of events,C2
Prevalent,/ˈpɹɛvələnt/,adj.,"prevalent, more prevalent, most prevalent","prevalence (n.), prevail (v.)",most frequent or common｜最常見的；普遍存在的,"Flu cases were prevalent in the community, leading to increased health precautions.",prevalent attitude; prevalent belief; prevalent in society,C2
Pretentious,/pɹiˈtɛnʃəs/,adj.,"pretentious, more pretentious, most pretentious","pretension (n.), pretentiously (adv.)",attempting to impress by claiming greater importance or merit than is real｜企圖透過聲稱比實際更重要或更有價值來引人注意,"The artist was criticized for being pretentious, as his work did not match his grandiose claims.",pretentious artist; pretentious display; pretentious language,C2
Prescience,/ˈpɹiʃiəns/,n.,"prescience, presciences",prescient (adj.),the power to foresee the future｜預見未來的能力,Her prescience about the market crash saved her from significant financial losses.,prescience of the future; remarkable prescience; demonstrate prescience,C2
Presumptuous,/pɹɪˈzʌmptʃəwəs/,adj.,"presumptuous, more presumptuous, most presumptuous","presumption (n.), presumptuously (adv.)",excessively forward｜過於冒失的；放肆的,It was presumptuous of him to assume he would be invited to the exclusive event.,presumptuous behavior; presumptuous remark; presumptuous to assume,C2
Presentiment,/pɹəˈzɪntmənt/,n.,"presentiment, presentiments",None,a feeling of evil to come｜對即將來臨的厄運的預感,She had a presentiment of danger and decided not to walk home alone.,presentiment of danger; strong presentiment; presentiment of doom,C2
Procrastinate,/pɹəˈkɹæstəˌneɪt/,v.,"procrastinate, procrastinates, procrastinated, procrastinated, procrastinating","procrastination (n.), procrastinator (n.)",postpone doing what one should be doing｜延遲做應該做的事；拖延,"He tends to procrastinate, often waiting until the last minute to complete his assignments.",procrastinate on work; procrastinate endlessly; procrastinate until the last minute,C2
Proclivity,/pɹoʊˈklɪvəti/,n.,"proclivity, proclivities",None,a natural inclination｜天然的傾向；本性,"She had a proclivity for adventure, always seeking out new and exciting experiences.",natural proclivity; strong proclivity; inexplicable proclivity,C2
Pristine,/ˈpɹɪstin/,adj.,no changes,None,completely free from dirt or contamination｜完全沒有灰塵或污染的,"The lake was so pristine that you could see straight to the bottom, even in the deepest parts.",pristine condition; pristine wilderness; pristine beaches,C2
Prodigious,/pɹəˈdɪdʒəs/,adj.,"prodigious, more prodigious, most prodigious","prodigiously (adv.), prodigiousness (n.)",so great in size or force or extent as to elicit awe｜規模、力量或程度大到令人驚嘆,"The storm unleashed a prodigious amount of rain, flooding the entire region within hours.",prodigious talent; prodigious amount; prodigious feat,C2
Preternatural,/pɹiˈtɝnətʃɚəl/,adj.,"preternatural, more preternatural, most preternatural",None,surpassing the ordinary or normal｜超越平常或正常的,The pianist's preternatural ability to play complex pieces flawlessly left the audience in awe.,preternatural ability; preternatural calm; preternatural strength,C2
Probity,/ˈpɹoʊbəti/,n.,"probity, probities",None,complete and confirmed integrity; having strong moral principles｜完全且確定的正直；有堅強的道德原則,His unwavering probity earned him the respect of colleagues and made him a role model in the community.,moral probity; personal probity; absolute probity,C2
Proliferate,/pɹoʊˈlɪfɚˌeɪt/,v.,"proliferate, proliferates, proliferated, proliferated, proliferating","proliferation (n.), proliferative (adj.)",grow rapidly｜快速增長,"The internet has allowed misinformation to proliferate, making it difficult to discern truth from falsehood.",rapidly proliferate; proliferate quickly; begin to proliferate,C2
Prevaricate,/pɹəˈvɛɹəkeɪt/,v.,"prevaricate, prevaricates, prevaricated, prevaricated, prevaricating","prevarication (n.), prevaricator (n.)",be deliberately ambiguous or unclear in order to mislead or withhold information｜故意含糊其辭以誤導或隱瞞信息,"When asked about the missing funds, the treasurer prevaricated, offering only vague and confusing explanations.",deliberately prevaricate; prevaricate endlessly; prevaricate under pressure,C2
Prolific,/pɹoʊˈlɪfɪk/,adj.,"prolific, more prolific, most prolific",prolifically (adv.),intellectually productive｜知識產出豐富的；多產的,"The prolific author published several novels each year, captivating readers with her imaginative storytelling.",prolific writer; prolific artist; prolific career,C2
Promulgate,/pɹoʊˈmʌlɡeɪt/,v.,"promulgate, promulgates, promulgated, promulgated, promulgating","promulgation (n.), promulgator (n.)",state or announce｜公開宣稱或宣布,"The new policy was promulgated through a series of town hall meetings, ensuring everyone was informed.",promulgate laws; promulgate ideas; promulgate policy,C2
Prophetic,/pɹəˈfɛtɪk/,adj.,"prophetic, more prophetic, most prophetic","prophecy (n.), prophetically (adv.)",foretelling events as if by supernatural intervention｜如同透過超自然干預而預言事件,Her prophetic words came true when the economy crashed just as she had predicted.,prophetic vision; prophetic words; prophetic dream,C2
Promontory,/pɹəˈmɑntəɹi/,n.,"promontory, promontories",None,a high point of land or rock jutting out into a body of water; a headland｜突出的高點或岩石，伸入水體；岬角,"The rocky promontory offered a breathtaking view of the ocean, attracting hikers and photographers alike.",rocky promontory; coastal promontory; prominent promontory,C2
Propitious,/pɹəˈpɪʃəs/,adj.,"propitious, more propitious, most propitious",propitiously (adv.),presenting favorable circumstances; likely to result in or show signs of success｜呈現有利的情況；可能導致成功或顯示成功的跡象,The team's propitious start to the season gave fans hope that they might win the championship.,propitious moment; propitious circumstances; propitious time,C2
Propensity,/pɹəˈpɛnsɪti/,n.,"propensity, propensities",None,an inclination to do something｜做某事的傾向,"He had a propensity for taking risks, which often led to both exciting opportunities and dangerous situations.",natural propensity; strong propensity; growing propensity,C2
Propitiate,/pɹəˈpɪʃət/,v.,"propitiate, propitiates, propitiated, propitiated, propitiating","propitiation (n.), propitiatory (adj.)",make peace with｜與...講和；安撫,The villagers prepared a feast to propitiate the gods and ensure a bountiful harvest.,propitiate the gods; propitiate someone; propitiate anger,C2
Prosecute,/ˈpɹɑsəˌkjut/,v.,"prosecute, prosecutes, prosecuted, prosecuted, prosecuting","prosecution (n.), prosecutor (n.), prosecutorial (adj.)",To start criminal proceedings against.｜起訴,"The district attorney decided to prosecute the case, believing there was enough evidence to secure a conviction.",prosecute someone; prosecute vigorously; prosecute for fraud,C2
Propagate,/ˈpɹɑpəˌɡeɪt/,v.,"propagate, propagates, propagated, propagated, propagating","propagation (n.), propagator (n.)",transmit from one generation to the next｜代代相傳,The ancient traditions were propagated through stories passed down from generation to generation.,propagate ideas; propagate species; propagate beliefs,C2
Profound,/pɹoʊˈfaʊnd/,adj.,"profound, more profound, most profound","profoundly (adv.), profundity (n.)",showing intellectual penetration or emotional depth｜顯示知識的深入或情感的深度,His profound insights into human nature made his books required reading for psychology students.,profound impact; profound insight; profound change,C2
Proselytize,/ˈpɹɑsələˌtaɪz/,v.,"proselytize, proselytizes, proselytized, proselytized, proselytizing","proselyte (n.), proselytism (n.)",convert to another faith or religion｜改變信仰；皈依,"The missionaries traveled to remote villages to proselytize, hoping to convert as many people as possible.",actively proselytize; proselytize aggressively; proselytize for a cause,C2
Protagonist,/pɹoʊˈtæɡənəst/,n.,"protagonist, protagonists",None,the main character in a narrative; a leading advocate or champion of a cause｜故事中的主要角色；運動的領袖或倡導者,"As the protagonist of the movement, she rallied supporters and organized rallies across the country.",key protagonist; political protagonist; protagonist of change,C2
Provident,/ˈpɹɑvɪdənt/,adj.,"provident, more provident, most provident","providence (n.), providently (adv.)",providing carefully for the future｜為未來謹慎地做準備,"The farmer was provident, setting aside enough grain to last through the long winter months.",provident planning; provident person; provident behavior,C2
Proscribe,/pɹoʊsˈkɹaɪb/,v.,"proscribe, proscribes, proscribed, proscribed, proscribing","proscription (n.), proscriptive (adj.)",command against｜禁止,"The new law proscribed the use of certain chemicals, aiming to protect public health and the environment.",proscribe behavior; proscribe activities; proscribe something entirely,C2
Provisional,/pɹəˈvɪʒənəl/,adj.,"provisional, more provisional, most provisional",provisionally (adv.),"Temporary, but with the intention of eventually becoming permanent or being replaced by a permanent equivalent.｜臨時的，但打算最終成為永久的或被永久的替代品取代","The provisional government was set up to restore order, with plans for democratic elections in the coming year.",provisional government; provisional license; provisional agreement,C2
Profligate,/ˈpɹɔflɪˌɡeɪt/,adj.,"profligate, more profligate, most profligate","profligacy (n.), profligately (adv.)",recklessly extravagant or wasteful in the use of resources｜浪費資源的；敗家的,The profligate young man squandered his inheritance on lavish parties and ended up penniless.,profligate lifestyle; profligate spending; profligate behavior,C2
Protract,/pɹoʊˈtɹækt/,v.,"protract, protracts, protracted, protracted, protracting","protraction (n.), protracted (adj.)",lengthen in time; cause to be or last longer｜延長時間；使更持久,The meeting was protracted for several hours as the committee debated every detail of the proposal.,protract the process; protract negotiations; protract the meeting,C2
Protrude,/pɹoʊˈtɹud/,v.,"protrude, protrudes, protruded, protruded, protruding","protrusion (n.), protrusive (adj.), protrusible (adj.)",extend out or project in space｜突出；伸出,"The jagged rocks protruded from the cliff face, making it a challenging climb for even the most experienced hikers.",protrude from; protrude out; protrude through,C2
Provocative,/pɹoʊˈvɑkətɪv/,adj.,"provocative, more provocative, most provocative","provocation (n.), provocatively (adv.)","serving or tending to provoke, excite, or stimulate; stimulating discussion or exciting controversy｜挑釁性的；刺激的；引發爭議的",The artist's provocative paintings sparked heated debates and divided the critics.,provocative question; provocative statement; provocative gesture,C2
Prowess,/ˈpɹaʊəs/,n.,"prowess, prowesses",None,a superior skill that you can learn by study and practice and observation｜通過學習、練習和觀察獲得的卓越技能,Her prowess in chess was evident as she defeated seasoned players with ease.,military prowess; athletic prowess; technical prowess,C2
Prosaic,/pɹoʊˈzeɪɪk/,adj.,"prosaic, more prosaic, most prosaic",prosaically (adv.),not fanciful or imaginative｜不具有想像力的；平淡的,The prosaic report listed only the facts without any creative interpretation.,prosaic life; prosaic description; prosaic explanation,C2
Proximity,/pɹɑˈksɪməti/,n.,"proximity, proximities",proximal (adj.),the property of being close together｜接近；靠近,The proximity of the two buildings made it easy for workers to commute between them.,close proximity; proximity to the city; proximity to the airport,C2
Prudent,/ˈpɹudənt/,adj.,"prudent, more prudent, most prudent","prudence (n.), prudently (adv.)",careful and sensible; marked by sound judgment｜謹慎且明智的；基於正確的判斷,It was prudent of her to save money for emergencies instead of spending it all.,prudent decision; prudent investment; prudent approach,C2
