word,ipa,pos,inflections,derivatives,definition,example,collocations,context_type
Introduction,/ˌɪntɹəˈdʌkʃən/,n.,"introduction, introductions",introduce (v.),the act of telling people who someone is when they first meet｜初次見面時向眾人介紹某人身份的行為,He gave a short introduction before the speaker began.,a brief introduction; make an introduction; a formal introduction,A2
Iron,/ˈaɪɚn/,n. [U],no changes,ironing (n.),a strong hard grey metal used to make tools and buildings｜一種堅硬灰色的金屬，用於製造工具和建築物,The old gate was made of heavy black iron.,made of iron; an iron bar; cast iron,A2
Judgement,/ˈdʒʌdʒmənt/,n.,"judgement, judgements",None,the ability to make good decisions or sensible opinions｜做出正確決定或明智判斷的能力,There will always be edge cases where judgement is required.,replace human judgement; human similarity judgement; rational judgement,A2
Ladybug,/ˈleɪdiˌbʌɡ/,n.,"ladybug, ladybugs",None,small round bright-colored and spotted beetle that usually feeds on aphids and other insect pests｜體型小、顏色鮮豔且帶斑點的甲蟲，通常以蚜蟲和其他害蟲為食,Some years have outbreaks of cicadas or ladybugs.,red ladybug; tiny ladybug; spotted ladybug,A2
Kilogram,/ˈkɪləˌɡɹæm/,n.,"kilogram, kilograms",None,"a unit for measuring weight, equal to 1000 grams｜測量重量的單位，等於1000克",The baby weighs about three kilograms now.,one kilogram; a few kilograms; half a kilogram,A2
Judge,/ˈdʒʌdʒ/,n.,"judge, judges","judging (n.), judgment (n.), judgeship (n.)",a public official authorized to decide questions brought before a court of justice｜被授權裁決法庭案件問題的公職人員,The judge listened carefully before announcing her decision in court.,court judge; fair judge; a senior judge,A2
Keeper,/ˈkipɚ/,n.,"keeper, keepers",keep (v.),"a person who is responsible for looking after a place, animals, or something valuable｜負責照顧場所動物或貴重物品的人",The keeper at the zoo feeds the lions twice every day.,zoo keeper; goal keeper; shop keeper,A2
Journal,/ˈdʒɝnəl/,n.,"journal, journals",None,a book where you write about your daily life and feelings｜記錄日常生活和感受的書,She writes in her journal before going to sleep.,keep a journal; a daily journal; write in a journal,A2
Ketchup,/ˈkɛtʃəp/,n. [U],no changes,None,thick spicy sauce made from tomatoes｜由番茄製成的濃稠辛辣醬汁,He put a lot of ketchup on his fries.,tomato ketchup; ketchup bottle; ketchup stains,A2
Justice,/ˈdʒʌstəs/,n. [U],no changes,None,fair treatment of people under the law｜法律下的公平對待,The family fought for justice after the unfair trial.,seek justice; social justice; a sense of justice,A2
Lamb,/ˈlæm/,n.,"lamb, lambs",None,young sheep｜年幼的綿羊,The farmer fed the young lamb with a bottle of milk every morning.,roast lamb; spring lamb; young lamb,A2
Lady,/ˈleɪdi/,n.,"lady, ladies",None,a polite name for any woman｜對女性的禮貌稱呼,A kind old lady helped me cross the busy road.,older lady; white lady; particular lady,A2
Lack,/ˈlæk/,v.,"lack, lacks, lacked, lacked, lacking",None,to be without something that is needed or wanted｜沒有需要或想要的東西,"We all, to some degree, lack the self-awareness of how we tick.",lack experience; lack confidence; lack access,A2
Lantern,/ˈlæntɚn/,n.,"lantern, lanterns",None,light in a transparent protective case｜裝在透明保護殼中的燈光,"You have a lantern in your inventory, for instance, which you can pull out at any time.",paper lantern; lantern light; carry a lantern,A2
Lap,/ˈlæp/,n.,"lap, laps",None,the upper side of the thighs of a seated person｜坐在椅子上時大腿的上側,The child sat on her father's lap during the train ride.,on your lap; lap of luxury; a lap of the track,A2
Lane,/ˈleɪn/,n.,"lane, lanes",None,a narrow way or road｜狹窄的道路,The cyclist stayed in the left lane until it was safe to turn.,fast lane; slow lane; changing lanes,A2
Latter,/ˈlætɚ/,adj.,no changes,None,the second of two people or things just mentioned｜剛才提到的兩個人或事物中的第二個,"I like tea and coffee, but I prefer the latter.",the latter case; the latter group; the latter half,A2
Latest,/ˈleɪtəst/,adj.,no changes,None,up to the immediate present; most recent or most up-to-date｜直到最近的；最新的,Please send me the latest version of the report.,latest versions; latest tag; latest updates,A2
Lay,/ˈleɪ/,v.,"lay, lays, laid, laid, laying",layer (n.),to put something down carefully on a surface｜小心地將某物放在表面上,She laid the freshly folded clothes neatly on the bed.,lay the table; lay down; lay it carefully,A2
Law,/ˈlɔ/,n. [U],no changes,lawyer (n.),the set of rules that everyone in a country must obey｜每個國家的人都必須遵守的規則,It is against the law to drive without a seatbelt.,break the law; obey the law; against the law,A2
Lend,/ˈlɛnd/,v.,"lend, lends, lent, lent, lending","lender (n.), lendable (adj.)",to give something to someone for a short time｜短時間將東西借給別人,Can you lend me your pen for a moment?,lend money; lend a hand; lend a book,A2
Leadership,/ˈlidɚˌʃɪp/,n. [U],no changes,leader (n.),the activity of leading｜領導的活動,We established technology leadership for our nation.,strong leadership; leadership skills; leadership team,A2
Leaf,/ˈlif/,n.,"leaf, leaves","leafy (adj.), leafage (n.), leaflet (n.)",a flat green part that grows on a tree or plant｜生長在樹或植物上的扁平綠色部分,A bright green leaf fell from the tall tree.,green leaf; fallen leaf; dry leaf,A2
Legal,/ˈliɡəl/,adj.,"legal, more legal, most legal",legality (n.),established by or founded upon law or official or accepted rules｜由法律或官方或既定規則建立或創立的,"If they were legal, which ones might you consider.",legal advice; legal system; take legal action,A2
Liberal,/ˈlɪbɚəl/,adj.,"liberal, more liberal, most liberal","liberality (n.), liberalness (n.)",showing or characterized by broad-mindedness｜表現出或具有心胸寬廣的特點,You can tell that this city is more liberal.,liberal values; liberal democracy; a liberal attitude,A2
Length,/ˈlɛŋkθ/,n.,"length, lengths",lengthy (adj.),the measurement of something from one end to the other｜從一端到另一端的測量,You get a slightly bigger stride length.,sequence length; arms length; average minimal length,A2
Lid,/ˈlɪd/,n.,"lid, lids",None,a cover that fits on top of a container｜適合放在容器頂部的蓋子,She carefully placed the lid on the pot to keep the soup warm.,wooden lid; lid off; lid hides,A2
Lens,/ˈlɛnz/,n.,"lens, lenses",None,a curved piece of glass in cameras or glasses｜相機或眼鏡中的彎曲玻璃片,He cleaned the lens of his camera before the trip.,camera lens; clean the lens; glass lens,A2
Lift,/ˈlɪft/,v.,"lift, lifts, lifted, lifted, lifting",lifter (n.),raise from a lower to a higher position｜從低處抬到高處,She used both hands to lift the heavy box onto the table.,lift weights; give a lift; lift off the ground,A2
Firewoman,/ˈfaɪˌɹwʊmən/,n.,"firewoman, firewomen",None,a dated term for a female firefighter｜女性消防員的舊稱,The old newspaper described her as the city's first firewoman.,the first firewoman; a pioneering firewoman; female firefighter,A2
Lone,/ˈloʊn/,adj.,"lone, no changes",None,having no other people present; alone｜沒有其他人在場；獨自,A lone wolf walked across the empty field.,lone warrior; lone wolf; lone survivor,A2
Link,/ˈlɪŋk/,n.,"link, links",linkage (n.),a connection between two things or people｜兩件事物或兩個人之間的連接,There is a strong link between the two ideas.,strong link; close link; direct link,A2
Listener,/ˈlɪsənɚ/,n.,"listener, listeners",listen (v.),a person who listens to someone or something｜聽某人或某事物說話的人,My best friend is a kind and patient listener.,good listener; patient listener; active listener,A2
Likely,/ˈlaɪkli/,adj.,"likely, more likely, most likely",likeliness (n.),probably going to happen or be true｜可能會發生或屬實,It is likely to rain later this afternoon.,most likely; likely outcome; likely to happen,A2
Limit,/ˈlɪmət/,n.,"limit, limits","limiter (n.), limitation (n.)",the greatest possible degree of something｜某事物最大的程度,You must know your own limits and not push yourself too hard.,upper limit; physical limit; central limit,A2
Load,/ˈloʊd/,n.,"load, loads","loader (n.), loading (n.)",weight to be borne or conveyed｜需要承受或運輸的重量,The farmer carried a heavy load of vegetables to the market.,a heavy load; carry a load; a full load,A2
Loss,/ˈlɔs/,n.,"loss, losses",lose (v.),something that is lost｜失去的東西,The team felt sad about the loss of their best player.,a great loss; suffer a loss; heavy loss,A2
Liver,/ˈlɪvɚ/,n.,"liver, livers",None,a large organ inside your body that cleans your blood and helps you digest food｜體內清潔血液並幫助消化食物的大型器官,Eating too much fatty food can harm your liver over time.,liver health; liver disease; liver problems,A2
Liquid,/ˈlɪkwəd/,n.,"liquid, liquids","liquify (v.), liquidity (n.), liquidness (n.)",a substance that is liquid at room temperature and pressure｜在室溫和壓力下為液體的物質,Pour the liquid into a clean glass before drinking it.,clear liquid; liquid form; pour a liquid,A2
Local,/ˈloʊkəl/,adj.,"local, more local, most local",locality (n.),belonging to or happening in a nearby area or your own town｜屬於或發生在附近地區或你自己的城鎮,The local market sells fresh vegetables and fruit every morning.,local community; local culture; local market,A2
Mango,/ˈmæŋɡoʊ/,n.,"mango, mangoes",None,a sweet juicy tropical fruit with yellow flesh｜一種甜的熱帶水果，果肉呈黃色且多汁,She cut a ripe mango for our breakfast.,ripe mango; sweet mango; fresh mango,A2
Magazine,/ˈmæɡəˌzin/,n.,"magazine, magazines",None,"a thin book with a paper cover, sold regularly and containing articles, pictures, and stories on a particular topic｜一種有紙封面薄的書，定期發行，內容包含特定主題的文章、圖片和故事",Making the magazine was a big wild experiment.,teletext magazine; air magazine; magazine format,A2
Luck,/ˈlʌk/,n. [U],no changes,lucky (adj.),good things that happen to you by chance｜偶然發生的好事,"With a bit of luck, we will win the game.",good luck; bad luck; beginner's luck,A2
Manager,/ˈmænədʒɚ/,n.,"manager, managers","manage (v.), managerial (adj.), managership (n.)",someone who controls resources and expenditures｜控制資源和支出的人,The manager asked the new staff to work on weekends.,hotel manager; football manager; store manager,A2
Major,/ˈmeɪdʒɚ/,adj.,"major, more major, most major",majority (n.),of greater importance or stature or rank｜更重要或更有地位的,Cars are a major cause of air pollution in big cities.,major companies; major role; major cities,A2
Male,/ˈmeɪl/,adj.,"male, no changes",maleness (n.),"belonging to the sex that can father children, not female｜屬於能生育後代的性別，不是女性",The male lion protects the rest of the group from danger.,male student; male friendship; male patients,A2
Manner,/ˈmænɚ/,n.,"manner, manners",mannerly (adj.),how something is done or how it happens｜做事的方式或事情發生的方式,She spoke in a polite manner and everyone listened carefully.,in a calm manner; in a friendly manner; in a polite manner,A2
Marriage,/ˈmɛɹɪdʒ/,n.,"marriage, marriages",marry (v.),the legal and personal relationship between two people who are married to each other｜兩個結婚的人之間的法律和個人關係,Their marriage lasted for fifty happy years.,before marriage; marriage ends; stable marriage,A2
Mat,/ˈmæt/,n.,"mat, mats",matting (n.),a thick flat pad used as a floor covering｜一種厚的扁平墊子，用作地板覆蓋物,She placed a thick mat by the front door for guests to wipe their feet.,bath mat; door mat; yoga mat,A2
Mask,/ˈmæsk/,n.,"mask, masks","masker (n.), masking (n.)",a covering to disguise or conceal the face｜遮蓋或隱藏面部的東西,She wore a mask to keep her face warm in the cold wind.,face mask; wear a mask; gas mask,A2
Mass,/ˈmæs/,n.,"mass, masses",None,a large amount or number of something in one place｜大量或大量的某物聚集在一處,A mass of people gathered in the square to watch.,a mass of; huge mass; solid mass,A2
Match,/ˈmætʃ/,n.,"match, matches",matcher (n.),a game or sports event between two teams or players｜兩支隊伍或選手之間的比賽或體育活動,Our school won the football match last weekend.,football match; win the match; tennis match,A2
Mate,/ˈmeɪt/,n.,"mate, mates",matey (adj.),a friend or someone you spend a lot of time with｜朋友或經常相處的人,"Or you can change the story, mate.",best mate; school mate; find a mate,A2
Master,/ˈmæstɚ/,n.,"master, masters","mastery (n.), masterly (adj.), mastering (n.), mastership (n.)",a person who has great skill or full control of something｜對某事物有高超技術或完全掌控的人,We want to be masters in our own home.,master class; master plan; chess master,A2
Mature,/məˈtʃʊɹ/,adj.,"mature, more mature, most mature","maturity (n.), maturation (n.), maturement (n.), matureness (n.)",fully grown or developed; behaving in a sensible and adult way｜完全成長或發育的；表現得理智和像成年人的,"That's a mature, non-emotional decision to make.",mature adult; mature student; mature way,A2
Material,/məˈtɪɹiəl/,n.,"material, materials",materiality (n.),a substance used to make something; information or resources used for a purpose｜用來製作東西的物質；用於某目的的資訊或資源,I have some bonus materials on some MoE models.,enriched material; reference material; material support,A2
Meaning,/ˈminɪŋ/,n.,"meaning, meanings",mean (v.),the message that is intended or expressed or signified｜想要傳達的訊息或所表達或象徵的意義,I might find some meaning in that.,meaning behind; full meaning; double meaning,A2
Means,/ˈminz/,n. [U],no changes,None,a way of doing or achieving something｜做或完成某事的方法,The bus is a cheap means of travel for students.,means of transport; by means of; effective means,A2
Melody,/ˈmɛlədi/,n.,"melody, melodies","melodize (v.), melodious (adj.)",a tune or series of musical notes that sound pleasant｜聽起來悅耳的曲調或一系列音符,The song has a simple melody that is easy to remember.,simple melody; beautiful melody; catchy melody,A2
Medical,/ˈmɛdəkəl/,adj.,no changes,medicine (n.),relating to the study or practice of medicine｜關於醫學的學習或實踐的,"There's a human element to the medical profession, which I think is sometimes unappreciated.",medical care; medical treatment; medical school,A2
Membership,/ˈmɛmbɚˌʃɪp/,n.,"membership, memberships",member (n.),"the state or status of belonging to a group, or the members considered together｜屬於某團體的狀態或身份，亦可指全體成員",I need to get a gym membership.,gym membership; membership fees; annual membership,A2
Message,/ˈmɛsədʒ/,n.,"message, messages",None,a piece of written or spoken information you send to someone｜向他人傳遞的文字或口語資訊,She sent me a short message to say she was late.,send a message; text message; leave a message,A2
Memory,/ˈmɛmɚi/,n.,"memory, memories",memorize (v.),something that is remembered｜曾經記住的事物,She has a good memory and can remember faces for years.,good memory; memory loss; early memory,A2
Metal,/ˈmɛtəl/,n. [U],no changes,metallic (adj.),any of several chemical elements that are usually shiny solids that conduct heat or electricity and can be formed into sheets etc.｜通常是光亮的固態化學元素，能導熱或導電，且可加工成薄片等,They understand the power of sharpened metal.,made of metal; scrap metal; metal pipe,A2
Metro,/ˈmɛˌtɹoʊ/,n.,"metro, metros",None,an underground railway system in a city｜城市的地下鐵路系統,We took the metro to the city center this morning.,metro station; metro line; metro system,A2
Meter,/ˈmitɚ/,n.,"meter, meters",None,the basic unit of length adopted under the Systeme International d'Unites (approximately 1.094 yards)｜長度單位，國際單位制的基本單位（約等於1.094碼）,"It gets to six, seven meters long.",a few meters; meter high; one meter away,A2
Lower,/ˈloʊɚ/,v.,"lower, lowers, lowered, lowered, lowering",lowering (n.),move something or somebody to a lower position｜將某物或某人移至較低的位置,The central bank decided to lower interest rates.,lower the price; lower your voice; lower the temperature,A2
Marry,/ˈmɛɹi/,v.,"marry, marries, married, married, marrying","married (n.), marriage (n.)",to become someone's husband or wife｜與某人結婚,They plan to marry in the spring next year.,marry someone; get married; marry young,A2
Manage,/ˈmænədʒ/,v.,"manage, manages, managed, managed, managing","manager (n.), manageable (adj.), management (n.)",be successful; achieve a goal｜成功達成目標,He managed to finish all his homework before dinner.,manage time; manage a team; manage well,A2
Mention,/ˈmɛnʃən/,v.,"mention, mentions, mentioned, mentioned, mentioning",mentioner (n.),make reference to｜提及,"By the way, I should mention one thing.",mention something; mention one thing; briefly mention,A2
Measure,/ˈmɛʒɚ/,v.,"measure, measures, measured, measured, measuring","measurer (n.), measuring (n.), measurable (adj.), measurement (n.)","determine the measurements of something or somebody, take measurements of｜測量某物或某人的尺寸",The teacher used a ruler to measure the length of the paper.,measure success; measure temperature; security measure,A2
Maintain,/meɪˈnteɪn/,v.,"maintain, maintains, maintained, maintained, maintaining","maintainer (n.), maintenance (n.), maintainable (adj.)",to keep something in its current state or at the same level｜維持某事物於現狀或相同水準,It is important to maintain good habits every day.,maintain control; maintain order; maintain balance,A2
Midnight,/ˈmɪˌdnaɪt/,n. [U],no changes,None,12 o'clock at night; the middle of the night｜午夜十二點；深夜,"At midnight, there are only two options.",at midnight; midnight snack; after midnight,A2
Method,/ˈmɛθəd/,n.,"method, methods",methodical (adj.),a planned or organized way of doing something｜有計畫或有條理的方式,She used a simple method to solve the math problem quickly.,learning method; simple method; effective method,A2
Minority,/maɪˈnɔɹəti/,n.,"minority, minorities",minor (adj.),a smaller part of a larger group that has different features or beliefs from most others｜比大多數人具有不同特徵或信念的較小群體,Only a small minority of the students were late today.,minority communities; small minority; ethnic minority,A2
Mile,/ˈmaɪl/,n.,"mile, miles",miler (n.),"a unit for measuring distance, equal to about 1.6 kilometers｜距離單位，約等於1.6公里",We walked nearly five miles along the river yesterday.,a few miles; miles away; walk a mile,A2
Military,/ˈmɪləˌtɛɹi/,adj.,no changes,"militarise (v.), militarize (v.), militaristic (adj.)","relating to soldiers, armed forces, or war｜與士兵、武裝部隊或戰爭有關的",Here's a guy who was a student of all the great military generals of the past.,military service; military training; military base,A2
Minor,/ˈmaɪnɚ/,adj.,"minor, more minor, most minor",minority (n.),small and not very important or serious｜小的且不太重要的,He made a minor mistake in his homework today.,minor problem; minor injury; minor change,A2
Mirror,/ˈmɪɹɚ/,n.,"mirror, mirrors",None,a piece of glass that shows you your own image｜映照自己形象的玻璃,She looked in the mirror before she left the house.,look in the mirror; a bathroom mirror; a broken mirror,A2
Mix,/ˈmɪks/,v.,"mix, mixes, mixed, mixed, mixing","mixer (n.), mixing (n.), mixable (adj.), mixture (n.)",mix together different elements｜將不同元素混合,You should mix the flour and the sugar together.,mix together; a good mix; mix well,A2
Mop,/ˈmɑp/,v.,"mop, mops, mopped, mopped, mopping","mopper (n.), mopping (n.)",to wash or wipe with or as if with a mop｜用拖把清洗或擦拭,She used a mop to clean the wet floor after the spill.,mop the floor; use a mop; clean with a mop,A2
Mixture,/ˈmɪkstʃɚ/,n.,"mixture, mixtures",mix (v.),something made by mixing two or more things together｜由兩種或多種東西混合而成的物質,"The cook made a mixture of flour, eggs, and sugar for the cake.",a mixture of; prepare a mixture; chemical mixture,A2
Motion,/ˈmoʊʃən/,n.,"motion, motions",motional (adj.),the act or process of moving from one place to another｜從一個地方移動到另一個地方的動作或過程,The slow motion of the boat made me feel sleepy.,constant motion; motion vectors; motion capture,A2
Mood,/ˈmud/,n.,"mood, moods",moody (adj.),the way you feel at a particular time｜在特定時間的感受,"See, I'm in a good mood now, I think.",bad mood; good mood; improve mood,A2
Motorcycle,/ˈmoʊtɚˌsaɪkəl/,n.,"motorcycle, motorcycles",motorcycling (n.),a motor vehicle with two wheels and a strong frame｜一種有兩個輪子和堅固車架的機動車輛,He rode his motorcycle to work every morning to avoid traffic.,ride a motorcycle; motorcycle race; motorcycle helmet,A2
Model,/ˈmɑdəl/,n.,"model, models","modeler (n.), modeling (n.), modeller (n.), modelling (n.)",a hypothetical description of a complex entity or process｜對複雜實體或過程的假設性描述,It's not my mental model of what I'm doing.,mental model; predictive model; particular model,A2
Mug,/ˈmʌɡ/,n.,"mug, mugs","muggee (n.), mugger (n.), mugging (n.)","a large cup with a handle, usually used for hot drinks｜一種有手柄的大杯子，通常用來裝熱飲",This is the mug that's on her desk.,favorite mug; coffee mug; mug of tea,A2
Musical,/ˈmjuzɪkəl/,adj.,"musical, more musical, most musical","music (n.), musicality (n.), musicalness (n.)",characterized by or capable of producing music｜以音樂為特徵的或能夠產生音樂的,She showed strong musical talent from an early age.,musical instrument; musical talent; musical notation,A2
Musician,/mjuˈzɪʃən/,n.,"musician, musicians","music (n.), musicianship (n.)",someone who plays a musical instrument (as a profession)｜演奏樂器的人（作為職業）,My brother is a talented musician who plays the piano.,jazz musician; best musician; recruited working musician,A2
Nail,/ˈneɪl/,n.,"nail, nails",nailer (n.),horny plate covering and protecting part of the dorsal surface of the digits｜覆蓋並保護手指或腳趾背面部分的角质板,The nails do not match the vibe tonight.,bite your nails; nail polish; cut your nails,A2
Narrow,/ˈnɛɹoʊ/,adj.,"narrow, narrower, narrowest","narrowing (n.), narrowness (n.)",not wide｜不寬的,The old town has many narrow streets.,pretty narrow; narrow space; narrow range,A2
Necessary,/ˈnɛsəˌsɛɹi/,adj.,"necessary, more necessary, most necessary",necessity (n.),absolutely essential｜絕對必要的,It is necessary to wear a helmet when you ride a bike.,if necessary; absolutely necessary; necessary steps,A2
Naughty,/ˈnɔti/,adj.,"naughty, naughtier, naughtiest",naughtiness (n.),"behaving badly or not following the rules, especially said of a child｜表現不好或不遵守規則（尤指小孩）",The naughty boy hid his sister's toy behind the sofa.,naughty boy; naughty girl; very naughty,A2
Nation,/ˈneɪʃən/,n.,"nation, nations",None,a politically organized body of people under a single government｜在單一政府下政治組織的人民團體,We established technology leadership for our nation.,island nation; sovereign nation; own nation,A2
Necklace,/ˈnɛkləs/,n.,"necklace, necklaces",None,a piece of jewelry worn around the neck｜佩戴在脖子上的珠寶飾品,She wore a beautiful gold necklace to the party.,gold necklace; wear a necklace; diamond necklace,A2
Nephew,/ˈnɛfju/,n.,"nephew, nephews",None,a son of your brother or sister｜你兄弟或姐妹的兒子,My nephew is my sister's young son.,young nephew; little nephew; favorite nephew,A2
Natural,/ˈnætʃɚəl/,adj.,"natural, more natural, most natural",naturalness (n.),"existing in or made by nature, not made by people｜存在於自然界或由自然界形成的，非人造的",We hiked through a beautiful area of natural forest and clean rivers.,natural beauty; natural resources; natural light,A2
Needle,/ˈnidəl/,n.,"needle, needles",None,"a thin, sharp metal tool used for sewing｜一種用於縫紉的細長金屬工具",She put thread through the needle to fix her shirt.,sewing needle; thread a needle; sharp needle,A2
Nearly,/ˈnɪɹli/,adv.,"nearly, more nearly, most nearly",None,almost but not completely｜幾乎但不完全,We have nearly finished cleaning the whole house.,nearly finished; nearly all; nearly every day,A2
Nearby,/ˈnɪˈɹbaɪ/,adj.,"nearby, more nearby, most nearby",None,close at hand｜近在手邊,There was one coffee shop open nearby.,located nearby; nearby village; nearby shows,A2
Negative,/ˈnɛɡətɪv/,adj.,"negative, more negative, most negative","negate (v.), negativity (n.), negativeness (n.)",bad or harmful; not good or hopeful｜不好的；有害的；不良的；不樂觀的,Too much screen time can have a negative effect on sleep.,a negative answer; a negative result; feel negative,A2
Noodle,/ˈnudəl/,n.,"noodle, noodles",None,a ribbonlike strip of pasta｜帶狀的義大利麵食,She ordered a bowl of noodle soup for lunch at the small restaurant.,noodle soup; instant noodles; noodle dish,A2
Nerve,/ˈnɝv/,n.,"nerve, nerves","nervy (adj.), nervous (adj.)",any bundle of nerve fibers running to various organs and tissues of the body｜通往身體各器官和組織的神經纖維束,Taking deep breaths helps calm my nerves before a test.,calm your nerves; nerve damage; steady your nerves,A2
Nervous,/ˈnɝvəs/,adj.,"nervous, more nervous, most nervous","nerve (n.), nervousness (n.)",easily agitated｜容易激動的；容易緊張的,"I am excited also, but a little bit nervous.",always nervous; nervous energy; nervous talking,A2
Niece,/ˈnis/,n.,"niece, nieces",None,a daughter of your brother or sister｜兄弟或姊妹的女兒,My niece came to visit us for the weekend and we all had a great time.,young niece; little niece; my niece,A2
Neighbor,/ˈneɪbɚ/,n.,"neighbor, neighbors","neighborly (adj.), neighborhood (n.)",a person who lives (or is located) near another｜住在附近的人；鄰居,Our neighbor always waves and says hello when we meet in the street.,next door neighbor; friendly neighbor; annoying neighbor,A2
None,/ˈnʌn/,pron.,no changes,None,not any; not one of a number or group｜沒有一個；全無；皆非,"I looked for my keys everywhere, but none of them could be found.",none of them; none at all; little or none,A2
Neither,/ˈniðɚ/,pron.,no changes,None,Not either one of two.｜兩者都不,Neither of the two boys knew the answer to the question.,neither of them; neither one; neither here nor there,A2
Network,/ˈnɛˌtwɝk/,n.,"network, networks",None,an interconnected system of things or people｜相互連接的事物或人的系統,The phone could not connect to the network at home.,large network; network based; network installation,A2
Nod,/ˈnɑd/,v.,"nod, nods, nodded, nodded, nodding",None,to move your head up and down to say yes or agree｜上下移動頭部表示同意,She gave a small nod to show that she agreed.,nod your head; nod in agreement; give a nod,A2
Obey,/oʊˈbeɪ/,v.,"obey, obeys, obeyed, obeyed, obeying",None,to do what a rule or person tells you to do｜服從；遵守（規則或指示）,All drivers must obey the traffic rules on the road.,obey the rules; obey the law; obey orders,A2
Nut,/ˈnʌt/,n.,"nut, nuts",nutty (adj.),a small hard fruit or seed with a shell that you can eat｜帶殼的可食用硬果或種子,I like to eat a few nuts as a healthy snack.,eat nuts; crack a nut; mixed nuts,A2
Northern,/ˈnɔɹðɚn/,adj.,no changes,northernness (n.),in or relating to the northern part of a region or country｜位於或關於某地區或國家的北部,The northern part of the country gets a lot of snow in winter.,northern coast; northern tip; northern flank,A2
Notebook,/ˈnoʊˌtbʊk/,n.,"notebook, notebooks",None,a book with blank pages for recording notes or memoranda｜用於記錄筆記的空白頁面本子,Maybe your notebook is in front of you.,notebook full; original notebook; personal notebook,A2
Novel,/ˈnɑvəl/,n.,"novel, novels","novelist (n.), novelette (n.)",an extended fictional work in prose; usually in the form of a story｜篇幅較長的虛構散文作品；通常以故事形式呈現,She stayed up late to finish reading her favorite novel.,novel ways; first novel; historical novel,A2
Nor,/ˈnɔɹ/,conj.,no changes,None,used after 'neither' or a negative statement to introduce a second negative alternative｜用於否定句中引出第二個否定選項,I don't see it happening nor being helpful.,neither nor; nor did I; nor was it,A2
Ocean,/ˈoʊʃən/,n.,"ocean, oceans",oceanic (adj.),a large body of water constituting a principal part of the hydrosphere｜構成水圈主要部分的大片水域,Large whales and tiny fish all live in the ocean together.,deep ocean; ocean floor; across the ocean,A2
Obvious,/ˈɑbviəs/,adj.,"obvious, more obvious, most obvious",obviousness (n.),easy to see or understand; very clear｜容易看見或理解的；非常清楚的,It was obvious that she was very tired after work.,obvious answer; obvious reason; obvious choice,A2
Object,/ˈɑbdʒɛkt/,n.,"object, objects","objector (n.), objectify (v.), objection (n.)",a tangible and visible entity; an entity that can cast a shadow｜有形的可見實體；能投射陰影的實體,We think of them as an object to get around.,gameplay object; object orientation; target object,A2
Occur,/əˈkɝ/,v.,"occur, occurs, occurred, occurred, occurring",None,come to pass｜發生；來臨,Power cuts occur frequently during severe storms.,occur naturally; occur frequently; rarely occur,A2
Official,/əˈfɪʃəl/,adj.,"official, more official, most official","office (n.), officialdom (n.)",having official authority or sanction｜具有官方權力或認可的,The official start time of the game is three o'clock.,official status; official capacity; official document,A2
Origin,/ˈɔɹədʒən/,n.,"origin, origins",originate (v.),the place or point where something begins or comes from｜事物開始或來源的地点或點,The origin of this old story is still a mystery to many people.,country of origin; the origin of; ethnic origin,A2
Offer,/ˈɔfɚ/,v.,"offer, offers, offered, offered, offering","offerer (n.), offeror (n.), offering (n.)",to ask someone if they want something you can give｜詢問某人是否想要你能給的東西,She offered me a cup of tea when I arrived.,offer help; offer advice; offer a job,A2
Organization,/ˌɔɹɡənəˈzeɪʃən/,n.,"organization, organizations",organize (v.),a group of people who work together｜一起工作的一群人,It almost indirectly says what you should do with the organization.,single organization; different organization; lobby organization,A2
Operate,/ˈɑpɚˌeɪt/,v.,"operate, operates, operated, operated, operating","operation (n.), operator (n.)",to control a machine or organization; to function or work in a particular way｜控制機器或組織；以特定方式運作或工作,It's that you are getting the answers about how to operate in the world.,operate independently; operate within; operate smoothly,A2
Ordinary,/ˈɔɹdəˌnɛɹi/,adj.,"ordinary, more ordinary, most ordinary",ordinariness (n.),not exceptional in any way especially in quality or ability or size or degree｜在品質、能力、大小或程度上沒有例外的,I'll read some of them from ordinary citizens.,ordinary person; ordinary life; ordinary day,A2
Opinion,/əˈpɪnjən/,n.,"opinion, opinions",opine (v.),what you think or believe about something｜你對某事物的想法或信念,"In my opinion, this is the best movie of the year.",in my opinion; give an opinion; honest opinion,A2
Operator,/ˈɑpɚˌeɪtɚ/,n.,"operator, operators",operate (v.),a person whose job is to use a machine or equipment｜工作為操作機器或設備的人,The machine operator checked all the buttons before starting.,machine operator; phone operator; skilled operator,A2
Ourselves,/aʊɚˈsɛlvz/,pron.,no changes,None,used to talk about us as the people doing and receiving an action｜用來談論我們作為進行和接受動作的人,We made the cake all by ourselves and shared it with our friends.,by ourselves; enjoy ourselves; for ourselves,A2
Organ,/ˈɔɹɡən/,n.,"organ, organs","organic (adj.), organist (n.)","a part of the body that does a special job, like the heart｜身體執行特殊工作的部分，如心臟",The heart is an important organ in the human body.,vital organ; internal organ; organ in the body,A2
Pajamas,/pəˈdʒɑməz/,n.,"pajamas, no changes",None,"loose, comfortable clothes worn in bed to sleep in｜睡覺時穿的寬鬆舒適的衣服",She put on her pajamas and went to bed early that night.,wear pajamas; striped pajamas; in pajamas,A2
Pale,/ˈpeɪl/,adj.,"pale, paler, palest",paleness (n.),"having very light skin colour, often because of being ill or afraid｜皮膚顏色非常淺，通常是因為生病或害怕",Her face turned pale when she heard the scary news.,pale face; go pale; pale skin,A2
Papaya,/pəˈpaɪə/,n.,"papaya, papayas",None,a large tropical fruit with sweet orange or yellow flesh and small black seeds｜一种有甜橙色或黃色果肉和黑色小種子的大型熱帶水果,She cut a fresh papaya and shared it with her friends.,fresh papaya; papaya salad; ripe papaya,A2
Pan,/ˈpæn/,n.,"pan, pans",None,cooking utensil consisting of a wide metal vessel｜由寬金屬容器製成的烹飪器具,The recipe calls for some chopped almonds on the bottom of the pan.,frying pan; a baking pan; a hot pan,A2
Owner,/ˈoʊnɚ/,n.,"owner, owners","own (v.), ownership (n.)","a person who owns something, such as a house, car, or shop｜擁有某物的人，如房子、汽車或商店",The owner of the small shop greets every customer with a warm smile.,the owner of; dog owner; business owner,A2
Painting,/ˈpeɪntɪŋ/,n.,"painting, paintings",paint (v.),graphic art consisting of an artistic composition made by applying paints to a surface｜通過在表面上繪製顏料而創作的藝術作品,There is a beautiful painting of the mountains on the wall.,oil painting; watercolor painting; actual painting,A2
Pain,/ˈpeɪn/,n. [U],no changes,None,an unpleasant feeling in your body when you are hurt or sick｜受傷或生病時身體的不適感覺,She felt a sharp pain in her back after lifting the heavy box.,feel pain; back pain; ease the pain,A2
Pardon,/ˈpɑɹdən/,v.,"pardon, pardons, pardoned, pardoned, pardoning",pardoner (n.),to forgive someone for a small mistake or something they said｜原諒某人的小錯誤或說的話,Please pardon me for stepping on your foot in the crowd.,pardon me; pardon the interruption; beg your pardon,A2
Panda,/ˈpændə/,n.,"panda, pandas",None,"a large black and white animal that looks like a bear and eats bamboo, found in China｜看起來像熊且吃竹子的大型黑白動物，產於中國",The baby panda was eating bamboo at the zoo.,giant panda; baby panda; panda bear,A2
Painful,/ˈpeɪnfəl/,adj.,"painful, more painful, most painful",painfulness (n.),causing pain or making you feel hurt and unhappy｜造成疼痛或讓你感到受傷和不快樂的,The cut on my finger was very painful for the whole day.,painful experience; painful memory; deeply painful,A2
Participate,/pɑˈɹtɪsəˌpeɪt/,v.,"participate, participates, participated, participated, participating","participant (n.), participation (n.), participatory (adj.)",to take part in an activity or event with other people｜參與（與他人一起參加活動或事件）,Many students wanted to participate in the school sports day.,participate in; actively participate; participate fully,A2
Particular,/pɚˈtɪkjəlɚ/,adj.,"particular, more particular, most particular",particularity (n.),unique or specific to a person or thing or category｜獨特的（針對某人、某物或某類別特有的）,She likes this particular song more than the others.,particular case; in particular; a particular way,A2
Paste,/ˈpeɪst/,n.,"paste, pastes","pasty (adj.), paster (n.)","a thick, smooth mixture made by crushing something, used in cooking or to stick things together｜糊狀物（將某物壓碎製成的濃稠平滑混合物，用於烹飪或黏合物品）",Mix the flour and water until they form a smooth paste.,tomato paste; copy and paste; toothpaste,A2
Partner,/ˈpɑɹtnɚ/,n.,"partner, partners",partnership (n.),"a person who does something together with another, or who shares in an activity or business｜夥伴（與他人一起做某事或共同參與活動或生意的人）",She works with a business partner who handles the marketing.,huge partner; bed partner; important partner,A2
Password,/ˈpæˌswɝd/,n.,"password, passwords",None,a secret word or phrase known only to a restricted group｜密碼（只有特定群體才知道的秘密詞語或短語）,I'm glad that we now use one password.,strong password; enter a password; reset your password,A2
Peace,/ˈpis/,n. [U],no changes,None,"a state of being calm and quiet, or the absence of war and fighting｜和平（平靜安寧的狀態，或沒有戰爭和衝突）","After the long trip, she just wanted some peace and rest.",keep the peace; at peace; peace and quiet,A2
Peaceful,/ˈpisfəl/,adj.,"peaceful, more peaceful, most peaceful",peacefulness (n.),"quiet and calm, without any worry or trouble｜平靜的（安靜祥和的，沒有任何煩惱或麻煩的）",We spent a peaceful afternoon reading books in the garden.,a peaceful place; feel peaceful; a peaceful evening,A2
Path,/ˈpæθ/,n.,"path, paths",None,a track for walking; a route or course of action｜路徑（行走的小徑；行動的路線或方式）,They followed a narrow path through the forest to reach the lake.,follow a path; a narrow path; a clear path,A2
Patient,/ˈpeɪʃənt/,n.,"patient, patients",patience (n.),a person who requires medical care｜病人（需要醫療照護的人）,You have more patients in the hospital.,cancer patient; hospital patient; outpatient,A2
Pattern,/ˈpætɚn/,n.,"pattern, patterns",None,a perceptual structure｜圖案（知覺結構）,The fabric has a pretty floral pattern with red and blue flowers.,a clear pattern; behavior pattern; follow a pattern,A2
Pear,/ˈpɛɹ/,n.,"pear, pears",None,sweet juicy gritty-textured fruit available in many varieties｜梨子（甜的、多汁的、顆粒狀口感的果實，有多個品種）,"You've already combined the base ingredients, now grate the pear and gently combine it with the base sauce.",ripe pear; pear tree; sliced pear,A2
Peach,/ˈpitʃ/,n.,"peach, peaches",peachy (adj.),"a round, soft, sweet fruit with a furry skin and a large seed｜桃子（圓形、柔軟、甜蜜的水果，有絨毛狀表皮和大型果核）",She picked a ripe peach from the tree and ate it.,a ripe peach; a juicy peach; peach juice,A2
Peak,/ˈpik/,n.,"peak, peaks",peaky (adj.),"the pointed top of a mountain, or the highest point of something｜山峰（山脈的尖頂，或某物的最高點）",Snow covered the high peak of the mountain all winter.,a mountain peak; reach the peak; a snowy peak,A2
Pillow,/ˈpɪloʊ/,n.,"pillow, pillows",None,a cushion to support the head of a sleeping person｜枕頭（睡眠時支撐頭部的墊子）,I'll bring all the pillows with me.,soft pillow; sleep on a pillow; pillow cover,A2
Per,/ˈpɝ/,prep.,no changes,None,"for each one, used to show a rate or amount｜每（用於表示比率或數量）",The apples cost two dollars per kilogram at the market.,per person; per hour; per day,A2
Personality,/ˌpɝsəˈnælɪti/,n. [U],no changes,personal (adj.),the qualities and traits that make someone who they are and different from other people｜個性（使人與眾不同的品質和特質）,She has a warm and friendly personality that everyone likes.,split personality; narcissistic personality; strong personality,A2
Period,/ˈpɪɹiəd/,n.,"period, periods",periodical (adj.),a length of time｜一段時間,They lived in the small town for a long period of time.,a short period; a long period; over a period,A2
Phrase,/ˈfɹeɪz/,n.,"phrase, phrases","phrasal (adj.), phrasing (n.)",an expression consisting of one or more words forming a grammatical constituent of a sentence｜片語（由一個或多個詞組成的表達，構成句子的語法成分）,That phrase was not in the original.,common phrase; a useful phrase; set phrase,A2
Personal,/ˈpɝsɪnɪl/,adj.,"personal, more personal, most personal",personality (n.),concerning or affecting a particular person or his or her private life and personality｜個人的（涉及或影響某個特定人或其私人生活與人格的）,She keeps her personal diary in a locked drawer.,personal lives; personal life; deeply personal,A2
Pizza,/ˈpitsə/,n.,"pizza, pizzas",None,Italian open pie made of thin bread dough spread with a spiced mixture of e.g. tomato sauce and cheese｜披薩（義大利開餡餅，用薄麵糰配上香料混合物如番茄醬和起司製成）,We ordered a large pizza with cheese for the party.,pizza delivery; slice of pizza; cheese pizza,A2
Perfect,/pɚˈfɛkt/,adj.,no changes,"perfecter (n.), perfection (n.), perfectible (adj.)",having no faults or mistakes; as good as it can be｜沒有錯誤或瑕疵的；完美無缺的,The weather was perfect for a long walk in the park.,perfect weather; a perfect day; perfect for,A2
Plain,/ˈpleɪn/,adj.,"plain, plainer, plainest",plainness (n.),simple and without decoration; easy to see or understand｜簡單的，無裝飾的；易於看見或理解的,She wore a plain white dress to the party.,plain food; a plain color; plain clothes,A2
Poem,/ˈpoʊəm/,n.,"poem, poems",None,"a piece of writing with carefully chosen words, often in short lines｜經過仔細挑選用詞的文學作品，常以短行呈現",The teacher asked us to write a short poem about spring.,write a poem; a short poem; read a poem,A2
Platform,/ˈplæˌtfɔɹm/,n.,"platform, platforms",None,a raised surface; a system or service on which technology or activities are built｜高起的平面；作為技術或活動基礎的系統或服務,"As it turns out, we're a computing platform company.",digital platform; online platform; train platform,A2
Pleasant,/ˈplɛzənt/,adj.,"pleasant, more pleasant, most pleasant","please (v.), pleasance (n.), pleasantness (n.)","enjoyable, nice, and giving you a good feeling｜令人愉快的，美好的，給人美好感受的",We had a pleasant walk along the beach in the morning.,a pleasant day; a pleasant smile; a pleasant surprise,A2
Pork,/ˈpɔɹk/,n. [U],no changes,None,meat from a domestic hog or pig｜豬肉,My dad cooked pork ribs for dinner on Saturday night.,roast pork; pork chop; minced pork,A2
Playground,/ˈpleɪˌɡɹaʊnd/,n.,"playground, playgrounds",None,an area where many people go for recreation｜人們進行休閒活動的場所,This was the playground of the rich and famous here.,school playground; a busy playground; play on the playground,A2
Poet,/ˈpoʊət/,n.,"poet, poets","poetic (adj.), poetise (v.), poetize (v.)",a person who writes poems｜寫詩的人,He's also a poet as far as I'm aware.,great poet; poet society; dead poet,A2
Poetry,/ˈpoʊətɹi/,n. [U],no changes,"poetic (adj.), poetical (adj.)",literature in metrical form｜有韻律形式的文學作品,He enjoys writing poetry about nature and the sea.,poetry book; write poetry; love poetry,A2
Poison,/ˈpɔɪzən/,n.,"poison, poisons","poisoner (n.), poisoning (n.), poisonous (adj.)",a substance that can harm or kill you if you eat or drink it｜攝入後會傷害或致死的物質,Some wild mushrooms contain a dangerous poison.,rat poison; a deadly poison; drink poison,A2
Plus,/ˈplʌs/,prep.,no changes,None,used to show that one number or amount is added to another｜用於表示將一個數字或量加到另一個上,Three plus four equals seven in my notebook.,two plus two; plus tax; plus more,A2
Policy,/ˈpɑləsi/,n. [U],no changes,None,a plan or set of rules used by a group or government｜團體或政府使用的計畫或規則,The school has a clear policy about being late for class.,a company policy; a new policy; change a policy,A2
Population,/ˌpɑpjəˈleɪʃən/,n.,"population, populations",populate (v.),the people who inhabit a territory or state｜居住在某領土或國家的人民,That's more than the population of Australia.,general population; growing population; world population,A2
Pop,/ˈpɑp/,n.,"pop, pops","popper (n.), popping (n.)",a popular kind of modern music with a catchy tune｜受歡迎的現代音樂，旋律動聽,My sister loves to listen to pop on the radio.,pop music; a pop song; a pop star,A2
Positive,/ˈpɑzətɪv/,adj.,"positive, more positive, most positive","positivity (n.), positiveness (n.)",characterized by or displaying affirmation or acceptance or certainty etc.｜以肯定、接受或確定等為特徵的,I'm trying to make this a positive thing.,positive view; positive side; positive ways,A2
Port,/ˈpɔɹt/,n.,"port, ports","porter (n.), portage (n.)",a place (seaport or airport) where people and merchandise can enter or leave a country｜人員和貨物可以進出的地方（海港或航空港）,The big ship came into the port early in the morning.,port city; sea port; enter a port,A2
Postcard,/ˈpoʊsˌtkɑɹd/,n.,"postcard, postcards",None,a card for sending messages by post without an envelope｜無需信封即可郵寄的卡片,She sent me a postcard from Rome with a picture of the Colosseum.,send a postcard; write a postcard; a picture postcard,A2
Position,/pəˈzɪʃən/,n.,"position, positions","posit (v.), positioner (n.), positioning (n.)","a place where someone or something is, or a role or job that someone holds｜某人或某物的位置，或某人擔任的職位或工作",She applied for a managerial position at the international bank.,leadership position; different position; privileged position,A2
Possibility,/ˌpɑsəˈbɪləti/,n.,"possibility, possibilities",possible (adj.),a future prospect or potential｜未來的前景或潛力,I don't think this is a possibility.,real possibility; remote possibility; explore possibilities,A2
Post,/ˈpoʊst/,n.,"post, posts","postal (adj.), poster (n.), postage (n.), posting (n.)","a message written and shared online, or a job or official position｜在網路上撰寫和分享的訊息，或工作、官方職位",She wrote a post about how to make healthy meals at home.,online post; write a post; social media post,A2
Pose,/ˈpoʊz/,v.,"pose, poses, posed, posed, posing",poser (n.),to stay still in a certain way so someone can take a photo｜為了讓人拍照而保持某種姿勢,The children posed for a photo in front of the school.,pose for a photo; pose together; pose for pictures,A2
Praise,/ˈpɹeɪz/,n.,"praise, praises",None,an expression of approval and commendation｜表示讚許和稱讚的言辭,The teacher gave the students praise for their hard work.,receive praise; offer praise; words of praise,A2
Pound,/ˈpaʊnd/,n.,"pound, pounds","pounder (n.), poundage (n.), pounding (n.)","a unit for measuring weight, equal to about 454 grams｜測量重量的單位，約等於454克",I bought a pound of fresh apples at the market today.,a pound of apples; half a pound; two pounds,A2
Powerful,/ˈpaʊɚfəl/,adj.,"powerful, more powerful, most powerful",powerfulness (n.),very strong and able to do or control a lot｜非常強大，能做或控制很多事物,The new car has a very powerful engine and runs fast.,a powerful engine; powerful and strong; a powerful machine,A2
Priest,/ˈpɹist/,n.,"priest, priests","priestly (adj.), priesthood (n.)",a person who leads religious services in a church｜在教堂帶領宗教儀式的人,The priest spoke kindly to the people at the church.,a parish priest; the village priest; a young priest,A2
Prayer,/ˈpɹɛɹ/,n.,"prayer, prayers",pray (v.),words that you say to a god｜對神明說的話,They said a short prayer before the meal.,say a prayer; morning prayer; offer a prayer,A2
Pray,/ˈpɹeɪ/,v.,"pray, prays, prayed, prayed, praying",prayer (n.),to speak to a god to give thanks or ask for help｜向神明表達感謝或尋求幫助,They pray together at home every evening before dinner.,pray together; pray for help; pray every day,A2
Press,/ˈpɹɛs/,n.,"press, presses","pressing (n.), pressure (n.)","reporters, newspapers, and other news media as a group｜記者、報紙和其他新聞媒體的總稱",The mayor answered questions from the press after the meeting.,press conference; press release; the press,A2
Pressure,/ˈpɹɛʃɚ/,n.,"pressure, pressures","press (v.), pressurise (v.), pressurize (v.)",a feeling of stress because you must do something｜因必須做某事而感到緊張的感覺,She felt a lot of pressure before the big exam.,under pressure; put pressure on; a lot of pressure,A2
Princess,/ˈpɹɪnsɛs/,n.,"princess, princesses",None,a daughter or granddaughter of a king or queen｜國王或王后的女兒或孫女,The young princess lived in a big castle near the sea.,a young princess; a fairy princess; the princess lived,A2
Pride,/ˈpɹaɪd/,n. [U],no changes,None,a feeling of self-respect and personal worth｜自尊和個人價值的感覺,Pride and envy are among the worst.,take pride in; national pride; a sense of pride,A2
Prefer,/pɹəˈfɝ/,v.,"prefer, prefers, preferred, preferred, preferring","preference (n.), preferment (n.)",to like one thing or person more than another｜喜歡某事物或某人勝過另一個,I prefer tea to coffee in the morning.,prefer to stay; strongly prefer; prefer not to,A2
President,/ˈpɹɛzəˌdɛnt/,n.,"president, presidents","preside (v.), presidency (n.), presidential (adj.), presidentship (n.)","the leader of a country or organization, chosen by election｜通過選舉產生的國家或組織領導人",They are named by a partisan president.,new president; former president; elect a president,A2
Primary,/ˈpɹaɪˌmɛɹi/,adj.,"primary, more primary, most primary",None,of first rank or importance or value; direct and immediate rather than secondary｜首要的、重要的或有價值的；直接且立即的，而非次要的,Safety is our primary concern during the school trip.,primary concern; primary interest; primary caregiver,A2
Printer,/ˈpɹɪntɚ/,n.,"printer, printers",print (v.),a machine that puts words and pictures from a computer onto paper｜能將電腦上的文字和圖片印到紙上的機器,My printer ran out of ink while I was making copies.,a colour printer; the office printer; a laser printer,A2
Principal,/ˈpɹɪnsəpəl/,adj.,no changes,principalship (n.),most important; main｜最重要的；主要的,Rice is the principal food in many countries.,principal reason; principal aim; principal city,A2
Prisoner,/ˈpɹɪzənɚ/,n.,"prisoner, prisoners",None,a person who is kept in a prison｜被關在監獄裡的人,The prisoner waited quietly for his trial.,a prisoner of war; free the prisoner; escaped prisoner,A2
Principle,/ˈpɹɪnsəpəl/,n.,"principle, principles",None,a basic generalization that is accepted as true and that can be used as a basis for reasoning or conduct｜被認為正確並可作為推理或行為基礎的基本準則,I draw on pictures and I reason about it in first principles.,general principle; equivalence principle; guiding principle,A2
Print,/ˈpɹɪnt/,v.,"print, prints, printed, printed, printing","printer (n.), printing (n.)",put into print｜付諸印刷,Please print a copy of the form and sign it.,fine print; in print; print a copy,A2
Prize,/ˈpɹaɪz/,n.,"prize, prizes",None,something given for victory or superiority in a contest or competition or for winning a lottery｜在比賽、競賽或彩票中獲勝而獲得的獎勵,She won first prize in the school painting contest.,grand prize; win a prize; first prize,A2
Prison,/ˈpɹɪzən/,n.,"prison, prisons",None,a correctional institution where persons are confined while on trial or for punishment｜監獄，拘留或懲罰犯人的場所,He put people in prison for drugs.,go to prison; in prison; prison cell,A2
Private,/ˈpɹaɪvət/,adj.,"private, more private, most private",privateness (n.),confined to particular persons or groups or providing privacy｜私人的，僅限特定人士或團體的，或提供隱私的,She keeps her family life private.,private school; private life; in private,A2
Produce,/pɹəˈdus/,v.,"produce, produces, produced, produced, producing","product (n.), producer (n.), production (n.)",bring forth or yield｜生產，產出或產生,"It produces AI, let's build a factory that makes AI.",produce results; produce content; produce evidence,A2
Production,/pɹəˈdʌkʃən/,n. [U],no changes,produce (v.),the act or process of producing something｜生產，製造某物的行為或過程,The factory increased production to meet rising demand.,production team; whole production; production systems,A2
Progress,/ˈpɹɑˌɡɹɛs/,n. [U],no changes,progression (n.),the process of getting better at something over time｜進步，隨時間在某事上變得更好的過程,My brother is making good progress in English.,make progress; good progress; slow progress,A2
Project,/ˈpɹɑdʒɛkt/,n.,"project, projects","projector (n.), projection (n.)",any piece of work that is undertaken or attempted｜專案，任何被承擔或嘗試的工作,Our teacher asked us to work on a science project this week.,new project; research project; school project,A2
Promise,/ˈpɹɑməs/,n.,"promise, promises","promisee (n.), promiser (n.), promisor (n.), promissory (adj.)",a verbal commitment by one person to another agreeing to do (or not to do) something in the future｜承諾，一個人對另一個人同意在未來做或不做某事的口頭約定,He made a promise to return the borrowed money on Friday.,false promise; keep a promise; make a promise,A2
Proper,/ˈpɹɑpɚ/,adj.,"proper, more proper, most proper",properness (n.),marked by suitability or rightness or appropriateness｜適當的，以合適性、正確性或適當性為特徵的,A helmet is the proper equipment for this activity.,proper place; first proper; proper job,A2
Protective,/pɹəˈtɛktɪv/,adj.,"protective, more protective, most protective","protect (v.), protectiveness (n.)",intended or adapted to afford protection of some kind｜保護性的，旨在提供某種保護的,The workers wore protective clothing near the hot machinery.,protective gear; protective clothing; protective layer,A2
Pudding,/ˈpʊdɪŋ/,n.,"pudding, puddings",None,"a soft sweet dessert; in British English, a sweet or savory cooked dish｜布丁，一種軟甜的甜點；在英式英語中，指甜味或鹹味的烹飪菜餚",I better not have that chocolate pudding then.,rice pudding; chocolate pudding; bread pudding,A2
Propose,/pɹəˈpoʊz/,v.,"propose, proposes, proposed, proposed, proposing","proposal (n.), proposer (n.), proposition (n.)",to suggest a plan or idea for others to think about｜提議，建議一個計畫或想法讓他人思考,They propose a new plan to save money.,propose a plan; propose a solution; propose changes,A2
Protect,/pɹəˈtɛkt/,v.,"protect, protects, protected, protected, protecting","protector (n.), protection (n.), protective (adj.)","shield from danger, injury, destruction, or damage｜保護，使免受危險、傷害或破壞",Sunscreen helps protect your skin from harmful sunlight.,protect someone; protect the environment; protect children,A2
Pumpkin,/ˈpʌmpkɪn/,n.,"pumpkin, pumpkins",None,a large round orange vegetable that grows on the ground｜南瓜，一種生長在地面上的大型圓形橙色蔬菜,We carved a big pumpkin for the party last night.,a giant pumpkin; pumpkin pie; carve a pumpkin,A2
Prove,/ˈpɹuv/,v.,"prove, proves, proved, proved, proving",None,to show that something is true｜證明，顯示某事是真實的,He worked hard to prove that he was right.,prove a point; hard to prove; prove someone wrong,A2
Pupil,/ˈpjupəl/,n.,"pupil, pupils",pupillary (adj.),a child who is learning at school｜學生，在學校學習的孩子,Every pupil in the class has a new book.,a bright pupil; former pupil; each pupil,A2
Purpose,/ˈpɝpəs/,n.,"purpose, purposes",None,an anticipated outcome that is intended or that guides your planned actions｜目的，旨在指導計畫行動的預期結果,The main purpose of this class is to help students learn new words.,practical purpose; specific purpose; on purpose,A2
Provide,/pɹəˈvaɪd/,v.,"provide, provides, provided, provided, providing","provider (n.), provident (adj.), provision (n.)",give something useful or necessary to｜提供，給予有用或必需的東西,Spins associated to single defects in solids provide promising qubits for quantum information processing and quantum networks.,provide something; provide safety; allies provide,A2
Puppy,/ˈpʌpi/,n.,"puppy, puppies",None,a very young dog｜小狗，非常年輕的狗,The little puppy ran across the garden to greet us.,a cute puppy; a new puppy; a playful puppy,A2
Purple,/ˈpɝpəl/,adj.,"purple, purpler, purplest","purpurate (v.), purpleness (n.)",having a color between red and blue｜紫色的，介於紅色和藍色之間的顏色,She wore a pretty purple dress to the party.,purple flowers; dark purple; a purple dress,A2
Punish,/ˈpʌnɪʃ/,v.,"punish, punishes, punished, punished, punishing","punitive (adj.), punitory (adj.), punishment (n.)",impose a penalty on; inflict punishment on｜懲罰，對施以處罰；施加刑罰,The teacher decided to punish the students who cheated on the test.,punish someone; punish a child; punish wrongdoing,A2
Quiz,/ˈkwɪz/,n.,"quiz, quizzes",quizzer (n.),a short test with a few questions｜小型測驗，包含幾道題目,We had a short quiz at the end of class.,take a quiz; a short quiz; fail the quiz,A2
Raincoat,/ˈɹeɪˌnkoʊt/,n.,"raincoat, raincoats",None,a water-resistant coat｜防水外套,"She had gone out to shop for a raincoat, and arrived just in time for the race.",wear a raincoat; waterproof raincoat; put on a raincoat,A2
Railway,/ˈɹeɪˌlweɪ/,n.,"railway, railways",None,a system of tracks on which trains travel to carry people and goods｜火車行駛運載人員和貨物的軌道系統,Some people see the potential profitability of railways.,railway station; railway line; railway system,A2
Quality,/ˈkwɑləti/,n. [U],no changes,qualify (v.),how good or bad something is｜某物的好壞程度,The quality of this coffee is much better than the old one.,high quality; poor quality; good quality,A2
Quantity,/ˈkwɑntəti/,n. [U],no changes,quantify (v.),how much there is or how many there are of something that you can quantify｜可量化事物的數量或多少,We bought a large quantity of rice for the party.,large quantity; quantity theory; daily quantity,A2
Puzzle,/ˈpʌzəl/,n.,"puzzle, puzzles","puzzler (n.), puzzlement (n.)",a particularly baffling problem that is said to have a correct solution｜一個被認為有正確解答的特別令人困惑的問題,I see the beauty in the puzzle.,solve a puzzle; crossword puzzle; jigsaw puzzle,A2
Range,/ˈɹeɪndʒ/,n.,"range, ranges",rangy (adj.),a set of different things of the same general type; the limits between which something varies｜同類事物的集合；某物變化的範圍,The shop sells a wide range of affordable shoes.,wide range; full range; range of options,A2
Rat,/ˈɹæt/,n.,"rat, rats","ratty (adj.), ratter (n.), ratting (n.)",any of various long-tailed rodents similar to but larger than a mouse｜各種長尾齧齒動物的統稱，類似但比老鼠大,A small rat ran across the floor of the old kitchen.,lab rat; rat race; rat pack,A2
Rare,/ˈɹɛɹ/,adj.,"rare, rarer, rarest",rareness (n.),not seen or found very often｜很少見到或發現的,It is rare to see snow in this warm town.,a rare chance; very rare; rare animal,A2
Rapid,/ˈɹæpəd/,adj.,"rapid, more rapid, most rapid","rapidity (n.), rapidness (n.)",done or occurring in a brief period of time｜在短時間內完成或發生的,"It's called REM, rapid eye movement sleep.",rapid development; rapid evolution; rapid rise,A2
Reality,/ɹiˈæləti/,n. [U],no changes,real (adj.),all of your experiences that determine how things appear to you｜決定事物在你眼中呈現方式的所有經歷,The harsh reality was that the family could not afford the repairs.,virtual reality; harsh reality; face reality,A2
Realize,/ˈɹiˌlaɪz/,v.,"realize, realizes, realized, realized, realizing",realization (n.),to begin to understand or know something clearly｜開始清楚理解或知道某事,I suddenly realized that I had left my keys at home.,suddenly realize; realize the truth; begin to realize,A2
Recent,/ˈɹisənt/,adj.,"recent, more recent, most recent","recency (n.), recentness (n.)",Having happened a short while ago.｜發生在不久以前,There's this word that has exploded in society in recent times.,recent times; recent weeks; recent studies,A2
Rather,/ˈɹæðɚ/,adv.,no changes,None,to a fairly great degree; used to add more detail or to show preference｜達到相當程度；用於補充細節或表示偏好,He's given a title which is rather ambiguous.,rather than; would rather; rather good,A2
Record,/ɹəˈkɔɹd/,n.,"record, records","recorder (n.), recording (n.)","a written account of something, or a disc that music is stored on｜關於某事物的書面記錄，或用於儲存音樂的唱片",I had heard Joe play that on the record.,historical record; multiple record; record producer,A2
Recover,/ɹɪˈkʌvɚ/,v.,"recover, recovers, recovered, recovered, recovering","recovery (n.), recoverer (n.)",to return to health or a normal state; to get back something lost｜恢復健康或正常狀態；尋回遺失的東西,I'm never going to recover from that.,fully recover; recover from illness; recover slowly,A2
Regard,/ɹəˈɡɑɹd/,n.,"regard, regards",None,respect and admiration that you feel for someone or something｜對某人或某事物的尊重和欽佩,The students have great regard for their patient teacher.,high regard; in this regard; with regard to,A2
Refuse,/ɹəˈfjuz/,v.,"refuse, refuses, refused, refused, refusing",refusal (n.),to say that you will not do or accept something｜表示不會做或接受某事,She refused the offer because the hours were too long.,refuse permission; flatly refuse; refuse an offer,A2
Region,/ˈɹidʒən/,n.,"region, regions",None,"a large area of land, often with its own special features or character｜大片土地，常有其特殊的特徵或特質",This region is famous for its warm weather and fresh fruit.,empty region; whole region; important region,A2
Regular,/ˈɹɛɡjəlɚ/,adj.,"regular, more regular, most regular",regularity (n.),in accordance with fixed order or procedure or principle｜符合固定的順序、程序或原則,She goes to the gym on a regular basis to stay fit.,regular viewer; regular elections; regular contact,A2
Relate,/ɹɪˈleɪt/,v.,"relate, relates, related, related, relating",relation (n.),make a logical or causal connection｜建立邏輯或因果關聯,It must not be a really dark history related to that.,closely related; relate to someone; a related topic,A2
Religion,/ɹɪˈlɪdʒən/,n. [U],no changes,"religious (adj.), religionist (n.)",a strong belief in a supernatural power or powers that control human destiny｜對控制人類命運的超自然力量或諸多力量的堅定信仰,I have my own religion going on in my head.,freedom of religion; practice a religion; a different religion,A2
Reject,/ɹɪˈdʒɛkt/,v.,"reject, rejects, rejected, rejected, rejecting","rejection (n.), rejective (adj.)","to refuse to accept, agree to, or use something｜拒絕接受、同意或使用某物",The company decided to reject his offer for the job.,reject a plan; reject an offer; firmly reject,A2
Relationship,/ɹiˈleɪʃəˌnʃɪp/,n.,"relationship, relationships",relation (n.),the way two people or groups are connected｜兩個人或團體之間的聯繫方式,They have a close relationship with their grandparents.,positive relationship; complicated relationship; great relationship,A2
Relation,/ɹiˈleɪʃən/,n.,"relation, relations","relate (v.), relationship (n.)",an abstraction belonging to or characteristic of two entities or parts together｜屬於或表徵兩個實體或部分共同擁有的抽象概念,We had largely friendly relations with this enormous power.,foreign relations; international relations; close relation,A2
Rent,/ˈɹɛnt/,n.,"rent, rents","rental (adj.), renter (n.), renting (n.)",money you pay regularly to live in or use a place｜定期支付的房租或使用某地方的費用,We pay the rent for our small flat at the start of each month.,monthly rent; pay the rent; high rent,A2
Reply,/ɹɪˈplaɪ/,n.,"reply, replies",None,an answer given in speech or writing｜以言語或文字作出的回答,I sent two messages but never received a reply.,send a reply; wait for a reply; give a reply,A2
Remove,/ɹiˈmuv/,v.,"remove, removes, removed, removed, removing","removal (n.), remover (n.), remotion (n.)",to take something away from a place｜將某物從某處移走,Please remove your shoes before you enter the room.,remove the stain; remove your shoes; remove from the list,A2
Repair,/ɹɪˈpɛɹ/,v.,"repair, repairs, repaired, repaired, repairing","repairer (n.), reparation (n.)",restore by replacing a part or putting together what is torn or broken｜透過更換零件或將撕裂或損壞的東西重新組裝來修復,The mechanic repaired the damaged engine in one afternoon.,repair a car; repair the damage; repair a machine,A2
Restroom,/ˈɹɛsˌtɹum/,n.,"restroom, restrooms",None,a toilet that is available to the public｜公共廁所,She asked her teacher if she could go to the restroom.,public restroom; use the restroom; clean restroom,A2
Require,/ˌɹiˈkwaɪɚ/,v.,"require, requires, required, required, requiring","requirement (n.), requisition (n.)","to need something, or to make something necessary｜需要某物，或使某事成為必要",Your brain doesn't require as much change.,require effort; require attention; require permission,A2
Respect,/ɹɪˈspɛkt/,n. [U],no changes,respecter (n.),a feeling that someone or something is good and important｜認為某人或某物很好且重要的感受,The students show great respect for their kind teacher.,show respect; deep respect; respect for others,A2
Roach,/ˈɹoʊtʃ/,n.,"roach, roaches",None,a cockroach; a small insect that lives in dirty or dark places in homes｜蟑螂；生活在家庭骯髒或黑暗處的小昆蟲,She saw a roach in the corner and quickly cleaned the room.,roach infestation; cockroach problem; kill a roach,A2
Riches,/ˈɹɪtʃəz/,n. [U],no changes,None,a large amount of money and valuable things｜大量金錢和貴重物品,The old king shared his great riches with the poor people.,great riches; share the riches; endless riches,A2
Result,/ɹɪˈzʌlt/,n.,"result, results",resultant (adj.),something that happens because of an action or event｜因某個行動或事件而發生的事,The test result showed that I had passed the exam.,the final result; a good result; as a result,A2
Responsible,/ɹiˈspɑnsəbəl/,adj.,"responsible, more responsible, most responsible","responsibility (n.), responsibleness (n.)",having the duty to take care of something or someone｜負有照顧某物或某人的責任,She is responsible for cleaning the kitchen every day.,responsible for; a responsible person; feel responsible,A2
Respond,/ɹɪˈspɑnd/,v.,"respond, responds, responded, responded, responding","responder (n.), respondent (adj.), responsive (adj.)",show a response or a reaction to something｜對某事表現出回應或反應,"In life, you have a choice only in how you respond.",respond quickly; respond to a question; respond calmly,A2
Rocky,/ˈɹɑki/,adj.,"rocky, rockier, rockiest","rock (n.), rockiness (n.)",abounding in rocks or stones｜充滿岩石或石頭的,The path up the hill was steep and rocky.,rocky road; rocky terrain; rocky start,A2
Return,/ɹɪˈtɝn/,v.,"return, returns, returned, returned, returning",None,"go or come back to place, condition, or activity where one has been before｜返回曾經待過的地點、狀態或活動",I don't know whether I'd be addicted enough to return.,return home; safe return; on my return,A2
Rooster,/ˈɹustɚ/,n.,"rooster, roosters",None,adult male chicken｜成年雄性雞,The rooster woke us up early every morning on the farm.,little red rooster; rooster crows; golden rooster,A2
Review,/ˌɹiˈvju/,n.,"review, reviews",reviewer (n.),a new appraisal or evaluation｜新的評估或審查,The manager completed a detailed review of the safety procedures.,performance review; book review; write a review,A2
Saleswoman,/ˈseɪlˌzwʊmən/,n.,"saleswoman, saleswomen",None,a woman salesperson｜女銷售員,The friendly saleswoman helped me find the right size of shoes.,friendly saleswoman; experienced saleswoman; young saleswoman,A2
Royal,/ˈɹɔɪəl/,adj.,"royal, no changes",None,of or relating to or indicative of or issued or performed by a king or queen or other monarch｜國王的、王室的、皇家的,The royal family waved to the crowd from the balcony.,royal family; the royal palace; royal ceremony,A2
Rub,/ˈɹʌb/,v.,"rub, rubs, rubbed, rubbed, rubbing",rubbing (n.),to move your hand or a cloth over a surface with pressure｜用手或布在表面上來回摩擦,He began to rub his cold hands together to feel warm.,rub your eyes; rub gently; rub your hands,A2
Role,/ˈɹoʊl/,n.,"role, roles",None,the job or part that someone or something has in a situation｜角色、職責,Parents play an important role in the lives of their children.,play a role; an important role; a key role,A2
Rude,/ˈɹud/,adj.,"rude, ruder, rudest",rudeness (n.),not polite; showing bad manners to other people｜不禮貌的、粗暴的,It is rude to talk loudly during a quiet meeting.,a rude person; rude behaviour; very rude,A2
Sailor,/ˈseɪlɚ/,n.,"sailor, sailors",sail (v.),any member of a ship's crew｜船員、水手,The sailor worked hard on the ship during the long trip.,old sailor; merchant sailor; skilled sailor,A2
Runner,/ˈɹʌnɚ/,n.,"runner, runners",run (v.),"a person who runs, especially in a race or for sport｜跑步者、賽跑者",The young runner finished the long race in first place.,a fast runner; a long-distance runner; a race runner,A2
Sail,/ˈseɪl/,v.,"sail, sails, sailed, sailed, sailing","sailor (n.), sailing (n.)",traverse or travel on (a body of water)｜航行、乘船渡過,They sailed across the lake before the wind became too strong.,smooth sail; sail back; set sail,A2
Salty,/ˈsɔlti/,adj.,"salty, saltier, saltiest","salt (n.), saltiness (n.)",having the taste of salt｜鹹的、含鹽的,I guess that makes sense why there's much salty food here.,salty taste; salty food; too salty,A2
Rubber,/ˈɹʌbɚ/,n. [U],no changes,"rubbery (adj.), rubberize (v.)","a strong material that bends easily, used for tyres and boots｜一種堅固且有彈性的材料，用於輪胎和靴子",The wheels of the car are made of strong black rubber.,made of rubber; rubber boots; soft rubber,A2
Safety,/ˈseɪfti/,n. [U],no changes,None,the state of being protected from danger or harm｜安全的狀態、受保護的狀態,Wearing a helmet is important for your safety when riding a bike.,safety standards; road safety; safety first,A2
Sand,/ˈsænd/,n. [U],no changes,"sandy (adj.), sander (n.)",a loose material consisting of grains of rock or coral｜由岩石或珊瑚顆粒組成的鬆散物質,"Ramps won't do it, nor will wet sand.",soft sand; golden sand; wet sand,A2
Sample,/ˈsæmpəl/,n.,"sample, samples",sampler (n.),a small amount of something that shows what the rest is like｜少量樣本，用以展示其餘部分的特質,The shop gave us a free sample of the new cheese to taste.,a free sample; a sample of; blood sample,A2
Saw,/ˈsɔ/,n.,"saw, saws",sawyer (n.),"a tool with a sharp, toothed blade used for cutting wood or other hard materials｜鋸子，一種帶有鋒利鋸齒的工具，用於切割木材或其他硬質材料",He used a saw to cut the wooden plank into two equal pieces.,use a saw; a sharp saw; cut with a saw,A2
Satisfy,/ˈsætəˌsfaɪ/,v.,"satisfy, satisfies, satisfied, satisfied, satisfying","satisfier (n.), satisfaction (n.), satisfactory (adj.)",to make someone happy by giving them what they want or need｜滿足、使滿意,A good meal can satisfy your hunger for the whole afternoon.,satisfy a need; satisfy customers; fully satisfy,A2
Scooter,/ˈskutɚ/,n.,"scooter, scooters",scoot (v.),a small two-wheeled vehicle ridden while standing or sitting｜一種小型兩輪交通工具，可以站立或坐著駕駛,She rides her scooter to school every morning because it is fast and easy to park.,motor scooter; electric scooter; ride a scooter,A2
Scare,/ˈskɛɹ/,v.,"scare, scares, scared, scared, scaring","scarer (n.), scarey (adj.)",to make someone feel afraid｜使害怕、驚嚇,The loud noise in the dark hallway really scared the little boy.,scare someone; scare away; easily scare,A2
Scared,/ˈskɛɹd/,adj.,"scared, more scared, most scared",None,made afraid｜害怕的、受驚的,She was scared of the loud thunder last night.,feel scared; scared of dogs; very scared,A2
Score,/ˈskɔɹ/,n.,"score, scores","scorer (n.), scoring (n.)",the number of points someone gets in a game or test｜遊戲或考試中的得分,Her test score improved after several weeks of practice.,get a score; high score; test score,A2
Scene,/ˈsin/,n.,"scene, scenes",scenic (adj.),"a place where something happens, or a part of a film or play｜事件發生的地點，或電影或戲劇的一部分",My favourite scene in the film made everyone laugh out loud.,the opening scene; a love scene; the final scene,A2
Schedule,/ˈskɛdʒʊl/,n.,"schedule, schedules","scheduler (n.), scheduling (n.)",a temporally organized plan for matters to be attended to｜對需要處理的事項所做的時間安排,I have a very busy schedule this week.,daily schedule; busy schedule; follow a schedule,A2
Seafood,/ˈsiˌfud/,n. [U],no changes,None,fish and shellfish that come from the sea and are eaten as food｜來自海洋、可作為食物的魚類和貝類,The restaurant serves fresh seafood from the nearby coast.,fresh seafood; seafood restaurant; seafood platter,A2
Screen,/ˈskɹin/,n.,"screen, screens","screener (n.), screening (n.)","the flat part of a phone, computer, or television that shows pictures and words｜手機、電腦或電視機的平面部分，顯示圖片和文字",She wiped the dust off her phone screen before reading the message.,a computer screen; on the screen; a touch screen,A2
Seesaw,/ˈsiˌsɔ/,n.,"seesaw, seesaws",None,"a long board for children to play on, going up and down at each end｜一塊供兒童玩耍的長木板，兩端上下起伏",The two children laughed as they went up and down on the seesaw.,ride a seesaw; on the seesaw; a wooden seesaw,A2
Seldom,/ˈsɛldəm/,adv.,no changes,None,not often｜不常,She seldom goes to bed late because she wakes up early for school.,seldom seen; seldom used; seldom visited,A2
Secret,/ˈsikɹət/,n.,"secret, secrets",None,something that you keep hidden and do not tell other people｜你隱瞞不告訴別人的事,My sister asked me to keep her new plan a secret for now.,keep a secret; tell a secret; a big secret,A2
Search,/ˈsɝtʃ/,v.,"search, searches, searched, searched, searching",searcher (n.),"try to locate or discover, or try to establish the existence of｜試圖找到或發現，或試圖確認某物的存在",The volunteers searched the park for the missing dog.,search results; internet search; search for something,A2
Secondary,/ˈsɛkəˌndɛɹi/,adj.,no changes,None,less important than something else; coming second｜較不重要的；居第二位的,Cost is a secondary concern for us right now.,secondary school; secondary importance; of secondary concern,A2
Seek,/ˈsik/,v.,"seek, seeks, sought, sought, seeking",seeking (n.),try to get or reach｜試圖獲得或達到,You had to seek them out on a website.,seek asylum; seek regime change; seek help,A2
Seem,/ˈsim/,v.,"seem, seems, seemed, seemed, seeming",None,give a certain impression or have a certain outward aspect｜給予某種印象或具有某種外觀,This road seems unsafe after dark.,seem happy; seem strange; seem easy,A2
Section,/ˈsɛkʃən/,n.,"section, sections",None,one of the parts that something is divided into｜某物被分割成的其中一部分,I read the sports section of the newspaper every morning.,the front section; a small section; the next section,A2
Select,/səˈlɛkt/,v.,"select, selects, selected, selected, selecting","selector (n.), selection (n.), selective (adj.)","pick out, select, or choose from a number of alternatives｜從多個選項中挑選、選擇或揀選",There's a few crossroads where you get to select things.,select carefully; select an option; select a team,A2
Selection,/səˈlɛkʃən/,n.,"selection, selections",select (v.),the act of choosing one or more things from a group｜從一群中選擇一個或多個事物的行為,The store offers a wide selection of fresh fruit every morning.,a wide selection; make a selection; a selection of,A2
Servant,/ˈsɝvənt/,n.,"servant, servants",serve (v.),"a person who works in another person's house, cooking and cleaning｜在別人家中工作，負責烹飪和清潔的人",The rich family had a servant who cooked all their meals.,a loyal servant; a household servant; hire a servant,A2
Self,/ˈsɛlf/,n.,"self, selves",None,your consciousness of your own identity｜你對自己身份的自覺,I can see my younger self in them.,better self; worst self; biological self,A2
Selfish,/ˈsɛlfɪʃ/,adj.,"selfish, more selfish, most selfish",selfishness (n.),concerned chiefly or only with yourself and your advantage to the exclusion of others｜主要或只關心自己和自己的利益，不顧他人,"They're angry, they're overenthusiastic, they're upset, they're selfish.",selfish behavior; selfish thing; selfish incentives,A2
Sense,/ˈsɛns/,n. [U],no changes,"sensor (n.), sensify (v.), sensing (n.), sensible (adj.), sensuous (adj.), sensation (n.)",the ability to think clearly and make good decisions｜清晰思考和做出正確決定的能力,She had the good sense to bring an umbrella before the rain.,common sense; make sense; a sense of,A2
Separate,/ˈsɛpɚˌeɪt/,adj.,"separate, more separate, most separate","separator (n.), separation (n.), separatist (n.), separative (adj.), separateness (n.)",not joined to something else; apart from each other｜與他物不相連接；彼此分開,We sleep in separate rooms because my brother snores too loudly.,separate rooms; a separate part; kept separate,A2
Sensitive,/ˈsɛnsətɪv/,adj.,"sensitive, more sensitive, most sensitive","sense (v.), sensitivity (n.), sensitiveness (n.)",easily affected by physical conditions or by other people's words and feelings｜容易被身體狀況或他人的言語和感情影響,I'd be more sensitive about that thing today.,politically sensitive; super sensitive; sensitive area,A2
Sex,/ˈsɛks/,n. [U],no changes,"sexy (adj.), sexual (adj.)",activities associated with sexual intercourse｜與性行為相關的活動,"Women, talk to your boys about sex and stuff.",sex scenes; during sex; sex lives,A2
Settle,/ˈsɛtəl/,v.,"settle, settles, settled, settled, settling","settlement (n.), settler (n.)","settle into a position, usually on a surface or ground｜落定在某個位置，通常是在表面或地面上",Fine dust settled on the furniture overnight.,settle down; settle a dispute; settle in,A2
Serve,/ˈsɝv/,v.,"serve, serves, served, served, serving","server (n.), servant (n.), serving (n.), servitor (n.)","to provide food or help; to perform a purpose, role, or function｜提供食物或幫助；履行目的、角色或功能",I wonder what they're going to serve for dinner.,serve food; serve a purpose; serve well,A2
Shark,/ˈʃɑɹk/,n.,"shark, sharks",None,"a large, dangerous fish with sharp teeth that lives in the sea｜一種大型危險魚類，牙齒鋒利，生活在海洋中",This shark is swimming around the boat.,loan shark; shark attack; great white shark,A2
Shame,/ˈʃeɪm/,n. [U],no changes,None,the bad feeling you have when you have done something wrong｜做錯事時的難受感覺,He felt deep shame after telling a lie to his mother.,feel shame; a sense of shame; without shame,A2
Shelf,/ˈʃɛlf/,n.,"shelf, shelves",None,a flat board on a wall or in a cupboard for putting things on｜固定在牆上或櫥櫃裡用來放置物品的平板,She placed the new books neatly on the top shelf.,a top shelf; on the shelf; a book shelf,A2
Sheet,/ˈʃit/,n.,"sheet, sheets",sheeting (n.),any broad thin expanse or surface｜任何寬薄的延伸或表面,The map was printed on a large sheet of paper.,a blank sheet; a bed sheet; sheet of paper,A2
Shopkeeper,/ˈʃɑˌpkipɚ/,n.,"shopkeeper, shopkeepers",None,a merchant who owns or manages a shop｜擁有或經營商店的商人,The kind shopkeeper helped me find the right size of shoes.,the local shopkeeper; a kind shopkeeper; small shopkeeper,A2
Shell,/ˈʃɛl/,n.,"shell, shells","sheller (n.), shelling (n.)",ammunition consisting of a cylindrical metal casing containing an explosive charge and a projectile; fired from a large gun｜一種彈藥，由圓柱形金屬外殼組成，內含爆炸藥和彈頭；從大口徑火砲發射,The soldiers loaded a heavy shell into the big gun.,hard shell; shell of an egg; seashell,A2
Shore,/ˈʃɔɹ/,n.,"shore, shores",shoring (n.),the land along the edge of a body of water｜水體邊緣的陸地,I've never been happier to be on the shore.,along the shore; the rocky shore; near the shore,A2
Shock,/ˈʃɑk/,n.,"shock, shocks",shocker (n.),the feeling of distress and disbelief that you have when something bad happens accidentally｜意外發生壞事時的震驚和難以置信的感覺,The sudden news came as a shock to the whole family.,electric shock; culture shock; in shock,A2
Shoot,/ˈʃut/,v.,"shoot, shoots, shot, shot, shooting","shooter (n.), shooting (n.)",to fire a bullet or arrow from a weapon｜從武器發射子彈或箭矢,The hunter raised his gun and tried to shoot the deer.,shoot a gun; shoot an arrow; shoot at someone,A2
Sidewalk,/ˈsaɪˌdwɔk/,n.,"sidewalk, sidewalks",None,walk consisting of a paved area for pedestrians; usually beside a street or roadway｜為行人鋪設的道路區域，通常位於街道或道路旁邊,I noticed the cracks in the sidewalk.,on the sidewalk; walk on the sidewalk; clean sidewalk,A2
Shy,/ˈʃaɪ/,adj.,"shy, shier, shiest",shyness (n.),lacking self-confidence｜缺乏自信,The shy student found it difficult to speak in front of the class.,shy away from; feel shy; too shy,A2
Shot,/ˈʃɑt/,n.,"shot, shots",None,"the firing of a gun, or the sound it makes｜槍械射擊或其發出的聲音",We heard a loud shot coming from the forest nearby.,a loud shot; fire a shot; take a shot,A2
Shut,/ˈʃʌt/,v.,"shut, shuts, shut, shut, shutting","shutter (n.), shutting (n.)",to move something so that it covers an opening; to close｜移動某物以覆蓋開口；關閉,Please shut the window before you leave.,shut the door; shut the window; shut your eyes,A2
Silence,/ˈsaɪləns/,n. [U],no changes,"silent (adj.), silencer (n.)",the state of being silent (as when no one is speaking)｜寂靜無聲的狀態（例如當沒有人在說話時）,There was a long silence after the teacher asked the question.,total silence; silence critics; moment of silence,A2
Silent,/ˈsaɪlənt/,adj.,"silent, more silent, most silent",silence (n.),marked by absence of sound｜沒有聲音的,The classroom became silent when the exam began.,stay silent; go silent; a silent room,A2
Silver,/ˈsɪlvɚ/,n. [U],no changes,silvery (adj.),a shiny grey-white precious metal used to make jewellery and coins｜一種有光澤的灰白色貴金屬，用於製作珠寶和硬幣,She wore a simple silver ring on her left hand.,silver medal; made of silver; silver ring,A2
Silly,/ˈsɪli/,adj.,"silly, sillier, silliest",silliness (n.),"ludicrous, foolish｜荒謬的、愚蠢的",The children laughed at his silly jokes.,seems silly; sound silly; feel silly,A2
Similar,/ˈsɪməlɚ/,adj.,"similar, more similar, most similar",similarity (n.),marked by correspondence or resemblance｜以對應或相似為特徵的,"It's similar, but it's not the same.",sound similar; similar version; similar project,A2
Skilled,/ˈskɪld/,adj.,"skilled, more skilled, most skilled",None,having or showing or requiring special skill｜擁有、展現或需要特殊技能的,She is a skilled teacher who knows how to explain difficult ideas clearly.,highly skilled; skilled worker; skilled player,A2
Sleepy,/ˈslipi/,adj.,"sleepy, sleepier, sleepiest",sleepiness (n.),ready to fall asleep｜昏昏欲睡的,I guess it's a sleepy Sunday today.,feel sleepy; very sleepy; get sleepy,A2
Single,/ˈsɪŋɡəl/,adj.,no changes,singleness (n.),being or characteristic of a single thing or person｜單一的；單個事物或個人的,There was a single apple left on the table.,single thing; single most important; single command,A2
Skill,/ˈskɪl/,n. [U],no changes,None,an ability that has been acquired by training｜透過訓練而獲得的能力,There's a lot of skill and mastery.,real skill; skill sets; skill development,A2
Simply,/ˈsɪmpli/,adv.,"simply, more simply, most simply",None,and nothing more｜只不過；僅僅,I simply wanted to say thank you for your help.,simply put; simply because; simply said,A2
Slipper,/ˈslɪpɚ/,n.,"slipper, slippers",None,low footwear that can be slipped on and off easily; usually worn indoors｜可輕易穿脫的低幫鞋；通常室內穿著,He lost one slipper under the bed this morning.,wear slippers; bedroom slipper; pair of slippers,A2
Skin,/ˈskɪn/,n.,"skin, skins",skinny (adj.),a natural protective body covering and site of the sense of touch｜人體的天然保護覆蓋物，也是觸覺的所在,"They got in a canoe, a skin boat.",skin complexion; travels through skin; skin boat,A2
Slide,/ˈslaɪd/,n.,"slide, slides",slider (n.),"a smooth movement; a playground structure, presentation page, or small glass plate used in a microscope｜平滑的移動；遊戲場的滑梯、簡報頁面，或顯微鏡用的玻璃載玻片",The scientist placed the sample on a glass slide.,playground slide; on the slide; a glass slide,A2
Snail,/ˈsneɪl/,n.,"snail, snails",None,"a small, slow animal with a soft body and a hard shell on its back｜身體柔軟、背部有硬殼的小型慢速動物",A tiny snail moved slowly across the wet green leaf.,snail shell; a garden snail; as slow as a snail,A2
Snowy,/ˈsnoʊi/,adj.,"snowy, snowier, snowiest",snow (n.),marked by the presence of snow｜有雪的；被雪覆蓋的,We walked through the quiet snowy streets.,snowy environment; snowy day; snowy jackson hole,A2
Soap,/ˈsoʊp/,n. [U],no changes,soapy (adj.),a cleansing agent made from the salts of vegetable or animal fats｜由植物或動物油脂的鹽類製成的清潔劑,Wash your hands with soap and warm water.,bar of soap; soap and water; liquid soap,A2
Snack,/ˈsnæk/,n.,"snack, snacks",snacker (n.),a light informal meal｜輕便的非正式餐點,Let me show you some other snacks.,healthy snack; light snack; snack time,A2
Slip,/ˈslɪp/,v.,"slip, slips, slipped, slipped, slipping","slippy (adj.), slippage (n.)",to slide or move out of position by accident｜意外地滑動或移出位置,The book slipped from her hand and fell to the floor.,slip away; slip and fall; permission slip,A2
Smooth,/ˈsmuð/,adj.,"smooth, smoother, smoothest","smoothness (n.), smoothly (adv.)",having an even surface; operating or happening without difficulty or interruption｜表面平坦的；順利進行或發生的,"Even on Windows, you can't get it that smooth.",smooth surface; smooth skin; run smoothly,A2
Sock,/ˈsɑk/,n.,"sock, socks",None,hosiery consisting of a cloth covering for the foot; worn inside the shoe; reaches to between the ankle and the knee｜布料覆蓋腳部的針織物，穿在鞋子內，長度及於腳踝與膝蓋之間,She found one sock under the bed and the other one in her bag.,a pair of socks; wear socks; cotton socks,A2
Soda,/ˈsoʊdə/,n.,"soda, sodas",None,a sweet fizzy drink such as cola｜甜的碳酸飲料，如可樂,She drank a cold soda after playing in the hot sun.,soda bottle; baking soda; diet soda,A2
Social,/ˈsoʊʃəl/,adj.,"social, more social, most social",sociality (n.),relating to society; enjoying meeting and talking with other people｜與社會相關的；喜歡與人交往和交談的,You feel you've become more social and more able to talk to people.,social safety net; social circuitry; social dynamics,A2
Society,/səˈsaɪəti/,n.,"society, societies",societal (adj.),an extended social group having a distinctive cultural and economic organization｜具有獨特文化和經濟組織的廣泛社會群體,Education plays an important role in modern society.,modern society; human society; a fair society,A2
Soil,/ˈsɔɪl/,n. [U],no changes,"soiling (n.), soilure (n.)",the top layer of earth where plants grow｜植物生長的表層土壤,"The farmer planted the seeds in rich, dark soil after the rain.",fertile soil; dry soil; plant in soil,A2
Solution,/səˈluʃən/,n.,"solution, solutions",None,an answer to a problem; a mixture in which one substance is dissolved in another｜問題的答案；一種物質溶於另一種物質中的混合物,The teacher explained a simple solution to the math problem.,good solution; find a solution; ideal solution,A2
Sour,/ˈsaʊɚ/,adj.,"sour, sourer, sourest","souring (n.), sourness (n.)","having a sharp, acidic taste like lemon or vinegar｜味道尖銳且酸的，像檸檬或醋","The milk smelled sour, so we poured it away.",sour taste; turn sour; sour cream,A2
Somewhat,/ˈsʌˈmwʌt/,adv.,no changes,None,to a small degree or extent｜到小的程度,"The room was somewhat cold, so she closed the window.",somewhat close; somewhat linked; somewhat related,A2
Soybean,/ˈsɔɪˌbin/,n.,"soybean, soybeans",None,a source of oil; used for forage and soil improvement and as food｜油的來源；用作飼料、土壤改良及食物,Soybeans are an important agricultural crop grown around the world.,soybean oil; grow soybean; soybean plant,A2
Soul,/ˈsoʊl/,n.,"soul, souls",None,the part of a person that is not physical and is thought to carry their feelings and character｜非肉體的部分，被認為承載著情感與人格,"For a soul remix, it lacks soul.",kind soul; human soul; different soul,A2
Soft,/ˈsɑft/,adj.,"soft, softer, softest",softness (n.),yielding readily to pressure or weight｜容易因壓力或重量而變形,The baby fell asleep on the soft blanket in the crib.,soft voice; feel soft; soft light,A2
Sort,/ˈsɔɹt/,n.,"sort, sorts","sorter (n.), sorting (n.)",a group of things that are the same in some way; a type or kind｜在某些方面相同的一組東西；類型,What sort of music do you like to listen to?,a sort of; all sorts of; this sort of thing,A2
Source,/ˈsɔɹs/,n.,"source, sources",None,"the place where something begins, where it springs into being｜某事物開始或起源的地方",The river's source lies high in the mountains.,main source; authoritative source; trusted source,A2
Southern,/ˈsʌðɚn/,adj.,no changes,southernness (n.),in or relating to the southern part of a region or country｜在某地區或國家的南部或其相關的,They drove to the southern part of the country to visit the beach.,the southern coast; southern region; southern city,A2
Spoon,/ˈspun/,n.,"spoon, spoons",None,a piece of cutlery with a shallow bowl-shaped container and a handle; used to stir or serve or take up food｜一種餐具，有淺碗狀容器和手柄；用來攪拌、盛放或取食物,She used a spoon to eat the warm soup at lunch.,wooden spoon; silver spoon; dessert spoon,A2
Spider,/ˈspaɪdɚ/,n.,"spider, spiders",spidery (adj.),a small creature with eight legs that spins webs to catch insects｜一種有八條腿的小生物，會結網捕捉昆蟲,A small spider made a web in the corner.,spider web; spider bite; a black spider,A2
Spelling,/ˈspɛlɪŋ/,n. [U],no changes,spell (v.),the correct order of letters used to write a word｜書寫單字時字母的正確順序,Please check the spelling of every name before printing the list.,spelling mistake; correct spelling; check spelling,A2
Speed,/ˈspid/,n. [U],no changes,"speedy (adj.), speeder (n.), speeding (n.)",distance travelled per unit time｜單位時間內行進的距離,The car was going at a high speed when it passed our school gate.,high speed; at full speed; driving speed,A2
Speech,/ˈspitʃ/,n.,"speech, speeches",speechify (v.),the act of delivering a formal spoken communication to an audience｜向觀眾正式發表演說的行為,He gave a short speech at his sister's birthday party.,give a speech; freedom of speech; short speech,A2
Speaker,/ˈspikɚ/,n.,"speaker, speakers","speak (v.), speakership (n.)","a person who speaks, especially someone who gives a speech to a group of people｜說話的人，尤其是向一群人發表演說的人",The speaker stood up and began her speech.,keynote speaker; public speaker; effective speaker,A2
Spirit,/ˈspɪɹət/,n. [U],no changes,"spiritize (v.), spiritual (adj.)",the part of a person that is not the body and carries their feelings and character; also the mood or energy of a group｜非身體的部分，承載著情感與人格；也指團體的情緒或精神,I think it captures the Viking spirit.,team spirit; fighting spirit; high spirits,A2
Stage,/ˈsteɪdʒ/,n.,"stage, stages","stagy (adj.), stager (n.), stagey (adj.), staging (n.)",any distinct time period in a sequence of events｜一連串事件中任何明確的時間段,The project has now reached its final stage.,first stage; the next stage; reach a stage,A2
Sport,/ˈspɔɹt/,n. [U],no changes,None,an active diversion requiring physical exertion and competition｜需要體力消耗和競爭的主動消遣,Basketball is her favorite sport.,favorite sport; first sport; highly competitive sport,A2
Stamp,/ˈstæmp/,n.,"stamp, stamps",stamper (n.),a small piece of paper you stick on a letter or parcel to show you have paid to send it｜貼在信件或包裹上的小紙片，表示已支付郵資,She put a stamp on the envelope and mailed the letter.,postage stamp; put a stamp on; stamp collection,A2
Spot,/ˈspɑt/,n.,"spot, spots","spotter (n.), spotting (n.)",a particular place or location｜一個特定的地點或位置,We found a quiet spot beside the lake for our picnic.,tough spot; parking spot; weird spot,A2
Steak,/ˈsteɪk/,n.,"steak, steaks",None,a slice of meat cut from the fleshy part of an animal or large fish｜從動物或大型魚類肉質部位切下的肉片,He ordered a grilled steak with potatoes and vegetables.,best steak; ham steak; steak stuffed,A2
Spread,/ˈspɹɛd/,v.,"spread, spreads, spread, spread, spreading","spreader (n.), spreading (n.)",distribute or disperse widely｜廣泛分佈或散播,Humans still find a reason to attack each other and spread hate.,spread diseases; spread quickly; spread the news,A2
State,/ˈsteɪt/,n.,"state, states",statement (n.),"a country or its government, or one of the regions that make up a country｜國家或其政府，或組成國家的地區之一",The two states signed a new trade agreement.,a member state; the state of affairs; current state,A2
Steel,/ˈstil/,n. [U],no changes,steely (adj.),"a strong, hard metal made from iron, used to build things｜由鐵製成的堅硬金屬，用於建造東西",The new bridge is made of strong steel.,made of steel; steel bridge; stainless steel,A2
Standard,/ˈstændɚd/,n. [U],no changes,"stand (v.), standardise (v.), standardize (v.)",a level of quality that people expect or accept｜人們期望或接受的品質水準,The hotel keeps a very high standard of service.,high standard; set a standard; meet the standard,A2
Step,/ˈstɛp/,n.,"step, steps",None,one of the movements you make with your feet when you walk｜走路時腳的動作之一,She took a small step toward the open door.,take a step; first step; next step,A2
Strawberry,/ˈstɹɔˌbɛɹi/,n.,"strawberry, strawberries",None,sweet fleshy red fruit｜甜的肉質紅色水果,I think now I want a strawberry.,fresh strawberry; strawberry jam; wild strawberry,A2
Stick,/ˈstɪk/,n.,"stick, sticks",sticker (n.),a thin piece of wood from a tree｜從樹上折下的細木條,The dog ran fast and brought back the stick.,a wooden stick; pick up a stick; throw a stick,A2
Stone,/ˈstoʊn/,n.,"stone, stones",stony (adj.),a lump or mass of hard consolidated mineral matter｜堅硬凝固的礦物塊,She picked up a smooth stone from the beach.,stepping stone; throw a stone; stone wall,A2
Storm,/ˈstɔɹm/,n.,"storm, storms",stormy (adj.),"a period of very bad weather with strong winds, heavy rain, and often thunder and lightning｜惡劣天氣時期，伴有強風、暴雨，常有雷電",A violent storm damaged several houses near the coast.,desert storm; storm came; violent storm,A2
Stranger,/ˈstɹeɪndʒɚ/,n.,"stranger, strangers",None,a person you do not know｜你不認識的人,My mother told me not to talk to a stranger.,a complete stranger; talk to a stranger; a total stranger,A2
Stress,/ˈstɹɛs/,n. [U],no changes,stressor (n.),a feeling of worry or pressure caused by difficult situations｜由困難處境引起的擔憂或壓力感,"If I want more stress in my life, I'll play Rust.",under stress; feel stressed; cause stress,A2
Strict,/ˈstɹɪkt/,adj.,"strict, stricter, strictest",strictness (n.),rigidly accurate; allowing no deviation from a standard｜嚴格精確；不容許偏離標準,I do think it's too strict of a constraint.,strict rules; be strict; strict teacher,A2
Stream,/ˈstɹim/,n.,"stream, streams",None,a small narrow river｜小而狹窄的河流,The clear stream flows past our house.,a small stream; a mountain stream; cross the stream,A2
Stretch,/ˈstɹɛtʃ/,v.,"stretch, stretches, stretched, stretched, stretching","stretchy (adj.), stretcher (n.), stretching (n.)","to make your arms, legs, or body longer and straight｜伸展手臂、腿或身體使其變長變直",I always stretch my arms after a long sleep.,stretch your arms; stretch your legs; stretch out,A2
Strike,/ˈstɹaɪk/,n.,"strike, strikes","striker (n.), striking (n.)","a sudden attack, especially a military attack｜突然的攻擊，尤指軍事攻擊",It creates a clearer target for those drone strikes.,a lightning strike; go on strike; strike a match,A2
Struggle,/ˈstɹʌɡəl/,v.,"struggle, struggles, struggled, struggled, struggling",struggler (n.),to try very hard to do something that is difficult｜非常努力地嘗試做困難的事,Many students struggle to wake up early for class.,struggle with; struggle to do; struggle hard,A2
Succeed,/səˈksid/,v.,"succeed, succeeds, succeeded, succeeded, succeeding","succeeder (n.), successor (n.), succession (n.), successive (adj.)",to do well and reach what you want｜做得好並達到想要的結果,She worked hard to succeed in her new job.,succeed in life; succeed in business; try to succeed,A2
Style,/ˈstaɪl/,n. [U],no changes,"styler (n.), stylist (n.), stylize (v.), stylistic (adj.)","a particular way of doing, designing, or presenting something that is typical of a person or group｜典型的個人或群體做事、設計或呈現事物的方式",I think it's more a preference or style.,personal style; in style; management style,A2
Success,/səˈksɛs/,n. [U],no changes,None,an event that accomplishes its intended purpose｜達成預定目標的事件,Maybe your own success is beginning to be a problem.,great success; achieve success; key to success,A2
Sudden,/ˈsʌdən/,adj.,"sudden, more sudden, most sudden",suddenness (n.),happening quickly without any warning｜突然的；出乎意料的,A sudden noise woke the baby at night.,a sudden change; a sudden noise; a sudden stop,A2
Such,/ˈsʌtʃ/,adj.,no changes,None,of this kind; used to make a word stronger｜這樣的；這類的（用於加強語氣）,It was such a lovely warm day today.,such a thing; such a way; such people,A2
Supper,/ˈsʌpɚ/,n.,"supper, suppers",sup (v.),"an evening meal, especially a simple or informal one｜晚餐（尤指簡單或非正式的）",Burns suppers are held all around the world.,have supper; cook supper; eat supper,A2
Suggest,/səˈɡdʒɛst/,v.,"suggest, suggests, suggested, suggested, suggesting","suggester (n.), suggestion (n.), suggestive (adj.), suggestible (adj.)","make a proposal, declare a plan for something｜提議；建議",I suggest doing it in multiple passes.,strongly suggest; data suggest; suggest an idea,A2
Suit,/ˈsut/,n.,"suit, suits",None,a set of matching clothes with a jacket and trousers｜西裝；套裝,He wore a black suit to the meeting.,wear a suit; business suit; a dark suit,A2
Suitable,/ˈsutəbəl/,adj.,"suitable, more suitable, most suitable","suitability (n.), suitableness (n.)",meant or adapted for an occasion or use｜適當的；合適的,"The way I think about things was suitable for that, for whatever reason.",suitable for; find something suitable; a suitable choice,A2
Super,/ˈsupɚ/,adv.,no changes,None,extremely or very; used informally｜極度地；非常（非正式用法）,I'm super excited for where this can go.,super easy; super proud; super excited,A2
Surf,/ˈsɝf/,v.,"surf, surfs, surfed, surfed, surfing","surfer (n.), surfing (n.)",ride the waves of the sea with a surfboard｜衝浪,They like to surf at the beach on sunny weekends.,surf the web; go surfing; couch surf,A2
Support,/səˈpɔɹt/,n. [U],no changes,"supporter (n.), supporting (n.), supportive (adj.)",help that you give to someone you care about｜支持；支援,My friends gave me a lot of support.,give support; need support; strong support,A2
Supply,/səˈplaɪ/,n.,"supply, supplies","supplier (n.), supplying (n.)",an amount of something available for use｜供應；供給,This is about the supply of oil.,food supply; fourth biggest supply; large supply,A2
Surface,/ˈsɝfəs/,n.,"surface, surfaces","surfacing (n.), surficial (adj.)",the top or outside part of something｜表面；外觀,"The table has a smooth, clean surface.",a smooth surface; the surface of the water; a hard surface,A2
Suppose,/səˈpoʊz/,v.,"suppose, supposes, supposed, supposed, supposing","supposal (n.), supposition (n.)",to think that something is probably true or likely｜認為；猜想,I suppose the good news is it can be done.,suppose that; I suppose; supposed to be,A2
Survival,/sɚˈvaɪvəl/,n. [U],no changes,survive (v.),"the state of continuing to live, especially after a hard time or danger｜存活；生存",Food and clean water are necessary for our survival.,chance of survival; survival skills; fight for survival,A2
Swallow,/ˈswɑloʊ/,v.,"swallow, swallows, swallowed, swallowed, swallowing",None,to move food or drink from your mouth down into your stomach｜嚥下；吞嚥,Your brain loses the signal to swallow.,hard to swallow; swallow food; swallow whole,A2
Survive,/sɚˈvaɪv/,v.,"survive, survives, survived, survived, surviving","survival (n.), survivor (n.)",continue to live through hardship or adversity｜存活；挺過難關,"Now, at the moment, to survive, you got to have a job.",struggle to survive; barely survive; survive a disaster,A2
Sweater,/ˈswɛtɚ/,n.,"sweater, sweaters",sweat (v.),a crocheted or knitted garment covering the upper part of the body｜毛衣；針織衫,She put on a warm sweater before going out into the cold morning.,sweater you're wearing; red sweater; better sweater,A2
Swimsuit,/ˈswɪˌmsut/,n.,"swimsuit, swimsuits",None,tight fitting garment worn for swimming｜泳衣；泳裝,"If you are a manufacturer of swimsuits, the swimsuit season is quite short.",swimsuit size; swimsuit models; swimsuit season,A2
Sweep,/ˈswip/,v.,"sweep, sweeps, swept, swept, sweeping","sweeper (n.), sweeping (n.)",to move or spread quickly across a large area｜席捲；掃過,A wave of independence movements swept across Africa.,sweep the floor; sweep away; sweep clean,A2
Swing,/ˈswɪŋ/,n.,"swing, swings","swingy (adj.), swinger (n.), swinging (n.)","a back-and-forth movement, or a seat hanging from ropes or chains that you can swing on｜鞦韆；擺動",The children took turns playing on the swing.,on a swing; swing back and forth; playground swing,A2
Swim,/ˈswɪm/,v.,"swim, swims, swam, swum, swimming","swimmer (n.), swimming (n.)",to move through water by moving your arms and legs｜游泳；泅水,We like to swim in the lake every summer.,swim fast; swim across; learn to swim,A2
Tax,/ˈtæks/,n.,"tax, taxes","taxer (n.), taxable (adj.), taxation (n.)","money that you must pay to the government, usually based on your income or what you buy｜政府向你徵收的錢，通常根據你的收入或購買的物品來計算",We have a new fuel tax that's come in.,tax breaks; tax credit; real tax,A2
Switch,/ˈswɪtʃ/,n.,"switch, switches","switcher (n.), switching (n.)",a small device that you press or flip to turn something on or off｜一個小裝置，按下或撥動它可以開關某物,He turned off the light with the switch by the door.,switch back; light switch; switch over,A2
Target,/ˈtɑɹɡət/,n.,"target, targets",None,"a person, place, or thing that someone is trying to hit, reach, or affect｜某人試圖擊中、到達或影響的人、地方或事物","There's a whole target set, a complex of targets.",reach a target; set a target; target group,A2
Task,/ˈtæsk/,n.,"task, tasks",None,any piece of work that is undertaken or attempted｜任何被著手或嘗試的工作,She finished every task on her list before going home.,first task; downstream task; automated task,A2
Tale,/ˈteɪl/,n.,"tale, tales",None,"a story, especially one that is made up or passed down over time｜一個故事，尤其指編造的或隨時間流傳的故事",That's where people in a fairy tale go shopping.,timeless tale; great tale; recited tale,A2
Symbol,/ˈsɪmbəl/,n.,"symbol, symbols","symbolic (adj.), symbolise (v.), symbolize (v.), symbolical (adj.)","a sign, mark, or object that represents something else｜代表其他事物的符號、標記或物件",It's a great symbol of that trade.,a national symbol; a symbol of peace; use as a symbol,A2
Teapot,/ˈtiˌpɑt/,n.,"teapot, teapots",None,pot for brewing tea; usually has a spout and handle｜泡茶的壺，通常有壺嘴和把手,I'll have the teapot ready for you.,pour from a teapot; fill the teapot; a china teapot,A2
System,/ˈsɪstəm/,n.,"system, systems",systematic (adj.),a set of things or rules that work together as one whole｜一組作為整體共同運作的事物或規則,Our school has a new system for booking the library.,computer system; school system; a new system,A2
Visitor,/ˈvɪzətɚ/,n.,"visitor, visitors",visit (v.),someone who visits｜來訪的人,I don't think visitors roll around here often.,frequent visitor; welcome a visitor; first-time visitor,A2
Visit,/ˈvɪzət/,v.,"visit, visits, visited, visited, visiting","visitor (n.), visitant (n.), visiting (n.), visitation (n.)",to go to see a person or place for a while｜去看某人或某地一段時間,We will visit our grandparents this weekend.,visit a friend; visit a museum; visit often,A2
Voice,/ˈvɔɪs/,n. [U],no changes,voicer (n.),the distinctive quality or pitch or condition of a person's speech｜一個人說話的獨特品質、音高或狀況,Her soft voice was difficult to hear at the back of the room.,raise your voice; soft voice; loud voice,A2
Wait,/ˈweɪt/,v.,"wait, waits, waited, waited, waiting","waiter (n.), waiting (n.)",stay in one place and anticipate or expect something｜停留在某處，期待或盼望某事,I have to wait six months on average.,wait for a bus; wait patiently; wait in line,A2
Wake,/ˈweɪk/,v.,"wake, wakes, woke, waked, waking",waker (n.),"to stop sleeping, or to cause someone to stop sleeping｜醒來，或使某人醒來",Jet lag can wake you up very early in the morning.,wake up early; hard to wake; wake someone up,A2
Walk,/ˈwɔk/,v.,"walk, walks, walked, walked, walking","walker (n.), walking (n.)",to move on your feet at a normal speed｜用腳正常速度移動,We like to walk in the park after school on sunny afternoons.,walk down; crawl walk; walk together,A2
Wall,/ˈwɔl/,n.,"wall, walls",None,a vertical structure made of brick or stone that divides or encloses an area｜用磚或石頭建造的垂直結構，用於分隔或包圍一個區域,He hung a large clock on the wall above the fireplace.,build a wall; a stone wall; against the wall,A2
Want,/ˈwɑnt/,v.,"want, wants, wanted, wanted, wanting",wanter (n.),to feel that you would like to have or do something｜感覺想要擁有或做某事,I really want to visit my grandparents during the holiday.,really want; want to do; want something,A2
Watch,/ˈwɑtʃ/,v.,"watch, watches, watched, watched, watching","watcher (n.), watching (n.)",look attentively｜專注地看,She said it'd be funny to watch you grill.,watch television; keep watch; watch a film,A2
Warm,/ˈwɔɹm/,adj.,"warm, warmer, warmest","warmer (n.), warming (n.), warmness (n.)","pleasantly hot; friendly, kind, or affectionate｜令人愉快的溫暖；友善、善良或親切的","To this day, I have nothing but warm, fond memories.",stay warm; warm blanket; warm embrace,A2
Water,/ˈwɔtɚ/,n. [U],no changes,"watery (adj.), waterer (n.), watering (n.)",the clear liquid that we drink and that fills rivers and seas｜我們飲用的清澈液體，充滿河流和海洋,Please drink some water when you feel thirsty.,drink water; clean water; glass of water,A2
Wave,/ˈweɪv/,n.,"wave, waves","waver (n.), wavelet (n.)",a raised line of water that moves across the surface of the sea｜在海面上移動的凸起水線,The children laughed as a big wave hit the shore.,big wave; ocean wave; ride a wave,A2
West,/ˈwɛst/,n. [U],no changes,None,the direction where the sun sets; the western part of an area｜太陽下山的方向；西部地區,The sun goes down in the west every evening.,in the west; face west; to the west,A2
Way,/ˈweɪ/,n.,"way, ways",None,how something is done or how it happens｜做事的方式,This is the easiest way to reach the station.,the best way; find a way; on the way,A2
Weak,/ˈwik/,adj.,"weak, weaker, weakest",weakness (n.),not strong or powerful; not able to do much｜不強大；無力,"Emotionally, I feel very weak and fragile.",feel weak; grow weak; too weak,A2
Week,/ˈwik/,n.,"week, weeks",weekly (adj.),any period of seven consecutive days｜連續七天,They have a family dinner once a week on Friday evenings.,next week; last week; week after week,A2
Weather,/ˈwɛðɚ/,n. [U],no changes,None,"the conditions outside, such as how warm or cold it is, whether it rains, and how windy it is｜外部環境，如氣溫、降雨及風力等情況","The weather was cold, windy, and miserable all weekend.",weather clears; worst weather; weather changes,A2
Wear,/ˈwɛɹ/,v.,"wear, wears, wore, worn, wearing","wearer (n.), wearing (n.), wearable (adj.)",be dressed in｜穿著,I think I can't not wear these boots.,wear glasses; wear a uniform; always wear,A2
Weekend,/ˈwiˌkɛnd/,n.,"weekend, weekends",weekender (n.),"Saturday and Sunday, the days at the end of the working week｜週六與週日，工作週的末尾",It's going to be a big weekend.,this weekend; long weekend; over the weekend,A2
Welcome,/ˈwɛlkəm/,v.,"welcome, welcomes, welcomed, welcomed, welcoming",welcomer (n.),to greet someone in a kind and friendly way when they arrive｜友好問候,Our teacher always welcomes new students with a warm smile.,welcome a guest; welcome someone home; warmly welcome,A2
Wet,/ˈwɛt/,adj.,"wet, wetter, wettest","wetter (n.), wetness (n.), wetting (n.)",covered or soaked with a liquid such as water｜濕的,"Ramps won't do it, nor will wet sand.",get wet; wet clothes; wet ground,A2
Well,/ˈwɛl/,adv.,"well, better, best",wellness (n.),in a good or satisfactory way; to a high standard｜良好地；高標準地,She speaks French very well.,very well; do well; go well,A2
When,/ˈwɛn/,adv.,"when, no changes",None,"at what time, or used to say at what time something happens｜何時",Tell me when you are ready and we can start the game.,when to go; decide when; ask when,A2
What,/ˈwʌt/,pron.,no changes,None,used to ask about or refer to something; which thing or things｜什麼,"Then also, what does he do with it.",what happens; figure out what; idea what,A2
Whether,/ˈwɛðɚ/,conj.,no changes,None,used to express a doubt or choice between alternatives; used to introduce an indirect question｜是否,"Whether they need it or not, I know.",determine whether; question whether; test whether,A2
Which,/ˈwɪtʃ/,pron.,no changes,None,a word used to ask about one thing from a group｜哪一個,I cannot decide which book to read first.,which one; which way; which day,A2
Where,/ˈwɛɹ/,adv.,"where, no changes",None,"In, at or to what place.｜何處",That's where we get the word from.,point where; description where; place where,A2
White,/ˈwaɪt/,adj.,"white, whiter, whitest",whiteness (n.),having the colour of snow or milk; the lightest possible colour｜白色,They have this white paint on their faces.,bright white; snow white; pure white,A2
Wide,/ˈwaɪd/,adj.,"wide, wider, widest",wideness (n.),having great (or a certain) extent from one side to the other｜寬的,The new shopping center has a wide range of shops and restaurants.,wide variety; wide spectrum; wide world,A2
While,/ˈwaɪl/,conj.,no changes,None,during the time that something is happening; although; at the same time as｜在…期間；雖然；同時,She read a book while her brother watched a movie.,for a while; a little while; while waiting,A2
Who,/ˈhu/,pron.,no changes,None,used to ask about or refer to which person or people｜誰,Who left this bag beside the door?,who knows; who works; people who,A2
Why,/ˈwaɪ/,adv.,"why, no changes",None,for what reason or purpose｜為什麼,She told me why she was late this morning.,the reason why; explain why; wonder why,A2
Win,/ˈwɪn/,v.,"win, wins, won, won, winning","winner (n.), winning (n.), winnings (n.)",be the winner in a contest or competition; be victorious｜在比賽或競爭中獲勝；取勝,Our team hopes to win the final match.,win a prize; win the game; try to win,A2
Whose,/ˈhuz/,pron.,no changes,None,That or those of whom or belonging to whom.｜誰的；用於詢問所屬關係,Whose idea do you think it was.,whose idea; whose turn is it; whose responsibility,A2
Wife,/ˈwaɪf/,n.,"wife, wives",wifely (adj.),a married woman; a man's partner in marriage｜已婚女子；男性的配偶,"My wife plays games, my kids play games.",loving wife; dear wife; devoted wife,A2
Wind,/ˈwaɪnd/,n. [U],no changes,"windy (adj.), winder (n.)",air that moves from one place to another｜從一處移動到另一處的空氣,You hear the wind in their feathers.,strong wind; fresh wind; wind blows,A2
Wish,/ˈwɪʃ/,v.,"wish, wishes, wished, wished, wishing",wishing (n.),"to want something to happen or be true, even if it may not be possible｜希望某事發生或屬實，即使可能不可能",I wish I could travel to Japan someday.,wish list; sometimes wish; last wish,A2
Wise,/ˈwaɪz/,adj.,"wise, wiser, wisest",wiseness (n.),having or showing good judgment based on experience and knowledge｜具有或展現基於經驗和知識的良好判斷力,"I think they're the smartest, wisest human on Earth.",a wise choice; a wise person; wise words,A2
Window,/ˈwɪndoʊ/,n.,"window, windows",None,an opening in a wall with glass that lets in light and air｜牆壁上裝有玻璃的開口，可引入光線和空氣,She opened the window to let in the fresh morning air.,open the window; close the window; look out the window,A2
With,/ˈwɪð/,prep.,no changes,None,accompanied by; in the same place as; using something as a tool or means｜陪同；在同一地方；使用某物作為工具或手段,She came home with a big smile on her face.,agree with; live with; work with,A2
Without,/wɪˈθaʊt/,prep.,no changes,None,not having or accompanied by something; lacking; in the absence of｜沒有或不伴隨某物；缺乏；在沒有...的情況下,You cannot work as a tour guide without a license.,day without; without knowing; without pain,A2
Woman,/ˈwʊmən/,n.,"woman, women","womanly (adj.), womanise (v.), womanize (v.), womanhood (n.)",an adult female person｜成年女性,Not a single American serviceman or woman is killed.,young woman; a working woman; an older woman,A2
Word,/ˈwɝd/,n.,"word, words",wording (n.),a unit of language that native speakers can identify｜母語者能夠識別的語言單位,That's where we get the word from.,keep your word; a kind word; last word,A2
Work,/ˈwɝk/,v.,"work, works, worked, worked, working","worker (n.), workable (adj.)",to do a job to earn money or to reach a goal｜做工作以賺錢或達到目標,My parents work in a small shop near our home.,work hard; work together; work late,A2
Wonderful,/ˈwʌndɚfəl/,adj.,"wonderful, more wonderful, most wonderful",wonderfulness (n.),very good and pleasing; making you feel happy｜非常好且令人愉悅的；使人感到快樂的,We had a wonderful time at the beach today.,wonderful time; wonderful idea; wonderful place,A2
World,/ˈwɝld/,n.,"world, worlds",worldly (adj.),everything that exists anywhere｜存在於任何地方的一切,It's more a way to understand the world.,the modern world; around the world; in the world,A2
Worry,/ˈwɝi/,v.,"worry, worries, worried, worried, worrying","worrier (n.), worrying (n.), worriment (n.)","be worried, concerned, anxious, troubled, or uneasy｜感到擔憂、關切、焦慮、不安或苦惱",Many students worry about the final exam.,worry too much; stop worrying; do not worry,A2
Worker,/ˈwɝkɚ/,n.,"worker, workers",work (v.),a person who works at a specific occupation｜從事特定職業的人,The factory worker checked each part for damage.,remote worker; shift worker; digital worker,A2
Yard,/ˈjɑɹd/,n.,"yard, yards",None,"the area of ground next to a house, often with grass｜房屋旁邊有草的地面區域",The children play in the yard after school.,back yard; front yard; play in the yard,A2
Write,/ˈɹaɪt/,v.,"write, writes, wrote, written, writing","writer (n.), writing (n.)",produce a literary work｜創作文學作品,I didn't care how many lines of code they wrote.,write down; write a letter; write back,A2
Writer,/ˈɹaɪtɚ/,n.,"writer, writers",write (v.),"a person who writes books, stories, or articles｜撰寫書籍、故事或文章的人",She wants to be a famous writer one day.,famous writer; young writer; become a writer,A2
Wrong,/ˈɹɔŋ/,adj.,no changes,wrongness (n.),not correct; not in conformity with fact or truth｜不正確的；與事實或真理不符的,"Nobody likes to be wrong, but mistakes help us learn.",nothing wrong; lot wrong; gone wrong,A2
Will,/ˈwɪl/,v.,no changes,willing (n.),"used to talk about what is going to happen in the future, or to show intention｜用於談論未來將發生的事，或表示意圖",Odin will be devoured by a wolf.,if you will; free will; with good will,A2
Yeah,/ˈjæ/,adv.,no changes,None,yes; used to agree or say that something is true in casual talk｜是的；在輕鬆的談話中用於同意或確認某事為真,"Yeah, I can help you after lunch!",yeah right; yeah sure; oh yeah,A2
Year,/ˈjɪɹ/,n.,"year, years",yearly (adj.),a period of time containing 365 (or 366) days｜包含365天（或366天）的時間段,We visit my grandmother twice a year.,a year ago; next year; every year,A2
Yellow,/ˈjɛloʊ/,adj.,"yellow, yellower, yellowest",yellowness (n.),having the colour of the sun or lemons｜具有太陽或檸檬的顏色,She wore a bright yellow dress to the summer party.,bright yellow; a yellow dress; turn yellow,A2
Yesterday,/ˈjɛstɚˌdeɪ/,adv.,no changes,None,on the day preceding today｜在今天之前的那一天,I trained with the team yesterday as well.,yesterday morning; yesterday evening; just yesterday,A2
Yet,/ˈjɛt/,adv.,"yet, no changes",None,up to the present time｜直到現在,We haven't even entered the park yet.,not yet; as yet; yet to come,A2
Zoo,/ˈzu/,n.,"zoo, zoos",None,the facility where wild animals are housed for exhibition｜飼養野生動物以供展覽的設施,We visited the zoo to see the elephants and giraffes.,petting zoo; visit a zoo; zoo keeper,A2
Zero,/ˈzɪɹoʊ/,n.,"zero, zeros",None,a quantity of no importance｜不重要的量,I have a zero tolerance policy on that.,zero cost; zero waste; reach zero,A2
Young,/ˈjʌŋ/,adj.,"young, younger, youngest",youngness (n.),not having lived or existed for very long; at an early stage of life｜壽命或存在時間不長；處於生命的早期階段,I can see my younger self in them.,young man; young users; young age,A2
Stomachache,/stəˈmætʃəˌkeɪ/,n.,"stomachache, stomachaches",None,an ache localized in the stomach or abdominal region｜集中於胃部或腹部的疼痛,You kind of have a stomachache afterwards.,have a stomachache; bad stomachache; stomach pain,A2
