word,ipa,pos,inflections,derivatives,definition,example,collocations,context_type
Accidental,/ˌæksəˈdɛntəl/,adj.,"accidental, more accidental, most accidental",accident (n.),happening by chance or unexpectedly or unintentionally｜意外地、非預期地或非故意地發生,And whatever value that has is offset by the risk of an accidental launch.,accidental mutation; accidental discovery; accidental launch,B2
Acceptance,/æˈksɛptəns/,n. [U],no changes,"accept (v.), acceptant (adj.)",willingness to receive or approve of something; the act of accepting a situation or person as they are｜願意接收或贊同某事物；接受現實情況或他人的行為,"And you and then that helps them because you are radiating that acceptance that they need to come to, which is hard.",consumer acceptance; social acceptance; gain acceptance,B2
Abstract,/æbsˈtɹækt/,adj.,"abstract, more abstract, most abstract","abstraction (n.), abstractly (adv.)",based on ideas or concepts rather than specific physical things; not concrete｜基於觀念或概念而非具體事物；不具體的,The theory is too abstract to explain with a simple physical model.,quite abstract; abstract beings; purely abstract,B2
Absolute,/ˈæbsəˌlut/,adj.,no changes,absoluteness (n.),perfect or complete or pure｜完美、完整或純粹的,The judge made an absolute ruling that left no room for argument or appeal.,absolute terms; absolute certainty; absolute power,B2
Accent,/əˈksɛnt/,n.,"accent, accents","accentual (adj.), accentuate (v.)",distinctive manner of oral expression｜獨特的說話方式,She could easily identify his regional accent and knew he came from the south.,heavy accent; foreign accent; regional accent,B2
Access,/ˈæˌksɛs/,n. [U],no changes,"accession (n.), accessible (adj.)",the right to enter｜進入的權利,Students have free access to the online library.,lose access; gain access; internet access,B2
Accountant,/əˈkaʊntənt/,n.,"accountant, accountants","account (v.), accountancy (n.), accountantship (n.)",someone who maintains and audits business accounts｜編制和審計商業帳目的人,She hired an accountant to manage the company's annual tax filings.,public accountant; senior accountant; certified accountant,B2
Acquaintance,/əˈkweɪntəns/,n.,"acquaintance, acquaintances","acquaint (v.), acquaintanceship (n.)",a person you know slightly but who is not a close friend｜你稍微認識但不是親密朋友的人,And this was an acquaintance of both of ours.,brief acquaintance; mutual acquaintance; close acquaintance,B2
Academic,/ˌækəˈdɛmɪk/,adj.,"academic, more academic, most academic","academia (n.), academically (adv.)","relating to education and study, especially at a school or university｜關於教育和學習的，尤指中小學或大學","In addition, the paper provides a survey-based implementation guide for benchmarking current climate-risk practices and data needs across industry and academic stakeholders.",academic literature; average academic; academic study,B2
Addict,/əˈdɪkt/,n.,"addict, addicts","addiction (n.), addictive (adj.)","a person who is physically or mentally dependent on a substance, especially a drug｜對某種物質（尤其是藥物）在身體或心理上依賴的人",We had a guest on this podcast who's a self-admitted gambling addict.,drug addict; morphine addict; recovering addict,B2
Accuracy,/ˈækjɚəsi/,n. [U],no changes,None,the quality of being near to the true value｜接近真實數值的品質,Recent breakthroughs in magneto-surgical microrobots enable precise three-dimensional navigation through complex arterial networks to deliver localized drug treatments with unprecedented accuracy.,reasonable accuracy; high accuracy; improve accuracy,B2
Adequate,/ˈædəkwət/,adj.,"adequate, more adequate, most adequate","adequacy (n.), adequately (adv.)",having the requisite qualities or resources to meet a task｜具有完成任務所需的品質或資源,We find that popular keyword-based models are not adequate for such a complex and evolving task.,perfectly adequate; adequate resources; adequate nutrition,B2
Admirable,/ˈædmɚəbəl/,adj.,"admirable, more admirable, most admirable","admirability (n.), admirableness (n.)",deserving of the highest esteem or admiration｜值得最高敬意或欽佩,The legacy of World War II and the Japanese people’s admirable commitment to peace created a taboo against anything resembling war — one that still lingers today.,admirable quality; think it's admirable; deeply admirable,B2
Admiration,/ˌædmɚˈeɪʃən/,n. [U],no changes,admire (v.),a feeling of delighted approval and liking｜愉悅的贊同和喜愛之情,"And going all the way to Constantinople, and having a deep admiration for Constantinople, enough to then begin to dream of sacking Constantinople.",deep admiration; romantic admiration; shared admiration,B2
Admission,/æˈdmɪʃən/,n. [U],no changes,admit (v.),the act of admitting someone to enter｜允許某人進入的行為,His admission to the university surprised everyone who knew him.,own admission; free admission; admission of guilt,B2
Accompany,/əˈkʌmpəni/,v.,"accompany, accompanies, accompanied, accompanied, accompanying",accompaniment (n.),be present or associated with an event or entity｜出席或與事件或實體相關聯,The examples are accompanied by detailed tutorials and code samples that allow readers to apply the methods described in this review to their own data.,accompany someone home; accompany on a visit; be accompanied by,B2
Accomplish,/əˈkɑmplɪʃ/,v.,"accomplish, accomplishes, accomplished, accomplished, accomplishing","accomplishable (adj.), accomplishment (n.)",put in effect｜付諸實行,The team accomplished its main goal ahead of schedule.,accomplish a goal; accomplish a task; accomplish the mission,B2
Accuse,/əˈkjuz/,v.,"accuse, accuses, accused, accused, accusing","accusation (n.), accusatory (adj.)",bring an accusation against; level a charge against｜指控；提出控告,There's been no shenanigans other than both sides accusing each other of spying on each other constantly.,falsely accuse; accuse of conspiracy; accuse state,B2
Adapt,/əˈdæpt/,v.,"adapt, adapts, adapted, adapted, adapting","adaptation (n.), adaptable (adj.)","make fit for, or change to suit a new purpose｜調整使適合新的用途","He spent much time on this box, it's adapted to him.",adapt to changes; adapt to environment; quickly adapt,B2
Adjust,/əˈdʒʌst/,v.,"adjust, adjusts, adjusted, adjusted, adjusting","adjuster (n.), adjustor (n.), adjustive (adj.), adjustable (adj.), adjustment (n.)",alter or regulate so as to achieve accuracy or conform to a standard｜改變或調整以達到準確性或符合標準,"And there's a couple guys who are adjusting color, aperture, and all that stuff.",adjust to change; constantly adjust; adjust the schedule,B2
Absorb,/əˈbzɔɹb/,v.,"absorb, absorbs, absorbed, absorbed, absorbing","absorber (n.), absorbate (n.), absorbent (adj.), absorbable (adj.), absorption (n.), absorptive (adj.)","to take in or soak up something, such as information, liquid, or energy｜吸收或浸泡某物，如資訊、液體或能量",Look at a page and somehow absorb all that information and commit it to memory.,absorb everything; completely absorb; absorb cost,B2
Acquire,/əˈkwaɪɚ/,v.,"acquire, acquires, acquired, acquired, acquiring","acquisition (n.), acquisitive (adj.)",come into the possession of something concrete or abstract｜獲得具體或抽象事物的所有權,"This process maps the independent components of the sensory input onto the attractor relics, which acquire in this way a semantic meaning.",acquire knowledge; acquire skills; acquire power,B2
Adopt,/əˈdɑpt/,v.,"adopt, adopts, adopted, adopted, adopting","adoptee (n.), adopter (n.), adoption (n.), adoptive (adj.), adoptable (adj.)","choose and follow; as of theories, ideas, policies, strategies or plans｜採納；採用（理論、想法、政策、策略或計劃）",Teams adopting async-first workflows report significantly higher productivity than those relying on synchronous real-time meetings for coordination.,adopt approach; adopt strategy; adopt technology,B2
Agreeable,/əˈɡɹiəbəl/,adj.,"agreeable, more agreeable, most agreeable","agreeably (adv.), agree (v.)",pleasant and easy to like or accept; willing to agree｜令人愉快的；和藹的；欣然同意的,There's no guarantee under the First Amendment that you that everyone that speaks will say things that you find pleasing and agreeable.,particularly agreeable; agreeable manner; pretty agreeable,B2
Allowance,/əˈlaʊəns/,n.,"allowance, allowances",allow (v.),an amount allowed or granted (as during a given period)｜津貼；零用錢；限額,His parents gave him a weekly allowance to cover school lunches and bus fare.,finite allowance; make allowance; got an allowance,B2
Agency,/ˈeɪdʒənsi/,n.,"agency, agencies","agent (n.), agential (adj.)",an organization providing a service; the capacity to act independently and make choices｜代理機構；能動性,Designers are embracing imperfection and glitch effects as a form of visual protest to signal human agency and digital soul.,high agency; human agency; federal agency,B2
Ambiguous,/æˈmbɪɡjuəs/,adj.,"ambiguous, more ambiguous, most ambiguous","ambiguity (n.), ambiguously (adv.)",open to more than one interpretation; having an unclear meaning｜含糊不清的；模棱兩可的,"However, automating this process is a challenge, as climate change is a complex, fast-moving, and often ambiguous topic with scarce resources for popular text-based AI tasks.",highly ambiguous; an ambiguous statement; morally ambiguous,B2
Alcohol,/ˈælkəˌhɑl/,n. [U],no changes,"alcoholic (adj.), alcoholize (v.)",a liquor or brew containing alcohol as the active agent｜酒精；酒類,I don't want to hear that alcohol is bad for me.,alcohol problem; drink alcohol; avoid alcohol,B2
Alert,/əˈlɝt/,v.,"alert, alerts, alerted, alerted, alerting",alertness (n.),warn or arouse to a sense of danger or call to a state of preparedness｜警告；使警覺；提醒,The sensor alerted staff to a dangerous rise in temperature.,alert authorities; alert the public; alert police,B2
Agent,/ˈeɪdʒənt/,n.,"agent, agents","agency (n.), agential (adj.)",an active and efficient cause; capable of producing a certain effect｜代理人；作用因素,"The rise of 'Meta-Cognitive Controllers' allows AI agents to decide when to use fast intuition versus slow, deliberate logic, enabling systems to recognize their own limitations.",secret agent; foreign agent; real estate agent,B2
Amateur,/ˈæməˌtɝ/,adj.,"amateur, more amateur, most amateur",None,engaged in as a pastime｜業餘的；業餘愛好者,She was an amateur painter who sold her work at the local weekend market.,an amateur photographer; an amateur athlete; amateur theatre,B2
Aggressive,/əˈɡɹɛsɪv/,adj.,"aggressive, more aggressive, most aggressive","aggression (n.), aggressively (adv.)",having or showing determination and energetic pursuit of your ends｜有進取心的；積極進取的,Our major finding is that provided its policy is not too aggressive the Central Bank is successful in achieving its goals.,aggressive version; aggressive algorithm; got aggressive,B2
Alternative,/ɔˈltɝnətɪv/,n.,"alternative, alternatives",None,one of a number of things from which only one can be chosen｜替代品；選項,But I think what I will do in the future is I will think more about alternatives to reverse proxies and web servers.,promising alternative; alternative approach; alternative sources,B2
Anniversary,/ˌænəˈvɝsɚi/,n.,"anniversary, anniversaries",None,the date on which an event occurred in some previous year (or the celebration of it)｜週年紀念日,They celebrated their tenth wedding anniversary with a big party.,anniversary last week; year anniversary; anniversary plans,B2
Amuse,/əˈmjuz/,v.,"amuse, amuses, amused, amused, amusing","amusive (adj.), amusement (n.)","occupy in an agreeable, entertaining or pleasant fashion｜逗…開心；使愉快",The comedian's jokes never failed to amuse the audience.,amuse children; amuse themselves; greatly amuse,B2
Analyze,/ˈænəˌlaɪz/,v.,"analyze, analyzes, analyzed, analyzed, analyzing","analyst (n.), analysis (n.), analyzer (n.)",consider in detail and subject to an analysis in order to discover essential features or meaning｜分析；化驗,New startups showcased systems that use EMG sensors and AI to analyze muscle activation and fatigue in real-time during live training.,analyze data; analyze impact; analyze behavior,B2
Ambitious,/æˈmbɪʃəs/,adj.,"ambitious, more ambitious, most ambitious","ambition (n.), ambitiousness (n.)",having a strong desire for success or achievement｜有雄心的；有抱負的,"The time is ripe to reformulate his ambitious goals, searching for ways to interpret objectively measured brain processes in terms of suitable psychological constructs.",ambitious about; ambitious vision; real ambitious,B2
Applicant,/ˈæplɪkənt/,n.,"applicant, applicants",apply (v.),a person who requests or seeks something such as assistance or employment or admission｜申請人；請求者,"Each year, medical schools collectively reject roughly as many applicants as they ultimately enroll.",qualified applicant; job applicant; successful applicant,B2
Analysis,/əˈnæləsəs/,n.,"analysis, analyses","analyze (v.), analytic (adj.), analytical (adj.)",an investigation of the component parts of a whole and their relations in making up the whole｜分析；分解,Microbiome-first strategies use RNA analysis and AI to deliver hyper-personalized supplement recommendations as the gut environment shifts over time.,comparative analysis; cognitive data analysis; deep political analysis,B2
Ancestor,/ˈæˌnsɛstɚ/,n.,"ancestor, ancestors","ancestral (adj.), ancestry (n.)",someone from whom you are descended (but usually more remote than a grandparent)｜祖先；祖宗,Scientists traced her ancestor back to a small village in southern Ireland.,common ancestor; distant ancestor; trace one's ancestors,B2
Anxiety,/æˈŋzaɪəti/,n. [U],no changes,None,"a feeling of worry, nervousness, or unease about something uncertain or stressful｜焦慮；擔憂；不安","I've had anxiety or live with it for a lot of my life, but sometimes I say hello to it.",feel anxiety; reducing anxiety; looming anxiety,B2
Apology,/əˈpɑlədʒi/,n.,"apology, apologies","apologise (v.), apologist (n.), apologize (v.), apologetic (adj.)",an expression of regret at having caused trouble for someone｜道歉；謝罪,She offered a sincere apology for arriving late and disrupting the meeting.,sincere apology; make apology; accept apology,B2
Approval,/əˈpɹuvəl/,n. [U],no changes,"approve (v.), approbate (v.)",the formal act of approving｜正式核准的行為,New regulations in Turkey have digitalized the EIA process and introduced a direct EIA Positive status for streamlined approval pipelines.,seek approval; win approval; gain approval,B2
Apparent,/əˈpɛɹənt/,adj.,"apparent, more apparent, most apparent","apparency (n.), apparentness (n.)",clearly revealed to the mind or the senses or judgment｜清楚顯露的；顯而易見的,When are people's life trajectories really starting to be apparent.,heir apparent; immediately apparent; become apparent,B2
Annoy,/əˈnɔɪ/,v.,"annoy, annoys, annoyed, annoyed, annoying","annoyer (n.), annoyance (n.)","cause annoyance in; disturb, especially by minor irritations｜使惱怒；打擾（尤指以輕微的刺激）",The constant noise from the construction site began to annoy the nearby residents.,annoy user; greatly annoy; deeply annoy,B2
Annual,/ˈænjuəl/,adj.,no changes,None,happening or done once every year｜每年一次的,This is published in annual review of psychology.,annual report; annual meeting; annual event,B2
Aquarium,/əˈkwɛɹiəm/,n.,"aquarium, aquariums",None,a tank or pool or bowl filled with water for keeping live fish and underwater animals｜裝滿水用於養殖活魚和水生動物的水槽、池塘或魚缸,Elodea is rather unextraordinary: a staple in home aquariums and middle school science classes.,public aquarium; home aquarium; aquarium botanical gardens,B2
Appoint,/əˈpɔɪnt/,v.,"appoint, appoints, appointed, appointed, appointing","appointee (n.), appointive (adj.)",create and charge with a task or function｜任命；指派,It no longer had a king appointed by God.,newly appoint; appoint through; recently appoint,B2
Appreciation,/əˌpɹiʃiˈeɪʃən/,n. [U],no changes,"appreciate (v.), appreciative (adj.)",understanding of the nature or meaning or quality or magnitude of something｜對事物性質、意義、價值或規模的認識,This makes me feel a deep appreciation for the internet and the algorithms that helped give me a career.,deep appreciation; appreciation affection love; typically appreciation,B2
Arch,/ˈɑɹtʃ/,n.,"arch, arches",None,a curved shape in the vertical plane that spans an opening｜垂直平面中跨越開口的弧形結構,The building was supported by a series of elegant stone arches that spanned the entire nave.,stone arch; pointed arch; triumphal arch,B2
Ashamed,/əˈʃeɪmd/,adj.,"ashamed, more ashamed, most ashamed",None,feeling shame or guilt or embarrassment or remorse｜感到羞恥、內疚、尷尬或懊悔,Why would it be that many boys feel they're going to be perceived as feminine if they say they're disappointed or sad or ashamed.,ashamed emotions; sad disappointment ashamed; often deeply ashamed,B2
Application,/ˌæpləˈkeɪʃən/,n.,"application, applications",apply (v.),a formal request; the act of putting something to a particular use｜正式請求；將某物應用於特定用途的行為,She submitted her application to the university before the deadline.,application form; submit an application; job application,B2
Aspirin,/ˈæspɹɪn/,n.,"aspirin, aspirins",None,"a common pain-relieving drug, usually taken as a tablet to reduce pain or fever｜一種常見的止痛藥，通常以藥片形式服用以減輕疼痛或發燒",The doctor recommended taking an aspirin to reduce the fever and ease the pain.,take aspirin; give aspirin; on aspirin,B2
Appropriate,/əˈpɹoʊpɹiət/,adj.,"appropriate, more appropriate, most appropriate","appropriation (n.), appropriateness (n.)",suitable for a particular person or place or condition etc｜適合特定的人、地點或條件等,"Firstly, appropriate terms are introduced and used in explanations related to the framework and within the definition of a mechanism.",appropriate dose; appropriate amount; word appropriate,B2
Artistic,/ɑˈɹtɪstɪk/,adj.,"artistic, more artistic, most artistic","art (n.), artist (n.)",relating to or characteristic of art or artists｜與藝術或藝術家相關的或具有藝術特色的,The director was praised for her bold artistic vision.,artistic vision; artistic integrity; artistic intent,B2
Acid,/ˈæsəd/,n.,"acid, acids","acidify (v.), acidity (n.), acidulate (v.)",any of various water-soluble compounds having a sour taste and capable of turning litmus red and reacting with a base to form a salt｜任何具有酸味的水溶性化合物，能使石蕊變紅並與鹼反應生成鹽,The acid in the battery slowly corroded the metal casing over time.,amino acid; fatty acid; stomach acid,B2
Artificial,/ˌɑɹtəˈfɪʃəl/,adj.,"artificial, more artificial, most artificial",artificiality (n.),made or produced by humans rather than occurring naturally; not real or genuine｜由人類製造或生產的，而非自然發生的；不真實或不真誠的,Researchers are developing artificial materials that can repair themselves after damage.,artificial agents; artificial sources; artificial boom,B2
Arise,/ɚˈaɪz/,v.,"arise, arises, arose, arisen, arising",None,come into existence; take on form or shape｜出現；開始存在,A serious disagreement arose between the two teams over the project timeline.,problem arise; ever arise; arise within,B2
Arms,/ˈɑɹmz/,n.,"arms, no changes",None,weapons considered collectively｜武器的總稱,The government agreed to reduce its supply of arms to the region.,arms race; arms deal; bear arms,B2
Aspect,/ˈæˌspɛkt/,n.,"aspect, aspects",aspectual (adj.),a distinct feature or element in a problem｜問題中一個獨特的部分或要素,I'll get back to that aspect later in the tape room.,beautiful aspect; murder mystery aspect; scaling aspect,B2
Assemble,/əˈsɛmbəl/,v.,"assemble, assembles, assembled, assembled, assembling",assemblage (n.),create by putting components or members together｜將零件或成員組裝在一起以創造某物,"We show the applicability of our approach in a real-world assembly domain, where a bi-manual Baxter robot collaborates with a human teammate to assemble furniture.",assemble a team; assemble into file; assembling from sections,B2
Assistance,/əˈsɪstəns/,n. [U],no changes,assist (v.),the activity of contributing to the fulfillment of a need or furtherance of an effort or purpose｜有助於滿足需求或推進努力或目的的活動,We revisit the task of visible compression of an ensemble of quantum states with entanglement assistance in the one-shot setting.,assistance available; analytical assistance; personalized assistance,B2
Assembly,/əˈsɛmbli/,n.,"assembly, assemblies",None,a group gathered together; the process of fitting parts together; a unit made from assembled parts｜集合在一起的一群人；將零件組裝在一起的過程；由組裝零件製成的部件,The engine assembly was tested before installation.,engine assembly; assembly line; final assembly,B2
Assurance,/əˈʃʊɹəns/,n.,"assurance, assurances",assure (v.),a confident promise or guarantee; freedom from doubt or self-confidence｜自信的承諾或保證；無疑慮或自信,AMD further said it quote expects to apply for licenses but there is no assurance that licenses will be granted.,provide assurance; quality assurance; no assurance,B2
Assign,/əˈsaɪn/,v.,"assign, assigns, assigned, assigned, assigning","assignee (n.), assignable (adj.), assignment (n.), assignation (n.)","to give someone a task or role; to allocate a value, category, or responsibility｜給予某人任務或角色；分配價值、類別或責任",Global availability of information and self-modeling are now used to assign a consciousness probability score that dictates legal protections.,assign a task; assign a score; assign responsibility,B2
Assure,/əˈʃʊɹ/,v.,"assure, assures, assured, assured, assuring",assurance (n.),make certain of｜使確定,"And they assure me, oh, the campus cops, they'll look the other way.",mutual assured; assured of safety; assure about demand,B2
Athletic,/æˈθlɛtɪk/,adj.,"athletic, more athletic, most athletic","athlete (n.), athletics (n.)",relating to or befitting athletics or athletes｜與運動或運動員相關的；適合運動員的,"We'll talk a little bit about your life and maybe your athletic life a little bit later, but I want to talk about dopamine.",athletic outfit; athletic performance; athletic ability,B2
Associate,/əˈsoʊsiət/,v.,"associate, associates, associated, associated, associating","associable (adj.), association (n.), associative (adj.), associatory (adj.)",make a logical or causal connection｜建立邏輯或因果關聯,She is closely associated with the campaign to improve public transport in the city.,often associate; closely associate; associate with,B2
Association,/əˌsoʊsiˈeɪʃən/,n.,"association, associations",associate (v.),"an organization; a connection or relationship between people, things, or variables｜組織；人、事或變數之間的連接或關係","By conducting association analyses, it was found that highly dense station areas tended to display low diversity at multiple scales.",strong association; professional association; association between,B2
Attraction,/əˈtɹækʃən/,n.,"attraction, attractions",attract (v.),something interesting that makes people want to visit or see it｜有趣的事物，使人們想要參觀或觀看,The old castle is the main tourist attraction in this small town.,tourist attraction; main attraction; a strong attraction,B2
Atmosphere,/ˈætməˌsfɪɹ/,n.,"atmosphere, atmospheres","atmospheric (adj.), atmospherical (adj.)",a particular environment or surrounding influence｜特定環境或周圍的影響,"The old library had a quiet, studious atmosphere that encouraged concentration.",upper atmosphere; thin atmosphere; atmosphere shortly,B2
Autobiography,/ˌɔtəbaɪˈɑɡɹəfi/,n.,"autobiography, autobiographies","autobiographer (n.), autobiographical (adj.)",a biography of yourself｜自己的傳記,"I see that as a positive part of my autobiography, and that is what good therapy should be doing.",write autobiography; read autobiography; publish autobiography,B2
Atom,/ˈætəm/,n.,"atom, atoms","atomic (adj.), atomise (v.), atomize (v.)",the smallest unit of a chemical element that keeps the element's properties｜保持元素特性的最小化學元素單位,"Under these conditions, the carbon and metals dissolve into a flux, and the carbon atoms crystallize on the diamond seed.",five atom; atom methods; atom mathematical objects,B2
Atomic,/əˈtɑmɪk/,adj.,no changes,atom (n.),"relating to atoms, or involving the energy released from atoms｜與原子相關的，或涉及原子釋放的能量",Scientists studied the atomic structure of the new material to understand its strength.,atomic bomb; atomic level; atomic energy,B2
Authority,/əˈθɔɹəti/,n. [U],no changes,None,the power or right to give orders or make decisions｜下命令或做決定的權力或權利,"A central result-""the No-Null-Space Leadership Condition""-characterizes leadership as a property of representational reachability rather than persuasion or authority.",religious authority; local authority; central authority,B2
Autograph,/ˈɔtəˌɡɹæf/,n.,"autograph, autographs",None,something written by one's own hand｜自己手寫的東西,The fans asked the actor for his autograph after the show.,sign autographs; autograph session; collect autographs,B2
Ballet,/bæˈleɪ/,n. [U],no changes,balletic (adj.),a type of dance that tells a story with graceful movements set to music｜一種用優美動作配合音樂來講述故事的舞蹈,She studied ballet for ten years before joining the national dance company.,study ballet; classical ballet; a ballet dancer,B2
Attach,/əˈtætʃ/,v.,"attach, attaches, attached, attached, attaching","attachable (adj.), attachment (n.)",cause to be attached｜使附著,She decided to attach the report as a file rather than paste it into the email body.,automatically attach; becoming emotionally attach; military base attach,B2
Authentic,/əˈθɛntɪk/,adj.,"authentic, more authentic, most authentic",authenticity (n.),conforming to fact and therefore worthy of belief｜符合事實因此值得相信,I'm not being authentic and I'm not demonstrating the skill.,authentic taste; authentic resources; authentic aspects,B2
Bald,/ˈbɔld/,adj.,"bald, balder, baldest",baldness (n.),having little or no hair on the top of the head｜頭頂頭髮稀少或沒有頭髮,I do have a bald spot on the top of my head.,bald spot; bald eagles; bald wrinkled man,B2
Bargain,/ˈbɑɹɡən/,n.,"bargain, bargains","bargainer (n.), bargaining (n.)",an agreement between two sides; something bought for less than its usual value｜雙方之間的協議；以低於平常價格購買的東西,The secondhand desk was a real bargain at that price.,good bargain; real bargain; bargain price,B2
Audio,/ˈɑdiˌoʊ/,adj.,no changes,None,"relating to sound that can be heard, especially in recording or broadcasting｜與可聽見的聲音相關的，特別是在錄製或廣播中的","But entering the back of the truck, there's an audio booth on the left.",audio feeds; audio tracks available; audio files,B2
Await,/əˈweɪt/,v.,"await, awaits, awaited, awaited, awaiting",None,look forward to the probable occurrence of｜期待可能的發生,Several difficult decisions await the new manager.,eagerly await; await a decision; challenges await,B2
Bandage,/ˈbændɪdʒ/,n.,"bandage, bandages",None,a piece of soft material that covers and protects an injured part of the body｜覆蓋並保護受傷部位的軟質材料,The nurse wrapped a clean bandage around his injured hand.,clean bandage; apply a bandage; remove the bandage,B2
Bankrupt,/ˈbæŋkɹəpt/,adj.,no changes,bankruptcy (n.),financially ruined｜財務破產,The company went bankrupt after losing its largest customer.,totally bankrupt; gone bankrupt; go bankrupt,B2
Basin,/ˈbeɪsən/,n.,"basin, basins",None,"a large area of low land drained by a river, or a wide natural hollow in the ground｜河流排水的大片低地，或地面上的寬廣天然凹陷","The river basin receives heavy rainfall every summer, which feeds the surrounding farmland.",river basin; catchment basin; ocean basin,B2
Beggar,/ˈbɛɡɚ/,n.,"beggar, beggars",beggarly (adj.),a pauper who lives by begging｜以乞討為生的貧民,"It would be nice if this was an option in the settings or something, but beggars can't be choosers.",street beggar; see beggars; suffer beggar,B2
Blessing,/ˈblɛsɪŋ/,n.,"blessing, blessings",bless (v.),formal approval or a prayer for divine favor; something beneficial or fortunate｜正式批准或祈求神佑；有益或幸運的事物,"And I want to tell you, it's a blessing to be taken seriously by you and to be offered this opportunity.",receive a blessing; great blessing; blessing in disguise,B2
Biography,/baɪˈɑɡɹəfi/,n.,"biography, biographies","biographer (n.), biographical (adj.)",an account of the series of events making up a person's life｜記述個人一生中一系列事件的文章,I really appreciate that and I'm also impressed that you're reading these biographies.,great biography; detailed biography; creative biography,B2
Barrier,/ˈbæɹiɚ/,n.,"barrier, barriers",None,a structure or object that impedes free movement｜阻礙自由行動的結構或物體,"However, its adoption remains limited among scientists outside the deep learning community due to storage, compute, and technical expertise barriers.",put up a barrier; remove a barrier; create a barrier,B2
Battery,/ˈbætɚi/,n.,"battery, batteries",None,a device that stores and provides electrical energy to power equipment｜儲存並提供電能為設備供電的裝置,The old camera battery ran out just before she could take the final shot.,battery mode; social battery; car battery,B2
Behavior,/bɪˈheɪvjɚ/,n. [U],no changes,None,"the way a person, animal, organization, or system acts or responds｜人、動物、組織或系統的行為或反應方式","To address such inquiries, we utilize theoretical tools from scaling theory, enabling a quantitative description of how a system's behavior changes across different scales, from micro to macro.",human behavior; system behavior; behavioral science,B2
Blink,/ˈblɪŋk/,v.,"blink, blinks, blinked, blinked, blinking","blinker (n.), blinking (n.)",to close and open the eyes quickly; to flash on and off｜快速閉合和睜開眼睛；閃爍,I programmed this to blink more brightly depending on the level of sound coming out of a headphone jack.,blink rapidly; blink twice; blink in bright light,B2
Blossom,/ˈblɑsəm/,n.,"blossom, blossoms",None,reproductive organ of angiosperm plants especially one having showy or colorful parts｜被子植物的繁殖器官，特指有鮮豔或彩色部分的,"The most recent major addition was a terraforming feature, and earlier updates added animals, Halloween decorations, cherry blossoms and other seasonal goodies.",blossom even though; blossom doesn't mean; eventually blossom,B2
Biology,/baɪˈɑlədʒi/,n. [U],no changes,"biologic (adj.), biologist (n.), biological (adj.)",the science that studies living organisms｜研究生物體的科學,"Concepts scale invariance, universalities, and fractals are fundamental to this inquiry and find application in biology, physics, and particularly urbanism.",molecular biology; evolutionary biology; in biology,B2
Bin,/ˈbɪn/,n.,"bin, bins",None,a container; usually has a lid｜有蓋的容器,A new generation of automated bin picking systems using deep learning is evolving to support increasing demand for e-commerce.,storage bin; recycling bin; trash bin,B2
Blade,/ˈbleɪd/,n.,"blade, blades",None,"a flat cutting edge; a broad, flat part of a tool, propeller, or leaf｜扁平的切割邊緣；工具、螺旋槳或葉片的寬扁平部分","They're deployed from a truck and are initially boosted by a rocket, but shortly after, a twin blade propeller and a smaller piston engine take over.",razor blade; fan blade; propeller blade,B2
Boast,/ˈboʊst/,v.,"boast, boasts, boasted, boasted, boasting",boaster (n.),to speak with excessive pride; to possess an impressive feature｜過度自豪地說話；擁有令人印象深刻的事物,NBA Live is genuinely a beautiful game with well- modeled players boasting visible sweat droplets and realistic skin rendering.,boast about; boast a long history; boast an impressive collection,B2
Bracelet,/ˈbɹeɪslət/,n.,"bracelet, bracelets",None,a band of cloth or leather or metal links attached to a wristwatch and wrapped around the wrist｜附於手錶或纏繞手腕的布、皮或金屬鏈帶,"Still, it’s hard to believe the non-college-educated workforce is buying all these luxury watches, Cartier bracelets, or designer handbags.",gold bracelet; charm bracelet; silver bracelet,B2
Blend,/ˈblɛnd/,v.,"blend, blends, blended, blent, blending",blender (n.),combine into one｜結合成為一體,Digital natives are creating a stable hybrid language that blends standard syntax with platform-specific emojis and clipped forms.,perfect blend; blend of flavours; smooth blend,B2
Bloom,/ˈblum/,v.,"bloom, blooms, bloomed, bloomed, blooming",bloomer (n.),to produce flowers; to develop or flourish｜開出花朵；發展或興旺,"The cherry trees bloom every April, attracting tourists from across the country.",full bloom; in bloom; spring bloom,B2
Broom,/ˈbɹum/,n.,"broom, brooms",None,a cleaning implement for sweeping; bundle of straws or twigs attached to a long handle｜打掃用的工具；附有長柄的稻草或樹枝束,He grabbed a broom and swept the fallen leaves from the front porch.,dust my broom; broom closet; corn broom,B2
Burglar,/ˈbɝɡlɚ/,n.,"burglar, burglars",burglarise (v.),a thief who enters a building with intent to steal｜侵入建築物意圖竊盜的小偷,"It's putting a burglar in charge of your security or some- I don't know, but it works.",catch a burglar; burglar alarm; unrepentant burglar,B2
Breed,/ˈbɹid/,v.,"breed, breeds, bred, bred, breeding","breeder (n.), breeding (n.)",to raise and keep animals or plants so that they produce young; to produce young｜飼養或種植動植物以使其繁殖；使繁殖,"It's a process called fish stocking, where fish are bred and released into the wild, often for the specific purpose of being fished out.",breed living; major horse breed; breed animals,B2
Bond,/ˈbɑnd/,n.,"bond, bonds",bondable (adj.),"a close connection between people, or a financial certificate representing a loan｜人與人之間的緊密聯繫，或代表貸款的金融憑證",This paper examines the effect of the political network of Chinese municipal leaders on the pricing of municipal corporate bonds.,tight bond; puerto rican bond; special bond,B2
Bounce,/ˈbaʊns/,v.,"bounce, bounces, bounced, bounced, bouncing","bouncy (adj.), bouncer (n.)",spring back; spring away from an impact｜彈回；受到撞擊後彈開,The ball bounced off the wall and rolled under the table.,bounce back; ball bounces; bounce off,B2
Bulletin,/ˈbʊlɪtən/,n.,"bulletin, bulletins",None,a short official news report｜簡短的官方新聞報導,The radio station broadcast a short news bulletin every hour.,bulletin board; news bulletin; local bulletin,B2
Broke,/ˈbɹoʊk/,adj.,no changes,None,lacking funds｜缺乏資金,He was completely broke after paying the unexpected bill.,flat broke; completely broke; go broke,B2
Brutal,/ˈbɹutəl/,adj.,"brutal, more brutal, most brutal","brutally (adv.), brutality (n.)",(of persons or their actions) able or disposed to inflict pain or suffering｜（指人或其行為）能夠或傾向於施加痛苦或苦難,"The world had fought a brutal world war that was fought with new weapons that were powered by this new important substance, oil.",pretty brutal; brutal campaign; absolutely brutal,B2
Cabinet,/ˈkæbənət/,n.,"cabinet, cabinets",None,a piece of furniture resembling a cupboard with doors and shelves and drawers; for storage or display｜一種像櫥櫃的家具，有門、架子和抽屜；用於儲存或展示,The plates are stored in the kitchen cabinet.,medicine cabinet; cabinet door; kitchen cabinet,B2
Cane,/ˈkeɪn/,n.,"cane, canes",None,a stick that people can lean on to help them walk｜人們用來輔助行走的棍子,The elderly man walked with a wooden cane.,walking cane; use a cane; lean on a cane,B2
Calculate,/ˈkælkjəˌleɪt/,v.,"calculate, calculates, calculated, calculated, calculating","calculus (n.), calculable (adj.), calculator (n.), calculation (n.), calculative (adj.)",make a mathematical calculation or computation｜進行數學計算,"Using dyadic representations elaborated from vectors of Jones, and calculating relations of anti-commutation of these tensorial forms, we obtain in shape explicit the Pauli spin matrices.",calculate risks; automatically calculate; calculate relations,B2
Canoe,/kəˈnu/,n.,"canoe, canoes",canoeist (n.),small and light boat; pointed at both ends; propelled with a paddle｜輕巧的小船；兩端尖銳；用槳划行,"If the flow is a river, it’s the difference between sitting in a canoe, following its path (Lagrangian), and standing on a bridge, looking down (Eulerian).",second canoe; canoe following; canoe sprint world,B2
Campaign,/kæˈmpeɪn/,n.,"campaign, campaigns",campaigner (n.),"an organized series of actions intended to achieve a political, social, commercial, or military goal｜為實現政治、社會、商業或軍事目標而組織的一系列行動",It's a pressure campaign that comes after a bombing campaign they called Epic Fury.,brutal campaign; run a campaign; election campaign,B2
Calculation,/ˌkælkjəˈleɪʃən/,n.,"calculation, calculations",calculate (v.),the procedure of calculating; determining something by mathematical or logical methods｜計算過程；通過數學或邏輯方法確定某事,Look at the calculation on the Democratic side.,expected utility calculation; power calculation; anatomical calculation,B2
Cargo,/ˈkɑˌɹɡoʊ/,n.,"cargo, cargoes",None,goods carried by a large vehicle｜由大型交通工具運輸的貨物,The joint military strikes were a response to nearly two months of attacks by the Iran-backed Houthis movement on cargo ships in the Red Sea.,cargo pants; carry cargo; cargo ship,B2
Candidate,/ˈkændədeɪt/,n.,"candidate, candidates",None,a politician who is running for public office｜競選公職的政治人物,"Colbert mocked the feud between the candidate and the Pope, stating that the pontiff had effectively read him for filth.",centrist candidate; own candidate; future candidate,B2
Calorie,/ˈkælɚi/,n.,"calorie, calories",caloric (adj.),a unit used to measure the amount of energy that food provides to the body｜用於測量食物為身體提供能量的單位,And that allows me to take in the protein I need without consuming excess calories.,calorie-restricted diet; reduce calories; count calories,B2
Catalogue,/ˈkætəˌlɔɡ/,n.,"catalogue, catalogues","cataloger (n.), cataloguer (n.)",a complete list of things; usually arranged systematically｜事物的完整列表；通常有系統地排列,The museum published a detailed catalogue of its ancient coin collection.,wonderful catalogue; fake shoe catalogue; construct a catalogue,B2
Capitalist,/ˈkæpətələst/,n.,"capitalist, capitalists","capital (n.), capitalism (n.)",a person who invests money in businesses to make a profit; relating to capitalism｜投資企業以獲利的個人；與資本主義相關,"After I introduced Horse Tinder a few weeks ago, venture capitalists have been stampeding to fund it.",capitalist economies; capitalist exploit; capitalist versus,B2
Capacity,/kəˈpæsəti/,n. [U],no changes,"capacious (adj.), capacitate (v.)",capability to perform or produce｜執行或生產的能力,The category of Valuing Non-Sentients describes AI agents that possess the ability to value outcomes without the biological capacity to feel pain.,r d capacity; industrial capacity; business capacity,B2
Carve,/ˈkɑɹv/,v.,"carve, carves, carved, carved, carving","carver (n.), carving (n.)",to cut a material such as wood or stone to make an object or shape｜切割木頭、石頭等材料以製作物體或形狀,The artist used a sharp knife to carve a small bird from a block of wood.,carve a statue; carve into wood; carve a shape,B2
Cease,/ˈsis/,v.,"cease, ceases, ceased, ceased, ceasing","ceaseless (adj.), ceaselessly (adv.)",put an end to a state or an activity｜終止某種狀態或活動,The factory will cease operations at the end of the month.,cease operations; cease immediately; cease to exist,B2
Championship,/ˈtʃæmpiəˌnʃɪp/,n.,"championship, championships",None,a competition to decide a champion; the title or status of being champion｜決定冠軍的競賽；冠軍的頭銜或地位,The team reached the national championship for the first time.,win a championship; national championship; championship match,B2
Celebration,/ˌsɛləˈbɹeɪʃən/,n.,"celebration, celebrations",celebrate (v.),a joyful occasion for special festivities to mark some happy event｜為慶祝某件好事而舉行的歡樂場合,The victory was followed by a joyful celebration in the town square.,joyful celebration; birthday celebration; hold a celebration,B2
Carrier,/ˈkæɹiɚ/,n.,"carrier, carriers",carry (v.),a company or person that moves goods or people from one place to another｜將貨物或人從一處運送到另一處的公司或個人,The shipping carrier delivered all of our packages a day earlier than expected.,a shipping carrier; an air carrier; a mail carrier,B2
Category,/ˈkætəˌɡɔɹi/,n.,"category, categories","categoric (adj.), categorial (adj.), categorize (v.), categorical (adj.)",a collection of things sharing a common attribute｜具有共同屬性的事物集合,The category of Valuing Non-Sentients describes AI agents that possess the ability to value outcomes without the biological capacity to feel pain.,third category; last category; moral category,B2
Cherish,/ˈtʃɛɹɪʃ/,v.,"cherish, cherishes, cherished, cherished, cherishing",None,be fond of; be attached to｜喜愛；珍視,She will always cherish the memories of her childhood home.,cherish memories; deeply cherish; cherish family,B2
Charity,/ˈtʃɛɹɪti/,n.,"charity, charities",None,a foundation created to promote the public good (not for assistance to any particular individuals)｜為促進公共利益而創立的基金會（非為幫助特定個人）,"Credit card companies, despite their best efforts to appear otherwise, are not charities for rich people.",take charity; great charity; great straightforward charity,B2
Chamber,/ˈtʃeɪmbɚ/,n.,"chamber, chambers",None,a natural or artificial enclosed space｜自然或人造的封閉空間,The senator delivered her speech on the floor of the upper chamber.,upper chamber; magma chamber; gas chamber,B2
Characteristic,/ˌkɛɹəktɚˈɪstɪk/,n.,"characteristic, characteristics",character (n.),a typical quality or feature that makes a person or thing different from others｜使人或事物與他人不同的典型特質或特徵,Patience is the most important characteristic of a good teacher.,a key characteristic; physical characteristics; a common characteristic,B2
Chorus,/ˈkɔɹəs/,n.,"chorus, choruses","choral (adj.), choric (adj.)",a group singing together; the repeated section of a song｜合唱團；歌曲中重複的部分,Everyone joined in when the song reached the chorus.,song chorus; sing the chorus; repeated chorus,B2
Chemistry,/ˈkɛməstɹi/,n. [U],no changes,"chemic (adj.), chemist (n.), chemical (adj.)",the science of matter; the branch of the natural sciences dealing with the composition of substances and their properties and reactions｜物質的科學；自然科學中研究物質組成、性質及反應的分支,This work illustrates how target free search can significantly increase the rate of unpredictable observations leading to new discoveries with potential applications in formulation chemistry.,blood chemistry; study chemistry; body chemistry,B2
Chew,/ˈtʃu/,v.,"chew, chews, chewed, chewed, chewing","chewy (adj.), chewer (n.), chewing (n.)",chew (food); to bite and grind with the teeth｜咀嚼食物；用牙齒咬碎,He sat quietly and chewed a piece of bread while waiting for his order.,chew gum; chew through battery; big bone chew,B2
Circulation,/ˈsɝkjəˌleɪʃən/,n.,"circulation, circulations",circulate (v.),the movement of blood or fluid through a system; the distribution of publications or money｜血液或液體在系統中的流動；出版物或貨幣的流通,"It seems that it's the improvements in blood flow that also relate to improvements in things lymphatic flow, the circulation of lymph fluid within the brain that are enhancing neurogenesis.",blood circulation; improve circulation; circulation of blood,B2
Choke,/ˈtʃoʊk/,v.,"choke, chokes, choked, choked, choking","choker (n.), choking (n.)","breathe with great difficulty, as when experiencing a strong emotion｜呼吸困難，如情緒激動時",He began to choke after swallowing the food too quickly.,choke on food; choke off supply; strategic choke point,B2
Circular,/ˈsɝkjəlɚ/,adj.,"circular, more circular, most circular","circle (n.), circulate (v.), circularise (v.), circularity (n.), circularize (v.)",having a circular shape｜呈圓形,The architect designed a circular room with windows on every side.,circular shape; circular table; circular path,B2
Circulate,/ˈsɝkjəˌleɪt/,v.,"circulate, circulates, circulated, circulated, circulating","circle (n.), circular (n.), circulation (n.), circulative (adj.)","to move continuously through a system; to spread information, money, or items among people｜在系統中持續流動；散布資訊、貨幣或物品","And it's also going to depend on whether or not you have food in your gut, what else you happen to have circulating in your bloodstream, etc.",circulate in the bloodstream; circulate through the economy; widely circulated,B2
Civilian,/səˈvɪljən/,n.,"civilian, civilians",None,a nonmilitary citizen｜非軍事人員的平民,These strikes hit civilian targets a school and a bus station with hundreds of casualties.,civilian deaths; normal civilian; dead civilian,B2
Circumstance,/ˈsɝkəmˌstæns/,n.,"circumstance, circumstances",circumstantial (adj.),a condition that accompanies or influences some event or activity｜伴隨或影響某事件或活動的條件,"Under these circumstances, delaying the launch was the safest choice.",under the circumstances; difficult circumstances; special circumstances,B2
Clash,/ˈklæʃ/,v.,"clash, clashes, clashed, clashed, clashing",None,"to collide with force; to conflict strongly in ideas, interests, or style｜用力碰撞；在理念、興趣或風格上激烈衝突",Digital nomadism remains a privilege-based mobility that can create social tension when cosmopolitan identities clash with local economic realities.,clash with; clash over; ideas clash,B2
Civilization,/ˌsɪvəlɪˈzeɪʃən/,n.,"civilization, civilizations",civilize (v.),"a society in an advanced state of social development (e.g., with complex legal and political and religious organizations)｜處於社會發展高級階段的社會（如擁有複雜的法律、政治和宗教組織）","Natural selection has accelerated in recent history, shaping genes related to the immune system as ancient civilizations emerged.",technological civilization; advanced civilization; civilization everywhere,B2
Clumsy,/ˈklʌmzi/,adj.,"clumsy, clumsier, clumsiest","clumsily (adv.), clumsiness (n.)",lacking grace in movement or posture｜動作或姿勢缺乏優雅,And I was a really clumsy human being who had no sense of where my hips were.,often clumsy; clumsy way; clumsy human,B2
Classify,/ˈklæsəˌfaɪ/,v.,"classify, classifies, classified, classified, classifying","class (n.), classifier (n.), classification (n.), classificatory (adj.)",arrange or order by classes or categories｜按類別排列或排序,Six modes of self-propelled droplets motion were identified and classified using a time-temperature phase diagram and probed using a variety of techniques including NMR.,classify information; automatically classify; classify several families,B2
Cliff,/ˈklɪf/,n.,"cliff, cliffs",None,a steep high face of rock｜陡峭的高岩壁,The hikers stopped at the cliff edge to admire the wide valley spread out below.,cliff effects; cliff face; sheer cliff,B2
Clarify,/ˈklɛɹəˌfaɪ/,v.,"clarify, clarifies, clarified, clarified, clarifying",clarification (n.),make clear and (more) comprehensible｜使清晰且更易理解,A prerequisite for examining the latter is to clarify some epistemological milestones regarding the cognitive status we can attribute to its phenomenology.,clarify a question; results clarify; help clarify,B2
Coarse,/ˈkɔɹs/,adj.,"coarse, coarser, coarsest",coarseness (n.),of textures that are rough to the touch or substances consisting of relatively large particles｜質地粗糙的，或由較大顆粒組成的物質,"You keep the dynamic physics-based movement on each strand on both modes, but you'll notice that the frame rate mode reverts to a coarser look with lower quality lighting.",coarse texture; coarse material; coarse language,B2
Classification,/ˌklæsəfəˈkeɪʃən/,n.,"classification, classifications",classify (v.),the act of distributing things into classes or categories of the same type｜將事物分門別類的行為,Classification of targets by radar has proved to be notoriously difficult with the best systems still yet to attain sufficiently high levels of performance and reliability.,official classification; nearly equivalent classification; various classifications,B2
Claw,/ˈklɔ/,n.,"claw, claws",None,sharp curved horny process on the toe of a bird or some mammals or reptiles｜鳥類或某些哺乳動物、爬行動物腳趾上鋒利的彎曲角狀突起,The eagle held the fish tightly in its sharp claws.,sharp claw; metal claw; open claw,B2
Collapse,/kəˈlæps/,v.,"collapse, collapses, collapsed, collapsed, collapsing",collapsible (adj.),"break down, literally or metaphorically｜崩潰，不論是字面上或比喻上",The damaged roof collapsed during the storm.,building collapses; collapse suddenly; economy collapses,B2
Commander,/kəˈmændɚ/,n.,"commander, commanders","command (v.), commandership (n.)",an officer in command of a military unit｜指揮軍事單位的軍官,And that language of human in the loop is really interesting because you have a lot of military commanders then and since saying we will always have a human in the loop.,senior commander; code age commander; local commander,B2
Code,/ˈkoʊd/,n.,"code, codes",coder (n.),a set of rules or laws that people must follow｜人們必須遵守的一套規則或法規,The building code requires a fire exit on every floor.,building code; dress code; code of conduct,B2
Combination,/ˌkɑmbəˈneɪʃən/,n.,"combination, combinations","combine (v.), combinatorial (adj.)",a collection of things that have been combined; an assemblage of separate parts or qualities｜事物的集合；不同部分或特性的組合,Results of the present study show evidence of significant emotional valence behaviour differences between some age ranges and gender combinations.,rare combination; weird combination; color combination,B2
Commerce,/ˈkɑmɚs/,n. [U],no changes,commercial (adj.),transactions (sales and purchases) having the objective of supplying commodities (goods and services)｜以供應商品（貨物和服務）為目的的交易（銷售和購買）,We will not hesitate to defend lives and the free flow of commerce.,commerce expert; mutual commerce; regarding interstate commerce,B2
Comment,/ˈkɑmɛnt/,n.,"comment, comments","commentary (n.), commentate (v.)",a statement that expresses a personal opinion or belief or adds information｜表達個人意見、信念或補充資訊的言論,"Okay guys, under nearly every video that I make about web servers or reverse proxies, I always get this one comment.",leave comments; make a comment; in the comments,B2
Comedy,/ˈkɑmədi/,n.,"comedy, comedies",None,light and humorous drama with a happy ending｜輕鬆幽默且以快樂結局收場的戲劇,I wasn't going to let nobody get in my way because that's how much I loved comedy.,dark comedy; comedy heroes; comedy festival,B2
Commit,/kəˈmɪt/,v.,"commit, commits, committed, committed, committing","commitment (n.), committed (v.)","perform an act, usually with a negative connotation｜執行一個行為，通常帶有負面含義","Hamas is a violent extremist group known to commit heinous violence against civilians in Israel, and they were now in power.",commit murder; commit fraud; commit cannibalism,B2
Colleague,/ˈkɑliɡ/,n.,"colleague, colleagues",collegial (adj.),an associate that one works with｜與自己共事的人,She sent a message to her colleague asking for help with the presentation slides.,senior colleague; close colleague; former colleague,B2
Communication,/kəˌmjunəˈkeɪʃən/,n. [U],no changes,"communicate (v.), communicational (adj.)",the activity of communicating; the activity of conveying information｜溝通的活動；傳遞資訊的活動,Linguistic hybridization is becoming the dominant mode of professional communication in virtual workspaces across the globe.,communication strategies; communication skills; communication whether,B2
Companion,/kəˈmpænjən/,n.,"companion, companions",companionship (n.),a friend who is frequently in the company of another｜經常與人相伴的朋友,"Modern AI companions utilize comprehensive memory to reference previous sessions, which significantly improves the therapeutic alliance.",imaginary companion; constant companion; faithful companion,B2
Composer,/kəˈmpoʊzɚ/,n.,"composer, composers",compose (v.),someone who composes music as a profession｜以作曲為職業的人,The composer wrote music for several award-winning films.,great composer; film composer; classical composer,B2
Community,/kəˈmjunəti/,n.,"community, communities",communal (adj.),a group of people living in a particular local area｜住在特定地區的一群人,The new park was designed to bring the local community together for outdoor events.,international community; community project; local community,B2
Competition,/ˌkɑmpəˈtɪʃən/,n. [U],no changes,compete (v.),a business relation in which two parties compete to gain customers｜商業關係中雙方為爭取顧客而競爭,"Even if it doesn't mean a dramatic decrease in prices, more competition is a good thing.",actual competition; novice competition; insane competition,B2
Competitive,/kəˈmpɛtətɪv/,adj.,"competitive, more competitive, most competitive","compete (v.), competitiveness (n.)",involving competition or competitiveness｜涉及競爭或具有競爭性的,The company operates in a highly competitive market.,competitive market; competitive sport; highly competitive,B2
Competitor,/kəˈmpɛtətɚ/,n.,"competitor, competitors",compete (v.),the contestant you hope to defeat｜你希望擊敗的參賽者,The new café became a serious competitor to the established bakery across the street.,weaker competitor; hurdles competitor; main competitor,B2
Complicate,/ˈkɑmpləˌkeɪt/,v.,"complicate, complicates, complicated, complicated, complicating",complication (n.),to make something more difficult to do or understand｜使某事物更難做或理解,Adding too many new rules will only complicate the simple process even further.,complicate matters; complicate the situation; further complicate,B2
Compose,/kəˈmpoʊz/,v.,"compose, composes, composed, composed, composing","composer (n.), component (n.), composing (n.), composure (n.), compositor (n.), composition (n.)",to create music or writing; to form or make up something｜創作音樂或文章；組成或構成,She sat at the piano each evening to compose original music for the school concert.,compose music; compose a song; compose for an orchestra,B2
Concentrate,/ˈkɑnsənˌtɹeɪt/,v.,"concentrate, concentrates, concentrated, concentrated, concentrating",concentration (n.),to focus attention or effort; to make a substance stronger or denser｜集中注意力或精力；使物質更強或更濃,It is difficult to concentrate in an office where everyone is talking at once.,concentrate on; concentrate fully; difficult to concentrate,B2
Composition,/ˌkɑmpəˈzɪʃən/,n.,"composition, compositions",compose (v.),the spatial property resulting from the arrangement of parts in relation to each other and to the whole｜各部分與整體及相互之間的空間關係,"Over the last few centuries, human intervention, invasive species, and climate warming have drastically affected the composition and health of Mediterranean ecosystems on almost every continent.",composition box; message composition; frequency composition,B2
Concentration,/ˌkɑnsənˈtɹeɪʃən/,n.,"concentration, concentrations",concentrate (v.),the strength of a solution; number of molecules of a substance in a given volume｜溶液的濃度；單位體積中物質的分子數,And this is interesting because this is a copper tripeptide that has been found to decrease in expression and concentration as we age.,customer concentration; market concentration; high concentration,B2
Concerning,/kəˈnsɝnɪŋ/,adj.,no changes,None,causing worry or anxiety; alarming｜引起擔憂或焦慮的；令人不安的,Cannabis use is probably the most concerning thing that I see in clinical practice.,deeply concerning; highly concerning; concerning trend,B2
Conductor,/kəˈndʌktɚ/,n.,"conductor, conductors",conduct (v.),the person who leads a musical group｜領導樂團的人,But the brain ultimately appears to be the conductor of this orchestra of physiology and metabolism.,ideal conductor; inner conductor; orchestra conductor,B2
Confusion,/kənˈfjuʒən/,n. [U],no changes,confuse (v.),disorder resulting from a failure to behave predictably｜因行為不可預測而造成的混亂,"When you have conceptual clarity, I think there's less confusion.",confusion anxiety; reduce confusion; cause confusion,B2
Concept,/ˈkɑnsɛpt/,n.,"concept, concepts",conceptual (adj.),an abstract or general idea inferred or derived from specific instances｜從具體實例推斷或得出的抽象概念,The design concept of soft fascination uses specific spatial geometries to help the human brain recover from intense digital fatigue.,core concept; whole concept; general concept,B2
Concrete,/kənˈkɹit/,adj.,"concrete, more concrete, most concrete","concretion (n.), concreteness (n.)",capable of being perceived by the senses; not abstract or imaginary｜能夠被感官知覺的；具體的而非抽象的,The team laid out a concrete plan with specific steps and clear deadlines.,roman concrete; giant concrete; concrete examples,B2
Confess,/kəˈnfɛs/,v.,"confess, confesses, confessed, confessed, confessing","confessor (n.), confession (n.)","confess to a punishable or reprehensible deed, usually under pressure｜通常在壓力下承認應受懲罰或不當的行為",He was reluctant to confess that he had made an error in the financial report.,confess a crime; confess the truth; reluctant to confess,B2
Consequent,/ˈkɑnsəkwənt/,adj.,"consequent, more consequent, most consequent",consequence (n.),following or accompanying as a consequence｜作為結果而隨之發生的,"Moreover, the often highly overlapping gene sets and the consequent low interpretability of gene sets' collections demand for a reduction of the included gene sets.",consequent loss; consequent damage; direct and consequent,B2
Confidence,/ˈkɑnfədəns/,n. [U],no changes,"confide (v.), confident (adj.), confidential (adj.)",freedom from doubt; belief in yourself and your abilities｜沒有懷疑；相信自己和自身能力,Regular practice gave her the confidence to speak in front of a large audience.,confidence comes; real confidence; complete confidence,B2
Conference,/ˈkɑnfɚəns/,n.,"conference, conferences",confer (v.),a large formal meeting where people discuss a topic｜人們討論議題的大型正式會議,The annual conference brought together educators from across the region.,press conference; annual conference; attend conference,B2
Congratulate,/kənˈɡɹætʃəˌleɪt/,v.,"congratulate, congratulates, congratulated, congratulated, congratulating","congratulation (n.), congratulatory (adj.)",say something to someone that expresses praise｜對某人說出表揚的話,"I've got to also congratulate you, Alex, for doing a effective presentation there while working out.",genuinely congratulate; congratulate yourselves; warmly congratulate,B2
Conscience,/ˈkɑnʃəns/,n.,"conscience, consciences",conscientious (adj.),motivation deriving logically from ethical or moral principles that govern a person's thoughts and actions｜源自支配人思想和行為的道德或倫理原則的動機,"Throughout the show, Matt leaned on his faith, questioning his own conscience, and delving into morality and justice through conversations with Karen, Jessica or even Dex.",islam conscience; own conscience; clean conscience,B2
Conquer,/ˈkɑŋkɚ/,v.,"conquer, conquers, conquered, conquered, conquering","conqueror (n.), conquering (n.)",to put down by force or authority｜用武力或權威鎮壓,"You're not trying to conquer your body, but you do need to nudge it and sometimes push it.",conquer territory; conquer fear; conquer enemies,B2
Consequence,/ˈkɑnsəkwəns/,n.,"consequence, consequences","consequent (adj.), consequential (adj.)",a phenomenon that follows and is caused by some previous phenomenon｜後果；結果,"As a consequence of these fires, a large number of structures are destroyed, releasing household chemicals into the environment as uncontrolled toxins.",logical consequence; downstream consequence; catastrophic consequence,B2
Constitute,/ˈkɑnstəˌtut/,v.,"constitute, constitutes, constituted, constituted, constituting","constituent (adj.), constitution (n.)",form or compose｜構成；組成,The committee's bylaws constitute the primary legal framework for all decisions.,environmental fluctuations constitute; article constitute; constitute progress,B2
Congress,/ˈkɑŋɡɹəs/,n.,"congress, congresses",None,the legislature of the United States government｜美國國會,Congress even held hearings and quoted song lyrics.,member of congress; address congress; act of congress,B2
Constitution,/ˌkɑnstəˈtuʃən/,n.,"constitution, constitutions","constitute (v.), constitutionalize (v.)",law determining the fundamental political principles of a government｜憲法,"It creates a constitution meant to balance the power between all of these religious groups, but that balance wouldn't last.",violate constitution; new constitution; amend constitution,B2
Constructive,/kənsˈtɹʌktɪv/,adj.,"constructive, more constructive, most constructive",constructiveness (n.),constructing or tending to construct or improve or promote development｜建設性的；有助益的,Her constructive feedback helped the team improve the design before the launch.,constructive solid geometry; constructive comments; constructive thing,B2
Conservative,/kəˈnsɝvətɪv/,adj.,"conservative, more conservative, most conservative",conservativism (n.),resistant to change｜保守的；守舊的,"It's possible that this is a more conservative spin on the returnal system, or perhaps it uses a more conventional layout system altogether.",conservative approach; conservative movement; conservative voices,B2
Consistent,/kəˈnsɪstənt/,adj.,"consistent, more consistent, most consistent","consistently (adv.), consistency (n.)",always behaving or happening in the same way｜一致的；穩定的,"When we aren't getting great sleep on a consistent basis, everything suffers.",pretty consistent; really consistent; remain consistent,B2
Consist,/kəˈnsɪst/,v.,"consist, consists, consisted, consisted, consisting","consistence (n.), consistency (n.)",to be composed or made up of particular parts; to have a basis in something｜由...組成；基於,"To the best of our knowledge, this work presents the first demonstration of successfully training deep RL agents in the real world using observations that exclusively consist of tactile images.",consist of parts; consist mainly of; consist entirely of,B2
Construct,/kənsˈtɹʌkt/,v.,"construct, constructs, constructed, constructed, constructing","constructor (n.), construction (n.)",make by combining materials and parts｜建造；構建,Workers constructed a temporary bridge across the river.,construct a building; construct a model; carefully construct,B2
Construction,/kənsˈtɹʌkʃən/,n.,"construction, constructions",construct (v.),the act of constructing something｜建造；建築,Our results indicate that convolutional autoencoders may provide an effective platform for the construction of surrogate climate models.,construction company; begin construction; construction site,B2
Consultant,/kəˈnsʌltənt/,n.,"consultant, consultants","consult (v.), consultancy (n.)",an expert who gives advice｜顧問,"And when he went into elected office, which is a part-time legislature, he then became a consultant for charter schools.",management consultant; senior consultant; independent consultant,B2
Consult,/kəˈnsʌlt/,v.,"consult, consults, consulted, consulted, consulting","consultant (n.), consultive (adj.), consultation (n.), consultative (adj.), consultatory (adj.)",get or ask advice from｜諮詢；請教,The architect decided to consult an engineer before finalising the structural design.,consult fees; consult congress; consult someone,B2
Contest,/ˈkɑntɛst/,n.,"contest, contests","contestee (n.), contester (n.), contestable (adj.), contestation (n.)",an occasion on which a winner is selected from among two or more contestants｜競賽；比賽,"After all, Beijing is certainly not trying to win a global popularity contest when it comes to Taiwan — domestic Chinese legitimacy is all that matters.",drinking contest; global popularity contest; enter a contest,B2
Content,/ˈkɑntɛnt/,n. [U],no changes,"contain (v.), contentment (n.)",everything that is included in a collection and that is held or included in something｜內容；所含之物,"Generative AI has transitioned from simple content generation to autonomous orchestration, where multimodal reasoning serves as the core cognitive engine for complex, real-world problem solving.",emotional content; japanese content; fab content,B2
Container,/kəˈnteɪnɚ/,n.,"container, containers","contain (v.), containerise (v.), containerize (v.)",an object used to hold or store things｜容器,He poured the leftover soup into a plastic container and stored it in the fridge.,container images; container file system; container restart policy,B2
Continual,/kəˈntɪnjuəl/,adj.,"continual, more continual, most continual",continually (adv.),occurring without interruption; chiefly restricted to what recurs regularly or frequently in a prolonged and closely spaced series｜持續的；不斷的,Do you think football would be as entertaining if there wasn't this continual possibility that someone might get hurt.,support for continual; used for continual; method for continual,B2
Consume,/kəˈnsum/,v.,"consume, consumes, consumed, consumed, consuming","consumer (n.), consumable (adj.), consumption (n.), consumptive (adj.)",eat immoderately｜過度食用；大吃,And that allows me to take in the protein I need without consuming excess calories.,consume content; time-consuming; end up consuming,B2
Consumer,/kəˈnsumɚ/,n.,"consumer, consumers",consume (v.),a person who uses goods or services｜消費者,"But this also makes imports to China more expensive, driving up the price of its consumer goods.",consumer confidence; regular consumer; lower income consumer,B2
Context,/ˈkɑntɛkst/,n.,"context, contexts",contextual (adj.),discourse that surrounds a language unit and helps to determine its interpretation｜脈絡；上下文,My dad put things in context when I asked him what he loved the most about watching the production crew in here.,historical context; single context; context windows,B2
Contrary,/ˈkɑntɹɛɹi/,adj.,"contrary, more contrary, most contrary",contrariness (n.),very opposed in nature or character or purpose｜相反的；對立的,"On the contrary, at the time of the alleged takeoff economic growth started to be diverted to a slower trajectory.",contrary view; on the contrary; contrary evidence,B2
Converse,/ˈkɑnvɚs/,v.,"converse, converses, conversed, conversed, conversing",conversation (n.),carry on a conversation｜進行對話,"Where we left off, we were conversing with our chatbot using text.",converse with; converse about; freely converse,B2
Continuous,/kəˈntɪnjuəs/,adj.,"continuous, more continuous, most continuous","continuously (adv.), continuity (n.)",continuing in time or space without interruption｜在時間或空間上持續不間斷,Continuous Glucose Monitors are now standard for endurance athletes to adjust carbohydrate intake in real-time based on metabolic spikes.,continuous loop; challenging continuous; continuous improvement,B2
Convenience,/kəˈnvinjəns/,n.,"convenience, conveniences",convenient (adj.),the state of being suitable or opportune｜便利或適宜的狀態,"Sociologists identify a proximity paradox in fifteen minute cities, where hyper-local convenience may inadvertently lead to social stratification.",convenience stores; for convenience; improving convenience,B2
Contrast,/ˈkɑntɹæst/,n.,"contrast, contrasts","contrasty (adj.), contrastive (adj.)","the opposition or dissimilarity of things that are compared; ,｜被比較事物之間的對立或差異","In contrast to the previous works in quantum- modeling, we proceed in the state-dependent framework; in particular, distributivity, compatibility, and RRE are considered in a fixed mental state.",interesting contrast; greater contrast; big contrast,B2
Contribute,/kənˈtɹɪbjut/,v.,"contribute, contributes, contributed, contributed, contributing","contributor (n.), contribution (n.), contributive (adj.), contributory (adj.)","to give money, time, ideas, or effort; to help cause a result｜提供金錢、時間、想法或努力；有助於產生結果",Several factors contribute to the success of the project.,contribute financially; contribute to growth; contribute back,B2
Contribution,/ˌkɑntɹəˈbjuʃən/,n.,"contribution, contributions",contribute (v.),"something given or supplied; a part played by any person, factor, or process in producing a result｜給予或提供的東西；在產生結果中任何人、因素或過程所扮演的角色","The thermodynamic contribution is robust and well understood, but theoretical understanding of the microphysical and dynamical contributions is still being developed.",main contribution; major contribution; primary contribution,B2
Convey,/kəˈnveɪ/,v.,"convey, conveys, conveyed, conveyed, conveying",conveyance (n.),"make known; pass on, of information｜使知曉；傳達訊息",A simple diagram can often convey a complex idea more clearly than words alone.,necessarily convey; convey sound; convey a message,B2
Convention,/kəˈnvɛnʃən/,n.,"convention, conventions",conventional (adj.),"a large formal meeting; an accepted custom, rule, or way of doing something｜大型正式會議；被接受的習俗、規則或做事方式","By convention, formal letters begin with a greeting.",social convention; by convention; break with convention,B2
Conventional,/kəˈnvɛnʃənəl/,adj.,"conventional, more conventional, most conventional","conventionally (adv.), convention (n.)",following accepted customs and proprieties｜遵循被接受的習俗和傳統,"While conventional NMR requires averaging over large ensembles, recent progress with single-spin quantum sensors has created the prospect of magnetic imaging of individual molecules.",conventional monetary policy; conventional approach based; conventional weapons,B2
Cooperate,/koʊˈɑpɚˌeɪt/,v.,"cooperate, cooperates, cooperated, cooperated, cooperating","cooperator (n.), cooperation (n.), cooperative (adj.)",work together on a common enterprise of project｜在共同的事業或項目上一起工作,"Iraq has, on the whole, cooperated rather well.",receivers cooperate; both cooperate; humans cooperate,B2
Convince,/kəˈnvɪns/,v.,"convince, convinces, convinced, convinced, convincing",convincible (adj.),"make (someone) agree, understand, or realize the truth or validity of something｜使（某人）同意、理解或認識到某事的真相或有效性",The evidence convinced the jury that the account was accurate.,convince someone; convince of; difficult to convince,B2
Cope,/ˈkoʊp/,v.,"cope, copes, coped, coped, coping",None,come to terms with｜學會處理,She learned to cope with the stress of exams by exercising and keeping a journal.,community cope; cope adapt; transform cope,B2
Cord,/ˈkɔɹd/,n.,"cord, cords",None,a flexible line of fibers or wire; a cord-like structure in the body｜纖維或電線的柔性線；身體中的繩狀結構,Plug the power cord into the socket behind the desk.,umbilical cord; power cord; vocal cord,B2
Copper,/ˈkɑpɚ/,n. [U],no changes,coppery (adj.),a reddish-brown metal used for electrical wiring and pipes｜一種紅褐色的金屬，用於電線和管道,They're copper lines that go up to different positions in the stadium for sound and for headsets for communications and returns.,copper pipe; copper cables; make copper,B2
Costume,/kɑˈstum/,n.,"costume, costumes",costumer (n.),the attire worn in a play or at a fancy dress ball｜在戲劇或化裝舞會上穿的服裝,And they would do barbecues and they clean the gym and they would dress up in costumes and stuff.,a fancy costume; wear a costume; an elaborate costume,B2
Cottage,/ˈkɑtədʒ/,n.,"cottage, cottages",None,a small house with a single story｜單層小房子,They rented a small stone cottage by the lake for the summer holiday.,cottage industry anymore; whole cottage; cape cod cottage,B2
Cooperative,/koʊˈɑpɚˌeɪtɪv/,adj.,"cooperative, more cooperative, most cooperative","cooperate (v.), cooperativeness (n.)",involving the joint activity of two or more｜涉及兩個或多個的聯合活動,These works use models of cooperative multi-agent systems whereby agents strive to achieve a shared global goal.,fully cooperative; cooperative relationship; cooperative schemes,B2
Cooperation,/koʊˌɑpɚˈeɪʃən/,n. [U],no changes,cooperate (v.),joint operation or action｜聯合操作或行動,"The United Nations International Methane Emissions Observatory published a list of the world's top fifty sources, emphasizing the need for global cooperation in emission reduction.",global cooperation; effective cooperation; cooperation patterns,B2
Correspond,/ˌkɔɹəˈspɑnd/,v.,"correspond, corresponds, corresponded, corresponded, corresponding","correspondent (adj.), correspondence (n.)","be compatible, similar or consistent; coincide in their characteristics｜相容、相似或一致；在特徵上相符",The numbers in the report correspond closely to our earlier estimates.,correspond with; correspond to; closely correspond,B2
Coward,/ˈkaʊɚd/,n.,"coward, cowards",cowardly (adj.),a person who shows fear or timidity｜表現出恐懼或膽怯的人,Everyone called him a coward for running away from the fight.,corrupt coward; call someone a coward; utter coward,B2
Council,/ˈkaʊnsəl/,n.,"council, councils",None,a body serving in an administrative capacity｜理事會；具有行政職能的機構,And the UN Security Council is pressuring the parties to accept a ceasefire.,national security council; un security council; local council,B2
Courageous,/kɚˈeɪdʒəs/,adj.,"courageous, more courageous, most courageous","courage (n.), courageousness (n.)",possessing or displaying courage; able to face and deal with danger or fear without flinching｜勇敢的；有膽量的；能夠面對並處理危險或恐懼而不退縮,"What also ran in the family apparently was this streak, this courageous streak.",courageous singular figures; truly courageous; courageous acts,B2
Creativity,/ˌkɹieɪˈtɪvəti/,n. [U],no changes,creative (adj.),the ability to create｜創造力,The project encourages creativity and independent thinking.,artistic creativity; encourage creativity; show creativity,B2
Courtesy,/ˈkɝtəsi/,n.,"courtesy, courtesies",None,a courteous or respectful or considerate act｜禮貌的行為；尊敬的舉動,He showed courtesy by holding the door open for the visitors.,out of courtesy; common courtesy; show courtesy,B2
Counter,/ˈkaʊntɚ/,n.,"counter, counters",count (v.),going against or opposing something; a surface in a shop or kitchen where goods are served｜反對或對抗某事物；商店或廚房中陳列商品的檯面,She placed the groceries on the kitchen counter.,kitchen counter; checkout counter; counter space,B2
Craft,/ˈkɹæft/,n.,"craft, crafts","crafty (adj.), crafter (n.)",the skilled practice of a practical occupation｜手工藝；實用行業的熟練技藝,Basket weaving is a traditional craft in the region.,traditional craft; skilled craft; craft worker,B2
Crack,/ˈkɹæk/,n.,"crack, cracks","cracker (n.), cracking (n.)",a long narrow opening｜裂縫；狹窄的裂口,A long crack had formed in the wall after the earthquake shook the building.,crack open; ass crack; crack out,B2
Critic,/ˈkɹɪtɪk/,n.,"critic, critics","critical (adj.), criticize (v.)",a person who is professionally engaged in the analysis and interpretation of works of art｜批評家；評論家；專業從事藝術作品分析與詮釋的人,Critics argue that AI tools cause a narrowing of creative possibility by producing algorithmically safe aesthetics that lack human struggle.,silence critic; brutal critic; established critic,B2
Creation,/kɹiˈeɪʃən/,n.,"creation, creations",create (v.),the human act of creating｜創造；人類的創造行為,"Additionally, we describe the challenges facing the creation of cognitive systems that can be part of symbol emergence systems.",value creation; fourth creation; great creation,B2
Creep,/ˈkɹip/,v.,"creep, creeps, crept, crept, creeping","creepy (adj.), creeper (n.), creeping (n.)",move slowly; in the case of people or animals with the body near the ground｜緩慢移動；指人或動物身體貼近地面爬行,Cold fog began to creep across the valley as the temperature dropped at night.,process called creep; faults creep; terror creep,B2
Crunchy,/ˈkɹʌntʃi/,adj.,"crunchy, crunchier, crunchiest",None,having a hard texture that makes a loud sound when bitten or pressed.｜脆的；咬或按壓時發出聲音的硬質地,The fresh carrots were sweet and crunchy.,crunchy texture; crunchy snack; crunchy vegetables,B2
Cruelty,/ˈkɹulti/,n. [U],no changes,None,a cruel act; a deliberate infliction of pain and suffering｜殘酷的行為；蓄意造成的痛苦與苦難,The film shows the cruelty of war and its effect on families.,emotional cruelty; act of cruelty; extreme cruelty,B2
Critical,/ˈkɹɪtɪkəl/,adj.,"critical, more critical, most critical","critic (n.), criticism (n.), criticality (n.), criticalness (n.)",expressing careful judgment or criticism; extremely important or essential｜表達謹慎判斷或批評的；極其重要或必要的,This critical period is designed to facilitate the collection of real-world operational data and empirical evidence from autonomous vessel trials conducted across various jurisdictions.,critical periods; critical industries; absolutely critical,B2
Criticism,/ˈkɹɪtɪˌsɪzəm/,n. [U],no changes,"critical (adj.), criticise (v.)",disapproval expressed by pointing out faults or shortcomings｜透過指出錯誤或缺點來表達不贊同,And this criticism has been levied from both political directions.,biggest criticism; fair criticism; strong criticism,B2
Criticize,/ˈkɹɪtɪˌsaɪz/,v.,"criticize, criticizes, criticized, criticized, criticizing","criticism (n.), critic (n.)",find fault with; express criticism of; point out real or perceived flaws｜挑剔；表達批評；指出真正的或感知到的缺陷,Al Houthi criticizes the president publicly for pandering to what he sees as American imperialism in Muslim lands.,heavily criticize; start criticizing; people criticize,B2
Cunning,/ˈkʌnɪŋ/,adj.,"cunning, more cunning, most cunning",cunningly (adv.),clever in a sneaky or deceptive way; able to get what you want through clever tricks｜以狡詐或欺騙方式表現聰明的；能透過巧妙伎倆獲得想要的東西,"Andrew Scott plays the cunning Tom Ripley, a stylish con man who uses morally sketchy methods to get what he wants -- even murder.",cunning folk; cunning plan; baffling cunning,B2
Crush,/ˈkɹʌʃ/,v.,"crush, crushes, crushed, crushed, crushing","crusher (n.), crushing (n.)",come down on or keep down by unjust use of one's authority｜以不當使用權力來壓制或打壓,"Iran's military would normally be able to crush Iraq in an invasion, but maybe not anymore.",crush uprising; crush resistance; crush movement,B2
Cue,/ˈkju/,n.,"cue, cues",None,a signal that tells someone it is their turn to do or say something｜告訴某人輪到他做或說某事的信號,The director gave the actor a cue to begin his next line.,take a cue; give a cue; miss the cue,B2
Cushion,/ˈkʊʃən/,n.,"cushion, cushions","cushiony (adj.), cushioning (n.)",a soft pad used for comfort or support; something that reduces shock or impact｜用於舒適或支撐的軟墊；減少震動或衝擊的物品,She placed a soft cushion behind her back.,soft cushion; seat cushion; sit on a cushion,B2
Cube,/ˈkjub/,n.,"cube, cubes",None,a hexahedron with six equal squares as faces｜六面體；六個相同正方形面組成的幾何體,The best way to describe it is to talk about the Rubik's Cube.,cube test; use cube; cube prototype,B2
Curl,/ˈkɝl/,v.,"curl, curls, curled, curled, curling","curly (adj.), curler (n.), curling (n.)","form a curl, curve, or kink｜形成捲曲、彎曲或扭結",She watched the smoke curl upward from the chimney in the still winter air.,cable curl; high positive curl; curl into,B2
Curse,/ˈkɝs/,n.,"curse, curses",None,"a profane expression; a cause of harm, misfortune, or suffering｜褻瀆的話語；造成傷害、不幸或苦難的原因",All of us when we communicate suffer from the curse of knowledge and the curse of passion.,curse words; lay a curse; under a curse,B2
Damp,/ˈdæmp/,adj.,"damp, damper, dampest","damper (n.), dampness (n.)",slightly wet｜稍微潮濕的,The basement walls felt damp after the heavy rain.,damp metallic environment; cold and damp; damp conditions,B2
Curiosity,/ˌkjʊɹiˈɑsəti/,n.,"curiosity, curiosities",curious (adj.),a state in which you want to learn more about something｜想要了解更多事物的狀態,We describe a chemical robotic assistant equipped with a curiosity algorithm that can efficiently explore the state a complex chemical system can exhibit.,morbid curiosity; out of curiosity; natural curiosity,B2
Defeat,/dɪˈfit/,v.,"defeat, defeats, defeated, defeated, defeating",defeatist (n.),win a victory over｜戰勝,Then came World War I when the European powers defeated the Ottoman Empire and conquered all of this.,defeat enemies; suffer defeat; crushing defeat,B2
Deadline,/ˈdɛˌdlaɪn/,n.,"deadline, deadlines",None,the point in time at which something must be completed｜必須完成某事的時間點,"For these goals where time is involved and there is a deadline, we do take moments to assess our trajectory.",short deadline; hard deadline; ambitious deadline,B2
Defensible,/dɪˈfɛnsəbəl/,adj.,"defensible, more defensible, most defensible","defend (v.), defensibility (n.)",capable of being defended｜能夠被防守的,The professor argued that the theory was defensible only under very specific conditions.,morally defensible; legally defensible; fundamentally defensible,B2
Decoration,/ˌdɛkɚˈeɪʃən/,n.,"decoration, decorations",decorate (v.),something used to beautify｜用於美化的東西,"From Jeremy's sequin bedazzled jacket to Mike's Halloween decorations, it's a huge group of great talent, and none of it is wasted.",decoration cultural dancing; function decoration; doors signs decoration,B2
Curve,/ˈkɝv/,n.,"curve, curves","curvy (adj.), curvey (adj.), curvature (n.)",a smoothly bending line or shape; a gradual change or trend shown on a graph｜平滑彎曲的線條或形狀；圖表中顯示的漸進變化或趨勢,I'm starting to fall off the curve here.,phillips curve; different curve; horizon curve,B2
Defensive,/dɪˈfɛnsɪv/,adj.,"defensive, more defensive, most defensive",defend (v.),intended or appropriate for defending against or deterring aggression or attack｜用於或適合抵禦、阻止侵略或攻擊的,He became defensive when his colleagues questioned his research methodology.,defensive crouch; defensive response; defensive capability,B2
Declare,/dɪˈklɛɹ/,v.,"declare, declares, declared, declared, declaring","declarer (n.), declaration (n.), declarative (adj.), declaratory (adj.)",state emphatically and authoritatively｜斷言且權威地陳述,They seize large swaths of land in the north and they declare self-governance.,declare victory; declare war; declare loyalty,B2
Definite,/ˈdɛfənət/,adj.,"definite, more definite, most definite",definitely (adv.),precise; explicit and clearly defined｜精確的；明確且清晰的,"It's not a definite plan or anything, but we did spend a lot of time making sure that the dimensions were accurate for the inside of the building.",definite description; definite articles; definite downgrade,B2
Defense,/dɪˈfɛns/,n.,"defense, defenses",None,(military) military action or resources protecting a country against potential enemies｜保衛國家抵禦潛在敵人的軍事行動或資源,"The war is led by Crown Prince Mohammed bin Salman, Saudi Arabia's up-and-coming leader and defense minister.",defense space; defense industrial base; defense tech startups,B2
Defend,/dɪˈfɛnd/,v.,"defend, defends, defended, defended, defending","defence (n.), defender (n.), defendant (n.), defensive (adj.), defensible (adj.)",argue or speak in defense of｜為...辯護或發言,"Neuro-symbolic systems now provide 'traceable reasoning' pathways, allowing organizations to audit and defend AI decisions by connecting data patterns to explicit risk policies.",defend the title; defend a position; ready to defend,B2
Delicate,/ˈdɛləkət/,adj.,"delicate, more delicate, most delicate",None,exquisitely fine and subtle and pleasing; susceptible to injury｜極為精細微妙的；易受傷害的,But it's playing with a very delicate balancing act and there's a chance that it could stumble.,delicate balancing act; delicate situation; delicate feature,B2
Delight,/dɪˈlaɪt/,n.,"delight, delights",None,a feeling of extreme pleasure or satisfaction｜極度愉悅或滿足的感覺,The children squealed with delight when they saw the presents under the tree.,delight denied; own delight; delight concentration,B2
Delightful,/dɪˈlaɪtfəl/,adj.,"delightful, more delightful, most delightful",None,greatly pleasing or entertaining｜令人非常愉悅或娛樂的,"The film is more interesting than any documentary about rocks has any right to be, and it is genuinely delightful.",delightful watching joe; delightful people; delightful thing,B2
Depart,/dɪˈpɑɹt/,v.,"depart, departs, departed, departed, departing","departer (n.), departure (n.)",move away from a place into another direction｜離開某地前往另一方向,"The train was scheduled to depart at six, but it left twenty minutes late.",faithful depart; depart quantities; head officially depart,B2
Departure,/dɪˈpɑɹtʃɚ/,n.,"departure, departures",depart (v.),the act of leaving; a change or deviation from an accepted course or standard｜離開的行為；偏離公认標準的變化,Contemporary reviews of the time called it futuristic and a radical departure.,radical departure; big departure; quite high-profile departure,B2
Demand,/dɪˈmænd/,v.,"demand, demands, demanded, demanded, demanding",demander (n.),request urgently and forcefully｜緊急且強烈地要求,"Corporate boards now treat AI governance as a core competency, demanding real-time dashboards to monitor safety failures and bias vulnerabilities.",growing demand; demand change; meet demand,B2
Demonstrate,/ˈdɛmənsˌtɹeɪt/,v.,"demonstrate, demonstrates, demonstrated, demonstrated, demonstrating","demonstrator (n.), demonstration (n.), demonstrative (adj.)",give an exhibition of to an interested audience｜向有興趣的觀眾展示,"To demonstrate how the KDI's reverse proxy is working, let us also deploy a simple containerized application on this server.",demonstrate how; experimental results demonstrate; demonstrate using evidence,B2
Desperate,/ˈdɛspɹɪt/,adj.,"desperate, more desperate, most desperate",despair (v.),arising from or marked by despair or loss of hope｜由絕望或失去希望所引起的,"After three days without water, the hikers were desperate for help.",desperate attempt; resources desperate; too desperate,B2
Demonstration,/ˌdɛmənsˈtɹeɪʃən/,n.,"demonstration, demonstrations",demonstrate (v.),a show or display; the act of presenting something to sight or view｜展示；呈現事物的行為,"To the best of our knowledge, this work presents the first demonstration of successfully training deep RL agents in the real world using observations that exclusively consist of tactile images.",first demonstration; simple demonstration; demonstration videos,B2
Dependent,/dɪˈpɛndənt/,adj.,"dependent, more dependent, most dependent","depend (v.), dependence (n.), dependency (n.)","relying on or requiring a person or thing for support, supply, or what is needed｜依賴某人或某事物以獲得支持、供應或所需之物",The project's success was dependent on securing government funding before the deadline.,become dependent; dose dependent; heavily dependent,B2
Depression,/dɪˈpɹɛʃən/,n. [U],no changes,depress (v.),a mental state characterized by a pessimistic sense of inadequacy and a despondent lack of activity｜一種以自我不足的悲觀感及頹喪不振為特徵的心理狀態,A randomized controlled trial of a fully generative AI chatbot showed a fifty-one percent average decrease in depression symptoms.,great depression; treatment resistant depression; depression symptoms,B2
Dew,/ˈdu/,n. [U],no changes,dewy (adj.),water that has condensed on a cool surface overnight from water vapor in the air｜夜間空氣中的水蒸氣在涼爽表面凝結所形成的水,Tiny drops of dew covered the green grass early in the morning.,morning dew; heavy dew; fresh dew,B2
Dense,/ˈdɛns/,adj.,"dense, denser, densest","density (n.), denseness (n.)",permitting little if any light to pass through because of denseness of matter｜因物質密集而幾乎不透光,High-resolution maps reveal a complex network of dense dark matter clumps connected by faint filaments that form the invisible scaffolding of the universe.,incredibly dense; dense airspace; dense forest,B2
Deserve,/dɪˈzɝv/,v.,"deserve, deserves, deserved, deserved, deserving",None,be worthy or deserving｜值得；應得,"It clearly deserves credit for delivering on such a massive undertaking, particularly since the wealthiest nation on earth conspicuously has not.",deserve credit; you deserve better; truly deserve,B2
Detective,/dɪˈtɛktɪv/,n.,"detective, detectives",None,a police officer who investigates crimes｜調查罪案的警察,The detective interviewed every witness to the robbery.,detective novel; detective game; real detective,B2
Determination,/dɪˌtɝməˈneɪʃən/,n. [U],no changes,determine (v.),"firmness of purpose and will; also, the act of finding out the exact facts about something｜目的和意志的堅定；亦指查出某事物的精確事實",A lot of the determination of that starting number will be influenced some by genetics and some from your mom's health while she's pregnant with you.,self-determination; show determination; fierce determination,B2
Destruction,/dɪsˈtɹʌkʃən/,n. [U],no changes,destroy (v.),the termination of something by causing so much damage to it that it cannot be repaired or no longer exists｜透過造成嚴重損壞而終止某事物，使其無法修復或不再存在,Or could they tell a story about weapons of mass destruction.,environmental destruction; total destruction; destruction engine,B2
Despite,/dɪˈspaɪt/,prep.,no changes,None,without being affected by; not being prevented by something｜不受影響；不被某事物阻止,"Despite significant improvements in the last decades, the technology is not fully mature to be adopted for strenuous and non-programmed tasks.",despite becoming; despite the challenges; despite all odds,B2
Diligent,/ˈdɪlɪdʒənt/,adj.,"diligent, more diligent, most diligent",diligence (n.),quietly and steadily persevering especially in detail or exactness｜安靜而穩定地堅持，尤其在細節或精確性方面,"Yet building dams requires diligent planning, long time horizons, and is capital-intensive.",diligent student; diligent worker; diligent effort,B2
Devote,/dɪˈvoʊt/,v.,"devote, devotes, devoted, devoted, devoting","devotee (n.), devotion (n.)","give entirely to a specific person, activity, or cause｜將全部心力奉獻給特定的個人、活動或事業",She devoted her career to improving public health.,devote time; devote oneself; devote a career,B2
Devise,/dɪˈvaɪz/,v.,"devise, devises, devised, devised, devising","devisal (n.), devisee (n.), deviser (n.), devising (n.)","come up with (an idea, plan, explanation, theory, or principle) after a mental effort｜經過心智努力提出想法、計劃、解釋、理論或原則","After failing to strike a deal with the U.S., it was forced to devise a new strategy.",devise continual reinforcement; devise long-horizon plans; devise similarity measures,B2
Dignity,/ˈdɪɡnəti/,n. [U],no changes,dignify (v.),the quality of being worthy of esteem or respect｜值得尊敬或尊重的特質,"I take it for granted that when we say we want the poor to be uplifted, that we want people who are marginalized and disadvantaged in society to live lives of dignity and inclusion.",beneath my dignity; universal dignity; sense of dignity,B2
Device,/dɪˈvaɪs/,n.,"device, devices",None,an instrumentality invented for a particular purpose｜為特定目的而發明的工具,The new device is small enough to fit in a coat pocket and lasts all day on one charge.,touchscreen device; every device; mobile device,B2
Digest,/daɪˈdʒɛst/,v.,"digest, digests, digested, digested, digesting","digester (n.), digestion (n.), digestive (adj.), digestible (adj.)",convert food into absorbable substances｜將食物轉化為可吸收的物質,It can take hours for the stomach to fully digest a heavy meal.,digest laws; together digest; digest into,B2
Diligence,/ˈdɪlədʒəns/,n. [U],no changes,diligent (adj.),conscientiousness in paying proper attention to a task; giving the degree of care required in a given situation｜在任務中謹慎注意；給予所需程度的細心,"After a lifetime of diligence and anticipation, you’re either embraced by and absorbed into the establishment or bitterly estranged from it.",own due diligence; diligence phase; mentioned due diligence,B2
Diagram,/ˈdaɪəˌɡɹæm/,n.,"diagram, diagrams","diagramming (n.), diagrammatic (adj.), diagrammatical (adj.)",a drawing intended to explain how something works; a drawing showing the relation between the parts｜旨在解釋事物如何運作的圖形；顯示各部分關係的圖形,Six modes of self-propelled droplets motion were identified and classified using a time-temperature phase diagram and probed using a variety of techniques including NMR.,diagram showing; following diagram; diagram shows,B2
Diploma,/dɪˈploʊmə/,n.,"diploma, diplomas",None,a document certifying the successful completion of a course of study｜畢業證書,"We take for granted that someone will always be around to store our transcripts and that the name on our diplomas will hold, if not gain, in value.",high school diploma; earn a diploma; toward a diploma,B2
Differ,/ˈdɪfɚ/,v.,"differ, differs, differed, differed, differing","different (adj.), difference (n.)",be different｜不同,"And we made a prediction that since some of these connections differ, we're going to find genes that control neuro connectivity and that specialize in that function that differ.",differ from model; differ in terms; differ in strategy,B2
Diplomat,/ˈdɪpləˌmæt/,n.,"diplomat, diplomats",diplomatical (adj.),an official engaged in international negotiations｜外交官,Chinese diplomats have been working overtime since January portraying America as a reckless hypocrite.,senior diplomat; diplomat negotiated; career diplomat,B2
Digital,/ˈdɪdʒətəl/,adj.,no changes,digit (n.),using electronic signals represented by numbers; relating to computers or modern electronic technology｜數位的,"Originally, I came here to look at how timing equipment works with modern digital broadcast.",digital age; digital worker; digital platform,B2
Disadvantage,/ˌdɪsəˈdvæntɪdʒ/,n.,"disadvantage, disadvantages",disadvantageous (adj.),the quality of having an inferior or less favorable position｜劣勢,"But even before residency begins, med students are at a severe disadvantage… Since hospitals hold all the cards, they determine how residencies are distributed.",big disadvantage; general disadvantage; systematically disadvantage,B2
Disability,/ˌdɪsəˈbɪlɪti/,n.,"disability, disabilities",disabled (adj.),the condition of being unable to perform as a consequence of physical or mental unfitness｜殘疾,"I think things that we think are hardships or disabilities often end up being the things that make us who we are and , make us more sympathetic, give us added depth as humans.",developmental disability; physical disability; cope with disability,B2
Disaster,/dɪˈzæstɚ/,n.,"disaster, disasters",disastrous (adj.),a sudden event that causes great damage or suffering｜災難,Poor planning turned the product launch into a complete disaster for the company.,disaster recovery; environmental disaster; disaster happened,B2
Disgust,/dɪˈsɡʌst/,n. [U],no changes,None,strong feelings of dislike｜厭惡,He could not hide his disgust when he discovered the food had gone bad.,express disgust; feel disgust; show disgust,B2
Discourage,/dɪˈskɝɪdʒ/,v.,"discourage, discourages, discouraged, discouraged, discouraging",discouragement (n.),try to prevent; show opposition to｜阻止,High fees may discourage students from applying to the program.,discourage someone; strongly discourage; discourage from,B2
Dismiss,/dɪˈsmɪs/,v.,"dismiss, dismisses, dismissed, dismissed, dismissing","dismissal (n.), dismissive (adj.)",to decide that something is not important and not worth thinking about｜不予理會,The manager was too quick to dismiss the new idea without hearing the details.,dismiss an idea; quickly dismiss; dismiss a concern,B2
Disguise,/dɪˈsɡaɪz/,v.,"disguise, disguises, disguised, disguised, disguising",None,make unrecognizable｜偽裝,"And you might say, well, why would they put more sugar into a food and then disguise the sugary taste given that sweet tastes often compel people to eat more of these things.",disguise your army; poorly disguise; disguise hardly,B2
Disappoint,/ˌdɪsəˈpɔɪnt/,v.,"disappoint, disappoints, disappointed, disappointed, disappointing",disappointment (n.),fail to meet the hopes or expectations of｜使失望,Why would it be that many boys feel they're going to be perceived as feminine if they say they're disappointed or sad or ashamed.,disappointed with results; disappointed in actions; deeply disappointed,B2
Discipline,/ˈdɪsəplən/,n.,"discipline, disciplines",disciplinary (adj.),a branch of knowledge｜學科,"I provide a brief overview of research on design cognition in other disciplines, and discuss opportunities for VIS to build an analogous research program.",every discipline; strict discipline; academic discipline,B2
Dispute,/dɪsˈpjut/,n.,"dispute, disputes",disputable (adj.),a disagreement or argument about something important｜爭議,"For all their differences, the gulf between Moldova and Transnistria was still relatively small compared to nearly every other post-Soviet dispute.",legal dispute; trade dispute; processing dispute,B2
Disorder,/dɪˈsɔɹdɚ/,n.,"disorder, disorders",None,a physical condition in which there is a disturbance of normal functioning｜疾病,And I feel I have a bit of a social interaction disorder for those first few minutes.,mood disorder; cognitive disorder; autoimmune disorder,B2
Distinguished,/dɪˈstɪŋɡwɪʃt/,adj.,"distinguished, more distinguished, most distinguished",None,recognized and respected for doing something very well; highly regarded｜傑出的,I call now on the distinguished Secretary of State of the United States of America.,distinguished players; distinguished secretary; distinguished engineer,B2
Distribution,/ˌdɪstɹəˈbjuʃən/,n.,"distribution, distributions",distribute (v.),the way something is spread out or shared among people or places｜分配,The charity organized the distribution of food to local families.,power distribution; spatial distribution; inverse chi-square distribution,B2
District,/ˈdɪstɹɪkt/,n.,"district, districts",None,a region marked off for administrative or other purposes｜區,You've had school districts that have had to come up with plans for when ICE comes to their door.,entertainment district; school district; business district,B2
Distinct,/dɪˈstɪŋkt/,adj.,"distinct, more distinct, most distinct","distinctly (adv.), distinction (n.)",clearly different or separate from others｜不同的,"Human cognitive behavior arises from the interaction of specialized brain networks dedicated to distinct functions, such as language, logic, and social reasoning.",really distinct; distinct areas; distinct look,B2
Disturb,/dɪˈstɝb/,v.,"disturb, disturbs, disturbed, disturbed, disturbing",disturbance (n.),move deeply｜干擾,And humans also play a role in disturbing their natural ecosystems.,deeply disturb; disturb the peace; disturb steady progress,B2
Distribute,/dɪsˈtɹɪbjut/,v.,"distribute, distributes, distributed, distributed, distributing","distributer (n.), distributor (n.), distribution (n.), distributive (adj.)","administer or bestow, as in small portions｜以小量配給或給予","And to that end, these clocks do fine distributing timing over the IP network using a protocol called PTP.",distribute supplies; distribute evenly; distribute the profits,B2
Distinguish,/dɪˈstɪŋɡwɪʃ/,v.,"distinguish, distinguishes, distinguished, distinguished, distinguishing",distinction (n.),mark as different｜區分；使有區別,It was hard to distinguish the two sisters from a distance because they looked so alike.,distinguish features; distinguish himself; clearly distinguish,B2
Diversity,/dɪˈvɝsəti/,n.,"diversity, diversities","diverse (adj.), diversify (v.)","a wide range of different things, people, or ideas within a group｜團體中不同事物、人或觀念的廣泛多樣性","In the current contribution we explore a new design of radar based target recognition, where angular diversity is used in a cognitive manner to attain better performance.",geographic diversity; ideological diversity; cultural diversity,B2
Divine,/dɪˈvaɪn/,adj.,"divine, more divine, most divine","diviner (n.), divinity (n.), divination (n.), divinatory (adj.)",emanating from God｜來自上帝的；神聖的,The priest described the vision as a sign of divine guidance.,divine guidance; divine light; divine power,B2
Divorce,/dɪˈvɔɹs/,n.,"divorce, divorces","divorcee (n.), divorcement (n.)",the legal dissolution of a marriage｜婚姻的法律解除,"Divorce can be messy, but even more if you're wealthy.",highest divorce rate; divorce settlement; file for divorce,B2
Dodge,/ˈdɑdʒ/,v.,"dodge, dodges, dodged, dodged, dodging","dodgy (adj.), dodger (n.), dodging (n.)",make a sudden movement in a new direction so as to avoid｜突然轉向新方向以避開,Combat produces gigantic blasts of colorful VFX as enemies emit orbs for the players to dodge.,dodge through a crowd; dodging on a grid; long dodge,B2
Diverse,/daɪˈvɝs/,adj.,"diverse, more diverse, most diverse","diversity (n.), diverseness (n.)",many and different｜多樣的；不同的,"The World Economic Forum warns that this fragmentation creates 'data silos' that severely hinder the scaling of AI, which requires vast, diverse, and cross-border datasets to remain effective.",generate diverse output; diverse environments; diverse bodies,B2
Dominant,/ˈdɑmənənt/,adj.,"dominant, more dominant, most dominant","dominate (v.), dominance (n.)",exercising influence or control｜具影響力或控制力的,Linguistic hybridization is becoming the dominant mode of professional communication in virtual workspaces across the globe.,dominant drivers; dominant role; powerful dominant,B2
Draft,/ˈdɹæft/,n.,"draft, drafts","drafty (adj.), draftee (n.), drafter (n.), drafting (n.)",a document ordering the payment of money; drawn by one person or bank on another｜滙票；由一人或銀行向另一人開出的付款單據,The bank issued a draft for the full amount.,bank draft; payment draft; issue a draft,B2
Dread,/ˈdɹɛd/,v.,"dread, dreads, dreaded, dreaded, dreading",None,be afraid or scared of; be frightened of｜害怕；恐懼,Many employees dread the thought of another reorganization.,dread doing; dread the thought; deeply dread,B2
Drowsy,/ˈdɹaʊzi/,adj.,"drowsy, drowsier, drowsiest","drowse (n.), drowsiness (n.)",half asleep｜半睡半醒的；昏昏欲睡的,The warm lecture hall made several students drowsy before the end of the presentation.,drowsy meds; getting drowsy; drowsy sleeper rich,B2
Dusty,/ˈdʌsti/,adj.,"dusty, dustier, dustiest","dust (n.), dustiness (n.)",covered with a layer of dust｜覆蓋著灰塵的,The attic was filled with dusty boxes and forgotten books from decades past.,dusty road; dusty streets; dusty shelf,B2
Durable,/ˈdʊɹəbəl/,adj.,"durable, more durable, most durable",durability (n.),existing for a long time｜持久耐用的；可長期存在的,"These plates are sleek and durable with clean curved edges, there's no framing required.",durable mistrust; durable consensus against; durable truth,B2
Drill,/ˈdɹɪl/,n.,"drill, drills",drilling (n.),a tool used for making holes in hard materials｜用於在硬質材料上鑽孔的工具,Use a power drill to make a hole in the wall.,power drill; drill bit; use a drill,B2
Dominate,/ˈdɑməˌneɪt/,v.,"dominate, dominates, dominated, dominated, dominating","dominant (adj.), dominion (n.), dominance (n.), domination (n.)","be larger in number, quantity, power, status or importance｜在數量、力量、地位或重要性上更大或更重要",The experienced team continued to dominate the national competition.,dominate market; dominate field; dominate world,B2
Dye,/ˈdaɪ/,v.,"dye, dyes, dyed, dyed, dyeing","dyer (n.), dyeing (n.)",color with dye｜用染料染色,But then the amount of food dye that's in the human food is a tiny fraction of that.,soul becomes dye; never dye; dye either,B2
Drift,/ˈdɹɪft/,v.,"drift, drifts, drifted, drifted, drifting","drifter (n.), driftage (n.), drifting (n.)",be in motion due to some air or water current｜因氣流或水流而移動,Smoke drifted slowly across the road.,drift away; smoke drifts; drift slowly,B2
Dynasty,/ˈdaɪnəsti/,n.,"dynasty, dynasties",dynastic (adj.),a sequence of powerful leaders in the same family｜同一家族中一系列有權勢的統治者,The dynasty ruled the region for more than two centuries.,zhou dynasty; jin dynasty; yuan dynasty,B2
Earphone,/ˈɪˌɹfoʊn/,n.,"earphone, earphones",None,a small speaker worn in or over the ear to listen to audio privately｜戴在耳內或耳上以私人聆聽音訊的小型揚聲器,"Turn Bluetooth off your phone if you aren’t using it Bluetooth is a helpful technology that allows you to connect devices over short distances, such as using wireless earphones with your phone.",versus wearing earphone; earphone award calling; audiobook an earphone,B2
Earnest,/ˈɝnɪst/,adj.,"earnest, more earnest, most earnest",earnestness (n.),sincere and serious in intention; genuinely meaning what you say｜真誠且認真的；真心誠意的,Please know that I am earnest in my efforts to tell this story with clarity and with accuracy.,earnest prayers; earnest attention; earnest disposition,B2
Economical,/ˌɛkəˈnɑmɪkəl/,adj.,"economical, more economical, most economical",economy (n.),using the minimum of time or resources necessary for effectiveness｜以最少時間或資源達到效果的,"Building the same plant over and over again is the key to making nuclear incredibly economical, incredibly boring and incredibly financeable.",economical choice; economical to run; economical use of resources,B2
Dynamic,/daɪˈnæmɪk/,adj.,"dynamic, more dynamic, most dynamic",dynamics (n.),characterized by action or forcefulness or force of personality｜以行動、果斷或個人魄力為特徵的,The team had a dynamic approach that allowed them to adapt quickly to change.,fully dynamic; small dynamic; dynamic allocation,B2
Economic,/ˌɛkəˈnɑmɪk/,adj.,"economic, more economic, most economic",economy (n.),"of or relating to an economy, the system of production and management of material wealth｜關於經濟的，與物質財富的生產和管理系統相關的","The World Economic Forum warns that this fragmentation creates 'data silos' that severely hinder the scaling of AI, which requires vast, diverse, and cross-border datasets to remain effective.",economic impact; economic downturn; economic policy,B2
Economics,/ˌɛkəˈnɑmɪks/,n. [U],no changes,None,the branch of social science that deals with the production and distribution and consumption of goods and services and their management｜研究商品和服務的生產、分配、消費及其管理的社會科學分支,"Thus, the question whether accounting numbers through models based on mathematical economics truly affect business value has an answer: Maybe, yes.",behavioral economics; keynesian economics; mainstream economics,B2
Elastic,/ɪˈlæstɪk/,adj.,"elastic, more elastic, most elastic",elasticity (n.),capable of resuming original shape after stretching or compression; springy｜能在拉伸或壓縮後恢復原狀的；有彈性的,The elastic band returned to its original shape.,elastic band; elastic material; highly elastic,B2
Economy,/ɪˈkɑnəmi/,n.,"economy, economies","economic (adj.), economist (n.), economize (v.), economical (adj.)",the system of production and distribution and consumption｜商品和服務的生產、分配和消費體系,The national economy grew steadily during the year.,national economy; global economy; growing economy,B2
Elementary,/ˌɛləˈmɛntɹi/,adj.,"elementary, more elementary, most elementary",element (n.),relating to the most basic level of education; simple and easy to understand｜關於最基礎教育程度的；簡單易懂的,"For me, it started when I was an elementary school student.",elementary school; elementary example; basic and elementary,B2
Electronics,/ɪˌlɛkˈtɹɑnɪks/,n. [U],no changes,electronic (adj.),"devices and systems that use electrical circuits, such as computers and phones; the study of such devices｜使用電路的設備和系統，如電腦和手機；此類設備的研究",She bought all the electronics for her new apartment at a large department store.,electronics market; modern electronics; consumer electronics,B2
Elegant,/ˈɛləɡənt/,adj.,"elegant, more elegant, most elegant",elegance (n.),refined and tasteful in appearance or behavior or style｜外表、行為或風格優雅且有品味的,She wore an elegant black dress to the dinner.,elegant interface; elegant solutions; elegant design,B2
Economist,/ɪˈkɑnəmɪst/,n.,"economist, economists",economy (n.),an expert in the science of economics｜經濟學專家,"Mainstream economists agree, though for different reasons.",political economist; chief economist; mathematical economist,B2
Efficiency,/ɪˈfɪʃənsi/,n. [U],no changes,efficient (adj.),"the ability to do something well and without wasting time, money, or energy｜把事情做好且不浪費時間、金錢或能量的能力",Simulation results verify the efficiency of the proposed algorithms and reveal the impacts of CSI uncertainties on ST's minimum transmit power and feasibility rate of the optimization problems.,improve efficiency; increase efficiency; operational efficiency,B2
Embassy,/ˈɛmbəsi/,n.,"embassy, embassies",None,a diplomatic building where ambassadors live or work｜大使居住或工作的外交建築,"These culinary outposts — shining beacons of American decadence, multiculturalism, and abundance — are as effective an ambassador as any of its embassies, movies, or pop songs.",foreign embassy; storm embassy; nearby embassy,B2
Eliminate,/ɪˈlɪməˌneɪt/,v.,"eliminate, eliminates, eliminated, eliminated, eliminating","eliminator (n.), elimination (n.)","terminate, end, or take out｜終止、結束或去除","Projecting the states directly onto a robot's operating environment has the advantages of being direct, accurate, and more salient, eliminating mental inference about the robot's intention.",successfully eliminate; eliminate distractions; eliminate fears,B2
Enclose,/ɪnˈkloʊz/,v.,"enclose, encloses, enclosed, enclosed, enclosing","enclosing (n.), enclosure (n.)",enclose or enfold completely with or as if with a covering｜用覆蓋物將...完全包圍或包裹,Front matter is a section at the very beginning of this file that is a key value pair block enclosed by the triple dash delimiter.,enclose spaces; enclose their ghetto; pair block enclose,B2
Elsewhere,/ˈɛlˌswɛɹ/,adv.,no changes,None,in or to another place｜在別處；到別處,It's a comparison that I can't get elsewhere.,happen elsewhere; move elsewhere; look elsewhere,B2
Endanger,/ɛˈndeɪndʒɚ/,v.,"endanger, endangers, endangered, endangered, endangering",None,pose a threat to; present a danger to｜對...構成威脅；對...造成危險,"It might not be a small D democratic regime, but it might be one that the US and its partners can work with, one that is certainly not endangering the US and its allies.",endanger languages; directly endanger; endanger national security,B2
Embarrass,/ɪˈmbɛɹəs/,v.,"embarrass, embarrasses, embarrassed, embarrassed, embarrassing",embarrassment (n.),cause to be embarrassed; cause to feel self-conscious｜使感到尷尬；使感到不自在,The careless remark embarrassed everyone at the meeting.,embarrass someone; embarrass oneself; publicly embarrass,B2
Emphasis,/ˈɛmfəsəs/,n.,"emphasis, emphases","emphatic (adj.), emphasize (v.)",special importance or significance｜特別重要或意義重大,The main emphasis will be then on two paradigmal neural network architectures showing continuously ongoing transient-state dynamics: saddle point networks and networks of attractor relics.,too much emphasis; main emphasis; certain emphasis,B2
Empire,/ˈɛmpaɪɚ/,n.,"empire, empires",None,the domain ruled by an emperor or empress; the region over which imperial dominion is exercised｜皇帝或女皇統治的領域；行使帝國主權的地區,"Your writing and podcasts take us from the Vikings to the Normans to Crusades, to the collapse of the East Roman Empire, also known as the Byzantine Empire.",build empire; vast empire; evil empire,B2
Endure,/ɛnˈdjʊɹ/,v.,"endure, endures, endured, endured, enduring",endurance (n.),put up with something or somebody unpleasant｜忍受不愉快的事物或人,The citizens of Barbados would really have no choice but to endure this hardship.,endure conflict; manage to endure; long endure,B2
Encounter,/ɪˈnkaʊntɚ/,v.,"encounter, encounters, encountered, encountered, encountering",None,come together｜相遇,Travelers may encounter severe weather in the mountains.,regularly encounter; encounter challenges; unexpectedly encounter,B2
Emerge,/ɪˈmɝdʒ/,v.,"emerge, emerges, emerged, emerged, emerging","emergence (n.), emergent (adj.)","come out into view, as from concealment｜出現","The emerging global order is defined by transactional realism, where international law is increasingly superseded by regional spheres of influence.",emerge as a world power; patterns emerge; slowly emerge,B2
Enlarge,/ɛˈnlɑɹdʒ/,v.,"enlarge, enlarges, enlarged, enlarged, enlarging","enlarger (n.), enlargement (n.)",make larger｜擴大,Israel now controls important pieces of land that enlarge their Jewish country.,enlarge the image; enlarge the territory; significantly enlarge,B2
Equality,/ɪˈkwɑləti/,n. [U],no changes,equal (adj.),the quality of being the same in quantity or measure or value or status｜平等,The organization campaigned for equality in pay across all departments and job levels.,promote equality; fight for equality; equality regardless of race,B2
Engineering,/ˈɛndʒəˈnɪɹɪŋ/,n. [U],no changes,engineer (v.),the practical application of science to commerce or industry｜工程,"We'll get back to how this all comes together, but those drives are part of this blue engineering section.",electrical engineering; social engineering; engineering problems,B2
Enthusiasm,/ɪˈnθuziˌæzəm/,n. [U],no changes,enthusiastic (adj.),a feeling of excitement｜熱情,"I find that investors are typically excited about firms that end up exceeding expectations, yet their enthusiasm results in lower announcement returns.",great enthusiasm; genuine enthusiasm; enthusiasm for the project,B2
Enforce,/ɛˈnfɔɹs/,v.,"enforce, enforces, enforced, enforced, enforcing","enforcer (n.), enforcement (n.)",ensure observance of laws and rules｜執行,"And where labor laws do exist, they’re rarely enforced.",enforce its debt; enforce policies across; enforce laws,B2
Entertain,/ˌɛntɚˈteɪn/,v.,"entertain, entertains, entertained, entertained, entertaining","entertainer (n.), entertainment (n.)",provide entertainment for｜娛樂,And of course that makes for much less entertaining shows.,entertain guests; entertain friends; entertain possibility,B2
Enormous,/ɪˈnɔɹməs/,adj.,"enormous, more enormous, most enormous","enormity (n.), enormousness (n.)",extraordinarily large in size or extent or amount or power or degree｜巨大的,"It's not an enormous release, but it's a significant increase.",enormous amounts; enormous respect; enormous power,B2
Ensure,/ɛˈnʃʊɹ/,v.,"ensure, ensures, ensured, ensured, ensuring",None,make certain of｜確保,New builds often feature central forest courtyards designed to ensure eighty percent of floor plates receive natural sunlight.,ensure security; ensure sufficient optimization; ensure eighty percent,B2
Era,/ˈɛɹə/,n.,"era, eras",None,a period marked by distinctive character or reckoned from a fixed point or event｜時代,"Global value chains have entered an era of 'structural volatility,' where disruption is no longer a cyclical shock but a permanent feature of the landscape.",certain era; golden era; early era,B2
Ethnic,/ˈɛθnɪk/,adj.,"ethnic, more ethnic, most ethnic",ethnicity (n.),"relating to a group of people who share the same culture, language, or background｜民族的","The festival celebrated the city's rich ethnic diversity through food, music, and dance.",ethnic group; ethnic cleansing; diverse and ethnic,B2
Equip,/ɪˈkwɪp/,v.,"equip, equips, equipped, equipped, equipping","equipage (n.), equipment (n.), equipping (n.)",provide with (something) usually for a specific purpose｜配備,We describe a chemical robotic assistant equipped with a curiosity algorithm that can efficiently explore the state a complex chemical system can exhibit.,businesses aren't equip; equip practitioners; equip robots,B2
Essential,/ɪˈsɛnʃəl/,adj.,"essential, more essential, most essential","essence (n.), essentiality (n.), essentialness (n.)",absolutely necessary; vitally necessary｜必需的,Relocation algorithms are now being used to identify service deserts to prevent spatial segregation for essential workers in urban zones.,essential part; absolutely essential; essential oils,B2
Eventual,/əˈvɛntʃuəl/,adj.,"eventual, more eventual, most eventual",None,expected to follow in the indefinite future from causes already operating｜最終的,"As the post-trial and remedies process plays out, headlines could pressure the stock, creating attractive entry points, especially if the eventual penalties are lighter than expected.",eventual goal; eventual resolution; eventual release,B2
Estimate,/ˈɛstəmət/,v.,"estimate, estimates, estimated, estimated, estimating","estimator (n.), estimation (n.)",judge tentatively or form an estimate of (quantities or time)｜估計,The CDC estimates that more than one in three American adults has pre-diabetes and that many of these people don't know they are living with pre-diabetes.,rough estimate; conservative estimate; official estimate,B2
Establish,/ɪˈstæblɪʃ/,v.,"establish, establishes, established, established, establishing",establishment (n.),set up or found｜建立,"Kurt Lewin, inspired by theoretical physics, tried to establish topological and vector psychology analyzing patterns of interaction between the individual and her/his environment.",establish yourself; server establish; establish based,B2
Evaluation,/ɪˌvæljuˈeɪʃən/,n.,"evaluation, evaluations",evaluate (v.),act of ascertaining or fixing the value or worth of｜評估,"Despite its simplicity, the evaluation metrics show outstanding results, making it a valuable privacy-focused and cost-effective approach.",empirical evaluation; experimental evaluation; quantitative evaluation,B2
Evaluate,/ɪˈvæljuˌeɪt/,v.,"evaluate, evaluates, evaluated, evaluated, evaluating","evaluator (n.), evaluation (n.), evaluative (adj.)","evaluate or estimate the nature, quality, ability, extent, or significance of｜評估","For each of these challenges, we specify the exact meaning of the challenge, present some approaches from the literature, and specify some metrics for evaluating that challenge.",often evaluate; evaluate existing frameworks; evaluate meaning,B2
Evident,/ˈɛvədənt/,adj.,"evident, more evident, most evident","evidently (adv.), evidence (n.)",easy to see or understand; clear and obvious｜明顯的,Her happiness was evident from the big smile on her face.,clearly evident; becomes evident; evident from,B2
Evidence,/ˈɛvədəns/,n. [U],no changes,"evident (adj.), evidential (adj.), evidentiary (adj.)",your basis for belief or disbelief; knowledge on which to base belief｜你的信念或不信的依據；作為信念基礎的知識,This critical period is designed to facilitate the collection of real-world operational data and empirical evidence from autonomous vessel trials conducted across various jurisdictions.,video evidence; first evidence; gather evidence,B2
Exaggerate,/ɪˈɡzædʒɚˌeɪt/,v.,"exaggerate, exaggerates, exaggerated, exaggerated, exaggerating",exaggeration (n.),to enlarge beyond bounds or the truth｜擴大超過範圍或偏離事實,And what happens eventually these nerve fibers start shooting and our central nervous system starts going in overdrive and exaggerating those pains.,exaggerate effects; wildly exaggerate; greatly exaggerate,B2
Exception,/ɪˈksɛpʃən/,n.,"exception, exceptions","except (v.), exceptional (adj.)",a deliberate act of omission｜故意省略的行為,And the last thing you'll need to do is make sure you add an exception in the recorder to not fill up your Home Assistant database with tons of unnecessary data from all the different flights.,exception required; notable exception; exception specifically,B2
Exhaust,/ɪˈɡzɔst/,v.,"exhaust, exhausts, exhausted, exhausted, exhausting",exhaustion (n.),wear out completely｜完全耗盡,It's a long journey and it's really exhausting.,exhaust especially; emotionally exhaust; physically exhaust,B2
Expand,/ɪkˈspænd/,v.,"expand, expands, expanded, expanded, expanding","expansion (n.), expansive (adj.), expandible (adj.), expansible (adj.)",extend in one or more directions｜向一個或多個方向擴展,"In our method, the agent first learns safety constraints by expanding the safe region, and then optimizes the cumulative reward in the certified safe region.",expand beyond; expand the business; gradually expand,B2
Explanation,/ˌɛkspləˈneɪʃən/,n. [U],no changes,explain (v.),a statement that makes something comprehensible by describing the relevant structure or operation or circumstances etc.｜透過描述相關結構、運作或情況等使事物可理解的陳述,"The accomplished solution includes a highly performant prediction ability, an efficient energy use, and feature importance explanation for predicted probabilities.",simple explanation; fourth explanation; feature importance explanation,B2
Expansion,/ɪkˈspænʃən/,n.,"expansion, expansions",expand (v.),the act of increasing (something) in size or volume or quantity or scope｜增加事物尺寸、體積、數量或範圍的行為,Security for the Jewish people and expansion into all of this land.,future expansion; expansion slots; reckless expansion,B2
Experimental,/ɪkˌspɛɹɪˈmɛntəl/,adj.,"experimental, more experimental, most experimental",None,relating to or based on experiment｜基於或涉及實驗的,The hospital is testing an experimental treatment for the disease.,experimental feature; experimental drug; experimental factors,B2
Explosive,/ɪksˈploʊsɪv/,adj.,"explosive, more explosive, most explosive",None,serving to explode or characterized by explosion or sudden outburst｜用於爆炸的或以爆炸或突然爆發為特徵的,"Anytime you attach any explosive device to anything, it creates an additional level of risk.",explosive growth; explosive device; explosive energy,B2
Exhibit,/ɪˈɡzɪbɪt/,v.,"exhibit, exhibits, exhibited, exhibited, exhibiting","exhibitor (n.), exhibition (n.)","show an attribute, property, knowledge, or skill｜展示屬性、性質、知識或技能","Liquid Neural Networks exhibit artificial neuroplasticity, allowing implantable neurotechnology to adapt to individual patient variability in real-time.",frequently exhibit; humans exhibit; exhibit behaviour,B2
Explosion,/ɪksˈploʊʒən/,n.,"explosion, explosions",explode (v.),a violent release of energy caused by a chemical or nuclear reaction｜由化學或核反應引起的劇烈能量釋放,This large explosion was seen near Beirut International Airport.,massive explosion; regular chemical explosion; resulting explosion,B2
Expose,/ɪkˈspoʊz/,v.,"expose, exposes, exposed, exposed, exposing",exposure (n.),to leave something uncovered so it can be seen or affected｜使某物暴露以便能看到或受到影響,The teacher tried to expose her students to many new ideas.,expose to; expose the truth; expose a secret,B2
Exposure,/ɪkˈspoʊʒɚ/,n.,"exposure, exposures",expose (v.),vulnerability to the elements; to the action of heat or cold or wind or rain; or｜易受天氣影響；易受熱、冷、風或雨的影響；或,Long exposure to direct sunlight without protection can damage the skin over time.,sunlight exposure; emotional exposure; factor exposure,B2
Faithful,/ˈfeɪθfəl/,adj.,"faithful, more faithful, most faithful",faithfulness (n.),loyal and devoted; accurate or true to an original｜忠誠且盡職的；精確或忠於原作的,This new menu art is fully faithful to the original style while extending it.,faithful friend; faithful to; remain faithful,B2
Fame,/ˈfeɪm/,n. [U],no changes,None,the state or quality of being widely honored and acclaimed｜被廣泛尊敬和讚譽的狀態或品質,He was kept out of the Hall of Fame.,gain fame; chase fame; political fame,B2
Extent,/ɪkˈstɛnt/,n.,"extent, extents",extend (v.),the point or degree to which something extends｜某物延伸的點或程度,I wonder the extent to which young males in particular nowadays feel the need to check off all the boxes of what it is to be a guy.,large extent; greater extent; whatever extent,B2
Extend,/ɪkˈstɛnd/,v.,"extend, extends, extended, extended, extending","extension (n.), extensive (adj.)",extend in scope or range or area｜擴大範圍或區域,"Parameter assumptions alone do not determine whether inferences can extend beyond included studies, advocating for unconditional inference based on objectives.",extend the period; potentially extend; let me extend,B2
Farewell,/ˌfɛˈɹwɛl/,n.,"farewell, farewells",None,words or actions used when saying goodbye to someone｜向人道別時使用的言語或行為,We threw a farewell party for our retiring teacher last week.,farewell party; fond farewell; bid farewell,B2
Facial,/ˈfeɪʃəl/,adj.,no changes,None,of or concerning the face｜關於臉部的,Generative AI systems have integrated multimodal emotion detection to identify distress through voice tone and facial micro-expressions.,facial expression; facial capture; read facial cues,B2
Fasten,/ˈfæsən/,v.,"fasten, fastens, fastened, fastened, fastening","fastener (n.), fastening (n.)",cause to be firmly attached｜使牢固附著,"In our original review, we were forgiving of the fact that the panels all attach with snaps, no screws, and the steel side panel only fastens at the top and bottom.",fasten the seatbelt; fasten a boat; fasten securely,B2
Fatal,/ˈfeɪtəl/,adj.,no changes,fatality (n.),bringing death｜致命的; 致死的,"The disease proved fatal, claiming three lives before doctors could find a treatment.",cause fatal; remotely fatal; fatal conditions,B2
Fantastic,/fæˈntæstɪk/,adj.,"fantastic, more fantastic, most fantastic",fantasy (n.),extremely good or impressive; wonderful｜極好的; 精彩的,"Netanyahu is a fantastic politician and statesman, and he's able to cover up a lot of these policies in the name of security.",fantastic show; fantastic place; fantastic channel,B2
Feast,/ˈfist/,n.,"feast, feasts",feasting (n.),a ceremonial dinner party for many people｜盛宴; 宴會,The family prepared a feast for the holiday celebration.,prepare a feast; have a feast; feast of lights,B2
Fax,/ˈfæks/,n.,"fax, faxes",None,duplicator that transmits the copy by wire or radio｜傳真機,The office still used a fax machine to send official documents to the government.,fax machines; fax things; fax devices,B2
Facility,/fəˈsɪlɪti/,n.,"facility, facilities",facile (adj.),a building or place that provides a particular service or is used for a particular industry｜設施; 機構,"It's a whole broadcast facility, and it drives all over the place to multiple productions every week.",existing facility; conversion facility; production facility,B2
Fantasy,/ˈfæntəsi/,n.,"fantasy, fantasies","fantasist (n.), fantasize (v.), fantastic (adj.), fantastical (adj.)",imagination unrestricted by reality｜想像; 幻想,The novel combines historical detail with fantasy.,fantasy novel; fantasy world; dark fantasy,B2
Favorable,/ˈfeɪvɚəbəl/,adj.,"favorable, more favorable, most favorable",favorableness (n.),encouraging or approving or pleasing｜有利的; 良好的; 贊同的,"And again, the lower courts were fairly favorable to this argument.",fairly favorable; set up favorable; favorable effect,B2
Feedback,/ˈfiˌdbæk/,n. [U],no changes,None,information about performance used for improvement; a system's returned output used to regulate further output｜回饋; 意見回饋,The teacher gave detailed feedback on each student's essay to help them improve.,feedback loops; constant feedback; immediate feedback,B2
Ferry,/ˈfɛɹi/,n.,"ferry, ferries",ferrying (n.),a boat that transports people or vehicles across a body of water and operates on a regular schedule｜渡輪; 渡船,The ferry carries cars and passengers across the bay.,ferry service; ferry crossing; car ferry,B2
Fertile,/ˈfɝtəl/,adj.,"fertile, more fertile, most fertile","fertility (n.), fertilize (v.)",capable of reproducing｜能生育的; 可繁殖的,"And as we know, the Mega Drive has been fertile ground for brand new games.",fertile area; fertile meaning; fertile lands,B2
Fierce,/ˈfɪɹs/,adj.,"fierce, fiercer, fiercest",fierceness (n.),marked by extreme and violent energy｜激烈的; 猛烈的; 兇猛的,"Their biggest ally in the region, and a major oil producer, has turned from friend to fierce enemy.",fierce competition; fierce enemy; fierce debate,B2
Fireplace,/ˈfaɪɚˌpleɪs/,n.,"fireplace, fireplaces",None,an open recess in a wall at the base of a chimney where a fire can be built｜壁爐; 暖爐,"It is incredibly built for this feeling of comfort with the windows, the fireplace.",cozy fireplace; sit by the fireplace; fireplace mantel,B2
Fiction,/ˈfɪkʃən/,n. [U],no changes,"fictional (adj.), fictitious (adj.), fictionalize (v.)",a literary work based on the imagination and not necessarily on fact｜小說; 虛構文學,This multigenerational epic is considered one of the most important works of Chinese fiction— and one of the finest wuxia stories ever written.,fiction story; fiction games; fiction however bad,B2
Flea,/ˈfli/,n.,"flea, fleas",None,any wingless bloodsucking parasitic insect noted for ability to leap｜跳蚤,The dog scratched constantly because it had a flea.,flea bite; flea infestation; kill fleas,B2
Flatter,/ˈflætɚ/,v.,"flatter, flatters, flattered, flattered, flattering","flattery (n.), flatterer (n.)",praise somewhat dishonestly｜奉承; 諂媚; 過度誇獎,He tried to flatter the interviewer with excessive praise.,flatter someone; flatter oneself; deliberately flatter,B2
Finance,/fəˈnæns/,n. [U],no changes,"financial (adj.), financing (n.)",the commercial activity of providing funds and capital｜金融; 財務,"Neural-symbolic AI has transitioned from research to a production necessity, driven by the need for 'provably correct' decisions in high-stakes fields healthcare and finance.",public finance; personal finance; digital finance,B2
Fetch,/ˈfɛtʃ/,v.,"fetch, fetches, fetched, fetched, fetching",None,go or come after and bring or take back｜去取來; 去接,And now it starts executing the web fetch tool and pulling down the information from the readme file and gathering more context about what this is.,fetch call; fetch sample rows; fetch water,B2
Financial,/fəˈnænʃəl/,adj.,no changes,finance (n.),involving financial matters｜財務的; 金融的,Agentic AI governance models implement human-in-the-loop protocols to ensure clear accountability for autonomous decisions that impact financial outcomes.,financial life; financial advice; financial support,B2
Flee,/ˈfli/,v.,"flee, flees, fled, fled, fleeing",fleer (n.),run away quickly｜逃離; 逃走,"Their cities and their homes are not safe, many flee.",flee from home; fled across the world; many flee,B2
Fluent,/ˈfluənt/,adj.,"fluent, more fluent, most fluent",fluency (n.),able to speak or write smoothly and easily; flowing in a smooth manner｜流利的; 熟練的,"After two years of evening classes, she became fluent in Portuguese.",fluent in; fluent speaker; become fluent,B2
Flush,/ˈflʌʃ/,v.,"flush, flushes, flushed, flushed, flushing",None,"turn red, as if in embarrassment or shame｜因羞恥或尷尬而臉紅",She flushed with embarrassment when her name was announced.,busted flush; face flush; flush afterwards,B2
Foam,/ˈfoʊm/,n. [U],no changes,foamy (adj.),a mass of small bubbles formed in or on a liquid｜液體表面或內部形成的小氣泡團,"For the NFL, they place four to five cameras around the stadium, hiding them in places the field goal, foam pylons, and even on the rolling Chapman cart.",foam cell; foam game boy; field goal foam,B2
Forbid,/fɚˈbɪd/,v.,"forbid, forbids, forbade, forbidden, forbidding","forbidding (n.), forbiddance (n.)",command against｜禁止,"I think what we're seeing is the forbidden fruit effect because this was banned and all of a sudden, oh well, why'd they ban it.",forbid technique; almost forbid; strictly forbid,B2
Flexible,/ˈflɛksəbəl/,adj.,"flexible, more flexible, most flexible","flex (v.), flexibility (n.), flexibleness (n.)",capable of being changed｜可變動的；靈活的,"Every other wall can technically be removed, giving us a flexible layout.",flexible adaptation; supports flexible; flexible control,B2
Fort,/ˈfɔɹt/,n.,"fort, forts",fortify (v.),a fortified military post where troops are stationed｜戒備森嚴的軍事據點；堡壘,The soldiers defended the hilltop fort throughout the night.,old fort; hill fort; build fort,B2
Fortunate,/ˈfɔɹtʃənət/,adj.,"fortunate, more fortunate, most fortunate",None,having unexpected good fortune｜意外的幸運,And I'm very fortunate that I don't have a drug thing.,fortunate position; quite fortunate; fortunate mentoring opportunities,B2
Formation,/fɔˈɹmeɪʃən/,n.,"formation, formations",form (v.),"the process of forming; a structure, shape, or arrangement created by that process｜形成的过程；由该过程产生的结构、形状或排列",Researchers used ground-penetrating radar to map an atrium structure and underground tunnels within a vessel-shaped formation.,family formation; cluster formation; formation process,B2
Forecast,/ˈfɔˌɹkæst/,n.,"forecast, forecasts","forecaster (n.), forecasting (n.)",a prediction about how something (as the weather) will develop｜對某事物（如天氣）發展的預測,While the use of machine learning to emulate weather forecast models is a relatively new endeavour there is a rich history of climate model emulation.,weather forecast; forecast combinations; improve a forecast,B2
Formula,/ˈfɔɹmjələ/,n.,"formula, formulas","formulary (adj.), formulate (v.), formularize (v.)",a fixed method or approach for achieving something; a mathematical or chemical expression｜達成目標的固定方法或途徑；數學或化學表達式,The broker solves a general stochastic control problem that yields simple and pleasant formulas for the optimal interest rate and the net interest margin.,fertility formula; winning formula; magical formula,B2
Fossil,/ˈfɑsəl/,n.,"fossil, fossils","fossilist (n.), fossilize (v.)",the preserved remains of an ancient animal or plant found in rock｜在岩石中發現的古代動物或植物的保存遺骸,The fossil was carefully extracted from the rock layer and brought to the laboratory.,dinosaur fossil; early human fossil; take fossil,B2
Foundation,/faʊˈndeɪʃən/,n.,"foundation, foundations",found (v.),the basis on which something is grounded｜事物的基礎或根基,And that update now is really important for the foundation and standardization of our templates.,jurassic foundation; ethical foundation; general foundation,B2
Frost,/ˈfɹɔst/,n.,"frost, frosts",frosty (adj.),a thin white layer of ice that forms on cold surfaces｜在寒冷表面形成的薄薄白色冰層,A thin layer of frost covered the grass in the morning.,morning frost; heavy frost; covered in frost,B2
Founder,/ˈfaʊndɚ/,n.,"founder, founders","found (v.), foundering (n.)","a person who establishes or creates an organization, company, or institution｜建立或創建組織、公司或機構的人","And that was a Joss Fong, Joss Fong who was one of the founders of the Vox video team and my editor there, that was her whole thing was , make the voice and the visuals dance together.",solo founder; rogue founder; founder forum,B2
Fragile,/ˈfɹædʒəl/,adj.,"fragile, more fragile, most fragile",fragility (n.),easily broken or damaged or destroyed｜易碎的；易損壞或摧毀的,And there's groups of people now that say this is you're making kids fragile by having them talk about their feelings.,fragile patchwork; fragile existence; fragile rental program,B2
Freshman,/ˈfɹɛʃmən/,n.,"freshman, freshmen",None,a first-year undergraduate｜大一學生,"Man, I feel the kid that was a freshman when you were a senior because you got into this public facing science education long before I did.",freshman who said; freshman leadership representative; freshman representatives,B2
Frame,/ˈfɹeɪm/,n.,"frame, frames","framer (n.), framing (n.)","a supporting structure or border, including one around glasses, pictures, or an image｜支撐結構或邊框，包括眼鏡、图片或影像的邊框","I had tried following action in a few soccer games before, and it was not easy to keep things tight and in frame, much less keep an eye on things going on outside my camera viewfinder.",picture frame; eyeglass frame; camera frame,B2
Frown,/ˈfɹaʊn/,v.,"frown, frowns, frowned, frowned, frowning",None,to wrinkle the forehead in displeasure; to disapprove of something｜皺眉頭表示不悅；不贊同某事,"These days, crunch is not allowed, not permitted, heavily frowned upon.",frown at; frown deeply; frown in disapproval,B2
Frequency,/ˈfɹikwənsi/,n.,"frequency, frequencies",frequent (adj.),the number of occurrences within a given time period｜在特定時間段內發生的次數,"Due to climate change the frequency and intensity of extreme rainfall events, which contribute to urban flooding, are expected to increase in many places.",resonant frequency; frequency components; training frequency,B2
Furnish,/ˈfɝnɪʃ/,v.,"furnish, furnishes, furnished, furnished, furnishing","furniture (n.), furnishing (n.)",give something useful or necessary to｜提供有用或必需的東西,"He launches a travel and tourism website, a mortgage company, a home and furnishing brand.",furnish with information; furnished with charts; furnished apartment,B2
Frustration,/fɹəsˈtɹeɪʃən/,n.,"frustration, frustrations",frustrate (v.),the feeling that accompanies an experience of being thwarted in attaining your goals｜在無法達成目標時所伴隨的感受,"I notice that I'm feeling this anger, this frustration.",express frustration; personal frustration; biggest frustration,B2
Furious,/ˈfjʊɹiəs/,adj.,"furious, more furious, most furious",furiousness (n.),marked by extreme and violent energy｜以極端暴力能量為特徵的; 狂暴的,She was absolutely furious when she discovered that her trust had been betrayed.,furious arms race; furious love; completely furious,B2
Funeral,/ˈfjunɚəl/,n.,"funeral, funerals","funerary (adj.), funereal (adj.)",a ceremony at which a dead person is buried or cremated｜埋葬或火化死者的儀式,"I was unfort , unfortunately I had to go to a funeral for mass shooting victims in Tumblr Ridge, British Columbia.",attend a funeral; funeral ceremony; after the funeral,B2
Gallery,/ˈɡælɚi/,n.,"gallery, galleries",None,a room or building for displaying art; a group of spectators at a sporting event｜展示藝術品的房間或建築; 運動賽事的觀眾群,The city opened a new art gallery featuring works by local painters.,art gallery; gallery exhibition; visit a gallery,B2
Frustrate,/ˈfɹʌsˌtɹeɪt/,v.,"frustrate, frustrates, frustrated, frustrated, frustrating","frustration (n.), frustrative (adj.)",to make someone feel annoyed or discouraged because something is difficult or not working｜使某人因困難或無法運作而感到惱怒或氣餒,It was frustrating to wait three weeks only to find the parcel had been lost.,frustrated with ability; little frustrating; frustrating for good reason,B2
Gaze,/ˈɡeɪz/,v.,"gaze, gazes, gazed, gazed, gazing",None,look at with fixed eyes｜凝視; 盯著看,"Existing research on non-verbal cues, e.g., eye gaze or arm movement, may not accurately present a robot's internal states such as perception results and action intent.",direct gaze; gaze into the abyss; panoramic gaze,B2
Fulfill,/fʊˈlfɪl/,v.,"fulfill, fulfills, fulfilled, fulfilled, fulfilling",fulfillment (n.),put in effect｜履行; 實現,The company worked hard to fulfill its promise to deliver the goods on time.,fulfilled in life; fulfilled through hard work; fulfill a goal,B2
Functional,/ˈfʌŋkʃənəl/,adj.,"functional, more functional, most functional",functionality (n.),designed for or capable of a particular function or use｜為特定功能或用途而設計的; 功能性的,"We review our current understanding of the functional role of emotions, stressing the role of the neuromodulators mediating emotions for the diffusive homeostatic control system of the brain.",functional design; brain functional; fully functional,B2
Fundamental,/ˌfʌndəˈmɛntəl/,adj.,"fundamental, more fundamental, most fundamental",fundamentally (adv.),serving as an essential component｜作為基本要素的; 根本的,Then it describes several alternative mathematical methods for mapping fundamental quantum concepts to fundamental psychological concepts.,fundamental principles; fundamental feature; fundamental tension,B2
Furthermore,/ˈfɝðɚˌmɔɹ/,adv.,no changes,None,in addition｜此外; 而且,"Furthermore, over the years, it became more and more clear that symbol emergence has to be regarded as a multifaceted problem.",furthermore they suggest; furthermore support the idea; furthermore shown,B2
Genuine,/ˈdʒɛnjəwən/,adj.,"genuine, more genuine, most genuine",genuineness (n.),not fake or counterfeit｜非偽造或假冒的; 真正的,"And I think, I sincerely believe, if this demand is abandoned, we can have real and genuine peace.",genuine desire; genuine heartfelt excellence; genuine conversations,B2
Generosity,/ˌdʒɛnɚˈɑsəti/,n. [U],no changes,generous (adj.),the trait of being willing to give your money or time｜願意給予金錢或時間的特質; 慷慨,They will hang in my studio as a reminder of your generosity.,act of generosity; great generosity; show generosity,B2
Gifted,/ˈɡɪftəd/,adj.,"gifted, more gifted, most gifted",None,endowed with talent or talents｜天賦才能的; 有天賦的,The gifted student could solve complex problems quickly.,gifted child; gifted student; highly gifted,B2
Gender,/ˈdʒɛndɚ/,n.,"gender, genders",None,"the state of being male, female, or another identity, as experienced by a person or assigned socially｜一個人所經歷或社會所賦予的男性、女性或其他身份的狀態; 性別",Results of the present study show evidence of significant emotional valence behaviour differences between some age ranges and gender combinations.,gender split; gender inclusive; gender equality,B2
Gear,/ˈɡɪɹ/,n.,"gear, gears",None,equipment or tools for a particular activity; a toothed wheel used to transfer motion in a machine｜特定活動的設備或工具; 機器中用於傳遞運動的齒輪,And the truck has redundant time servers because every piece of broadcast gear has to be in sync from cameras to mixers.,shift gear; safety gear; sports gear,B2
Germ,/ˈdʒɝm/,n.,"germ, germs","germy (adj.), germinal (adj.), germinate (v.)",a very small organism such as a bacterium or virus that can cause disease｜會導致疾病的非常小的生物，如細菌或病毒; 病菌,Washing your hands helps prevent the spread of germs.,spread germs; kill germs; germ theory,B2
Gene,/ˈdʒin/,n.,"gene, genes","genetic (adj.), genetical (adj.)",a unit of DNA in a cell that controls how an organism develops and what traits it passes to offspring｜細胞中控制生物體發育及其特徵遺傳給後代的DNA單位,Researchers demonstrated a gentler CRISPR method that reactivates genes by removing chemical tags without cutting DNA molecules.,find gene; specific gene; gene regulatory networks,B2
Genius,/ˈdʒinjəs/,n.,"genius, geniuses",None,someone who has exceptional intellectual ability and originality｜具有非凡智力和創造力的人; 天才,But mother nature in her genius imparts such superlative properties to that simple structure that it keeps us going for decades.,brilliant genius; greatest genius; stroke of genius,B2
Generation,/ˌdʒɛnɚˈeɪʃən/,n.,"generation, generations","generate (v.), generational (adj.)",all the people living at the same time or of approximately the same age｜同時代或年齡相近的所有人; 一代人,The younger generation is more familiar with digital technology.,younger generation; future generation; latest generation,B2
Ginger,/ˈdʒɪndʒɚ/,n. [U],no changes,None,"a plant whose root is used as a spice with a sharp, hot flavour; the root itself used in cooking｜根莖可用作香料、具有辛辣味道的植物; 烹飪用的根莖; 薑","She added a small piece of fresh ginger to the soup to give it a warm, spicy flavour.",ginger tea; fresh ginger; ginger beer,B2
Globe,/ˈɡloʊb/,n.,"globe, globes","global (adj.), globular (adj.)",the world; a spherical model of the earth｜世界; 地球的球形模型; 地球儀,Linguistic hybridization is becoming the dominant mode of professional communication in virtual workspaces across the globe.,spin the globe; entire globe; travel the globe,B2
Giggle,/ˈɡɪɡəl/,v.,"giggle, giggles, giggled, giggled, giggling",giggler (n.),laugh nervously｜緊張地笑,The children began to giggle when the teacher accidentally knocked over the stack of books.,burst into giggles; making them giggle; nervous giggle,B2
Gigantic,/dʒaɪˈɡæntɪk/,adj.,"gigantic, more gigantic, most gigantic",gigantically (adv.),so exceedingly large or extensive as to suggest a giant or mammoth｜巨大的；龐大的,Combat produces gigantic blasts of colorful VFX as enemies emit orbs for the players to dodge.,gigantic insect; gigantic model; gigantic difference,B2
Graceful,/ˈɡɹeɪsfəl/,adj.,"graceful, more graceful, most graceful",gracefulness (n.),"characterized by beauty of movement, style, form, or execution｜優雅的；姿態優美的","From here the Opera House looks graceful, doesn't it.",extremely graceful; graceful valid function; rather graceful,B2
Glimpse,/ˈɡlɪmps/,n.,"glimpse, glimpses",None,a quick look｜瞥見；一瞥,And I'm realizing that this moment is a glimpse into one of the oldest-surviving cultures on earth.,get a glimpse; offer a glimpse; glimpse into the future,B2
Glorious,/ˈɡlɔɹiəs/,adj.,"glorious, more glorious, most glorious",glory (n.),having or deserving or conferring glory｜光榮的；輝煌的,"And it and if you get it all , you get the most glorious experience of a trout swimming up, seeing your fly, inspecting it, and then deciding to go for it.",absolutely glorious; glorious past; glorious mission,B2
Gown,/ˈɡaʊn/,n.,"gown, gowns",None,"a woman's dress, usually with a close-fitting bodice and a long flared skirt, often worn on formal occasions｜禮服；（尤指正式場合穿的）女裝長裙","These riders wore crimson gowns, masks with long hair attached, and swords.",wear a gown; black gown; red gown,B2
Gratitude,/ˈɡɹætəˌtud/,n. [U],no changes,None,a feeling of thankfulness and appreciation｜感激之情；感恩,I have immense gratitude for you and I know millions of other people do as well.,express gratitude; deep gratitude; show gratitude,B2
Grace,/ˈɡɹeɪs/,n. [U],no changes,gracious (adj.),smoothness and elegance of movement or manner; a pleasing quality of charm｜優雅；風度,The dancer moved across the stage with extraordinary grace and control.,loving grace; saving grace; grace period,B2
Greeting,/ˈɡɹitɪŋ/,n.,"greeting, greetings",greet (v.),words or actions used to welcome or acknowledge someone when you meet them｜問候；打招呼,"Up at the top, we have our custom greeting message.",warm greeting; friendly greeting; exchange greetings,B2
Goods,/ˈɡʊdz/,n.,"goods, no changes",None,physical products or items that are bought and sold｜商品；貨物,"Since its currency is worth less, Americans and Brits and Australians can buy more Chinese goods, subsidizing its manufacturing industry.",public goods; consumer goods; material goods,B2
Graduation,/ˌɡɹædʒuˈeɪʃən/,n.,"graduation, graduations",graduate (v.),the successful completion of a program of study｜畢業；畢業典禮,She wore her cap and gown to the graduation ceremony held in the university courtyard.,graduation gifts; graduation speech; graduation requirements,B2
Grammatical,/ɡɹəˈmætəkəl/,adj.,no changes,grammar (n.),of or pertaining to grammar｜語法的；文法上的,The teacher asked the students to identify any grammatical errors in the paragraph.,minor grammatical error; grammatical tradition; grammatical rules,B2
Gracious,/ˈɡɹeɪʃəs/,adj.,"gracious, more gracious, most gracious","grace (n.), graciousness (n.)","characterized by charm, good taste, and generosity of spirit｜親切的；和藹的；彬彬有禮的","This year, I've resolved not to drink less wine, not to do more exercise, not to be a more patient, attentive, and gracious husband and father, and not to make smoother segs and ads for Bombas.",gracious host; gracious husband; gracious manner,B2
Grammar,/ˈɡɹæmɚ/,n. [U],no changes,"grammatic (adj.), grammatical (adj.)",the branch of linguistics that deals with syntax and morphology (and sometimes also deals with semantics)｜語法；文法,The implemented strategy only relies on a carefully crafted prompt and a grammar to guide the LLM's text completion.,between cognitive grammar; shape grammar; little grammar,B2
Greasy,/ˈɡɹisi/,adj.,"greasy, greasier, greasiest","grease (n.), greasiness (n.)",containing an unusual amount of grease or oil｜油膩的；油脂的,"After working in the kitchen all day, his hands and apron were covered in greasy residue from the cooking oil.",greasy bird; always extra greasy; greasy after,B2
Guilt,/ˈɡɪlt/,n. [U],no changes,guilty (adj.),responsibility for wrongdoing; the painful feeling caused by believing one has done wrong｜罪惡感；內疚,"If trauma rises to the level of changing the functioning of our brains, then there's almost always a reflex of guilt and shame around the trauma that can lead us and often leads us to bury it.",feel guilt; admit guilt; deep guilt,B2
Grave,/ˈɡɹeɪv/,n.,"grave, graves","gravity (n.), graveness (n.)",a place in the ground where a dead person is buried｜墓地；坟墓,The family placed fresh flowers on the grave every spring.,unmarked grave; shallow grave; dig a grave,B2
Grateful,/ˈɡɹeɪtfəl/,adj.,"grateful, more grateful, most grateful",gratefulness (n.),feeling thankful and wanting to show thanks for kindness or help｜感激的；感恩的,I am very grateful for all the support my friends gave me.,grateful for; deeply grateful; truly grateful,B2
Graph,/ˈɡɹæf/,n.,"graph, graphs",graphical (adj.),a chart showing quantities; a mathematical structure representing connections between objects｜圖表；圖形,Recent work has shown the promise of Graph Neural Networks to learn explicit communication strategies that enable complex multi-agent coordination.,bar graph; scene graph; preference graph,B2
Groom,/ˈɡɹum/,n.,"groom, grooms",grooming (n.),a man participant in his own marriage ceremony｜新郎,The groom waited nervously at the altar as the music began to play.,the happy groom; bride and groom; a nervous groom,B2
Handwriting,/ˈhænˌdɹaɪtɪŋ/,n. [U],no changes,handwrite (v.),something written by hand｜手寫的東西,There are data coming out now showing that handwriting is very important to development of certain brain circuits.,neat handwriting; messy handwriting; improve handwriting,B2
Grief,/ˈɡɹif/,n. [U],no changes,None,"deep sadness, especially after someone dies｜深度悲傷，尤指在人死後",And it's layers upon layers of there's a grief component for those of us watching.,grief component; anger sadness grief; grief bots,B2
Guardian,/ˈɡɑɹdiən/,n.,"guardian, guardians",guardianship (n.),a person who cares for persons or property｜照顧人員或財產的人,"In an ideal Chinese or Russian world, North Korea is trapped in a coma while they act as its guardian, keeping it on permanent life support — merely taking up space where the Americans can’t.",guardian lock; met our guardian; guardian comes over,B2
Habitual,/həˈbɪtʃuəl/,adj.,"habitual, more habitual, most habitual",habit (n.),commonly used or practiced; usual｜常用或常做的；通常的,My automatic habitual response is going to be who the f do you think you are.,habitual response; fairly habitual; every habitual,B2
Gulf,/ˈɡʌlf/,n.,"gulf, gulfs",None,an arm of a sea or ocean partly enclosed by land; larger than a bay｜海洋或海灣深入陸地的部分；比海灣大,US ships and aircraft are enforcing that blockade largely in the Gulf of Oman and the Arabian Sea.,vast gulf; gulf between; deep gulf,B2
Grind,/ˈɡɹaɪnd/,v.,"grind, grinds, ground, ground, grinding","grinder (n.), grinding (n.)",press or grind with a crushing noise｜發出碾壓聲地按壓或碾磨,Government services and the economy gradually grind to a halt as resources run out.,grind to a halt; grind out; grind down,B2
Guarantee,/ˌɡɛɹəˈnti/,v.,"guarantee, guarantees, guaranteed, guaranteed, guaranteeing",guarantor (n.),give surety or assume responsibility｜提供擔保或承擔責任,The algorithm grows trees on the quotient-spaces both sequentially and simultaneously to guarantee a dense coverage.,almost guarantee; guarantee way; guarantee conflict between,B2
Harmony,/ˈhɑɹməni/,n.,"harmony, harmonies","harmonic (adj.), harmonise (v.), harmonize (v.), harmonical (adj.), harmonious (adj.)",compatibility in opinion and action｜意見和行動的一致,The three groups live largely in harmony.,sophisticated harmony; harmony within; world harmony,B2
Hardship,/ˈhɑɹdʃɪp/,n.,"hardship, hardships",None,a state of misfortune or affliction｜遭受不幸或苦難的狀態,The citizens of Barbados would really have no choice but to endure this hardship.,endure hardship; face hardship; financial hardship,B2
Guilty,/ˈɡɪlti/,adj.,"guilty, guiltier, guiltiest","guilt (n.), guiltily (adv.)",responsible for wrongdoing; feeling shame or regret about something one has done｜對過錯負責；對自己所做的事感到羞恥或後悔,And many patients who have secondary infertility say they feel caught in between feeling guilty that their child's not enough for wanting more.,plead guilty; guilty afterwards; absolutely guilty,B2
Haste,/ˈheɪst/,n. [U],no changes,hasty (adj.),overly eager speed (and possible carelessness)｜過分急切的速度（且可能導致疏忽）,"In her haste to leave for the airport, she forgot to lock the front door.",haste makes waste; testing post haste; idea that haste,B2
Halt,/ˈhɔlt/,v.,"halt, halts, halted, halted, halting",halting (v.),cause to stop｜使停止,The police ordered the cars to halt at the border.,halt the spread; halt production; halt the negotiations,B2
Harsh,/ˈhɑɹʃ/,adj.,"harsh, harsher, harshest",harshness (n.),unpleasantly stern｜令人不悅的嚴厲,"Their journey takes them to the bustling Song capital of Hangzhou, the harsh Mongol steppes, and the fabled market city of Samarkand.",harsh shadows; harsh words; harsh ways,B2
Hasten,/ˈheɪsən/,v.,"hasten, hastens, hastened, hastened, hastening",None,act or move at high speed｜快速行動或移動,"This is going to hasten the support, increase the support for Iran developing nuclear weapons.",hasten the process; hasten recovery; help hasten,B2
Hardware,/ˈhɑɹˌdwɛɹ/,n. [U],no changes,None,the physical parts of a computer or electronic device; tools and equipment for practical use｜電腦或電子設備的實體零件；實用的工具和設備,It's got a proper Ethernet chip in here using the hardware Ethernet interface instead of SPI for the best performance.,hardware equipment; pro hardware; computer hardware,B2
Hatred,/ˈheɪtɹəd/,n. [U],no changes,None,the emotion of intense dislike; a feeling of dislike so strong that it demands action｜強烈厭惡的情緒；強烈到需要行動的厭惡感,This is when a movement emerged calling for Jews to come together and to create a country for themselves where they could govern themselves and be free from all of this racist hatred.,jew hatred; greed hatred; deserve hatred,B2
Hesitation,/ˌhɛzəˈteɪʃən/,n.,"hesitation, hesitations",hesitate (v.),indecision in speech or action｜言語或行動上的優柔寡斷,And you had no hesitation in telling me the color and adding an additional sensory quality.,moment's hesitation; without hesitation; slight hesitation,B2
Herd,/ˈhɝd/,n.,"herd, herds",herder (n.),a group of cattle or sheep or other domestic mammals all of the same kind that are herded by humans｜一群同類的家畜，如牛、羊等，由人類放牧,"I guess shepherds have known for ages, that in any herd, there are some rams who will not mount a female ever and keep mounting other males.",herd of cattle; large herd; cattle herd,B2
Hive,/ˈhaɪv/,n.,"hive, hives",None,a structure where bees live and store honey; a very busy and crowded place｜蜜蜂居住並儲存蜂蜜的結構；非常繁忙擁擠的地方,It's going to bring it back to the hive.,hive of bees; hive entrance; active hive,B2
Hawk,/ˈhɔk/,n.,"hawk, hawks","hawker (n.), hawking (n.)","a bird of prey known for sharp eyesight and talons; informally, a person who supports aggressive action｜以銳利視力和爪子著稱的猛禽；非正式指支持激進行動的人","And here in the United States, they're often seen as hawks.",foreign policy hawk; war hawk; political hawk,B2
Helicopter,/ˈhɛlɪˌkɑptɚ/,n.,"helicopter, helicopters",None,an aircraft without wings that obtains its lift from the rotation of overhead blades｜一種沒有機翼的飛行器，透過頂部旋轉的葉片獲得升力,A rescue helicopter hovered above the stranded hikers and lowered a rope.,helicopter ride over; launch helicopter; helicopter flying,B2
Honeymoon,/ˈhʌniˌmun/,n.,"honeymoon, honeymoons",honeymooner (n.),a holiday taken by a newly married couple｜新婚夫婦所度的假期,The couple spent their honeymoon touring the coastal towns of southern Italy.,honeymoon there; honeymoon destinations; honeymoon okay,B2
Homeland,/ˈhoʊˌmlænd/,n.,"homeland, homelands",None,the country where you were born｜出生地所在的國家,"But most people in this movement wanted the Jews to return to their historic homeland, a place called Palestine.",historic homeland; homeland here; muslim homeland,B2
Hose,/ˈhoʊz/,n.,"hose, hoses",None,a flexible tube used to carry water or other liquids from one place to another｜用於將水或其他液體從一處輸送到另一處的柔性管子,"It's done all over the country using trucks, hoses and even planes.",garden hose; fire hose; water hose,B2
Horrify,/ˈhɔɹəˌfaɪ/,v.,"horrify, horrifies, horrified, horrified, horrifying",horror (n.),to cause someone to feel shocked and very disturbed or disgusted｜使某人感到震驚、非常不安或厭惡,"It was a false story, but it helped them sell a horrifying war.",horrified by the sight; truly horrifying; horrified at the news,B2
Hook,/ˈhʊk/,n.,"hook, hooks","hooker (n.), hooking (n.)","a curved piece of metal or plastic used for hanging, catching, or fastening things｜用於懸掛、鉤住或固定物品的彎曲金屬或塑膠片",She hung her coat on the hook beside the front door when she came home.,single hook; on hook; use hook,B2
Horizon,/hɚˈaɪzən/,n.,"horizon, horizons",None,"the line where earth and sky appear to meet; the limit or future range of knowledge, time, or activity｜地球與天空看似相交的線；知識、時間或活動的極限或未來範圍","We also study the utility process in this generalized model with constant elasticity of intertemporal substitution and relative risk aversion degree, and with infinite time horizon.",on the horizon; beyond the horizon; broaden horizons,B2
Housework,/ˈhaʊˌswɝk/,n. [U],no changes,None,the work of cleaning and running a house｜打掃和管理房屋的工作,"After a long week at the office, she spent the whole Saturday catching up on the housework.",do the housework; do housework; heavy housework,B2
Humidity,/hjuˈmɪdəti/,n. [U],no changes,"humid (adj.), humidify (v.)",wetness in the atmosphere｜大氣中的潮濕,High humidity can make hot weather feel even more uncomfortable and can damage wooden furniture.,humidity levels; high humidity; humidity control,B2
Hurricane,/ˈhɝəˌkeɪn/,n.,"hurricane, hurricanes",None,a very strong tropical storm with extremely fast winds and heavy rain｜伴有極快風速和暴雨的強烈熱帶風暴,One of the examples we give of a national crisis was Hurricane Katrina.,hurricane season; hurricane warning; hurricane damage,B2
Idiom,/ˈɪdiəm/,n.,"idiom, idioms","idiomatic (adj.), idiomatical (adj.)",a manner of speaking that is natural to native speakers of a language｜對母語人士來說很自然的說話方式,"An idiom like ""kick the bucket"" cannot be translated word for word into another language.",English idiom; common idiom; idiomatic expression,B2
Hydrogen,/ˈhaɪdɹədʒən/,n. [U],no changes,hydrogenate (v.),"a colorless, odorless, highly flammable gas; the lightest and most abundant chemical element in the universe｜無色、無味的易燃氣體；宇宙中最輕且最豐富的化學元素",Scientists are developing more efficient methods to produce and store hydrogen as a clean energy source.,hydrogen spectrum; identifying hydrogen; hydrogen isotopes,B2
Humanity,/hjuˈmænɪti/,n. [U],no changes,"human (adj.), humanitarian (adj.)",human beings collectively; human nature or the quality of being humane｜人類的總稱；人性或人道主義的品質,Music and art remind us of our shared humanity and bring people from different cultures together.,help humanity; serve humanity; destroy humanity,B2
Identical,/aɪˈdɛntɪkəl/,adj.,"identical, more identical, most identical","identity (n.), identicalness (n.)",exactly alike; incapable of being perceived as different｜完全一樣的；無法被察覺為不同,"These, virtually identical scores are from America’s upper-class.",either identical; identical animals; otherwise identical,B2
Identification,/aɪˌdɛntəfəˈkeɪʃən/,n.,"identification, identifications",identify (v.),the act of identifying; an official document used to prove identity｜識別的行為；用於證明身份的官方文件,"Please bring a valid form of identification, such as a passport or driver's license.",photo identification; personal identification; identification card,B2
Idle,/ˈaɪdəl/,adj.,"idle, more idle, most idle","idler (n.), idleness (n.)",not in action or at work｜不在行動中或工作中,"The best part is that it scales to zero, idle projects don't cost you anything, and it autoscales to handle traffic spikes without any manual intervention.",sit idle; idle threat; idle periods,B2
Idol,/ˈaɪdəl/,n.,"idol, idols","idolise (v.), idolize (v.)","a person or thing that is greatly admired, loved, or worshipped｜備受欽佩、熱愛或崇拜的人或事物",The young singer became a pop idol almost overnight.,idol culture; idol fans; pop idol,B2
Ignorant,/ˈɪɡnɚənt/,adj.,"ignorant, more ignorant, most ignorant","ignorance (n.), ignorantness (n.)",uneducated in general; lacking knowledge or sophistication｜未受過普通教育；缺乏知識或素養,He was ignorant of the local customs and accidentally caused offense during the dinner.,willfully ignorant; remain ignorant; ignorant remark,B2
