word,ipa,pos,inflections,derivatives,definition,example,collocations,context_type
Household,/ˈhaʊˌshoʊld/,n.,"household, households",householder (n.),the people living together in one home; relating to a home or its daily activities｜住在一起的人；與家庭或其日常活動相關的,"As a consequence of these fires, a large number of structures are destroyed, releasing household chemicals into the environment as uncontrolled toxins.",household name; household income; household chores,B2
Ignorance,/ˈɪɡnɚəns/,n. [U],no changes,"ignore (v.), ignorant (adj.)",a lack of knowledge or information about something｜對某事缺乏知識或資訊,Her ignorance of the local customs caused a few awkward moments during the trip.,complete ignorance; out of ignorance; ignorance of the law,B2
Imaginative,/ɪˈmædʒənətɪv/,adj.,"imaginative, more imaginative, most imaginative","imagine (v.), imaginativeness (n.)",having a lively or creative imagination｜擁有生動或創造性的想像力,The teacher praised the student for her imaginative approach to solving the math problem.,highly imaginative; imaginative mind; imaginative solution,B2
Illustration,/ˌɪləsˈtɹeɪʃən/,n.,"illustration, illustrations",illustrate (v.),artwork that helps make something clear or attractive｜使事物清晰或美觀的藝術作品,The children's book was filled with beautiful illustrations that brought the story to life.,vivid illustration; clear illustration; book illustration,B2
Immigrant,/ˈɪməɡɹənt/,n.,"immigrant, immigrants",immigrate (v.),a person who comes to a country where they were not born in order to settle there｜移居到非出生國並定居的人,"As a first-generation immigrant, she worked hard to build a new life in her adopted country.",recent immigrant; illegal immigrant; undocumented immigrant,B2
Imaginary,/ɪˈmædʒəˌnɛɹi/,adj.,"imaginary, more imaginary, most imaginary",None,not based on fact; unreal｜非基於事實的；不真實的,"They share secrets, play games, and rule over imaginary kingdoms.",imaginary friend; purely imaginary; imaginary world,B2
Imitation,/ˌɪməˈteɪʃən/,n.,"imitation, imitations",imitate (v.),a copy or simulation of something; the act of copying someone's behavior or style｜某物的複製品或模擬；模仿某人行為或風格的行為,The artist's imitation of the classical style was so convincing that many experts were fooled.,cheap imitation; imitation leather; sincere form of imitation,B2
Immigration,/ˌɪməˈɡɹeɪʃən/,n.,"immigration, immigrations",immigrate (v.),the act of coming to live permanently in a country where you were not born｜移居到非出生國並永久定居的行為,The government introduced stricter immigration controls to manage the flow of people into the country.,illegal immigration; immigration policy; immigration reform,B2
Impact,/ɪˈmpækt/,n.,"impact, impacts",impaction (n.),a strong effect or influence on someone or something｜對某人或某事物的強烈影響,The new policy had a profound impact on how students performed in school.,huge impact; profound impact; incredible impact,B2
Impression,/ɪmˈpɹɛʃən/,n.,"impression, impressions","impress (v.), impressionistic (adj.)","an effect, feeling, or image that something leaves in someone's mind｜某事物在心中留下的印象、感覺或形象","In its present form, it is a collection of irrelevant stories based on impressions and on the unscientific use of data.",strong impression; overall impression; misleading impression,B2
Incident,/ˈɪnsədənt/,n.,"incident, incidents",incidence (n.),a single distinct event｜一個單獨的事件,The incident at the factory forced management to review all safety procedures immediately.,serious incident; isolated incident; incident report,B2
Incredible,/ɪnˈkɹɛdəbəl/,adj.,"incredible, more incredible, most incredible","incredibility (n.), incredibleness (n.)",beyond belief or understanding｜令人難以置信的,The rescue team showed incredible courage when they entered the burning building to save the trapped family.,incredible amount; absolutely incredible; incredible impact,B2
Indication,/ˌɪndəˈkeɪʃən/,n.,"indication, indications",indicate (v.),something that serves to indicate or suggest｜用以表示或暗示的事物,The patient's rising fever was a clear indication that the infection had not yet responded to treatment.,clear indication; strong indication; early indication,B2
Immigrate,/ˈɪməˌɡɹeɪt/,v.,"immigrate, immigrates, immigrated, immigrated, immigrating","immigrant (n.), immigration (n.)",migrate to a new environment｜遷移到新環境,"Her mother immigrated to the US from southern India, landing in Berkeley, California for the same reason as her father: education.",immigrate to; immigrate legally; plan to immigrate,B2
Hush,/ˈhʌʃ/,v.,"hush, hushes, hushed, hushed, hushing",None,become quiet or still; fall silent｜變得安靜或靜止；沉默下來,She hushed the children with a gentle wave of her hand so that the speaker could continue.,hush up; hush money; in a hush,B2
Including,/ɪnˈkludɪŋ/,prep.,no changes,None,containing as part of a whole; which also comprises or involves the mentioned items｜包含作為整體的一部分；也涵蓋或涉及所提及的項目,"Everyone in the class, including the teacher, was excited about the upcoming field trip.",including myself; not including; including those,B2
Imitate,/ˈɪməˌteɪt/,v.,"imitate, imitates, imitated, imitated, imitating","imitator (n.), imitation (n.), imitative (adj.)",reproduce someone's behavior or looks｜模仿某人的行為或外表,"And only a few species have learned vocal communication, the ability to imitate sounds.",imitate sounds; merely imitate; closely imitate,B2
Illustrate,/ˈɪləsˌtɹeɪt/,v.,"illustrate, illustrates, illustrated, illustrated, illustrating","illustrator (n.), illustration (n.), illustrative (adj.)",clarify by giving an example of｜透過舉例來闡明,This work illustrates how target free search can significantly increase the rate of unpredictable observations leading to new discoveries with potential applications in formulation chemistry.,clearly illustrate; illustrate a point; illustrate the concept,B2
Imply,/ɪmˈplaɪ/,v.,"imply, implies, implied, implied, implying","implication (n.), implicative (adj.)",express or state indirectly｜間接表達或陳述,His silence seemed to imply that he was not happy with the decision.,strongly imply; heavily imply; seem to imply,B2
Infant,/ˈɪnfənt/,n.,"infant, infants",infancy (n.),a very young child (birth to 1 year) who has not yet begun to walk or talk｜還不會走路或說話的嬰兒（出生至一歲）,Performing elective surgery on an infant who cannot give informed consent raises serious ethical questions.,newborn infant; infant care; infant development,B2
Identify,/aɪˈdɛntəˌfaɪ/,v.,"identify, identifies, identified, identified, identifying","identity (n.), identifiable (adj.), identification (n.)",recognize as being; establish the identity of someone or something｜確認為；確定某人或某事物的身份,Researchers used DNA analysis to identify the species of bird found at the ancient archaeological site.,identify challenges; correctly identify; identify whether,B2
Informative,/ɪˈnfɔɹmətɪv/,adj.,"informative, more informative, most informative",inform (v.),tending to increase knowledge or dissipate ignorance｜傾向於增長知識或消除無知,The doctor's detailed explanation of the diagnosis was both reassuring and highly informative.,highly informative; informative guide; very informative,B2
Influential,/ˌɪnfluˈɛntʃəl/,adj.,"influential, more influential, most influential",influence (n.),having or exercising influence or power｜有影響力的，有權力的,The professor was one of the most influential voices in the field of environmental science.,highly influential; hugely influential; influential figure,B2
Innocence,/ˈɪnəsəns/,n. [U],no changes,innocent (adj.),"the state of not being guilty, or the quality of being pure and free from wrongdoing｜無辜的狀態，或純潔且免於惡行的品質","With the world’s attention focused on Ireland, the country feigned innocence.",plead innocence; proclaim innocence; symbol of innocence,B2
Impose,/ɪˈmpoʊz/,v.,"impose, imposes, imposed, imposed, imposing",imposition (n.),compel to behave in a certain way｜強迫以某種方式行事,"Courts now routinely impose steep sanctions on firms that fail to provide human-in-the-loop certification for AI-generated research, ending unvetted litigation.",impose restrictions; impose constraints; impose a ban,B2
Infection,/ɪˈnfɛkʃən/,n.,"infection, infections","infect (v.), infectious (adj.)",an illness or disease caused by harmful microorganisms entering the body｜由有害微生物進入人體引起的疾病,Where we see the greatest risk in all of these circumstances is from heavy bleeding or from an infection associated with it.,bacterial infection; combat infection; fight off infection,B2
Inflation,/ɪnˈfleɪʃən/,n. [U],no changes,"inflate (v.), inflationary (adj.)",a general and progressive increase in prices｜物價普遍且持續上漲,Rising inflation made everyday groceries noticeably more expensive by the end of the year.,inflation crisis; inflation process; let inflation,B2
Injure,/ˈɪndʒɚ/,v.,"injure, injures, injured, injured, injuring",injury (n.),cause injuries or bodily harm to｜使受傷或造成身體傷害,One study even found that kids were more likely to get seriously injured in traditional playgrounds— perhaps because adventure playgrounds encourage them to be more aware of their surroundings.,seriously injured; get injured; badly injured,B2
Ingredient,/ɪnˈɡɹidiənt/,n.,"ingredient, ingredients",None,a component of a mixture or compound｜混合物或化合物的成分,"Cooking with individual, whole ingredients for even a short period of time can lead to noticeable improvements in energy levels.",essential ingredient; secret ingredient; necessary ingredient,B2
Input,/ˈɪˌnpʊt/,n.,"input, inputs",None,"information or data that is put into a system, or advice and effort contributed to something｜輸入系統的資訊或資料，或對某事物的建議和努力",Unsupervised and local Hebbian-style online learning then allows the system to build up correlations between the internal dynamical transient states and the sensory input stream.,sensory input; input latency; input stream,B2
Initial,/ɪˈnɪʃəl/,adj.,no changes,"initially (adv.), initiate (v.)",occurring at the beginning｜發生在開始時的,Our initial plan had to be changed once we realized how much the project would actually cost.,initial response; initial instinct; initial success,B2
Inspection,/ɪnˈspɛkʃən/,n.,"inspection, inspections",inspect (v.),a formal or official examination｜正式或官方的檢查,"We successfully learn the hybrid system from an inspection scenario where an unmanned ground vehicle has to inspect, in a specific order, different areas of the environment.",carry out inspection; safety inspection; routine inspection,B2
Instinct,/ˈɪnstɪŋkt/,n. [U],no changes,None,"a natural tendency or ability that a person or animal is born with, rather than learned｜人或動物與生俱來的自然傾向或能力，而非後天學習",Her instinct told her something was wrong before she even opened the door.,natural instinct; killer instinct; trust your instinct,B2
Insert,/ɪˈnsɝt/,v.,"insert, inserts, inserted, inserted, inserting",insertion (n.),put or introduce into something｜放進或引進某物,Please insert your card into the machine and enter your PIN number.,insert a coin; insert a key; insert a comment,B2
Inspire,/ɪnˈspaɪɹ/,v.,"inspire, inspires, inspired, inspired, inspiring","inspirer (n.), inspiration (n.), inspiratory (adj.)",to fill someone with the urge or ability to do or feel something creative｜激發某人從事或感受創造性事物的衝動或能力,"Kurt Lewin, inspired by theoretical physics, tried to establish topological and vector psychology analyzing patterns of interaction between the individual and her/his environment.",truly inspire; inspire others; inspire millions,B2
Inspiration,/ˌɪnspɚˈeɪʃən/,n.,"inspiration, inspirations","inspire (v.), inspirational (adj.)",something or someone that gives you creative ideas or the enthusiasm to do something｜給予創意想法或做事熱情的人或事物,It depends on how it comes to you and where your inspiration arrives from.,draw inspiration; true inspiration; lose inspiration,B2
Install,/ɪnˈstɔl/,v.,"install, installs, installed, installed, installing","installing (n.), installment (n.), installation (n.)",set up for use｜安裝以供使用,It's pulled out and installed in the stadium.,install software; install automatically; install an app,B2
Instructor,/ɪnsˈtɹʌktɚ/,n.,"instructor, instructors","instruct (v.), instructorship (n.)",a person whose occupation is teaching｜以教學為職業的人,He practiced the guitar with his instructor every week.,martial arts instructor; fitness instructor; driving instructor,B2
Instruct,/ɪnsˈtɹʌkt/,v.,"instruct, instructs, instructed, instructed, instructing","instructor (n.), instruction (n.), instructive (adj.)",to teach someone a skill or how to do something｜教導某人某項技能或如何做某事,The coach will instruct the new players on the basic rules of the game.,instruct students; instruct someone to; instruct a class,B2
Insult,/ɪˈnsʌlt/,v.,"insult, insults, insulted, insulted, insulting",None,"treat, mention, or speak to rudely｜無禮地對待、提及或說話",Now they're stealing your women to insult you as well.,personal insult; direct insult; racial insult,B2
Intensive,/ɪˈntɛnsɪv/,adj.,"intensive, more intensive, most intensive",intensiveness (n.),"done with great effort, concentration, or force over a short period of time｜在短時間內以極大努力、專注或力量完成的",The soldiers underwent two weeks of intensive training before being deployed.,intensive care; labor-intensive; intensive training,B2
Intelligence,/ɪˈntɛlədʒəns/,n. [U],no changes,intelligent (adj.),the ability to comprehend; to understand and profit from experience｜理解的能力；從經驗中理解並獲益的能力,The intelligence of the child surprised the teachers from her very first week at school.,artificial intelligence; intelligence agency; emotional intelligence,B2
Insurance,/ɪˈnʃʊɹəns/,n. [U],no changes,insure (v.),promise of reimbursement in the case of loss; paid to people or companies so concerned about hazards that they have made prepayments to an insurance company｜補償損失的承諾；因擔心危險而預先向保險公司繳費的人或公司可獲得保障,"After the accident, she was relieved to discover that her insurance would cover most of the repair costs.",insurance costs; insurance doesn't cover; good insurance,B2
Intellectual,/ˌɪntəˈlɛktʃuəl/,adj.,"intellectual, more intellectual, most intellectual",intellect (n.),of or associated with or requiring the use of the mind｜智力的；與智力相關的；需要運用心智的,Reading widely from an early age helps develop the intellectual curiosity needed for success.,intellectual humility; intellectual endeavor; intellectual historian,B2
Intend,/ɪˈntɛnd/,v.,"intend, intends, intended, intended, intending","intent (n.), intention (n.)",have in mind as a purpose｜想要；打算,"In this work, we intend to research urban population mobility patterns, gauge their transient nature, and extend our knowledge of their visited locations.",originally intend; not intended for; intend to do,B2
Intensity,/ɪˈntɛnsəti/,n.,"intensity, intensities","intense (adj.), intensify (v.)","the quality or degree of being very strong, serious, or extreme｜強度；強烈；激烈","But in here, I want to show you how the intensity ramps up even more when there's a goal.",high intensity; light intensity; emotional intensity,B2
Intention,/ɪˈntɛntʃən/,n.,"intention, intentions","intend (v.), intentional (adj.)",an anticipated outcome that is intended or that guides your planned actions｜意圖；目的,"Projecting the states directly onto a robot's operating environment has the advantages of being direct, accurate, and more salient, eliminating mental inference about the robot's intention.",good intention; with the intention; clear intention,B2
Intense,/ɪˈntɛns/,adj.,"intense, more intense, most intense",intensity (n.),possessing or displaying a distinctive feature to a heightened degree｜強烈的；激烈的,The design concept of soft fascination uses specific spatial geometries to help the human brain recover from intense digital fatigue.,incredibly intense; emotionally intense; intense workout,B2
Intuition,/ˌɪntuˈɪʃən/,n.,"intuition, intuitions","intuitive (adj.), intuitively (adv.)",the ability to understand or know something immediately without conscious reasoning｜直覺,"The rise of 'Meta-Cognitive Controllers' allows AI agents to decide when to use fast intuition versus slow, deliberate logic, enabling systems to recognize their own limitations.",intuition around; incredible intuition; intuition versus slow,B2
Interfere,/ˌɪntɚˈfɪɹ/,v.,"interfere, interferes, interfered, interfered, interfering",interference (n.),come between so as to be hindrance or obstacle｜干擾；妨礙,Emotions matter when they're going to either help or interfere with our performance.,refuse to interfere; interfere with; not interfere,B2
Interact,/ˌɪntɚˈækt/,v.,"interact, interacts, interacted, interacted, interacting","interaction (n.), interactive (adj.)",act together or towards others or with others｜互動；相互作用,"The cavity mode, after getting split from beam splitter, interacts with two independent Bose-Einstein Condensates transversely trapped in the arms of the cavity along $x$-axis and $y$-axis.",humans interact; interact with each other; interact socially,B2
Interaction,/ˌɪntɚˈækʃən/,n. [U],no changes,"interact (v.), interactional (adj.)",a mutual or reciprocal action; interacting｜互動；相互作用,"Kurt Lewin, inspired by theoretical physics, tried to establish topological and vector psychology analyzing patterns of interaction between the individual and her/his environment.",physical interaction; interaction patterns; interaction between humans,B2
Interruption,/ˌɪntɚˈʌpʃən/,n.,"interruption, interruptions",interrupt (v.),an act of delaying or interrupting the continuity｜打斷；中斷,The speaker continued after a brief interruption.,without interruption; constant interruption; brief interruption,B2
Intimate,/ˈɪntəmət/,adj.,"intimate, more intimate, most intimate",intimacy (n.),"marked by close acquaintance, association, or familiarity｜親密的；熟悉的",Legend of the Condor Heroes” celebrates Chinese identity by exploring China’s culture and history with intimate humanity.,intimate conversations; deep intimate; intimate partner violence,B2
Invention,/ɪˈnvɛnʃən/,n.,"invention, inventions",invent (v.),the creation of something in the mind｜發明；創作,France would hold on to their little colonial invention for a long time.,remarkable invention; modern invention; brilliant invention,B2
Intermediate,/ˌɪntɚˈmidiɪt/,adj.,"intermediate, more intermediate, most intermediate","intermediator (n.), intermediation (n.)","situated or occurring between two stages, levels, places, or things｜中間的；居中的","The central role of emotions is to serve as an intermediate layer in the space of policies available to agents and animals, leading to a large dimensional reduction of complexity.",intermediate level; intermediate stage; intermediate step,B2
Interpret,/ɪˈntɝpɹət/,v.,"interpret, interprets, interpreted, interpreted, interpreting","interpreter (n.), interpreting (n.), interpretive (adj.), interpretation (n.), interpretative (adj.)",make sense of; assign a meaning to｜理解；詮釋,It can be difficult to interpret a poem correctly without understanding its historical context.,interpret the data; interpret the results; interpret the meaning,B2
Invasion,/ɪˈnveɪʒən/,n.,"invasion, invasions",invade (v.),the act of invading; the act of an army that invades for conquest or plunder｜入侵；侵略,And it is this world of religious authority and deeply-rooted traditions that is now being challenged by the wealth of oil and the Western invasion it has brought.,military invasion; foreign invasion; full-scale invasion,B2
Invade,/ɪˈnveɪd/,v.,"invade, invades, invaded, invaded, invading","invader (n.), invasion (n.), invasive (adj.)",march aggressively into another's territory by military force for the purposes of conquest and occupation｜侵略；入侵,"He heads to Afghanistan, where the Soviet Union is invading Afghanistan, trying to take it over.",attempt to invade; invade and occupy; plan to invade,B2
Invest,/ɪˈnvɛst/,v.,"invest, invests, invested, invested, investing","investor (n.), investing (n.), investment (n.), investiture (n.)",make an investment｜投資,"Meanwhile, with few places to invest their savings, families almost universally park their wealth in property, to the benefit of large developers and the local governments that sell the land.",invest money; invest heavily; invest in stocks,B2
Jealousy,/ˈdʒɛləsi/,n. [U],no changes,None,"a feeling of unhappiness or anger because someone else has what you want, or fear of losing something to another｜嫉妒；羨慕",Envy is not the same as jealousy.,overcome jealousy; driven by jealousy; overcome with jealousy,B2
Involve,/ɪˈnvɑlv/,v.,"involve, involves, involved, involved, involving","involution (n.), involvement (n.)",to include something as a necessary part; to engage or connect someone closely｜包含；使參與,The job involves preparing reports and meeting clients.,involve planning; involve several people; directly involve,B2
Isolation,/ˌaɪsəˈleɪʃən/,n. [U],no changes,isolate (v.),a state of separation between persons or groups｜人與人或團體之間的分離狀態,I've talked about this a couple times on different podcast episodes because of its relationship to social isolation.,stronger isolation; isolation means; strong isolation,B2
Kneel,/ˈnil/,v.,"kneel, kneels, knelt, knelt, kneeling","kneeler (n.), kneeling (n.)",rest one's weight on one's knees｜將身體重量置於膝蓋上,The knight was asked to kneel before the queen as a sign of loyalty and respect.,kneel before; kneel down; kneel in prayer,B2
Keen,/ˈkin/,adj.,"keen, keener, keenest",keenness (n.),having or demonstrating ability to recognize or draw fine distinctions｜具有或表現出識別或區分細微差異的能力,"They design their socks with a keen eye for detail, offering everything from dress socks to sports socks.",keen eye; keen interest; keen observer,B2
Kettle,/ˈkɛtəl/,n.,"kettle, kettles",None,a metal pot for stewing or boiling; usually has a lid｜用於燉煮或沸騰的金屬鍋，通常有蓋子,She filled the kettle with water and switched it on to make a pot of tea.,electric kettle; put the kettle on; kettle of fish,B2
Isolate,/ˈaɪsəˌleɪt/,v.,"isolate, isolates, isolated, isolated, isolating","isolable (adj.), isolation (n.)",place or set apart｜使分離或隔離,The heavy snowstorm isolated the small village from the rest of the country for three days.,feel isolated; isolate from others; become isolated,B2
Investigation,/ɪˌnvɛstəˈɡeɪʃən/,n.,"investigation, investigations",investigate (v.),an inquiry into unfamiliar or questionable activities｜對不熟悉或有問題的活動進行調查,Further investigation indicated that this negative correlation was owing to different spatial characteristics of functions and complementary functioning among highly accessible station areas.,criminal investigation; police investigation; murder investigation,B2
Issue,/ˈɪʃu/,n.,"issue, issues","issuer (n.), issuing (n.)",an important question that is in dispute and must be settled｜存在爭議且必須解決的重要問題,"But ironically, one of the issues they still deal with is dirt.",issue here; main issue; legal issue,B2
Lawful,/ˈlɔfəl/,adj.,"lawful, more lawful, most lawful",lawfulness (n.),conformable to or allowed by law｜符合或法律允許的,"It started when the US imposed a blockade of Iranian ports to cut off hundreds of millions of dollars a day in trade, which legal experts say is a lawful act of war.",lawful act; lawful immigration enforcement; lawful exercise,B2
Knob,/ˈnɑb/,n.,"knob, knobs",knobby (adj.),a circular rounded projection or protuberance｜圓形的突起或凸塊,She turned the volume knob slowly until the music was just loud enough to fill the room.,volume knob; control knob; turn a knob,B2
Landmark,/ˈlænˌdmɑɹk/,n.,"landmark, landmarks",None,the position of a prominent or well-known object in a particular landscape｜顯著或知名物體在特定景觀中的位置,The old bridge is considered a landmark in the city and is visited by many tourists each year.,significant landmark; familiar landmark; landmark referring,B2
Lab,/ˈlæb/,n.,"lab, labs",None,a workplace for the conduct of scientific research｜進行科學研究的場所,"Building on this, we developed Skill Lab, a novel game-based tool that simultaneously assesses a broad suite of cognitive abilities while providing an engaging narrative.",big lab; closed lab; wet lab,B2
Labor,/ˈleɪbɚ/,n. [U],no changes,"laborer (n.), laborious (adj.)","hard physical or mental work, especially work done for pay｜艱苦的體力或腦力工作，尤其是有報酬的工作",The renovation required weeks of labor before the building was ready to be opened.,blue collar labor; labor theory; say labor,B2
Lag,/ˈlæɡ/,v.,"lag, lags, lagged, lagged, lagging","lagger (n.), laggard (n.), lagging (n.)","hang (back) or fall (behind) in movement, progress, development, etc.｜在行動、進步、發展等方面落後或落伍",Older computers often lag behind newer models in performance.,lag behind; lag far behind; lag in development,B2
Launch,/ˈlɔntʃ/,v.,"launch, launches, launched, launched, launching",launcher (n.),"to introduce or start something new, such as a product, campaign, or attack｜推出或開始新事物，如產品、活動或攻擊",The company plans to launch its new product line in the spring.,launch a product; launch into; launch an attack,B2
Landscape,/ˈlændˌskeɪp/,n.,"landscape, landscapes","landscaping (n.), landscapist (n.)",the visible features of an area of land; the general situation or environment in a field｜一片陸地上的可見特徵；某領域的總體情況或環境,"Global value chains have entered an era of 'structural volatility,' where disruption is no longer a cyclical shock but a permanent feature of the landscape.",natural landscape; urban landscape; landscape view,B2
Lecturer,/ˈlɛktʃɚɚ/,n.,"lecturer, lecturers",lecture (v.),"a person who gives talks or lectures to an audience, especially at a college or university｜向聽眾發表演說或講座的人，尤指在大學或學院任教者","The work, led by Cal Poly Physics Department Lecturer Ian Powell, focused on how varying a magnetic field over time can cause matter to exhibit unusual and previously unseen properties.",guest lecturer; lecture series; public lecture,B2
Lean,/ˈlin/,v.,"lean, leans, leaned, leant, leaning","leaner (n.), leanness (n.)",to incline or bend from a vertical position｜使偏離垂直位置或彎曲,He leaned against the wall while waiting for the bus.,lean forward; lean against; lean to one side,B2
Lecture,/ˈlɛktʃɚ/,n.,"lecture, lectures","lecturer (n.), lectureship (n.)",a formal talk given to an audience or class to teach or explain something｜對聽眾或學生講授或解釋事物的正式演說,"But I was going for, to the extent that I had put thought into it, I was going for a longer form lecture Great Courses series on the Byzantines.",give a lecture; attend a lecture; deliver a lecture,B2
Liar,/ˈlaɪɚ/,n.,"liar, liars",None,a person who has lied or who lies repeatedly｜說謊或一再說謊的人,Everyone could tell he was a liar because his stories never matched the facts.,best liar; damn liar; damned liar,B2
Largely,/ˈlɑɹdʒli/,adv.,"largely, more largely, most largely",None,in large part; mainly or chiefly｜大部分；主要地,"In the United States, public schools are largely funded by local property taxes — meaning wealthier areas have better teachers, facilities, and opportunities.",largely thanks; largely known; largely ignored,B2
Legend,/ˈlɛdʒənd/,n.,"legend, legends",legendary (adj.),"a well-known story from the past that may or may not be true, or a very famous person｜傳說；傳說中的名人","And legend has it that the pen already existed, but in the drawers of our master craftsmen, and then clients came and asked for a special pen for the Sunday use, the pen of the pens.",urban legend; asphalt legend; great legend,B2
Leisurely,/ˈlizɚli/,adj.,"leisurely, more leisurely, most leisurely","leisure (n.), leisureliness (n.)",not hurried or forced｜悠閒的；從容不迫的,"On Sunday afternoons, the family took leisurely walks through the nearby park.",leisurely stroll; leisurely pace; leisurely afternoon,B2
Lengthen,/ˈlɛŋθən/,v.,"lengthen, lengthens, lengthened, lengthened, lengthening",None,make longer｜使更長；延長,Those are the people whose phones will most likely die and won't survive the lengthened upgrade cycle.,lengthen their life; lengthen upgrade cycle; lengthen its timeline,B2
Learned,/ˈlɝnd/,adj.,"learned, more learned, most learned",learnedness (n.),having or showing profound knowledge｜博學的；有學問的,The learned professor wrote several books on ancient law.,highly learned; learned person; learned debate,B2
Lipstick,/ˈlɪpˌstɪk/,n.,"lipstick, lipsticks",None,makeup that is used to color the lips｜口紅；唇膏,"Water cooler and then storage for their water bottles, phones, lipstick, hair and makeup, anything they need when they're not on stage.",red lipstick; apply lipstick; lipstick stain,B2
Librarian,/laɪˈbɹɛɹiən/,n.,"librarian, librarians",librarianship (n.),a professional person trained in library science and engaged in library services｜圖書館員；圖書館管理員,"As the machine learning librarian at Hugging Face, I continue exploring opportunities for automatic metadata enrichment for machine learning artefacts hosted on the Hub.",school librarian; chief librarian; reference librarian,B2
Lifeguard,/ˈlaɪˌfɡɑɹd/,n.,"lifeguard, lifeguards",None,an attendant employed at a beach or pool to protect swimmers from accidents｜救生員,But I learned it when I did a lifeguard training.,lifeguard training; beach lifeguard; pool lifeguard,B2
Linen,/ˈlɪnən/,n.,"linen, linens",None,a fabric woven with fibers from the flax plant｜亞麻布；亞麻織品,She chose a light linen shirt for the summer trip because the fabric keeps you cool in the heat.,linen shirt; linen suit; bed linen,B2
Liquor,/ˈlɪkɚ/,n.,"liquor, liquors",None,an alcoholic beverage that is distilled rather than fermented｜烈酒；蒸餾酒,"You'd have to go down the street and go to a liquor store, that thing.",liquor stores; liquor beverages; malt liquor,B2
Lobster,/ˈlɑbstɚ/,n.,"lobster, lobsters",None,"a large sea creature with a hard shell, claws, and long antennae, often eaten as food｜龍蝦",The restaurant is known for its freshly caught lobster and other seafood dishes.,lobster roll; fresh lobster; lobster dinner,B2
Literary,/ˈlɪtɚˌɛɹi/,adj.,"literary, more literary, most literary",literature (n.),of or relating to or characteristic of literature｜文學的；文學性的,Her short story appeared in a respected literary magazine.,literary criticism; literary tradition; literary guide,B2
License,/ˈlaɪsəns/,n.,"license, licenses","licensee (n.), licenser (n.)",a legal document giving official permission to do something｜許可證；執照,"When they buy their fishing license, all of those funds go back to fisheries to fund conservation efforts, to fund stocking, to fund fish habitat.",driving license; license plate; license to operate,B2
Limitation,/ˌlɪmɪˈteɪʃən/,n.,"limitation, limitations",limit (v.),a principle that limits the extent of something｜限制；局限性,"The rise of 'Meta-Cognitive Controllers' allows AI agents to decide when to use fast intuition versus slow, deliberate logic, enabling systems to recognize their own limitations.",technical limitation; biggest limitation; limitation here,B2
Loosen,/ˈlusən/,v.,"loosen, loosens, loosened, loosened, loosening",loosening (n.),make loose or looser｜放鬆；鬆開；變鬆,Loosen the knot before trying to remove the rope.,loosen up; loosen restrictions; loosen the grip,B2
Literature,/ˈlɪtɚətʃɚ/,n. [U],no changes,literary (adj.),written works of artistic value; published writing and research on a subject｜文學；文獻,"For each of these challenges, we specify the exact meaning of the challenge, present some approaches from the literature, and specify some metrics for evaluating that challenge.",scientific literature; published literature; world literature,B2
Loan,/ˈloʊn/,n.,"loan, loans",None,an amount of money that is borrowed and must be paid back｜貸款；借款,"I unravel the basic long run dynamics of the broker call money market, which is the pile of cash that funds margin loans to retail clients.",student loan; bank loan; repay a loan,B2
Lousy,/ˈlaʊzi/,adj.,"lousy, lousier, lousiest","louse (n.), lousiness (n.)",very bad｜惡劣的；糟糕的,"And I feel lousy, get sleepy afterwards.",lousy tape; lousy game; lousy wages,B2
Logic,/ˈlɑdʒɪk/,n. [U],no changes,logician (n.),"a way of thinking or reasoning that is clear, sensible, and based on good judgment｜邏輯；邏輯思維","The rise of 'Meta-Cognitive Controllers' allows AI agents to decide when to use fast intuition versus slow, deliberate logic, enabling systems to recognize their own limitations.",applying logic; modal logic; basic logic,B2
Loyal,/ˈlɔɪəl/,adj.,"loyal, more loyal, most loyal",None,steadfast in allegiance or duty｜忠誠的；效忠的,"The side was seen as more loyal, more “Soviet,” and more hardworking.",loyal supporters; remain loyal; loyal friend,B2
Luxurious,/ləˈɡʒɝiəs/,adj.,"luxurious, more luxurious, most luxurious","luxuriously (adv.), luxury (n.)",displaying luxury and furnishing gratification to the senses｜奢華的；豪華的,"When you're holding it, it feels a little bit heavier and more luxurious.",luxurious hotel; luxurious lifestyle; luxurious car,B2
Logical,/ˈlɑdʒɪkəl/,adj.,"logical, more logical, most logical","logicality (n.), logicalness (n.)",capable of or reflecting the capability for correct and valid reasoning｜能夠進行正確有效推理的，或反映這種能力的,Post-humanist philosophers frame biological enhancement not as a break from nature but as the logical continuation of human information transmission.,logical backbone; logical expression; logical operations,B2
Loyalty,/ˈlɔɪəlti/,n.,"loyalty, loyalties",None,the quality of being loyal｜忠誠的品質,"And in return, Hezbollah proclaims loyalty to the Iranian Revolution and its supreme leader.",brand loyalty; loyalty program; show loyalty,B2
Machinery,/məˈʃinɚi/,n. [U],no changes,machine (v.),machines or machine systems collectively｜機器或機械系統的總稱,"He's considered one of the founding fathers of AI after he penned this paper, computing machinery and intelligence.",heavy machinery; government machinery; industrial machinery,B2
Luxury,/ˈlʌɡʒɚi/,n. [U],no changes,"luxuriate (v.), luxurious (adj.)",something that is an indulgence rather than a necessity｜非必需的享受品,"Still, it’s hard to believe the non-college-educated workforce is buying all these luxury watches, Cartier bracelets, or designer handbags.",luxury items; luxury hotel; luxury car,B2
Magnificent,/mæˈɡnɪfəsənt/,adj.,"magnificent, more magnificent, most magnificent",magnificence (n.),characterized by grandeur｜以宏偉壯觀為特點的,The palace offered a magnificent view of the city.,magnificent thing; magnificent mind; magnificent career,B2
Makeup,/ˈmeɪˌkʌp/,n.,"makeup, makeups",None,cosmetics applied to the face to improve or change your appearance｜用於改善或改變面部外觀的化妝品,"I didn't put makeup, but you can see the bags are growing and they're likely to grow longer.",demographic makeup; visual makeup; wearing makeup,B2
Magnetic,/mæˈɡnɛtɪk/,adj.,no changes,magnet (n.),of or relating to or caused by magnetism｜磁性的，與磁性相關的，由磁性引起的,"These techniques, however, require the application of strong magnetic fields to maximise electron spin polarisation, limiting pathways for electron-nuclear spin coupling and transfer.",magnetic field; magnetic force; magnetic imaging,B2
Marathon,/ˈmɛɹəˌθɑn/,n.,"marathon, marathons",marathoner (n.),"a long-distance running race of about 42 kilometers, or any long and demanding event｜約42公里的長跑比賽，或任何耗時費力的活動",Andrew Hoffman was our first ever seek discomfort sponsored athlete who accomplished the first ever iron man in Antarctica here to support Amar on his marathon.,run a marathon; half marathon; marathon training,B2
Manufacture,/ˌmænjəˈfæktʃɚ/,v.,"manufacture, manufactures, manufactured, manufactured, manufacturing",manufacturer (n.),"put together out of artificial or natural components or parts; He manufactured a popular cereal""｜由人工或天然成分組裝製造",The factory manufactures more than ten thousand units of the product every day.,manufacture goods; manufacture products; mass manufacture,B2
Manufacturer,/ˌmænjəˈfæktʃɚɚ/,n.,"manufacturer, manufacturers",manufacture (v.),a business engaged in manufacturing some product｜從事產品製造的企業,The manufacturer recalled the product after customers reported a safety issue with the design.,food manufacturer; leading manufacturer; car manufacturer,B2
Manual,/ˈmænjuəl/,n.,"manual, manuals",None,a small handbook｜小型手冊,The user manual explains how to install the software.,operating manual; instruction manual; user manual,B2
Measurable,/ˈmɛʒɚəbəl/,adj.,"measurable, more measurable, most measurable","measure (v.), measurability (n.)",capable of being measured｜可測量的,And we can we've shown in a randomized control trial that a few hours of this practice over two weeks is sufficient to produce a measurable change in the brain.,measurable impact; measurable forecasting advantage; reveals no measurable,B2
Maturity,/məˈtʃʊɹəti/,n.,"maturity, maturities",mature (adj.),the period of time in your life after your physical growth has stopped and you are fully developed｜身體發育停止且完全成熟後的人生階段,Adolescence is this period of transition to reproductive and social maturity.,emotional maturity; show maturity; reach maturity,B2
Margin,/ˈmɑɹdʒən/,n.,"margin, margins",marginal (adj.),"the difference between two amounts, or an extra amount beyond what is needed｜兩個數額之間的差額，或超出所需的多餘量",The company increased its profit margin by reducing costs.,profit margin; narrow margin; margin of error,B2
Memorial,/məˈmɔɹiəl/,n.,"memorial, memorials",memorialize (v.),"a structure, event, or ceremony to honour someone who has died｜紀念亡者的建築、活動或儀式",Thousands of people gathered at the war memorial to honour those who had lost their lives in the conflict.,war memorial; build a memorial; attend a memorial,B2
Measure,/ˈmɛʒɚ/,n.,"measure, measures","measurer (n.), measuring (n.), measurable (adj.), measurement (n.)",an action taken to achieve or deal with something; a step toward a goal｜為實現或處理某事而採取的行動；邁向目標的步驟,The school introduced a safety measure to protect students.,preventive measure; safety measure; take measures,B2
Memorable,/ˈmɛmɚəbəl/,adj.,"memorable, more memorable, most memorable",None,worth remembering or easy to remember because it is special｜因特別而值得記住或容易記住的,The trip to the mountains was a memorable experience for the whole family.,memorable experience; memorable moment; truly memorable,B2
Maximum,/ˈmæksəməm/,adj.,"maximum, more maximum, most maximum","maximise (v.), maximize (v.)",the greatest or most complete or best possible｜最大的、最完整的或最好的,The engine reached its maximum speed within just a few seconds.,reach maximum; maximum capacity; maximum speed,B2
Memorize,/ˈmɛmɚˌaɪz/,v.,"memorize, memorizes, memorized, memorized, memorizing","memory (n.), memorizer (n.), memorization (n.)",commit to memory; learn by heart｜記住；用心背誦,"Rather than memorizing formulas, Brilliant helps you truly understand what you’re learning by solving real and engaging challenges.",memorize facts; memorize syntax; about memorize,B2
Mechanic,/məˈkænɪk/,n.,"mechanic, mechanics",None,"a person who repairs or maintains vehicles or machines, or a specific feature or rule in a game or system｜修理或維護車輛或機械的人，或遊戲或系統中的特定功能或規則",The mechanic inspected the brakes and told her the car was safe to drive.,car mechanic; core mechanic; game mechanic,B2
Mercy,/ˈmɝsi/,n. [U],no changes,None,kindness and forgiveness shown to someone who could be punished or harmed｜仁慈；寬恕；憐憫,The prisoner begged the judge to show mercy.,show mercy; beg for mercy; at the mercy,B2
Mechanical,/məˈkænɪkəl/,adj.,no changes,"mechanics (n.), mechanism (n.)",using (or as if using) mechanisms or tools or devices｜機械的；使用機械裝置的,The mechanic quickly identified a mechanical fault in the engine that was causing the car to stall.,mechanical force; mechanical side; mechanical models,B2
Merchant,/ˈmɝtʃənt/,n.,"merchant, merchants",None,a businessperson engaged in retail trade｜商人；零售商,The local merchant sold cloth and spices in the market.,wealthy merchant; local merchant; merchant trader,B2
Merit,/ˈmɛɹət/,n.,"merit, merits","meritable (adj.), meritorious (adj.)",any admirable quality or attribute｜優點；美德；長處,"I don't think there's any real merit to the loading phase, maintenance phase idea.",national merit; relative merit; merit another chance,B2
Mere,/ˈmɪɹ/,adj.,"mere, merer, merest",None,being nothing more than specified｜僅僅的；只不過的,This remarkable progress extends beyond mere engineering achievements and holds significant relevance for the philosophy of cognitive science.,mere existence; mere possibility; mere fact,B2
Messenger,/ˈmɛsəndʒɚ/,n.,"messenger, messengers",None,a person who carries a message｜送信者；使者；信差,And we got away with that as a Democratic party because of the unique talent of Barack Obama as a messenger.,instant messenger; messenger service; send a message,B2
Mill,/ˈmɪl/,n.,"mill, mills",milling (n.),a building or factory where materials are processed or goods are produced｜工廠；磨坊；製造廠,"I'm at the Old Gang Smelt Mill, part of Yorkshire Dale's National Park, one of the key filming locations for the new steamy adaptation of Weathering Heights.",mill closures; flour mill; old flour mill,B2
Microscope,/ˈmaɪkɹəˌskoʊp/,n.,"microscope, microscopes","microscopic (adj.), microscopical (adj.)",magnifier of the image of small objects｜顯微鏡,I thought it would be fun to put these under the microscope.,optical microscope; invent microscope; powerful microscope,B2
Miner,/ˈmaɪnɚ/,n.,"miner, miners",mine (v.),laborer who works in a mine｜礦工；採礦者,Miners flocked to the region and sustained the local economy.,illegal gold miner; coal miner; experienced miner,B2
Messy,/ˈmɛsi/,adj.,"messy, messier, messiest","mess (n.), messily (adv.)",dirty and disorderly｜骯髒的；凌亂的；雜亂的,"After the party, the kitchen was so messy that it took us nearly an hour to clean everything up.",messy creatures; messy middle; start messy,B2
Mineral,/ˈmɪnɚəl/,n.,"mineral, minerals",None,"a natural substance such as iron, salt, or calcium that is found in the earth and in food｜礦物質；礦物","It combines vitamins, minerals, prebiotics, probiotics, and adaptogens into a single scoop that's easy to drink, and it tastes great.",essential mineral; trace mineral; mineral water,B2
Mild,/ˈmaɪld/,adj.,"mild, milder, mildest",mildness (n.),moderate in type or degree or effect or force; far from extreme｜溫和的；輕微的；不嚴重的,"But nowadays, it seems the new status symbol is to flex on how many tokens it takes to automate any part of your life where you might be experiencing some mild form of inconvenience.",mild climate; mild flavor; mild pain,B2
Millionaire,/ˌmɪljəˈnɛɹ/,n.,"millionaire, millionaires",None,a person whose material wealth is valued at more than a million dollars｜百萬富翁；億萬富翁,I don't believe that because someone is a millionaire or because they're a billionaire that makes them suspect.,self-made millionaire; become a millionaire; instant millionaire,B2
Ministry,/ˈmɪnəstɹi/,n.,"ministry, ministries",None,a government department headed by a minister and responsible for a specific area of policy｜部；政府部門,Iran's foreign ministry immediately said that there has been no dialogue.,ministry civil servants; ministry today; propaganda ministry,B2
Modesty,/ˈmɑdəsti/,n. [U],no changes,None,the quality of not talking too proudly about your own abilities or achievements｜謙遜；謙虛；樸實,"Despite her many achievements, she spoke about her success with genuine modesty.",false modesty; natural modesty; admirable modesty,B2
Minimum,/ˈmɪnəməm/,adj.,"minimum, more minimum, most minimum","minimise (v.), minimize (v.)",the least possible｜最小的；最低的；最少的,Simulation results verify the efficiency of the proposed algorithms and reveal the impacts of CSI uncertainties on ST's minimum transmit power and feasibility rate of the optimization problems.,absolute minimum; make minimum; minimum size,B2
Mischief,/ˈmɪstʃəf/,n.,"mischief, mischiefs",mischievous (adj.),"behavior, usually by a child, that is slightly naughty or that causes trouble or annoyance｜頑皮；惡作劇；搗蛋",The children were full of mischief during the holidays.,make mischief; cause mischief; get into mischief,B2
Minister,/ˈmɪnəstɚ/,n.,"minister, ministers","ministrant (adj.), ministerial (adj.), ministration (n.)",a senior member of a government who is in charge of a particular department or area of policy｜部長；牧師；神职人员,The prime minister announced a new policy to reduce carbon emissions by 2030.,prime minister; foreign minister; cabinet minister,B2
Misfortune,/mɪˈsfɔɹtʃən/,n.,"misfortune, misfortunes",None,"bad luck, or an event or situation that causes difficulty or distress｜不幸；厄運；災難",An interaction with the Delaware Division of Corporations would blow the mind of anyone with the misfortune of having visited a DMV.,misfortune unfolded; fortune or misfortune; luck or misfortune,B2
Miserable,/ˈmɪzɚəbəl/,adj.,"miserable, more miserable, most miserable",miserableness (n.),very unhappy; full of misery｜悲慘的；痛苦的；可憐的,"He felt miserable after failing the exam, even though his friends tried their best to cheer him up.",a miserable failure; feel miserable; miserable weather,B2
Mislead,/mɪˈslid/,v.,"mislead, misleads, misled, misled, misleading",misleader (n.),lead someone in the wrong direction or give someone wrong directions｜誤導他人或給予錯誤的方向,The advertisement was designed to mislead customers.,deliberately mislead; mislead the public; mislead someone,B2
Misunderstand,/ˌmɪsəndɚˈstænd/,v.,"misunderstand, misunderstands, misunderstood, misunderstood, misunderstanding",misunderstanding (n.),interpret in the wrong way｜誤解,I think that's the other thing about emotion regulation that people misunderstand.,often misunderstand; easily misunderstand; completely misunderstand,B2
Monument,/ˈmɑnjumənt/,n.,"monument, monuments",monumental (adj.),a structure erected to commemorate persons or events｜紀念人物或事件的建築物,The city built a monument to honor those who died in the war.,national monument; historic monument; ancient monument,B2
Modest,/ˈmɑdəst/,adj.,"modest, more modest, most modest",modestness (n.),marked by simplicity; having a humble opinion of yourself｜樸素的；對自己有謙遜的看法,Even a powerful military can sometimes be forced to settle for pretty modest ambitions when the political situation is too complex.,quite modest; pretty modest; modest proposal,B2
Moderate,/ˈmɑdɚət/,adj.,"moderate, more moderate, most moderate","moderation (n.), moderately (adv.)",being within reasonable or average limits; not excessive or extreme｜在合理或平均範圍內的；不過分或極端的,"The Palestinian government was now deeply divided, Hamas ruling Gaza and the West Bank being run by a more moderate, secular Palestinian faction.",moderate rebels; moderate gains; moderate confidence,B2
Mountainous,/ˈmaʊntənəs/,adj.,"mountainous, more mountainous, most mountainous",mountain (n.),having hills and crags｜有山丘和峭壁的,"Iran starts sending support to the Kurds who have a presence in this mountainous, oil-rich part of Iraq.",mountainous region; mountainous terrain; mountainous area,B2
Moreover,/mɔˈɹoʊvɚ/,adv.,no changes,None,in addition｜此外,"Moreover, the noise in the filters of the convolutional layers in the autoencoders suggests that the CAE can be trained to produce better results.","moreover, it shows; moreover, the results; moreover, there is",B2
Mule,/ˈmjul/,n.,"mule, mules",muleteer (n.),hybrid offspring of a male donkey and a female horse; usually sterile｜雄驢和雌馬的雜交後代；通常不育,The mule carried supplies along the steep mountain path.,stubborn mule; pack mule; ride a mule,B2
Monitor,/ˈmɑnətɚ/,v.,"monitor, monitors, monitored, monitored, monitoring",monitoring (n.),to regularly watch or check something to see how it is developing or changing｜定期觀察或檢查某事物的發展或變化,Doctors used special equipment to monitor the patient's heart rate throughout the surgery.,heart rate monitor; blood pressure monitor; monitor closely,B2
Muddy,/ˈmʌdi/,adj.,"muddy, muddier, muddiest","mud (n.), muddiness (n.)",(of soil) soft and watery｜土壤鬆軟且潮濕的,The children came home with muddy boots after playing in the field all afternoon.,muddy water; muddy boots; muddy road,B2
Motivation,/ˌmoʊtəˈveɪʃən/,n. [U],no changes,"motivate (v.), motivational (adj.)",the reason or desire that makes a person want to do or achieve something｜使人想要做或達成某事的理由或慾望,"From its inception, a large part of the motivation for Cognitive Science has been the need for an interdisciplinary journal for the study of minds and intelligent systems.",main motivation; lack motivation; inner motivation,B2
Murderer,/ˈmɝdɚɚ/,n.,"murderer, murderers",murder (v.),a person who has illegally and intentionally killed another person｜非法且故意殺害他人的人,There was a trial in Germany because someone said all soldiers are murderers.,convicted murderer; serial murderer; mass murderer,B2
Motivate,/ˈmoʊtəˌveɪt/,v.,"motivate, motivates, motivated, motivated, motivating","motive (n.), motivator (n.), motivation (n.), motivative (adj.)",give an incentive for action｜激勵行動,"Motivated by the need to address the problem of missing data in building operation, this work presents a data-driven approach to fill these gaps.",motivate yourself; motivate students; highly motivated,B2
Murmur,/ˈmɝmɚ/,v.,"murmur, murmurs, murmured, murmured, murmuring","murmurer (n.), murmuring (n.), murmurous (adj.), murmuration (n.)",speak softly or indistinctly｜輕柔或含糊地說,She began to murmur a few quiet words of comfort into the crying child's ear.,heart murmur; low murmur; murmur of discontent,B2
Needy,/ˈnidi/,adj.,"needy, needier, neediest","need (n.), neediness (n.)",poor enough to need help from others｜貧窮到需要他人幫助,The charity collects warm clothing and food for needy families during the winter.,needy people; needy families; needy children,B2
Multiple,/ˈmʌltəpəl/,adj.,"multiple, more multiple, most multiple",multiplicity (n.),having or involving or consisting of more than one part or entity or individual｜擁有多於一個部分、實體或個體的,"It's a whole broadcast facility, and it drives all over the place to multiple productions every week.",multiple layers; multiple ones; multiple iterations,B2
Nationality,/ˌnæʃəˈnæləti/,n.,"nationality, nationalities",national (adj.),people having common origins or traditions and often comprising a nation｜有共同起源或傳統的人，通常構成一個國家,"I don't think about a nationality, honestly.",dual nationality; foreign nationality; obtain nationality,B2
Negotiate,/nəˈɡoʊʃiˌeɪt/,v.,"negotiate, negotiates, negotiated, negotiated, negotiating","negotiant (n.), negotiable (adj.), negotiator (n.), negotiation (n.)",discuss the terms of an arrangement｜討論協議的條款,The two companies met to negotiate a new contract.,negotiate a deal; negotiate terms; refuse to negotiate,B2
Mysterious,/mɪˈstɪɹiəs/,adj.,"mysterious, more mysterious, most mysterious",mystery (n.),"strange, not fully understood, or difficult to explain｜奇怪的、未能完全理解的、或難以解釋的",The old house had a mysterious atmosphere that made the visitors feel uneasy.,mysterious island; really mysterious; mysterious affair,B2
Mutual,/ˈmjutʃəwəl/,adj.,"mutual, more mutual, most mutual","mutuality (n.), mutualness (n.)",common to or shared by two or more parties｜兩個或多方共有的或共享的,"Therefore, secondly, we review the history of the symbol emergence problem in different fields, including both biological and artificial systems, showing their mutual relations.",mutual trust; mutual understanding; mutual agreement,B2
Nevertheless,/ˌnɛvɚðəˈlɛs/,adv.,no changes,None,despite what has just been said or done; however; even so｜然而；不過；仍然,"Nevertheless, the large datasets, non-linear relationships and limited training data make Climate a domain which is rich in interesting machine learning challenges.",nevertheless continue; nevertheless succeed; nevertheless important,B2
Namely,/ˈneɪmli/,adv.,"namely, no changes",None,as follows｜如下,"Two cities attracted the most tourists, namely Paris and Rome, according to the report.",namely that; namely the following; namely because,B2
Neglect,/nəˈɡlɛkt/,v.,"neglect, neglects, neglected, neglected, neglecting","neglectful (adj.), negligence (n.)",leave undone or leave out｜未做；略過,The influx of high-earning remote workers into rural hubs is creating a reverse mobility trend that brings high-speed infrastructure to neglected areas.,neglect children; criminal neglect; long neglect,B2
Noble,/ˈnoʊbəl/,adj.,"noble, nobler, noblest",None,"having or showing high moral qualities such as honesty, courage, and generosity｜品德高尚的",He made a noble sacrifice to protect his community.,noble cause; noble character; noble intention,B2
Nightmare,/ˈnaɪˌtmɛɹ/,n.,"nightmare, nightmares",None,a situation resembling a terrifying dream｜噩夢般的情形,Organizing the event without enough staff became a logistical nightmare.,absolute nightmare; nightmare scenarios; logistical nightmare,B2
Nonsense,/ˈnɑnsɛns/,n. [U],no changes,None,a message that seems to convey no meaning｜毫無意義的話,"Now, you’re surely thinking: one, two, if not all three of these answers are transparently self-serving… nonsense.",utter nonsense; talk nonsense; absolute nonsense,B2
Obedience,/oʊˈbidiəns/,n. [U],no changes,obedient (adj.),the act of obeying; dutiful or submissive behavior with respect to another person｜服從；順從,The trainer demanded strict obedience from the working dogs.,blind obedience; demand obedience; obedience training,B2
Obedient,/oʊˈbidiənt/,adj.,"obedient, more obedient, most obedient","obediently (adv.), obedience (n.)",dutifully complying with the commands or instructions of those in authority｜服從的；聽命的,"Naturally, Putin would prefer to turn Kazakhstan into an obedient colony — reviving Russia’s role as the center of an empire.",obedient child; obedient servant; remain obedient,B2
Nursery,/ˈnɝsɚi/,n.,"nursery, nurseries",nurse (v.),a child's room for a baby｜育嬰室；嬰兒房,The baby slept in a small nursery beside the main bedroom.,baby's nursery; nursery furniture; nursery room,B2
Nowadays,/ˈnaʊəˌdeɪz/,adv.,no changes,None,in these times｜如今；現今,"Nowadays, there are a lot of red light devices out there.",people nowadays; common nowadays; popular nowadays,B2
Nutritious,/nuˈtɹɪʃəs/,adj.,"nutritious, more nutritious, most nutritious","nutrition (n.), nutritiousness (n.)",of or providing nourishment｜有營養的,"Now, of course, everyone should strive to eat nutritious whole foods.",find nutritious; nutritious diet; nutritious whole foods,B2
Objection,/əˈbdʒɛkʃən/,n.,"objection, objections",object (v.),the act of expressing earnest opposition or protest｜提出異議；強烈反對,Several residents raised an objection to the new road.,raise objection; serious objection; without objection,B2
Nuclear,/ˈnukliɚ/,adj.,no changes,None,"relating to atomic nuclei, nuclear energy, or weapons that use nuclear reactions｜與原子核、核能或核武器相關的",The country plans to build a new nuclear power station.,nuclear power; nuclear weapon; nuclear energy,B2
Numerous,/ˈnumɚəs/,adj.,"numerous, more numerous, most numerous","numerosity (n.), numerousness (n.)",amounting to a large indefinite number｜大量的；無數的,"Mediterranean ecosystems such as those found in California, Central Chile, Southern Europe, and Southwest Australia host numerous, diverse, fire-adapted micro-ecosystems.",numerous tube sizes; numerous individuals; numerous ways,B2
Objective,/əˈbdʒɛktɪv/,n.,"objective, objectives","objectivity (n.), objectiveness (n.)",the goal intended to be attained (and which is believed to be attainable)｜預期可達成的目標,"Parameter assumptions alone do not determine whether inferences can extend beyond included studies, advocating for unconditional inference based on objectives.",objective reality; main objective; objective here,B2
Occupation,/ˌɑkjəˈpeɪʃən/,n.,"occupation, occupations",occupy (v.),the principal activity in your life that you do to earn money｜主要掙錢的活動,Please state your name and occupation on the form.,full-time occupation; choose an occupation; main occupation,B2
Offend,/əˈfɛnd/,v.,"offend, offends, offended, offended, offending","offence (n.), offense (n.), offender (n.), offensive (adj.)",cause to feel resentment or indignation｜使怨恨；使憤慨,He chose his words carefully so that he would not offend anyone in the room.,personally offend; offend somebody; offend anyone whereas,B2
Occasional,/əˈkeɪʒənəl/,adj.,"occasional, more occasional, most occasional",None,occurring from time to time｜偶爾的；間歇性的,She allowed herself the occasional piece of chocolate as a reward after a long week.,occasional visit; occasional break; on the occasional,B2
Observation,/ˌɑbzɚˈveɪʃən/,n.,"observation, observations",observe (v.),"the act of watching someone or something carefully, or a comment or remark based on what you have noticed｜觀察；評語",This work illustrates how target free search can significantly increase the rate of unpredictable observations leading to new discoveries with potential applications in formulation chemistry.,basic observation; observation deck; observation base,B2
Offense,/əˈfɛns/,n.,"offense, offenses","offender (n.), offensive (adj.)",a lack of politeness; a failure to show regard for others; wounding the feelings or others｜無禮；不尊重；傷害感情,"No offense to our exceptionally friendly Northern neighbors, but… why.",take offense; criminal offense; capital offense,B2
Obstacle,/ˈɑbstəkəl/,n.,"obstacle, obstacles",None,something that blocks your way or makes it difficult to achieve something｜阻礙物；障礙,"Current micromobility depends mostly on human manual operation , which raises safety and efficiency concerns when navigating busy urban environments full of unpredictable obstacles and pedestrians.",major obstacle; overcome obstacle; face an obstacle,B2
Occupy,/ˈɑkjəˌpaɪ/,v.,"occupy, occupies, occupied, occupied, occupying","occupation (n.), occupant (n.)","to take control of a place, especially by military force, or to live or work in a space｜佔據；佔領；居住於",Deep neural networks have made significant strides in overcoming the limitations of older connectionist models that once occupied the centre stage of philosophical debates about cognition.,occupy territory; forces occupy; occupy a building,B2
Offensive,/əˈfɛnsɪv/,adj.,"offensive, more offensive, most offensive","offend (v.), offensiveness (n.)","causing someone to feel hurt, angry, or disgusted｜令人不快的；冒犯的",The broadcaster apologized for the offensive remarks made during the live interview.,offensive remarks; offensive language; deeply offensive,B2
Obtain,/əˈbteɪn/,v.,"obtain, obtains, obtained, obtained, obtaining","obtainable (adj.), obtainment (n.)",come into possession of｜獲得；取得,This is needed because KD stores the TLS certificates that it obtains in these directories as well as other persistent information.,automatically obtain; algorithm obtain; obtain results,B2
Opera,/ˈɑpɹə/,n.,"opera, operas",operatic (adj.),a drama set to music; consists of singing with orchestral accompaniment and an orchestral overture and interludes｜歌劇,The opera combined powerful singing with dramatic music.,opera singer; opera house; attend an opera,B2
Orphan,/ˈɔɹfən/,n.,"orphan, orphans",orphanage (n.),a child who has lost both parents｜孤兒,The orphan was raised by his aunt and uncle.,orphan child; become an orphan; war orphan,B2
Orchestra,/ˈɔɹkəstɹə/,n.,"orchestra, orchestras","orchestral (adj.), orchestrate (v.)",a musical organization consisting of a group of instrumentalists including string players｜管弦樂團,But the brain ultimately appears to be the conductor of this orchestra of physiology and metabolism.,symphony orchestra; conduct an orchestra; play in orchestra,B2
Orbit,/ˈɔɹbət/,n.,"orbit, orbits","orbital (adj.), orbiter (n.)","the curved path that an object follows as it travels around a planet, star, or other body in space｜軌道",The satellite entered orbit around the planet.,lunar orbit; enter orbit; planetary orbit,B2
Oppose,/əˈpoʊz/,v.,"oppose, opposes, opposed, opposed, opposing","opposer (n.), opponent (adj.), opposition (n.)",be against; express opposition to｜反對；對抗,Many residents oppose the plan to close the library.,strongly oppose; openly oppose; oppose the plan,B2
Outstanding,/ˌaʊtˈstændɪŋ/,adj.,"outstanding, more outstanding, most outstanding",None,distinguished from others in excellence｜傑出的；優秀的,"Despite its simplicity, the evaluation metrics show outstanding results, making it a valuable privacy-focused and cost-effective approach.",outstanding performance; truly outstanding; outstanding achievement,B2
Option,/ˈɑpʃən/,n.,"option, options",opt (v.),something that can be chosen from a set of possibilities; a choice｜選項；選擇,But anyways you still have that option if you prefer.,different option; best option; only option,B2
Oval,/ˈoʊvəl/,adj.,"oval, more oval, most oval",None,rounded like an egg｜橢圓形的,She placed the flowers in an oval vase.,oval face; oval shape; oval table,B2
Orientation,/ˌɔɹiɛˈnteɪʃən/,n.,"orientation, orientations",None,"the direction something faces or is aimed, or a person's beliefs, preferences, or sense of identity｜方向；取向；定位",The map's orientation made north appear on the right side.,sexual orientation; political orientation; sense of orientation,B2
Outcome,/ˈaʊˌtkʌm/,n.,"outcome, outcomes",None,something that results｜結果；後果,Traditional EIA regulations will be fully replaced by Environmental Outcomes Reports to focus on supporting specific delivery objectives.,likely outcome; desired outcome; possible outcome,B2
Overcoat,/ˈoʊvɚˌkoʊt/,n.,"overcoat, overcoats",None,a heavy coat worn over clothes in winter｜大衣；外套,"He traveled in disguise, wearing a soft felt hat instead of his customary stovepipe hat and draping an overcoat over his shoulders while hunching to conceal his height.",heavy overcoat; long overcoat; winter overcoat,B2
Otherwise,/ˈʌðɚˌwaɪz/,adv.,no changes,None,in other respects or ways｜在其他方面；否則,"Make sure to enable the static file server, otherwise it does not work.",otherwise known; or otherwise; otherwise stated,B2
Overnight,/ˈoʊvɚˈnaɪt/,adv.,no changes,None,during or for the length of one night｜一夜之間；整夜,"Most remarkably is once you socially isolate a mouse and it becomes aggressive, you can never put it back in its cage with its brothers from its litter because it will kill them all overnight.",happen overnight; overnight success; stay overnight,B2
Overthrow,/ˈoʊvɚˌθɹoʊ/,v.,"overthrow, overthrows, overthrew, overthrown, overthrowing",None,cause the downfall of; of rulers｜推翻；顛覆,"The rebel forces attempted to overthrow the government, but their uprising was quickly suppressed.",attempt to overthrow; violently overthrow; plan to overthrow,B2
Parachute,/ˈpɛɹəˌʃut/,n.,"parachute, parachutes","parachuter (n.), parachuting (n.), parachutist (n.)",rescue equipment consisting of a device that fills with air and retards your fall｜降落傘,They should have brought base jumping parachutes.,parachute jump; drop by parachute; parachute into,B2
Overlook,/ˈoʊvɚˌlʊk/,v.,"overlook, overlooks, overlooked, overlooked, overlooking",None,"look past, fail to notice｜忽略；忽視",It is easy to overlook a small error in a long report.,often overlook; easily overlook; largely overlook,B2
Overcome,/ˈoʊvɚˌkʌm/,v.,"overcome, overcomes, overcame, overcome, overcoming",overcomer (n.),win a victory over｜戰勝; 克服,"With hard work and support from her family, she was able to overcome her fear of public speaking.",overcome fears; overcome challenges; overcome obstacles,B2
Paragraph,/ˈpæɹəˌɡɹæf/,n.,"paragraph, paragraphs",paragrapher (n.),one of several distinct subdivisions of a text intended to separate ideas; the beginning is usually marked by a new indented line｜文章的段落，用於分隔不同的想法，通常以新的一行開頭,He read the opening paragraph of the report and immediately noticed a factual error.,entire paragraph; second paragraph; final paragraph,B2
Pace,/ˈpeɪs/,n.,"pace, paces",pacer (n.),the speed at which something moves or happens｜事物移動或發生的速度,"Although artificial intelligence has achieved many feats at a rapid pace, there still exist open problems and fundamental shortcomings related to performance and resource efficiency.",slower pace; often keep pace; pretty even pace,B2
Oxygen,/ˈɑksədʒən/,n. [U],no changes,"oxygenate (v.), oxygenize (v.)","a colorless, odorless gas that makes up about 21 percent of the air and is essential for breathing and combustion｜一種無色無味的氣體，佔空氣約21%，對呼吸和燃燒至關重要","As soon as it's exposed to oxygen, it would start burning.",oxygen consumption; oxygen tanks; enough oxygen,B2
Participation,/pɑˌɹtɪsəˈpeɪʃən/,n.,"participation, participations",participate (v.),the act of taking part in an activity or event｜參與活動或事件的行為,Active participation in class discussions helps students learn more quickly.,active participation; participation in; public participation,B2
Panel,/ˈpænəl/,n.,"panel, panels","paneling (n.), panelist (n.), panelling (n.), panellist (n.)","a flat section forming part of a door, wall, or device, or a group of people brought together to discuss or decide something｜門、牆或裝置的平面部分，或為討論或決定某事而聚集的一組人",A panel of experts was brought together to discuss the proposed changes to the law.,panel discussion; expert panel; solar panel,B2
Peep,/ˈpip/,v.,"peep, peeps, peeped, peeped, peeping",peeper (n.),look furtively｜偷看; 窺視,It's the peeping tom in your neighborhood who looks through all the windows in your house without breaking in.,peep through; peep into; take a peep,B2
Paw,/ˈpɔ/,n.,"paw, paws",pawer (n.),"the foot of an animal that has claws, such as a cat or dog｜有爪子動物的腳，如貓或狗",And the other one is predatory aggression where the cat has its ears forward and it's batting with its paw at a mouselike object it wants to catch it and eat it.,cat paw; dog paw; paw print,B2
Partial,/ˈpɑɹʃəl/,adj.,"partial, more partial, most partial","partially (adv.), partiality (n.)",being or affecting only a part; not total｜部分的；不完全的,The problem with doing partial repetitions or even playing with tempo is that it's really difficult to replicate consistently.,partial least squares; partial orders; partial solutions,B2
Pasta,/ˈpɑstə/,n.,"pasta, pastas",None,a dish that contains pasta as its main ingredient｜以義大利麵為主要食材的菜餚,And then for lunch you're having a sandwich and then for dinner you're having some pasta with some sauce and you don't feel well.,pasta rice potatoes; pasta thin sheets; pasta makers,B2
Peculiar,/pəˈkjuljɚ/,adj.,"peculiar, more peculiar, most peculiar",peculiarity (n.),beyond or deviating from the usual or expected｜奇特；異常,"Now, even a hundred years ago, Dealer Franchise Laws were peculiar.",peculiar characteristic; peculiar relationship; rather peculiar,B2
Passive,/ˈpæsɪv/,adj.,"passive, more passive, most passive","passivity (n.), passiveness (n.)",not actively doing or showing something; accepting what happens without taking action｜被動的；消極的,He remained passive while others argued about the decision.,remain passive; passive role; passive observer,B2
Partnership,/ˈpɑɹtnɚˌʃɪp/,n.,"partnership, partnerships",partner (n.),a relationship between two or more people or organizations who work together toward a common goal｜為共同目標而合作的人或組織之間的關係,Our partnership with the United States is turning out to be really great.,public private partnership; strong economic partnership; close partnership,B2
Perfection,/pɚˈfɛkʃən/,n. [U],no changes,"perfect (v.), perfectionist (n.)",the state of being without a flaw or defect｜無瑕疵或缺陷的狀態,Systemic biological inequality is a major concern as the drive for post-human perfection risks reclassifying unenhanced life as obsolete or malformed.,goal isn't perfection; require perfection; game where perfection,B2
Percent,/pɚˈsɛnt/,n.,"percent, percents",None,a proportion in relation to a whole (which is usually the amount per hundred)｜相對於整體的比例（通常為百之分比）,New builds often feature central forest courtyards designed to ensure eighty percent of floor plates receive natural sunlight.,ninety percent; ten percent; by twenty percent,B2
Perfume,/pɚˈfjum/,n.,"perfume, perfumes",perfumery (n.),a liquid with a pleasant smell that people put on their skin; a fragrance｜人們塗在皮膚上的帶有宜人香味的液體；香味,"She wore a light floral perfume that filled the room with a gentle, pleasant scent.",spray perfume; wear perfume; bottle of perfume,B2
Penalty,/ˈpɛnəlti/,n.,"penalty, penalties",penalise (v.),a punishment or disadvantage imposed for breaking a rule or causing a cost｜因違規或造成損失而施加的處罰或不利後果,"On balance, the resolution mode is a preference, but there are clear drawbacks to consider alongside a frame rate penalty, which I'll get to.",death penalty; penalty box; early withdrawal penalty,B2
Percentage,/pɚˈsɛntədʒ/,n.,"percentage, percentages",None,a proportion in relation to a whole (which is usually the amount per hundred)｜相對於整體的比例（通常為百之分比）,A large percentage of students completed the course.,large percentage; high percentage; small percentage,B2
Peer,/ˈpɪɹ/,n.,"peer, peers",None,a person who is of equal standing with another in a group｜在團體中與他人地位相等的人,"Models have moved beyond 'bolting on' vision to text; they now utilize unified designs where text, audio, and video are processed as peers in a single context window.",peer group; peer reviewed; peer pressure,B2
Persuasive,/pɚˈsweɪsɪv/,adj.,"persuasive, more persuasive, most persuasive","persuade (v.), persuasiveness (n.)",intended or having the power to induce action or belief｜意圖或有能力引發行動或信念的,"And each time, they became less and less persuasive.",persuasive evidence; persuasive legal argument; persuasive case coming,B2
Persuasion,/pɚˈsweɪʒən/,n.,"persuasion, persuasions",persuade (v.),the act of convincing someone to do or believe something｜說服；說服力,"A central result-""the No-Null-Space Leadership Condition""-characterizes leadership as a property of representational reachability rather than persuasion or authority.",rather than persuasion; power of persuasion; gentle persuasion,B2
Permanent,/ˈpɝmənənt/,adj.,"permanent, more permanent, most permanent","permanence (n.), permanency (n.)",continuing or enduring without marked change in status or condition or place｜永久的；持久的,"Internally, they run a whole separate production for the fans, and since their clocks are permanent up in their rack room, they do use GPS.",permanent mainstay; permanent solution; permanent population,B2
Pessimistic,/ˌpɛsəˈmɪstɪk/,adj.,"pessimistic, more pessimistic, most pessimistic",pessimism (n.),expecting the worst possible outcome｜悲觀的,"Are the changes in expectation modifying motivation to either move forward become more pessimistic, more optimistic or stay neutral.",overly pessimistic; pessimistic view; rather pessimistic,B2
Pest,/ˈpɛst/,n.,"pest, pests",None,"an insect, animal, or plant that damages crops, carries disease, or causes other harm｜害蟲；害獸；有害植物",The farmer used nets to protect the crops from a common pest.,garden pest; common pest; pest control,B2
Physical,/ˈfɪzɪkəl/,adj.,"physical, more physical, most physical","physics (n.), physicality (n.), physicalness (n.)",involving the body as distinguished from the mind or spirit｜身體的；肉體的,Advanced robotic systems are increasingly addressing the global surgeon shortage by standardizing complex procedures and reducing the physical fatigue associated with lengthy operations.,physical activity; physical wreck; physical properties,B2
Photography,/fəˈtɑɡɹəfi/,n. [U],no changes,"photograph (n.), photographer (n.), photographic (adj.)",the act of taking and printing photographs｜攝影,Wildlife photography requires patience and careful planning.,nature photography; aerial photography; wildlife photography,B2
Philosophical,/ˌfɪləˈsɑfɪkəl/,adj.,"philosophical, more philosophical, most philosophical","philosophy (n.), philosopher (n.)",of or relating to philosophy or philosophers｜哲學的,Deep neural networks have made significant strides in overcoming the limitations of older connectionist models that once occupied the centre stage of philosophical debates about cognition.,philosophical perspective; philosophical inquiry; philosophical explanations,B2
Physician,/fəˈzɪʃən/,n.,"physician, physicians",None,a licensed medical practitioner｜醫師；醫生,"Natalie Crawford is a double board certified physician specializing in obstetrics and gynecology, fertility, and reproductive health.",family physician; attending physician; physician specializing,B2
Phenomenon,/fəˈnɑməˌnɑn/,n.,"phenomenon, phenomena",None,any state or process known through the senses rather than by intuition or reasoning｜現象,"Transport phenomena are central to physics, and transport in the many-body and fully-quantum regime is attracting an increasing amount of attention.",natural phenomenon; new phenomenon; recent phenomenon,B2
Philosophy,/fəˈlɑsəfi/,n. [U],no changes,"philosopher (n.), philosophic (adj.), philosophise (v.), philosophize (v.), philosophical (adj.)","a set of beliefs or ideas about how to live or approach something, or the study of the fundamental nature of knowledge and existence｜哲學",I think the philosophy here is a little different than I'm used to in a studio.,eastern philosophy; western philosophy; philosophy of life,B2
Physics,/ˈfɪzɪks/,n. [U],no changes,"physical (adj.), physicist (n.)",the science of matter and energy and their interactions｜物理學,The relentless pursuit of materials capable of conducting electricity without energy loss at higher temperatures represents one of the most pivotal quests in contemporary physics.,study physics; quantum physics; applied physics,B2
Philosopher,/fəˈlɑsəfɚ/,n.,"philosopher, philosophers","philosophy (n.), philosophic (adj.), philosophical (adj.)",a specialist in philosophy｜哲學家,Post-humanist philosophers frame biological enhancement not as a break from nature but as the logical continuation of human information transmission.,famous philosopher; ancient philosopher; moral philosopher,B2
Pickle,/ˈpɪkəl/,n.,"pickle, pickles",None,"a vegetable, especially a cucumber, preserved in vinegar or salt water｜醃菜；醬菜",I also want to be able to open the pickle jar.,in a pickle; dill pickle; pickle jar,B2
Pioneer,/ˌpaɪəˈnɪɹ/,n.,"pioneer, pioneers",pioneering (v.),someone who helps to open up a new line of research or technology or art｜先驅；先鋒,Breedlove is one of the long-standing pioneers in this field of how hormone shape brain development and psychology.,true pioneer; pioneer in the field; became a pioneer,B2
Plentiful,/ˈplɛntəfəl/,adj.,"plentiful, more plentiful, most plentiful",plentifulness (n.),existing in great number or quantity｜豐富的；大量的,And if they did — if land became plentiful — the whole system would collapse — the government would lose this source of revenue.,plentiful supply; plentiful resources; food plentiful,B2
Physicist,/ˈfɪzɪsɪst/,n.,"physicist, physicists",physics (n.),a scientist trained in physics｜物理學家,"Many physicists believe they can use the tools of physics to understand life, intelligence, and the origins of consciousness.",theoretical physicist; nuclear physicist; brilliant physicist,B2
Plum,/ˈplʌm/,n.,"plum, plums",None,"a small, round fruit with smooth red, purple, or yellow skin and a hard stone inside｜李子；梅子",She picked a ripe purple plum from the tree.,plum tree; plum blossom; dried plum,B2
Poisonous,/ˈpɔɪzənəs/,adj.,"poisonous, more poisonous, most poisonous",poison (n.),having the qualities or effects of a poison｜有毒的,"They wrote on sheets of metal, they drank blood hot from the animal, they had explosives that released poisonous gas, and the women were treated equally.",poisonous plants; highly poisonous; poisonous snake,B2
Plumber,/ˈplʌmɚ/,n.,"plumber, plumbers",None,a craftsman who installs and repairs pipes and fixtures and appliances｜水管工；水管匠,"These are your electricians, plumbers, carpenters, and construction workers.",local plumber; call a plumber; experienced plumber,B2
Portable,/ˈpɔɹtəbəl/,adj.,"portable, more portable, most portable",portability (n.),easily or conveniently transported｜可攜式的；輕便的,The portable charger fits easily into a small bag.,portable device; portable charger; highly portable,B2
Popularity,/ˌpɑpjəˈlɛɹəti/,n.,"popularity, popularities",popular (adj.),the quality of being widely admired or accepted or sought after｜廣受歡迎或被接受或追求的特質,"After all, Beijing is certainly not trying to win a global popularity contest when it comes to Taiwan — domestic Chinese legitimacy is all that matters.",growing popularity; gained significant popularity; general popularity,B2
Portray,/pɔɹˈtɹeɪ/,v.,"portray, portrays, portrayed, portrayed, portraying","portrait (n.), portrayal (n.), portrayer (n.), portraying (n.), portraitist (n.), portraiture (n.)","to represent or describe someone or something in a picture, film, book, or performance｜在圖畫、電影、書籍或表演中描繪或表現人物或事物",Chinese diplomats have been working overtime since January portraying America as a reckless hypocrite.,portray accurately; portray a character; portrayed as,B2
Possession,/pəˈzɛʃən/,n.,"possession, possessions",possess (v.),the act of having and controlling property｜擁有和控制財產的行為,The documents remained in her possession after the meeting.,taking possession; took possession; material possession,B2
Possess,/pəˈzɛs/,v.,"possess, possesses, possessed, possessed, possessing","possessor (n.), possession (n.), possessive (adj.)","have as an attribute, knowledge, or skill｜具有某種屬性、知識或技能",The category of Valuing Non-Sentients describes AI agents that possess the ability to value outcomes without the biological capacity to feel pain.,possess ability; possess knowledge; possess personality traits,B2
Polish,/ˈpɑlɪʃ/,v.,"polish, polishes, polished, polished, polishing","polisher (n.), polishing (n.)",make (a surface) shine｜使表面發亮,He polished the wooden table until it shone.,polish shoes; polish a surface; polish until shiny,B2
Postage,/ˈpoʊstədʒ/,n.,"postage, postages",post (v.),the charge for mailing something｜郵寄物品的費用,"But Transnistria is a “country” in all but name: it has its own laws, border crossings, parliament, police, schools, central bank, currency, and postage stamps.",postage stamp; pay postage; prepaid postage,B2
Plot,/ˈplɑt/,n.,"plot, plots",plotter (n.),"the main series of events in a story, film, or play｜故事、電影或戲劇中的主要事件系列",The novel's complex plot becomes clearer in the final chapter.,main plot; follow the plot; complex plot,B2
Preservation,/ˌpɹɛzɚˈveɪʃən/,n.,"preservation, preservations",preserve (v.),the activity of protecting something from loss or danger｜保護某物免受損失或危險的活動,Is there an arcade preservation scene in any reasonable size.,food preservation; historical preservation; wildlife preservation,B2
Potential,/pəˈtɛnʃəl/,n. [U],no changes,"potency (n.), potentiality (n.)",a quality or ability that may develop and lead to future success; the possibility that something may happen｜可能發展並導致未來成功的品質或能力；某事發生的可能性,The young athlete showed enormous potential and was selected for the national training program.,great potential; enormous potential; realize one's potential,B2
Precise,/pɹɪˈsaɪs/,adj.,"precise, more precise, most precise","precisely (adv.), precision (n.)",sharply exact or accurate or delimited｜精確無誤或準確的,They need a precise timing reference in the truck.,precise predictions; precise number; provide precise,B2
Predict,/pɹɪˈdɪkt/,v.,"predict, predicts, predicted, predicted, predicting","predictor (n.), prediction (n.), predictive (adj.)",make a prediction about; tell in advance｜預言；事先告知,However the model also predicts that anthropogenic forcings have caused the most extreme heavy rainfall events to become shorter in duration and more intense.,predict text; cannot predict; predict probabilities,B2
Prediction,/pɹiˈdɪkʃən/,n.,"prediction, predictions",predict (v.),the act of predicting (as by reasoning about the future)｜預測的行為（如通過推理未來）,"We discuss the economic reasons why the predictions of price and return statistical moments in the coming decades, in the best case, will be limited by their averages and volatilities.",weather prediction; make a prediction; accurate prediction,B2
Pregnancy,/ˈpɹɛɡnənsi/,n.,"pregnancy, pregnancies",pregnant (adj.),the state of being pregnant; the period from conception to birth when a woman carries a developing fetus in her uterus｜懷孕的狀態；從受孕到分娩的時期，婦女在子宫內孕育發育中的胎兒,"On a greater scale, we know that some of the endocrine disrupting chemicals that are in plastics have been associated with worse IVF outcomes, lower live birth rates, longer time to pregnancy.",pregnancy outcomes; during pregnancy; unwanted pregnancy,B2
Prevention,/pɹiˈvɛnʃən/,n.,"prevention, preventions",prevent (v.),the act of stopping something harmful from happening｜阻止有害事物發生的行為,"Marson, you'll have the most up-to-date understanding of the state-of-the-art science for cancer prevention and treatment.",disease prevention; prevention or treatment; crime prevention,B2
Pregnant,/ˈpɹɛɡnənt/,adj.,no changes,pregnancy (n.),having a baby or babies developing inside the body｜體內孕育著嬰兒的,She was pregnant with her first child when they moved into the new house.,pregnant woman; become pregnant; pregnant with,B2
Presentation,/ˌpɹɛzəˈnteɪʃən/,n.,"presentation, presentations",present (v.),the act of showing or explaining something formally; the way something appears｜正式展示或解釋某事物的行為；事物呈現的方式,She gave a clear presentation of the research findings.,give a presentation; formal presentation; presentation slides,B2
Preserve,/pɹəˈzɝv/,v.,"preserve, preserves, preserved, preserved, preserving","preservation (n.), preservative (n.)",keep or maintain in unaltered condition; cause to remain or last｜保持或維持原狀；使存留或持續,The framework therefore provides a practical tool for evaluating whether human AI systems perform well in a way that also preserves human capability over time.,preserve beneficial minerals; preserve information; preserve genetic diversity,B2
Profession,/pɹəˈfɛʃən/,n.,"profession, professions",profess (v.),the body of people in a learned occupation｜某個專業行業的從業人員群體,"I wish that the medical profession could agree on nomenclature that included hormone replacement, the R, replacement therapy for people that are out of range.",medical profession; teaching profession; coveted profession,B2
Primitive,/ˈpɹɪmətɪv/,adj.,"primitive, more primitive, most primitive",primitiveness (n.),relating to an early and simple stage of development; not advanced or modern｜關於早期和簡單發展階段的；不先進或現代的,One thing that I've wondered about for a very long time is whether or not primitive emotions and primitive sounds are the early substrate of language.,primitive society; primitive tool; primitive culture,B2
Prime,/ˈpɹaɪm/,adj.,"prime, primer, primest",primer (n.),of the most importance or highest quality; main or principal｜最重要或最高品質的；主要的或首要的,Safety is the prime concern during the operation.,prime example; prime time; prime suspect,B2
Priority,/pɹaɪˈɔɹəti/,n.,"priority, priorities","prior (adj.), prioritize (v.)",status established in order of importance or urgency｜依重要性或緊急性建立的順序,Protecting patient safety is our highest priority.,top priority; give priority; priority list,B2
Privilege,/ˈpɹɪvlədʒ/,n.,"privilege, privileges",None,a special advantage or immunity or benefit not enjoyed by all｜非人人享有的特殊優勢、豁免或利益,"Access to clean water is a basic right, not a privilege reserved for the wealthy few.",special privilege; claim privilege; born with privilege,B2
Privacy,/ˈpɹaɪvəsi/,n. [U],no changes,None,the quality of being secluded from the presence or view of others｜不被他人存在或視線接觸的狀態,"This enables us to create a compact representation of DB that could be queried by SUs without having to share their location with DB, thus guaranteeing their location privacy.",protect privacy; privacy concerns; right to privacy,B2
Productive,/pɹəˈdʌktɪv/,adj.,"productive, more productive, most productive","productivity (n.), productiveness (n.)",producing a lot; achieving good results｜高產的；達成良好成果的,"The President of Venezuela posted on Telegram about his “productive meeting” earlier that day, before retiring to bed at his compound in Caracas.",productive relationship; feel productive; productive meetings,B2
Proceed,/pɹəˈsid/,v.,"proceed, proceeds, proceeded, proceeded, proceeding","procedure (n.), proceeding (n.), procession (n.), proceedings (n.)",to continue doing something or to move forward with a plan or action｜繼續做某事或向前推進計畫或行動,"In contrast to the previous works in quantum- modeling, we proceed in the state-dependent framework; in particular, distributivity, compatibility, and RRE are considered in a fixed mental state.",proceed with caution; proceed to the next; proceed as planned,B2
Procedure,/pɹəˈsidʒɚ/,n.,"procedure, procedures","proceed (v.), procedural (adj.)",a particular course of action intended to achieve a result｜為達到結果而採取的特定行動過程,The emergence of autonomous surgical robots capable of performing intricate laparoscopic suturing marks a significant milestone in the evolution of minimally invasive medical procedures.,medical procedure; standard procedure; follow procedure,B2
Profitable,/ˈpɹɑfətəbəl/,adj.,"profitable, more profitable, most profitable","profitability (n.), profitableness (n.)",yielding material gain or profit｜產生物質收益或利潤的,"Not needing to abide by international law, being in close proximity to a major seaport, and having long, porous borders, it turns out, can be enormously profitable when combined.",highly profitable; profitable business; profitable venture,B2
Pronunciation,/pɹoʊˌnʌnsiˈeɪʃən/,n.,"pronunciation, pronunciations",pronounce (v.),the manner in which someone utters a word｜某人發出單字的方式,How to state a word with a proper pronunciation in a different language for instance.,preferred pronunciation; proper pronunciation; dominant pronunciation,B2
Prominent,/ˈpɹɑmənənt/,adj.,"prominent, more prominent, most prominent",prominence (n.),"well known and important, or easy to notice because of standing out｜知名且重要，或因突出而容易注意到的","The shift toward high-quality urbanization has brought increased attention to the issue of ""urban villages"", which has become a prominent social problem in China.",prominent figure; prominent place; highly prominent,B2
Professional,/pɹəˈfɛʃənəl/,adj.,"professional, more professional, most professional",None,engaged in a profession or engaging in as a profession or means of livelihood｜從事專業或以專業為職業或生計,"But while these guys are all professional, that doesn't mean they're immune to having a little fun.",professional athletes; professional musician; professional organizations,B2
Prosper,/ˈpɹɑspɚ/,v.,"prosper, prospers, prospered, prospered, prospering","prosperity (n.), prosperous (adj.)","to be successful, especially financially; to grow and thrive｜成功，尤其是財務上成功；成長並繁榮","You don't necessarily prosper, but you get enough to survive.",prosper academically; prosper economically; allow to prosper,B2
Promotion,/pɹəˈmoʊʃən/,n.,"promotion, promotions",promote (v.),"the act of raising someone to a higher position or rank, or activities to increase sales or awareness of something｜將某人提升至更高職位或階級的行為，或增加銷售或知名度的活動","That doesn't mean that there's some amount of that is from ticketing and the promotion services, but it's not maybe the big ticket item, to speak.",earn a promotion; job promotion; get a promotion,B2
Promising,/ˈpɹɑməsɪŋ/,adj.,"promising, more promising, most promising",None,showing possibility of achievement or excellence｜顯示成就或卓越的可能性,Safe reinforcement learning has been a promising approach for optimizing the policy of an agent that operates in safety-critical applications.,promising alternative; promising avenue; propose promising,B2
Prosperous,/ˈpɹɑspɚəs/,adj.,"prosperous, more prosperous, most prosperous",prosperity (n.),in fortunate circumstances financially; moderately rich｜經濟上處於幸運的環境；中等富裕,AI presents an opportunity to build a more prosperous and secure world.,prosperous life; nice prosperous; people more prosperous,B2
Prosperity,/pɹɑˈspɛɹəti/,n. [U],no changes,"prosperous (adj.), prosper (v.)",the state of being successful and having a comfortable and wealthy life｜成功並擁有舒適富裕生活的狀態,And we've normalized that because we've normalized the idea that shared prosperity is not a value any longer in our economy.,economic prosperity; bring prosperity; achieve prosperity,B2
Prompt,/ˈpɹɑmpt/,adj.,"prompt, more prompt, most prompt","prompter (n.), prompting (n.), promptness (n.)",according to schedule or without delay; on time｜按計畫或不延遲；準時,The company promised a prompt response to every complaint.,prompt action; prompt response; prompt payment,B2
Proposal,/pɹəˈpoʊzəl/,n.,"proposal, proposals",propose (v.),something proposed (such as a plan or assumption)｜提出的東西（如計畫或假設）,"Several places floated around in proposals, Argentina, even modern-day Kenya, which back then was Uganda.",make a proposal; formal proposal; submit a proposal,B2
Publicity,/pəˈblɪsəti/,n. [U],no changes,public (adj.),attention given to someone or something by news media or advertising; public notice｜新聞媒體或廣告給予某人或某事的關注；公眾注意,The charity event generated a lot of positive publicity for the local hospital.,gave him publicity; really free publicity; bad publicity,B2
Protein,/ˈpɹoʊˌtin/,n.,"protein, proteins",proteinaceous (adj.),"a nutrient found in foods such as meat, eggs, and beans that is essential for growth and repair of the body｜存在於肉類、雞蛋和豆類等食物中的營養素，對生長和身體修復至關重要",AI-driven vision systems can now detect the molecular freshness of proteins long before any spoilage becomes visible to the human eye.,protein synthesis; protein intake; protein source,B2
Psychologist,/saɪˈkɑlədʒəst/,n.,"psychologist, psychologists",psychology (n.),a scientist trained in psychology｜受過心理學訓練的科學家,The psychologist helped her deal with her anxiety.,clinical psychologist; social psychologist; developmental psychologist,B2
Protest,/ˈpɹoʊˌtɛst/,n.,"protest, protests",protester (n.),"a public expression of disapproval or objection, often in the form of a demonstration or statement｜公開反對或異議的表達，通常以示威或聲明的形式",Designers are embracing imperfection and glitch effects as a form of visual protest to signal human agency and digital soul.,protest too; biggest protest; protest songs,B2
Publisher,/ˈpʌblɪʃɚ/,n.,"publisher, publishers",publish (v.),a firm in the publishing business｜從事出版業務的公司,The publisher agreed to release the book in both print and digital formats simultaneously.,large publisher; book publisher; independent publisher,B2
Psychological,/ˌsaɪkəˈlɑdʒɪkəl/,adj.,"psychological, more psychological, most psychological",psychology (n.),"relating to the mind, emotions, and mental processes｜與心靈、情感和心理過程相關的","The time is ripe to reformulate his ambitious goals, searching for ways to interpret objectively measured brain processes in terms of suitable psychological constructs.",psychological impact; psychological support; psychological research,B2
Psychology,/saɪˈkɑlədʒi/,n. [U],no changes,"psychologist (n.), psychological (adj.)",the science of mental life｜心理生活的科學,"Kurt Lewin, inspired by theoretical physics, tried to establish topological and vector psychology analyzing patterns of interaction between the individual and her/his environment.",social psychology; evolutionary psychology; applied psychology,B2
Publication,/ˌpʌblɪˈkeɪʃən/,n.,"publication, publications",publish (v.),a copy of a printed work offered for distribution｜提供分發的印刷作品副本,The number of standardized policy documents regarding climate policy and their publication frequency is significantly increasing.,academic publication; recent publication; scientific publication,B2
Quarrel,/ˈkwɔɹəl/,n.,"quarrel, quarrels","quarreler (n.), quarreller (n.)",an angry dispute｜激烈的爭執,"If I am having a quarrel with you for example and I come to your home whatever problem that we had, it's finished.",silly quarrel; quarrel between; family quarrel,B2
Publish,/ˈpʌblɪʃ/,v.,"publish, publishes, published, published, publishing","publisher (n.), publishing (n.), publication (n.)",put into print｜付諸印刷,The journal plans to publish the article next month.,publish a book; publish an article; widely published,B2
Raisin,/ˈɹeɪzɪn/,n.,"raisin, raisins",None,dried grape｜葡萄乾,I'm curious where did you guys learn that raisins were dried grapes.,dried raisin; plump raisin; golden raisin,B2
Quilt,/ˈkwɪlt/,n.,"quilt, quilts",quilting (n.),bedding made of two layers of cloth filled with stuffing and stitched together｜由兩層布料填充絮狀物並縫合而成的床上用品,Her grandmother made a colorful patchwork quilt.,bed quilt; patchwork quilt; make a quilt,B2
Pursue,/pɚˈsu/,v.,"pursue, pursues, pursued, pursued, pursuing","pursuer (n.), pursuit (n.), pursuant (adj.), pursuance (n.)",carry out or participate in an activity; be involved in｜執行或參與活動；參與其中,"AI-related trade has emerged as the primary engine of growth, while traditional energy resource trade has contracted as nations pursue technological self-reliance.",pursue nuclear weapons; actively pursue; pursue careers,B2
Rainfall,/ˈɹeɪˌnfɔl/,n.,"rainfall, rainfalls",None,water falling in drops from vapor condensed in the atmosphere｜由大氣中凝結的水蒸氣形成的雨滴,The heavy rainfall last month caused flooding in several low-lying parts of the city.,rainfall events; extreme heavy rainfall; monsoon rainfall,B2
Quotation,/kwoʊˈteɪʃən/,n.,"quotation, quotations",quote (v.),a group of words taken from a text or speech and repeated exactly by someone else｜從文本或演講中摘錄並由他人精確重複的一組詞語,They've stripped the quotation directly and they've paraphrased it.,quotation marks; direct quotation; famous quotation,B2
Rage,/ˈɹeɪdʒ/,n.,"rage, rages",None,a feeling of intense anger｜強烈的憤怒感,"It was Palestinian rage exploding against Israeli occupation, and it went on for years.",blind rage; fly into a rage; fit of rage,B2
Pursuit,/pɚˈsut/,n.,"pursuit, pursuits",pursue (v.),"the act of chasing, seeking, or working hard to achieve something｜追逐、尋求或努力實現某事物的行為",The relentless pursuit of materials capable of conducting electricity without energy loss at higher temperatures represents one of the most pivotal quests in contemporary physics.,relentless pursuit; pursuit of excellence; constant pursuit,B2
Recreation,/ˌɹɛkɹiˈeɪʃən/,n. [U],no changes,"recreate (v.), recreational (adj.)",an activity done for enjoyment and relaxation during free time｜在空閒時間進行的娛樂和休閒活動,I'm sure I recovered more than that in work output and recreation output and hanging out with my girlfriend and not looking at my phone.,outdoor recreation; recreational activity; active recreation,B2
Radar,/ˈɹeɪˌdɑɹ/,n.,"radar, radars",None,measuring instrument in which the echo of a pulse of microwave radiation is used to detect and locate distant objects｜利用微波輻射脈衝回聲來偵測和定位遠處物體的測量儀器,Researchers used ground-penetrating radar to map an atrium structure and underground tunnels within a vessel-shaped formation.,under the radar; on the radar; ground-penetrating radar,B2
Rebel,/ˈɹɛbəl/,n.,"rebel, rebels",rebellion (n.),"a person who resists or fights against authority, rules, or a government｜反抗或對抗權威、規則或政府的人","Osama joins in with all of these rebel fighters who are fighting back against the Soviet Union, and they fight a long, brutal war.",rebel forces; rebel leader; armed rebel,B2
Reception,/ɹɪˈsɛpʃən/,n. [U],no changes,"receive (v.), receptionist (n.)",the manner in which something is greeted｜某事物被接待的方式,The new policy received a warm reception from most of the staff.,a warm reception; poor reception; a wedding reception,B2
Realistic,/ˌɹiəˈlɪstɪk/,adj.,"realistic, more realistic, most realistic",realist (n.),showing a practical understanding of reality; appearing lifelike or accurate｜展現對現實的實際理解；看起來逼真或準確,The artist created a realistic portrait of the old man.,realistic view; highly realistic; realistic portrait,B2
Recognition,/ˌɹɛkəˈɡnɪʃən/,n. [U],no changes,recognize (v.),the state or quality of being recognized or acknowledged｜被識別或認可的狀態或品質,Neuro-symbolic AI systems combine neural network pattern recognition with symbolic logic to solve the black box problem in clinical neuroscience.,object recognition; optical character recognition; full recognition,B2
Recycle,/ɹiˈsaɪkəl/,v.,"recycle, recycles, recycled, recycled, recycling",recycling (n.),to collect and process used materials so they can be used again｜收集並處理廢舊材料以便重新利用,The city encourages residents to recycle paper and glass.,recycle waste; recycle paper; recycle materials,B2
Recall,/ˈɹiˌkɔl/,v.,"recall, recalls, recalled, recalled, recalling",None,recall knowledge from memory; have a recollection｜從記憶中回想起知識；回憶,"If you recall earlier, I mentioned that learning and memory almost always involves the strengthening of particular synapses and neural circuits in the brain.",recall correctly; product recall; ability to recall,B2
Recipe,/ˈɹɛsəpi/,n.,"recipe, recipes",None,directions for making something｜製作某物的指示或步驟,The recipe explains how to make the soup step by step.,best recipe; unusual recipe; each recipe,B2
Recovery,/ɹɪˈkʌvɹi/,n.,"recovery, recoveries",recover (v.),"the process of getting better after an illness, injury, or difficult situation｜疾病、受傷或困境後康復的過程","These include faster muscle recovery, improve skin health, wound healing, improvements in acne, reduce pain and inflammation, improve mitochondrial function, and even improvements in vision.",accelerate recovery; systemic recovery; smart recovery,B2
Refer,/ɹəˈfɝ/,v.,"refer, refers, referred, referred, referring","referee (n.), referral (n.), reference (n.)",make reference to｜提及；提到,Crashing out refers to a sudden emotional meltdown or giving up dramatically after a period of extreme stress or hype.,always refer; commonly refer; refer to as,B2
Reduction,/ɹəˈdʌkʃən/,n.,"reduction, reductions",reduce (v.),the act of decreasing or reducing something｜減少或降低某事物的行為,"The United Nations International Methane Emissions Observatory published a list of the world's top fifty sources, emphasizing the need for global cooperation in emission reduction.",significant reduction; poverty reduction; cost reduction,B2
Refusal,/ɹəˈfjuzəl/,n.,"refusal, refusals",refuse (v.),the act of refusing｜拒絕的行為,"Calling the investigation ""unprecedented"", Powell said he believed it was opened due to Trump's anger over the Fed's refusal to cut interest rates despite repeated public pressure from the president.",outright refusal; flat refusal; face refusal,B2
Reference,/ˈɹɛfɚəns/,n.,"reference, references","refer (v.), referent (adj.), referential (adj.)","a mention of or connection to something, or a source of information used to check or verify something｜對某事物的提及或聯繫，或用於查證的資訊來源",The report includes a reference to the original study.,reference source; for reference; make reference to,B2
Refugee,/ˈɹɛfjudʒi/,n.,"refugee, refugees",None,an exile who flees for safety｜為尋求安全而逃離的流亡者,The plan was to then resettle Syrian refugees currently living in Turkey.,refugee status; refugee fleeing; addressing refugee,B2
Reflect,/ɹəˈflɛkt/,v.,"reflect, reflects, reflected, reflected, reflecting","reflector (n.), reflective (adj.)","to think carefully about something, or to show or be a sign of something｜仔細思考某事物，或顯示或表明某事物",Take time to reflect on what you learned from the experience.,reflect upon; reflect on; accurately reflect,B2
Refund,/ɹɪˈfʌnd/,n.,"refund, refunds",refundable (adj.),money returned to a payer｜退還給付款人的款項,The number of refunds you're going to get back are going to be off the charts.,get a refund; full refund; request a refund,B2
Regarding,/ɹəˈɡɑɹdɪŋ/,prep.,no changes,None,in relation to; concerning; with respect to｜關於；涉及,And therefore I also introduced many different changes regarding the template syntax.,regarding the matter; questions regarding; information regarding,B2
Reform,/ɹəˈfɔɹm/,n.,"reform, reforms","reformer (n.), reformist (n.), reformation (n.), reformative (adj.), reformatory (adj.)",a change for the better as a result of correcting abuses｜因糾正弊端而帶來的改善,"Meanwhile, America’s focus turned toward tax reform and reducing the deficit.",criminal justice reform; radical reform; reform school,B2
Reflection,/ɹəˈflɛkʃən/,n.,"reflection, reflections",None,"careful thought about something, or an image seen in a mirror or other surface｜對某事物的深思，或在鏡子或其他表面看到的影像",And I have two reflections I'd love your reflections on.,mirror reflection; personal reflection; offer reflection,B2
Registration,/ˌɹɛdʒɪsˈtɹeɪʃən/,n.,"registration, registrations",register (v.),the act of enrolling｜登記的行為,"Changing that registration — called “hukou” — is nearly impossible for poor, rural workers.",registration number; voter registration; car registration,B2
Relaxation,/ˌɹilæˈkseɪʃən/,n. [U],no changes,relax (v.),the state of resting and feeling calm; freedom from stress or work｜休息且感到平靜的狀態；擺脫壓力或工作的自由,Deep breathing is a useful relaxation technique.,relaxation technique; deep relaxation; for relaxation,B2
Relieve,/ɹɪˈliv/,v.,"relieve, relieves, relieved, relieved, relieving",reliever (n.),"provide physical relief, as from pain｜解除身體上的不適，如疼痛",I guess I should say I'm relieved to hear that expression of emotions among boys is more accepted now.,relieve pain; relieve stress; relieve pressure,B2
Rejection,/ɹɪˈdʒɛkʃən/,n. [U],no changes,reject (v.),the act of rejecting something｜拒絕某事物的行為,"Her application was unsuccessful, but she handled the rejection calmly.",organ transplant rejection; rejection rate; false rejection,B2
Register,/ˈɹɛdʒɪstɚ/,v.,"register, registers, registered, registered, registering","registry (n.), registrant (n.), registration (n.)",record in writing; enter into a book of names or events or transactions｜以書面形式記錄；將姓名、事件或交易登錄於簿冊中,You need a registered public domain name.,register to vote; register online; officially register,B2
Regulation,/ˌɹɛɡjəˈleɪʃən/,n.,"regulation, regulations",regulate (v.),an authoritative rule｜權威性的規則,Traditional EIA regulations will be fully replaced by Environmental Outcomes Reports to focus on supporting specific delivery objectives.,government regulation; strict regulation; antitrust regulation,B2
Reluctant,/ɹɪˈlʌktənt/,adj.,"reluctant, more reluctant, most reluctant","reluctantly (adv.), reluctance (n.)",not wanting to do something; hesitant or unwilling｜不情願的；猶豫的；勉強的,"I, I'd be reluctant to say we're going to see major cuts there.",little bit reluctant; reluctant travelers; somewhat reluctant,B2
Remark,/ɹɪˈmɑɹk/,n.,"remark, remarks",None,a statement that expresses a personal opinion or belief or adds information｜評語；言論；意見,She made a thoughtful remark during the panel discussion.,passing remark; offensive remark; closing remark,B2
Regulate,/ˈɹɛɡjəˌleɪt/,v.,"regulate, regulates, regulated, regulated, regulating","regulator (n.), regulating (n.), regulation (n.), regulatory (adj.)","fix or adjust the time, amount, degree, or rate of｜調整；調節；控制",The body regulates its temperature by sweating.,heavily regulate; regulate blood sugar; regulate emotions,B2
Relevant,/ˈɹɛləvənt/,adj.,"relevant, more relevant, most relevant","relevance (n.), relevancy (n.)",having a bearing on or connection with the subject at issue｜相關的；切題的,"Some of them are honestly more behind the scenes, they may not be relevant for every one of you.",feels relevant; relevant analogy; super relevant,B2
Remedy,/ˈɹɛmədi/,n.,"remedy, remedies",remedial (adj.),"something that cures or treats illness, or a solution that fixes a problem｜治療方法；療法；補救方法",Warm tea is a traditional remedy for a sore throat.,traditional remedy; herbal remedy; find a remedy,B2
Renew,/ɹɪˈnu/,v.,"renew, renews, renewed, renewed, renewing",renewal (n.),"reestablish on a new, usually improved, basis or make new or like new｜更新；恢復；使更新","Last year, it renewed its appeal — pleading with Putin to come, quote “protect” it.",renew a contract; renew interest; renew membership,B2
Remarkable,/ɹɪˈmɑɹkəbəl/,adj.,"remarkable, more remarkable, most remarkable",None,unusual or striking｜非凡的；卓越的；引人注目的,This remarkable progress extends beyond mere engineering achievements and holds significant relevance for the philosophy of cognitive science.,remarkable capabilities; remarkable increase; remarkable progress extends,B2
Reputation,/ˌɹɛpjəˈteɪʃən/,n. [U],no changes,repute (v.),the opinion that people generally have about someone or something based on past behavior or character｜名譽；名聲；聲望,"Our research highlights the considerable impact of social media on financial markets, particularly in shaping shareholders' perception of ESG reputation.",build a reputation; bad reputation; damage reputation,B2
Repetition,/ˌɹɛpəˈtɪʃən/,n.,"repetition, repetitions","repeat (v.), repetitious (adj.)","the act of doing or saying something again, often many times｜重複；反覆","Now, there's one tool that is absolutely clear works and that's repetition.",constant repetition; through repetition; repetition required,B2
Rescue,/ˈɹɛskju/,v.,"rescue, rescues, rescued, rescued, rescuing",rescuer (n.),free from harm or evil｜救援；營救,"I guess first of all, I want to come to the rescue of I guess journalism as a valuable public service.",rescue plan; come to rescue; daring rescue,B2
Research,/ɹiˈsɝtʃ/,n. [U],no changes,researcher (n.),systematic investigation to establish facts｜研究；調查,"Courts now routinely impose steep sanctions on firms that fail to provide human-in-the-loop certification for AI-generated research, ending unvetted litigation.",research use; research shows; further research,B2
Reservation,/ˌɹɛzɚˈveɪʃən/,n.,"reservation, reservations",reserve (v.),"an arrangement to keep a seat, room, or table available for someone｜預訂；預約",We made a dinner reservation for eight o'clock.,dinner reservation; hotel reservation; make a reservation,B2
Representation,/ˌɹɛpɹəzɛˈnteɪʃən/,n.,"representation, representations",represent (v.),"the act of speaking or acting on behalf of someone, or the way something is shown or described｜代表；表述；描繪","In this way, an inductive local representation with explicit reasoning about the spatial layout of points can be obtained, which leads to much shape awareness and robustness.",taxation without representation; proportional representation; compact representation,B2
Resemble,/ɹɪˈzɛmbəl/,v.,"resemble, resembles, resembled, resembled, resembling",resemblance (n.),appear like; be similar or bear a likeness to｜像；相似；類似,The two sisters closely resemble each other.,closely resemble; resemble a person; resemble each other,B2
Researcher,/ˈɹisɚtʃɚ/,n.,"researcher, researchers",research (v.),a scientist who devotes himself to doing research｜研究人員；研究者,"AI-augmented living meta-analyses now integrate automated extraction with bibliometric mapping, enabling researchers to identify gaps in real-time.",researcher found; amazing researcher; leading researcher,B2
Resignation,/ˌɹɛzəˈɡneɪʃən/,n.,"resignation, resignations",resign (v.),"the act of officially leaving a job or position, or calm acceptance of something unpleasant｜辭職；辭呈；順從",What is the difference between that and resignation.,letter of resignation; hand in resignation; accept resignation,B2
Resistance,/ɹɪˈzɪstəns/,n. [U],no changes,"resist (v.), resistant (adj.)",the action of opposing something that you disapprove or disagree with｜抵抗；反對；阻力,Resistance to modern urban planning is often a proxy for deeper social anxieties regarding digital surveillance and movement restriction.,resistance fighter; good resistance; native resistance,B2
Resign,/ɹɪˈzaɪn/,v.,"resign, resigns, resigned, resigned, resigning",resignation (n.),"leave (a job, post, or position) voluntarily｜辭職；放棄",A member of Yemen's parliament resigns in protest and joins the Believing Youth.,forced to resign; resign from office; resign in protest,B2
Retire,/ɹɪˈtaɪɹ/,v.,"retire, retires, retired, retired, retiring","retiree (n.), retirement (n.)",go into retirement; stop performing one's work or withdraw from one's position｜退休；退職,She plans to retire from teaching next year.,decide to retire; retire early; plan to retire,B2
Respectable,/ɹɪˈspɛktəbəl/,adj.,"respectable, more respectable, most respectable",respectability (n.),socially acceptable and proper; of a reasonably good standard or quality｜值得尊敬的；體面的；相當好的,The team achieved a respectable result despite limited resources.,perfectly respectable; respectable career; respectable standard,B2
Respectful,/ɹɪˈspɛktfəl/,adj.,"respectful, more respectful, most respectful",respectfulness (n.),full of or exhibiting respect｜充滿敬意或表示敬意的,"You don't have to talk about timing, but you have to be respectful of our citizens and make the case to them that this is in their interest.",respectful demeanor; calm even-tempered respectful; respectful meeting,B2
Resolution,/ˌɹɛzəˈluʃən/,n. [U],no changes,resolve (v.),"a firm decision to do or not do something, or an official decision made by a group｜做或不做某事的堅定決定，或由團體做出的正式決定",The council passed a resolution supporting the new policy.,pass a resolution; adopt a resolution; formal resolution,B2
Resolve,/ɹiˈzɑlv/,v.,"resolve, resolves, resolved, resolved, resolving","resolution (n.), resolved (v.)",bring to an end; settle conclusively｜終結；終極解決,The MATES appraisal tool was introduced to standardize the reporting of research syntheses and resolve the reproducibility crisis in environmental sciences.,resolve a conflict; resolve differences; resolve the issue,B2
Reunion,/ɹiˈunjən/,n.,"reunion, reunions","reunify (v.), reunite (v.)",a party of former associates who have come together again｜舊同事或舊友再次聚在一起的聚會,We had a happy family reunion last summer.,family reunion; class reunion; heartfelt reunion,B2
Retreat,/ɹiˈtɹit/,n.,"retreat, retreats",None,"a quiet place or time to rest and recover, or the act of moving back to avoid danger or defeat｜安靜休息康復的地方或時間，或為避開危險或失敗而撤退的行為","It's going to be a luxury tourist destination for adventure and wellness retreats, complete with an artificial lake and outdoor activities mountain biking and skiing.",spiritual retreat; retreat center; strategic retreat,B2
Rhyme,/ˈɹaɪm/,n.,"rhyme, rhymes","rhymer (n.), rhymester (n.)","the use of words that end with the same or similar sound, especially in poetry or songs｜使用結尾相同或相似聲音的詞，尤其在詩歌或歌曲中",The poem had a clear rhyme scheme that made it easy to read aloud and remember.,a perfect rhyme; an internal rhyme; a nursery rhyme,B2
Revenge,/ɹiˈvɛndʒ/,n. [U],no changes,None,action taken in return for an injury or offense｜為傷害或冒犯而採取的報復行動,He wanted revenge against the person who had betrayed him.,get revenge; revenge against; exact revenge,B2
Restore,/ɹɪˈstɔɹ/,v.,"restore, restores, restored, restored, restoring","restorer (n.), restoration (n.), restorative (adj.)",return to its original or usable and functioning condition｜恢復到原來或可用且可運作的狀態,One that kicks out any foreign influence and restores Islamic values.,help restore; restore order; restore peace,B2
Restriction,/ɹisˈtɹɪkʃən/,n.,"restriction, restrictions",restrict (v.),a rule or condition that limits what someone is allowed to do｜限制某人可以做什麼的規則或條件,Resistance to modern urban planning is often a proxy for deeper social anxieties regarding digital surveillance and movement restriction.,dietary restriction; travel restriction; impose restriction,B2
Retain,/ɹɪˈteɪn/,v.,"retain, retains, retained, retained, retaining","retention (n.), retentive (adj.)",to keep or continue to have something; to not lose it｜保留或繼續擁有某物；不失去它,The company worked hard to retain its most experienced employees during the economic downturn.,retain control; retain information; retain customers,B2
Revision,/ɹiˈvɪʒən/,n.,"revision, revisions",revise (v.),the act of revising or altering (involving reconsideration and modification)｜修改或變更的行為（包括重新考慮和修改）,We show that extremely small differences in the revision frequency can easily explain the observed variation in margin loan pricing.,major revision; make revision; under revision,B2
Romance,/ɹoʊˈmæns/,n. [U],no changes,romantic (adj.),a relationship between two lovers｜兩個戀人之間的關係,"Many were following a story set hundreds of years in the past— a tale of adventure and war, romance and intrigue, brotherhood and betrayal.",read romance; british romance; high school romance,B2
Reward,/ɹɪˈwɔɹd/,n.,"reward, rewards",None,something given in return for good work or helpful behavior; a benefit received for effort｜為良好工作或幫助行為而給予的東西；為努力而獲得的好處,"In this work, we address this gap by presenting a learning model that accommodates individual non-shared rewards and a differentiable communication channel that is common among all agents.",reward pathways; cumulative reward; reward function,B2
Revise,/ɹɪˈvaɪz/,v.,"revise, revises, revised, revised, revising","revisal (n.), reviser (n.), revising (n.), revision (n.)",make revisions in｜進行修改,"First, we extend Fortune's application of Merton's no-arbitrage approach to allow for brokers that can only revise their hedges finitely many times during the term of the loan.",revise a draft; revise thoroughly; revise and update,B2
Riddle,/ˈɹɪdəl/,n.,"riddle, riddles",None,a difficult problem｜難題,"You’ll solve puzzles, riddles, and play games rather than memorizing facts.",solve a riddle; speak in riddles; ancient riddle,B2
Robber,/ˈɹɑbɚ/,n.,"robber, robbers",rob (v.),a thief who steals from someone by threatening violence｜透過威脅暴力竊取他人財物的盜賊,The masked robber threatened the cashier and took the money.,armed robber; bank robber; masked robber,B2
Revolutionary,/ˌɹɛvəˈluʃəˌnɛɹi/,adj.,"revolutionary, more revolutionary, most revolutionary",revolution (n.),markedly new or introducing radical change｜明顯新穎或引入根本性變革,The researchers developed a revolutionary method for storing energy.,absolutely revolutionary; revolutionary idea; revolutionary technique,B2
Revolution,/ˌɹɛvəˈluʃən/,n.,"revolution, revolutions","revolt (v.), revolve (v.), revolutionary (adj.), revolutionise (v.), revolutionist (n.), revolutionize (v.)","a sudden, complete, and often violent change in government, or a very great and important change in a field｜政府突然、徹底且常是暴力的變革，或某領域的重大變革","He concluded that if his hungry, choice-deprived Soviet comrades could see what he saw, they’d start a revolution.",industrial revolution; political revolution; start a revolution,B2
Rhythm,/ˈɹɪðəm/,n.,"rhythm, rhythms","rhythmic (adj.), rhythmical (adj.)","a regular pattern of sounds, beats, or movements｜聲音、節拍或動作的有規律模式","The island was governed by Muslim leaders, and the people lived freely, moving to the rhythm of the Indian Ocean.",natural rhythm; rhythm game; emotional rhythm,B2
Scenery,/ˈsinɚi/,n. [U],no changes,None,"the natural features of a landscape, especially when these are beautiful｜景觀的自然特徵，尤其指美麗的部分","It has limits in accuracy, and in this New York area's puddles, for example, reflections manifest more as an oil painting impression of the scenery.",beautiful scenery; mountain scenery; stunning scenery,B2
Scarcely,/ˈskɛɹsli/,adv.,"scarcely, no changes",None,almost not at all; barely; hardly｜幾乎不；勉強；幾乎沒有,The room was so crowded that we could scarcely move toward the exit.,scarcely believe; scarcely expect; can scarcely,B2
Rusty,/ˈɹʌsti/,adj.,"rusty, rustier, rustiest","rust (n.), rustiness (n.)",covered with or consisting of rust｜生鏽的；由鐵鏽組成的,The old gate was rusty after years of exposure to rain and salty sea air.,rusty nail; rusty old fence; rusty bike,B2
Rural,/ˈɹʊɹəl/,adj.,"rural, more rural, most rural",rurality (n.),living in or characteristic of farming or country life｜住在鄉村的；鄉村生活的,The influx of high-earning remote workers into rural hubs is creating a reverse mobility trend that brings high-speed infrastructure to neglected areas.,rural area; rural community; rural life,B2
Sacrifice,/ˈsækɹəˌfaɪs/,n.,"sacrifice, sacrifices","sacrificer (n.), sacrificial (adj.)",the act of giving up something valuable or important for a higher purpose or for the benefit of others｜為更高的目的或為他人利益而放棄重要事物的行為,"Over the past four years, thousands of Ukrainians have made the ultimate sacrifice defending their country against an expansionist Russia.",sacrifice themselves; big sacrifice; sacrifice himself,B2
Scold,/ˈskoʊld/,v.,"scold, scolds, scolded, scolded, scolding","scolder (n.), scolding (n.)",censure severely or angrily｜嚴厲或憤怒地責備,The teacher gently scolded the student for talking during the examination.,scold a child; get scolded; publicly scold,B2
Route,/ˈɹut/,n.,"route, routes",None,an established line of travel or access｜確定的路線或通道,Change the site route to our location where the website is uploaded.,trade route; escape route; follow a route,B2
Scoop,/ˈskup/,n.,"scoop, scoops",None,"a tool like a deep spoon used for scooping food or other materials, or an important news story reported first｜用於舀取食物或其他材料的深勺狀工具，或搶先報導的重要新聞","It combines vitamins, minerals, prebiotics, probiotics, and adaptogens into a single scoop that's easy to drink, and it tastes great.",ice cream scoop; news scoop; single scoop,B2
Sculpture,/ˈskʌlptʃɚ/,n.,"sculpture, sculptures","sculpt (v.), sculptural (adj.), sculpturer (n.)",a three-dimensional work of plastic art｜立體造型藝術作品,What is it with the aspect of dance that makes it a less revered format than sculpture or painting or music.,a marble sculpture; a bronze sculpture; an abstract sculpture,B2
Ruin,/ˈɹuən/,v.,"ruin, ruins, ruined, ruined, ruining","ruiner (n.), ruining (n.), ruinous (adj.), ruination (n.)","to damage or spoil something so badly it cannot be recovered, or the remains of a destroyed building｜嚴重損壞或毀壞某物使其無法修復，或被毀建築的殘骸","All of this changes borders, destroys cities, and ruins lives.",completely ruin; ruin a relationship; economic ruin,B2
Satisfaction,/ˌsætəˈsfækʃən/,n. [U],no changes,satisfy (v.),"the contentment one feels when one has fulfilled a desire, need, or expectation｜當欲望、需求或期望得到滿足時所感受到的滿足感",We provide theoretical guarantees on both the satisfaction of the safety constraint and the near-optimality of the cumulative reward under proper regularity assumptions.,customer satisfaction; job satisfaction; find satisfaction,B2
Satellite,/ˈsætəˌlaɪt/,n.,"satellite, satellites",None,man-made equipment that orbits around the earth or the moon｜繞地球或月球運行的人造設備,Advanced satellite instruments now enable scientists to pinpoint specific methane super-emitters and target rapid mitigation efforts that were previously impossible with ground-based monitoring.,satellite image; satellite dish; satellite navigation,B2
Settler,/ˈsɛtəlɚ/,n.,"settler, settlers",settle (v.),a person who settles in a new colony or moves into new country｜在新殖民地定居或移居新國家的人,We found this leaked video of Benjamin Netanyahu talking to some settlers in the West Bank.,early settler; colonial settler; pioneer settler,B2
Scratch,/ˈskɹætʃ/,v.,"scratch, scratches, scratched, scratched, scratching","scratchy (adj.), scratcher (n.)","to rub or drag something sharp across a surface, leaving marks, or to start something completely from the beginning｜用尖銳物品在表面摩擦或拖劃留下痕跡，或從頭開始","But little did I know, we're scratching the surface.",start from scratch; scratch the surface; scratch marks,B2
Sew,/ˈsoʊ/,v.,"sew, sews, sewed, sewn, sewing","sewer (n.), sewing (n.)",fasten by sewing; do needlework｜用縫紉固定；做針線活,Sewing things into place on the way.,sew by hand; learn to sew; sew clothes,B2
Seize,/ˈsiz/,v.,"seize, seizes, seized, seized, seizing","seizer (n.), seizing (n.), seizure (n.)",take hold of; grab｜抓住；奪取,"Further north, Saddam opens a second front to seize strategically-located border towns and put pressure on his enemy.",seize control; seize power; seize an opportunity,B2
Shameful,/ˈʃeɪmfəl/,adj.,"shameful, more shameful, most shameful",shamefulness (n.),(used of conduct or character) deserving or bringing disgrace or shame｜（指行為或性格）應受羞辱的；帶來恥辱的,How does one take what they feel inside about something shameful.,deeply shameful; shameful act; shameful behavior,B2
Shady,/ˈʃeɪdi/,adj.,"shady, shadier, shadiest","shade (n.), shadiness (n.)",suspicious or dishonest; not to be trusted｜可疑的或不誠實的；不可信任的,But among many other shady things advertising the program to children on the basis of maybe you'll win a Fortnite tournament and be able to pay for the whole thing.,shady deal; shady business; shady character,B2
Shade,/ˈʃeɪd/,n.,"shade, shades","shady (adj.), shading (n.)","an area that is protected from direct sunlight, or something used to block light｜免受陽光直射的區域，或用來遮擋光線的東西","Now, the sound machine turns on, the lights turn off, and the shades are closing here behind me.",provide shade; sit in the shade; window shade,B2
Secure,/sɪˈkjʊɹ/,adj.,"secure, more secure, most secure","securer (n.), security (n.), secureness (n.)","protected from danger, loss, or risk｜免受危險、損失或風險的保護","We show that our schemes are secure, and also demonstrate that they offer significant advantages over existing alternatives for various performance and/or security metrics.",feel secure; secure location; financially secure,B2
Shave,/ˈʃeɪv/,v.,"shave, shaves, shaved, shaved, shaving","shaver (n.), shaving (n.)",remove body hair with a razor｜用剃刀去除體毛,He decides to shave before he goes to work.,shave off; shave until; really shave,B2
Severe,/səˈvɪɹ/,adj.,"severe, more severe, most severe","severity (n.), severeness (n.)","very bad, serious, or extreme in degree｜惡劣的；嚴重的；極端的","But even before residency begins, med students are at a severe disadvantage… Since hospitals hold all the cards, they determine how residencies are distributed.",severe disease; severe mental illness; severe loss,B2
Sightseeing,/ˈsaɪˈtsiɪŋ/,n.,"sightseeing, sightseeings",sightsee (v.),going about to look at places of interest｜觀光；遊覽,I realized I'm not a big sightseeing person.,go sightseeing; sightseeing tour; sightseeing trip,B2
Sincerity,/sɪˈnsɛɹəti/,n. [U],no changes,sincere (adj.),an earnest and sincere feeling｜誠摯；真誠,Her sincerity was clear in every kind word she spoke.,show sincerity; with sincerity; lack of sincerity,B2
Shelter,/ˈʃɛltɚ/,n.,"shelter, shelters",None,a structure that provides privacy and protection from danger｜遮蔽處；庇護所,Many flee to take shelter in the mountains.,underground shelter; important than shelter; build shelter,B2
Significance,/səˈɡnɪfɪkəns/,n.,"significance, significances",significant (adj.),the quality of being significant｜重要性；意義,The discovery had great significance for the whole research team.,null hypothesis significance; assess significance; significance through,B2
Singular,/ˈsɪŋɡjəlɚ/,adj.,"singular, more singular, most singular",singularity (n.),unusual or striking｜突出的；非凡的,"Some people believe he's a composite from several real ninth century Viking leaders, versus an actual singular human.",singular vision; singular obsession; truly singular,B2
Shift,/ˈʃɪft/,n.,"shift, shifts","shifty (adj.), shifter (n.), shifting (n.)","a change in position, attitude, or direction, or a period of work at a job｜轉變；班次","This shift necessitates a restructuring of liability regimes to address the 'grey zones' where fault must be attributed between shipowners, software developers, and AI providers.",phase shift; huge shift; makes other shift,B2
Signature,/ˈsɪɡnətʃɚ/,n.,"signature, signatures",sign (v.),your name written in your own handwriting｜簽名,"In fact, its signature achievement in this domain — the cruel yet “effective” One-Child Policy — is something of a myth.",signature style; molecular signature; signature dish,B2
Skyscraper,/ˈskaɪsˌkɹeɪpɚ/,n.,"skyscraper, skyscrapers",None,a very tall building with many stories｜摩天大樓,The towering skyscraper dominates the modern city skyline.,modern skyscraper; towering skyscraper; build a skyscraper,B2
Site,/ˈsaɪt/,n.,"site, sites",None,the piece of land on which something is located (or is to be located)｜場所；地點,Change the site route to our location where the website is uploaded.,social media site; bomb site; site too,B2
Sketch,/ˈskɛtʃ/,n.,"sketch, sketches","sketchy (adj.), sketcher (n.)",preliminary drawing for later elaboration｜素描；草圖,But for me when I paint I don't sketch.,rough sketch; quick sketch; draw a sketch,B2
Slogan,/ˈsloʊɡən/,n.,"slogan, slogans",sloganeer (n.),"a short, memorable phrase used in advertising, politics, or to represent a group's beliefs｜口號；標語",Al Houthi adopts the violent slogan that sits on the flag of his movement to this day: God is great.,political slogan; campaign slogan; catchy slogan,B2
Solar,/ˈsoʊlɚ/,adj.,no changes,None,relating to or derived from the sun or utilizing the energies of the sun｜太陽的；利用太陽能的,Taiwan amended standards to include requirements for solar photovoltaic power generation systems and carbon dioxide capture and storage sites.,solar panel; solar power; solar system,B2
Socket,/ˈsɑkət/,n.,"socket, sockets",None,"a hole or device into which something is plugged or fitted, especially for electricity｜插座；孔","Don't bend the pins in the socket, Rob.",electric socket; wall socket; power socket,B2
Spade,/ˈspeɪd/,n.,"spade, spades",None,"a digging tool with a flat blade and a long handle, used for gardening or digging｜鏟子；鋤頭",He used a spade to dig a deep hole for the new tree in the corner of the garden.,garden spade; dig with a spade; call a spade a spade,B2
Spare,/ˈspɛɹ/,adj.,"spare, no changes","sparer (n.), spareness (n.)",extra; available if needed but not currently in use｜備用的；多餘的,"But Tottenham Stadium is in a dense urban area, there's not much space for a spare field to sit outside.",spare parts; spare time; spare room,B2
Slight,/ˈslaɪt/,adj.,"slight, slighter, slightest",slightness (n.),"small in degree; not very large, serious, or important｜輕微的；細小的",We demonstrate that the CA-robot enabled the discovery of a sudden and highly specific response of droplets to slight temperature changes.,slight increase; slight issue; slight degree,B2
Software,/ˈsɔfˌtwɛɹ/,n. [U],no changes,None,programs and instructions that tell a computer how to perform tasks｜軟體,"This shift necessitates a restructuring of liability regimes to address the 'grey zones' where fault must be attributed between shipowners, software developers, and AI providers.",software engineers; open source software; develop software,B2
Spear,/ˈspɪɹ/,n.,"spear, spears",None,a long pointed rod used as a tool or weapon｜長矛；梭鏢,"Axios noted that American Express has been at the tip of the spear in a wave of credit card fee hikes, but Chase set the precedent with a price hike for its premium card.",throw a spear; tip of a spear; ancient spear,B2
Splendid,/ˈsplɛndəd/,adj.,"splendid, more splendid, most splendid",None,having great beauty and splendor｜壯觀的；華麗的,From the top of the hill we enjoyed a splendid view of the entire valley below.,splendid isolation; splendid drunken twenties; splendid manner,B2
Species,/ˈspiʃiz/,n. [U],no changes,None,a group of living things that share similar characteristics and can breed with each other｜具有相似特徵且能相互繁殖的生物群體,"Over the last few centuries, human intervention, invasive species, and climate warming have drastically affected the composition and health of Mediterranean ecosystems on almost every continent.",across animal species; species today; vocal learning species,B2
Spark,/ˈspɑɹk/,n.,"spark, sparks",None,a momentary flash of light｜短暫的閃光,"Saddam Hussein funds and arms the Kurds in Iran, while Iran funds the Kurds in northern Iraq, both sides hoping to spark a Kurdish uprising that will distract and weaken their enemy.",stray spark; tiny spark; spark of inspiration,B2
Sprinkle,/ˈspɹɪŋkəl/,v.,"sprinkle, sprinkles, sprinkled, sprinkled, sprinkling","sprinkler (n.), sprinkling (n.)",to scatter small drops or pieces of something lightly over a surface｜把小的液滴或碎屑輕輕地散落在表面上,She sprinkled a little salt and pepper on the dish before serving it to the guests.,sprinkle throughout; lightly sprinkle; sprinkle on top,B2
Spiritual,/ˈspɪɹɪtʃəwəl/,adj.,"spiritual, more spiritual, most spiritual","spirit (n.), spirituality (n.)","relating to the human spirit, soul, or religious belief rather than physical things｜與人類精神、靈魂或宗教信仰相關的，而非物質的",They have these spiritual moments where in freezing days they'll take off their clothes and cheer and cry together.,spiritual realm; spiritual level; spiritual grounding,B2
Stab,/ˈstæb/,v.,"stab, stabs, stabbed, stabbed, stabbing",stabber (n.),use a knife on｜用刀攻擊,Be careful not to stab your finger with the sharp pin.,stab in the back; first stab; take a stab,B2
Split,/ˈsplɪt/,v.,"split, splits, split, split, splitting",splitter (n.),separate into parts or portions｜分成幾部分,"The cavity mode, after getting split from beam splitter, interacts with two independent Bose-Einstein Condensates transversely trapped in the arms of the cavity along $x$-axis and $y$-axis.",split second; split personality disorder; essentially split,B2
Stereo,/ˈstɛɹiˌoʊ/,n.,"stereo, stereos",None,"a system that plays sound through two or more speakers to create a fuller, more realistic effect｜由兩個或多個揚聲器播放聲音以產生更豐富、更真實效果的系統","Keeping up with the Joneses” is no longer about boats or cars, stereos, or handbags — it’s about summer camps, violin instructors, honors programs, and soccer leagues.",stereo sound; stereo systems everything; standard component stereo,B2
Stocking,/ˈstɑkɪŋ/,n.,"stocking, stockings",stock (v.),"a thin, close-fitting covering for the foot and leg, or the practice of filling a place with animals or goods｜纖細緊身的腳和腿套，或者向某處投放動物或貨物的做法","It's a process called fish stocking, where fish are bred and released into the wild, often for the specific purpose of being fished out.",fish stocking; trout stocking; annual stocking,B2
Stingy,/ˈstɪndʒi/,adj.,"stingy, stingier, stingiest",stinginess (n.),unwilling to spend｜不願花錢的,He was so stingy that he refused to buy a cup of coffee for his own guest.,notoriously stingy; be stingy; stingy with money,B2
Statistic,/stəˈtɪstɪk/,n.,"statistic, statistics",None,a datum that can be represented numerically｜可用數字表示的數據,Model output statistics reduce these errors by fitting the model output to observational data with machine learning.,sufficient statistic; finite statistic; interesting statistic,B2
Strengthen,/ˈstɹɛŋθən/,v.,"strengthen, strengthens, strengthened, strengthened, strengthening","strengthener (n.), strengthening (n.)",make strong or stronger｜使更加強壯,We illustrate that the Fano line shapes and dynamics of slow light can be enhanced by strengthening the interaction between atomic states and cavity mode.,strengthen bonds; strengthen relationships; strengthen performance,B2
Status,/ˈstætəs/,n. [U],no changes,None,the position or rank of someone or something in relation to others in society｜個人或事物在社會中的位置或等級,Her status as a senior researcher gave her access to funding that others could not obtain.,official status; special status; immigration status,B2
Stem,/ˈstɛm/,v.,"stem, stems, stemmed, stemmed, stemming",stemmer (n.),to originate in or be caused by something｜起源於或由某事物引起的,The problem stems from the decline of US nuclear infrastructure.,stem from; stem largely from; stem directly from,B2
Strive,/ˈstɹaɪv/,v.,"strive, strives, strove, striven, striving",striving (n.),to make a great effort to achieve something｜竭盡全力達成某事,These works use models of cooperative multi-agent systems whereby agents strive to achieve a shared global goal.,strive towards; constantly strive; strive to achieve,B2
Stripe,/ˈstɹaɪp/,n.,"stripe, stripes","stripy (adj.), striping (n.)",an adornment consisting of a strip of a contrasting color or material｜由對比顏色或材料製成的裝飾條帶,"Chiefly for PC users, the move to an RGB stripe subpixel structure is the big one, addressing a critique of previous models.",vertical stripe; horizontal stripe; zebra stripe,B2
Surgery,/ˈsɝdʒɚi/,n. [U],no changes,surgical (adj.),the branch of medical science that treats disease or injury by operative procedures｜通過手術治療疾病或損傷的醫學分支,"And in those days, this is science, they went and they did abdominal surgery to aspirate the egg.",knee surgery; day before surgery; doctor surgery,B2
Stroke,/ˈstɹoʊk/,n.,"stroke, strokes",stroking (n.),"a sudden serious illness caused by a blockage or bleeding in the brain, or a single movement of a hand or brush｜由腦血管阻塞或出血引起的突發性疾病，或手或刷子的單一動作","But if we want to be really specific, if you have infertility, you have increased rates of metabolic syndrome, cancer, heart attack, stroke, and dying early.",stroke patients; broad stroke; suffer a stroke,B2
Submarine,/ˈsʌbmɚˌin/,n.,"submarine, submarines",submariner (n.),a submersible warship usually armed with torpedoes｜可潛入水下的戰艦，通常配備魚雷,The submarine slowly sank beneath the dark ocean waves.,nuclear submarine; submarine attack; enemy submarine,B2
Surroundings,/sɚˈaʊndɪŋz/,n.,"surroundings, no changes",surround (v.),the environment or area around a person or place; everything that is nearby｜個人或地點周圍的環境和區域；附近的一切,"In this review paper, we focus on the cognitive functions of perception, which is the process of taking signals from one's surroundings as input, and processing them to understand the environment.",natural surroundings; adapt to surroundings; immediate surroundings,B2
Sympathetic,/ˌsɪmpəˈθɛtɪk/,adj.,"sympathetic, more sympathetic, most sympathetic",sympathy (n.),showing understanding and care about someone's problems or feelings｜對他人的問題或感受表示理解和關懷,"And when the brain is put in a particular state, it activates sympathetic and parasympathetic neurons which have effects on the heart and on blood pressure.",deeply sympathetic; sympathetic response; remain sympathetic,B2
Surrender,/sɚˈɛndɚ/,v.,"surrender, surrenders, surrendered, surrendered, surrendering",surrenderer (n.),give up or agree to forgo to the power or possession of another｜放棄或同意放棄對他人的權力或占有,I have never seen a country at the regional level or at the great power level surrender power.,surrender to the enemy; refuse to surrender; surrender peacefully,B2
Surgeon,/ˈsɝdʒən/,n.,"surgeon, surgeons",None,a physician who specializes in surgery｜專門從事外科手術的醫師,The surgeon performed the operation with great precision and the patient recovered quickly.,skilled surgeon; heart surgeon; surgeon shortage,B2
Syllable,/ˈsɪləbəl/,n.,"syllable, syllables","syllabic (adj.), syllabify (v.), syllabize (v.), syllabicate (v.)",a unit of sound in a word that contains a vowel and is spoken as a single beat｜單詞中的發音單位，包含元音並作為單一拍發出,"It is “completely nonsense,” he said, huffing out each syllable in a husky voice that seemed worn out from making his point.",stressed syllable; single syllable; final syllable,B2
Sue,/ˈsu/,v.,"sue, sues, sued, sued, suing",suer (n.),to take legal action against someone in court in order to get money or justice｜向法院提起訴訟以獲得金錢或正義,The customer decided to sue the company after it refused to refund her money.,threaten to sue; sue for damages; right to sue,B2
Suggestion,/səˈɡdʒɛstʃən/,n.,"suggestion, suggestions",suggest (v.),an idea that is suggested｜被提議的想法,This is there's no suggestion yet that AI is involved.,offer suggestion; make a suggestion; welcome suggestion,B2
Sway,/ˈsweɪ/,v.,"sway, sways, swayed, swayed, swaying",None,"to move slowly from side to side, or to influence someone's opinion or decision｜緩慢地左右移動，或影響某人的意見或決定","Sure, you might say, politicians may never be swayed by charges of hypocrisy, but the rest of us are.",sway elections; influence holds sway; body sway,B2
Summarize,/ˈsʌmɚˌaɪz/,v.,"summarize, summarizes, summarized, summarized, summarizing","summary (n.), summarization (n.)",give a summary (of)｜給出摘要,We summarize the discussion and provide an integrative viewpoint and comprehensive overview of symbol emergence in cognitive systems.,briefly summarize; summarize meeting notes; summarize the key points,B2
Suspicious,/səˈspɪʃəs/,adj.,"suspicious, more suspicious, most suspicious","suspicion (n.), suspiciousness (n.)","making you feel that something wrong or dishonest may be happening, or feeling distrust toward someone｜使你覺得可能發生了錯誤或不誠實的事，或對某人感到不信任",And this includes quote using AI to report us to police if it thinks our movement patterns are suspicious.,act suspicious; look suspicious; anything suspicious,B2
Sympathy,/ˈsɪmpəθi/,n. [U],no changes,"sympathise (v.), sympathize (v.), sympathetic (adj.)",an inclination to support or be loyal to or to agree with an opinion｜支持、忠於或同意某觀點的傾向,She expressed deep sympathy when she heard about the loss her neighbor had suffered.,absolutely no sympathy; profound human sympathy; little sympathy,B2
Technician,/tɛˈknɪʃən/,n.,"technician, technicians",technique (n.),someone whose occupation involves training in a specific technical process｜職業涉及特定技術過程培訓的人,"I get one X-ray every few years when I go to the dentist, but there's a reason the clinic the technician runs behind the wall.",service technician; technician three point; veterinary technician,B2
Telegraph,/ˈtɛləˌɡɹæf/,n.,"telegraph, telegraphs","telegrapher (n.), telegraphic (adj.), telegraphist (n.)",a system for sending messages over long distances using electrical signals along a wire｜利用電線上的電信號遠距離發送訊息的系統,"It was true of radio and telegraph, the printing press and television and all the rest of it.",telegraph line; telegraph office; telephone and telegraph,B2
Telescope,/ˈtɛləˌskoʊp/,n.,"telescope, telescopes",telescopic (adj.),a magnifier of images of distant objects｜放大遠處物體影像的裝置,He had a lot to do with the European use of Hubble and a lot of his spectrometers are up on the James Webb telescope.,radio telescope; telescope around; advanced telescope,B2
Systematic,/ˌsɪstəˈmætɪk/,adj.,"systematic, more systematic, most systematic","systematically (adv.), system (n.)",characterized by order and planning｜以秩序和計劃為特徵,"Climate models are an important tool for the assessment of prospective climate change effects but they suffer from systematic and representation errors, especially for precipitation.",first systematic; systematic differences; systematic comparison,B2
Tense,/ˈtɛns/,adj.,"tense, tenser, tensest","tensor (n.), tension (n.), tensity (n.), tenseness (n.)","feeling worried or nervous and unable to relax, or having tight muscles｜感到擔憂或緊張而無法放鬆，或肌肉緊繃",I love this word this language around being skilled in relating especially when things potentially get tense.,tense borders; muscles tense; instance how tense,B2
Terror,/ˈtɛɹɚ/,n. [U],no changes,"terrify (v.), terrorise (v.), terrorist (n.), terrorize (v.)",an overwhelming feeling of fear and anxiety｜壓倒性的恐懼和焦慮感,Iraq continues to flaunt his hostility toward America and to support terror.,spread terror; terror creeping into; raids sent terror,B2
Technological,/ˌtɛknəˈlɑdʒɪkəl/,adj.,"technological, more technological, most technological",technology (n.),"relating to or involving technology, especially modern machines, computers, or scientific methods｜與技術相關或涉及技術的，尤其是現代機器、電腦或科學方法","AI-related trade has emerged as the primary engine of growth, while traditional energy resource trade has contracted as nations pursue technological self-reliance.",rapid technological; excellence such technological; technological approach,B2
Tendency,/ˈtɛndənsi/,n.,"tendency, tendencies","tend (v.), tendencious (adj.), tendentious (adj.)",a likelihood of behaving in a particular way or of something happening regularly｜以特定方式行事或某事定期發生的可能性,Such behaviors mirror human cognitive tendencies yet are shaped by their training data and alignment methods.,general tendency; natural tendency; tendency to worry,B2
Tickle,/ˈtɪkəl/,v.,"tickle, tickles, tickled, tickled, tickling",tickling (n.),to lightly touch someone in a way that causes laughter or a tingling sensation｜輕輕觸摸某人使其發笑或產生刺痛感,The puppy's soft fur tickled her hand as she petted it gently.,tickle someone; gentle tickle; tickles my fancy,B2
Tension,/ˈtɛnʃən/,n. [U],no changes,"tense (v.), tensional (adj.)",a feeling of worry or nervousness that makes it hard to relax｜難以放鬆的擔憂或緊張感,You could feel the tension in the room before the final exam began.,ease the tension; growing tension; a source of tension,B2
Thorough,/ˈθɝoʊ/,adj.,"thorough, more thorough, most thorough",thoroughness (n.),painstakingly careful and accurate｜勤奮細心和準確,The inspector carried out a thorough examination of the building before approving it.,thorough understanding; thorough take down; thorough study,B2
Timetable,/ˈtaɪˌmteɪbəl/,n.,"timetable, timetables",None,a schedule listing events and the times at which they will take place｜列出活動及其時間的日程表,"We're in the middle of this EV transition, and I wonder why is the transition to EV unfolding on a different timetable than many people thought.",different timetable; timetable of trains; timetable sends,B2
Theme,/ˈθim/,n.,"theme, themes",thematic (adj.),the subject matter of a conversation or discussion｜談話或討論的主題,"In keeping with that theme, today's episode does include sponsors.",consistent theme; key theme; color theme,B2
Thoughtful,/ˈθɔtfəl/,adj.,"thoughtful, more thoughtful, most thoughtful",thoughtfulness (n.),"showing careful thought, or being kind and considering the needs of others｜顯示仔細思考的，或體貼且考慮他人需求的",The interviewer asked several thoughtful questions that prompted the speaker to reflect deeply on the topic.,thoughtful questions; thoughtful response; thoughtful approach,B2
Timid,/ˈtɪmɪd/,adj.,"timid, more timid, most timid","timidly (adv.), timidity (n.)",showing fear and lack of confidence｜顯示恐懼和缺乏自信的,"And in the context of this very aggressive court, this court that overrules major precedents all the time, they are very timid about doing anything that could change how the internet operates.",shy and timid; very timid; timid person,B2
Tolerable,/ˈtɑlɚəbəl/,adj.,"tolerable, more tolerable, most tolerable",None,capable of being borne or endured｜能夠承受或忍受的,And that side effect has been tolerable.,readily tolerable; tolerable scenarios; hard things tolerable,B2
Torture,/ˈtɔɹtʃɚ/,n. [U],no changes,"torturer (n.), torturing (n.), torturous (adj.)","the deliberate infliction of severe pain or suffering on someone, often to force them to give information｜故意對他人施加嚴重疼痛或痛苦的行為，通常是為了強迫他們提供資訊",The survivor said that months of torture had left lasting physical and emotional scars.,psychological torture; use torture; torture method,B2
Tolerant,/ˈtɑlɚənt/,adj.,"tolerant, more tolerant, most tolerant","tolerate (v.), tolerance (n.)",showing respect for the rights or opinions or practices of others｜尊重他人的權利、意見或行為的,"The company is developing topological qubits based on Majorana physics, which are aimed at fault‑tolerant quantum computers with up to a million logical qubits on a single chip.",more tolerant; become tolerant; tolerant society,B2
Tortoise,/ˈtɔɹtəs/,n.,"tortoise, tortoises",None,a reptile with a hard shell that lives on land and moves very slowly｜生活在陸地上且行動非常緩慢的龜類爬行動物,"Distinctions have been made that Hermes invented lyre made of tortoise shell, whereas the lyre Apollo invented was a regular lyre.",giant tortoise; tortoise shell; pet tortoise,B2
Tomb,/ˈtum/,n.,"tomb, tombs",None,a stone structure or underground chamber where a dead person is buried｜用於埋葬死人的石製結構或地下密室,"It also played a central role in religious festivals, and served as an offering at temples and the tombs of pharaohs.",ancient tomb; royal tomb; underground tomb,B2
Tragedy,/ˈtɹædʒədi/,n.,"tragedy, tragedies","tragic (adj.), tragical (adj.)",an event resulting in great loss and misfortune｜造成重大損失和不幸的事件,"And if AI has been involved in any way in this hit, of course it's a well any which way it's a it's a it's not a tragedy.",personal tragedy; isolated tragedy; terrible tragedy,B2
Tolerate,/ˈtɑlɚˌeɪt/,v.,"tolerate, tolerates, tolerated, tolerated, tolerating","tolerant (adj.), tolerance (n.), toleration (n.)",put up with something or somebody unpleasant｜忍受不愉快的事物或人,But that ability to tolerate stress and segment a piece of one's mind and emotions and go okay that's all happening and I'm going to get over here.,tolerate failure; tolerate instability; tolerate clashes,B2
Tolerance,/ˈtɑlɚəns/,n. [U],no changes,"tolerant (adj.), tolerate (v.)",the power or capacity of an organism to tolerate unfavorable environmental conditions｜生物體忍受惡劣環境條件的能力,Meditation is not just about clearing the mind; it is really about building stress tolerance and emotional resilience.,caffeine tolerance; tissue tolerance; high tolerance,B2
Tragic,/ˈtɹædʒɪk/,adj.,"tragic, more tragic, most tragic",tragedy (n.),causing great sadness or suffering; relating to tragedy｜造成極大悲傷或痛苦的；與悲劇相關的,"Meanwhile, Jurchen royalty raise Yang Kang as a scheming prince— setting the stage for the brothers’ tragic conflict.",truly tragic; tragic event; tragic consequences,B2
Translate,/tɹænˈzleɪt/,v.,"translate, translates, translated, translated, translating","translator (n.), translation (n.)",restate (words) from one language into another language｜將話語從一種語言轉換為另一種語言,"Neural network models can now recognise images, understand text, translate languages, and play many human games at human or superhuman levels.",ever translate; translate languages; now translate,B2
Transform,/tɹænˈsfɔɹm/,v.,"transform, transforms, transformed, transformed, transforming","transformer (n.), transformation (n.)","to change something completely in form, appearance, or character｜完全改變某物的形式、外觀或特徵",We applied a deep neural network to transform computationally demanding mathematical motion planning problems into deep learning-based numerical problems.,transform society; oil transform; continuously transform,B2
Translator,/tɹænˈsleɪtɚ/,n.,"translator, translators",translate (v.),a person who translates written messages from one language to another｜將書面訊息從一種語言翻譯成另一種語言的人,The translator helped the visitors understand the speech.,universal translator; professional translator; real translator,B2
Transportation,/ˌtɹænspɚˈteɪʃən/,n. [U],no changes,transport (v.),a facility consisting of the means and equipment necessary for the movement of passengers or goods｜由工具和設備組成的設施，用於人員或貨物的移動,The network metaphor in the analysis of urban and territorial cases has a long tradition especially in transportation/land-use planning and economic geography.,public transportation; transportation sector; transportation cost,B2
Tribal,/ˈtɹaɪbəl/,adj.,no changes,tribe (n.),relating to or characteristic of a tribe｜與部落相關或具有部落特色的,"A fragile patchwork of groups all with different tribal backgrounds, religious beliefs, and political aspirations.",tribal leader; tribal community; tribal conflict,B2
Troublesome,/ˈtɹʌbəlsəm/,adj.,"troublesome, more troublesome, most troublesome",troublesomeness (n.),difficult to deal with｜難以處理的,"And according to the questions at the end of the presentation, one of the most troublesome parts of getting patch tracing working was making sure that the artists were happy with it.",troublesome issue; troublesome neighbor; troublesome task,B2
Transfer,/tɹænˈsfɝ/,n.,"transfer, transfers","transferer (n.), transferor (n.), transferral (n.), transferrer (n.), transference (n.)",the act of moving something from one location to another｜將某物從一個地點移動到另一個地點的行為,"These techniques, however, require the application of strong magnetic fields to maximise electron spin polarisation, limiting pathways for electron-nuclear spin coupling and transfer.",wealth transfer; seamlessly transfer; direct benefit transfer,B2
Tremble,/ˈtɹɛmbəl/,v.,"tremble, trembles, trembled, trembled, trembling","trembler (n.), trembling (n.)","to shake slightly, especially from fear, cold, or strong emotion｜輕微地顫抖，尤指因恐懼、寒冷或強烈情緒而致",Her hands began to tremble as she read the shocking news about the accident.,tremble with fear; voice tremble; begin to tremble,B2
Triumph,/ˈtɹaɪəmf/,n.,"triumph, triumphs","triumphant (adj.), triumphantly (adv.)",a successful ending of a struggle or contest｜鬥爭或競賽的成功結局,Perhaps the clearest and most immediate “triumph” for China following Maduro’s capture has been its newfound rhetorical ammunition.,greatest triumph; final triumph; immediate triumph,B2
Translation,/tɹænˈzleɪʃən/,n.,"translation, translations",translate (v.),the process of converting text or speech from one language into another｜將文字或言語從一種語言轉換為另一種語言的過程,"Since the model describing the system is time-independent, the emergence of a limit cycle phase indicates the breaking of continuous time translation symmetry.",accurate translation; literal translation; perfect translation,B2
Tremendous,/tɹəˈmɛndəs/,adj.,"tremendous, more tremendous, most tremendous",None,"very great in amount, size, or degree; extremely large or impressive｜在數量、大小或程度上非常大；極其巨大或令人印象深刻",I know I speak for a tremendous number of people.,tremendous amounts; tremendous respect; tremendous number,B2
Twig,/ˈtwɪɡ/,n.,"twig, twigs",twiggy (adj.),a small thin branch of a tree or bush｜樹或灌木的細小分支,The child picked up a dry twig and snapped it in half.,thin twig; broken twig; dry twig,B2
Tumble,/ˈtʌmbəl/,v.,"tumble, tumbles, tumbled, tumbled, tumbling","tumbler (n.), tumbling (n.)","to fall suddenly and often in an uncontrolled way, or to decrease rapidly｜突然且通常不受控制地跌倒，或迅速下降",Stock prices began to tumble after the company announced weaker-than-expected earnings.,tumble down; take a tumble; prices tumble,B2
Universal,/ˌjunəˈvɝsəl/,adj.,no changes,"universe (n.), universality (n.), universalize (v.)",of worldwide scope or applicability｜全球性的範圍或適用性,Policymakers and scholars alike have championed the Universal Basic Income as a catch-all solution to this problem.,universal value; universal access; universal law,B2
Vacancy,/ˈveɪkənsi/,n.,"vacancy, vacancies",vacant (adj.),an empty position or job that is available to be filled｜可填補的空缺職位或工作,These pink synthetic diamonds with a nitrogen vacancy defect are ideally suited to work as sensors.,job vacancy; fill a vacancy; rental vacancy,B2
Urge,/ˈɝdʒ/,v.,"urge, urges, urged, urged, urging","urgent (adj.), urgency (n.)",force or impel in an indicated direction｜朝指示的方向強迫或推動,"For years, China has been urged to stop repressing wages and give workers a more generous social safety net, thereby increasing consumption.",primal urge; urge everyone; urge their followers,B2
Urgent,/ˈɝdʒənt/,adj.,"urgent, more urgent, most urgent","urge (v.), urgency (n.)",compelling immediate action｜迫使人立即行動,New country-level response rates reveal how governments are leveraging satellite data for urgent methane climate action and integrating these insights into their national emission inventories.,feels urgent; urgent priority; urgent that's happening,B2
Usage,/ˈjusədʒ/,n. [U],no changes,None,the way in which something is used or the degree to which it is used｜使用某物的方式或使用的程度,"However, the relationship between online app usage and urban vibrancy remains unclear, particularly regarding how sociospatial behaviours interact with urban features.",word usage; personal usage; usage cases,B2
Vain,/ˈveɪn/,adj.,"vain, vainer, vainest",None,"overly proud of your own appearance or abilities, or (in vain) without success or result｜過度自豪於自己的外表或能力，或（徒勞地）沒有成功或結果","It ended at the White House with the president appearing to poke fun at his prominent ears, watched by four bemused Artemis II astronauts waiting in vain for any question about their historic mission.",in vain; vain attempt; vain effort,B2
Vegetarian,/ˌvɛdʒəˈtɛɹiən/,n.,"vegetarian, vegetarians",None,a person who does not eat meat or fish｜不吃肉或魚的人,"Other companies pay lip service to inclusivity with half-hearted low-calorie, gluten-free, and vegetarian choices, only to cut them when costs increase.",vegetarian low carb; vegetarian diet; terrible vegetarian,B2
Violation,/vaɪəˈleɪʃən/,n.,"violation, violations",violate (v.),"an act that breaks a rule, law, or agreement, or that fails to respect someone's rights｜違反規則、法律或協議的行為，或不尊重他人權利",We compare it with classical logic and highlight the role of violation of the distributive law for conjunction and disjunction.,human rights violation; serious violation; commit a violation,B2
Violate,/ˈvaɪəleɪt/,v.,"violate, violates, violated, violated, violating","violable (adj.), violator (n.), violation (n.), violative (adj.)","to break or fail to respect a law, rule, agreement, or someone's rights｜違反或不尊重法律、規則、協議或他人權利",And then he says that this is solid evidence that shows that Iraq is violating the UN resolution that told them to disarm.,violate expectations; situations violate; anyone violate,B2
Virtue,/ˈvɝtʃu/,n. [U],no changes,virtuous (adj.),a good moral quality or the general quality of being morally good｜良好的道德品質或道德品質的總體狀態,"I think great examples of people, kids and adults who are really not succeeding, not getting by, but are really kicking butt by virtue of doing the things that you're talking about.",moral virtue; cardinal virtue; personal virtue,B2
Voluntary,/ˈvɑləntɛɹi/,adj.,no changes,volunteer (v.),of your own free will or design; done by choice; not forced or compelled｜出於自願或刻意；出於選擇而非被迫,"It's what we would call voluntary redundancy over in Europe or the U.K., a buyout here.",purely voluntary; on a voluntary basis; voluntary participation,B2
Vast,/ˈvæst/,adj.,"vast, vaster, vastest",vastness (n.),unusually great in size or amount or degree or especially extent or scope｜在大小、數量或程度上異常大，尤其是範圍或規模,"The World Economic Forum warns that this fragmentation creates 'data silos' that severely hinder the scaling of AI, which requires vast, diverse, and cross-border datasets to remain effective.",vast array; vast landscape; vast corpus,B2
Vital,/ˈvaɪtəl/,adj.,"vital, more vital, most vital","vitally (adv.), vitality (n.)",urgently needed; absolutely necessary｜迫切需要；絕對必要,"The electrolytes, sodium, magnesium, and potassium are vital for the functioning of all cells in your body, especially your neurons or your nerve cells.",vital tool; vital functions; vital due,B2
Voyage,/ˈvɔɪədʒ/,n.,"voyage, voyages",voyager (n.),an act of traveling by water｜水上旅行的行為,"The crew, made up of three US astronauts and a Canadian, embarked on humanity's first crewed lunar voyage in more than half a century.",previous voyage; maiden voyage; ocean voyage,B2
Vessel,/ˈvɛsəl/,n.,"vessel, vessels",None,"a ship or large boat, or a container for holding liquid｜船隻或大型船只，或用於盛裝液體的容器",This critical period is designed to facilitate the collection of real-world operational data and empirical evidence from autonomous vessel trials conducted across various jurisdictions.,dark fleet vessel; vessel supply; vessel growth,B2
Virus,/ˈvaɪɹəs/,n.,"virus, viruses",None,a tiny infectious agent that invades living cells and can cause disease｜微小傳染性病原體，入侵活細胞並可致病,"It is a system really in the sense of it's involved in every part of our body that has evolved to protect us largely to protect us against infections, viruses, bacteria, fungus.",computer virus; little virus; cold virus,B2
Visual,/ˈvɪʒəwəl/,adj.,"visual, more visual, most visual",None,relating to or using sight｜與視覺相關的；視覺的,Designers are embracing imperfection and glitch effects as a form of visual protest to signal human agency and digital soul.,visual noise; relationship between visual; incredible visual,B2
Volunteer,/ˌvɑləˈntɪɹ/,n.,"volunteer, volunteers",voluntary (n.),"a person who freely chooses to do something, especially without being paid｜自願做事的人，特別是無酬者",She works as a volunteer at the local hospital.,volunteer meeting; volunteer basis; volunteer teaching computer,B2
Waken,/ˈweɪkən/,v.,"waken, wakens, wakened, wakened, wakening",wakening (n.),cause to become awake or conscious｜使醒來；使清醒,She was wakened by the sound of heavy rain hitting the window early in the morning.,suddenly waken; waken from sleep; waken early,B2
Website,/ˈwɛˌbsaɪt/,n.,"website, websites",None,a computer connected to the internet that maintains a series of web pages on the World Wide Web｜連接網際網路的電腦，在全球資訊網上維護一系列網頁,And it even says that on Mobile TV Group's website.,official website; simple website; popular website,B2
Welfare,/ˈwɛˌlfɛɹ/,n. [U],no changes,None,"the health, happiness, and general well-being of a person or group｜個人或團體的健康、幸福及總體福祉",The government introduced new measures to protect the welfare of children in difficult situations.,social welfare; child welfare; animal welfare,B2
Wit,/ˈwɪt/,n. [U],no changes,witty (adj.),"the ability to say clever and funny things; quick, sharp humour｜說機智風趣話語的能力；敏捷機智的幽默","Her speech was full of wit, drawing laughter from every corner of the room.",sharp wit; dry wit; quick wit,B2
Youthful,/ˈjuθfəl/,adj.,"youthful, more youthful, most youthful",youthfulness (n.),looking or seeming young; fresh and full of energy like a young person｜看上去年輕的；像年輕人一樣青春活力的,Multiple light sources can wash out any wrinkles in a person's face and give a more youthful appearance.,youthful appearance; youthful energy; youthful exuberance,B2
Wizard,/ˈwɪzɚd/,n.,"wizard, wizards",wizardly (adj.),someone who is dazzlingly skilled in any field｜在任何領域都技藝高超的人,She was a financial wizard who turned the struggling company into a profitable enterprise within two years.,financial wizard; computer wizard; technical wizard,B2
Wreck,/ˈɹɛk/,n.,"wreck, wrecks","wrecker (n.), wreckage (n.), wrecking (n.)",a person or thing that has been badly damaged or ruined｜嚴重受損或毀壞的人或事物,"After years of overwork without rest, he was a complete wreck by the time he finally sought help.",train wreck; nervous wreck; physical wreck,B2
Workplace,/ˈwɝkˌpleɪs/,n.,"workplace, workplaces",None,a place where work is done｜進行工作的場所,A positive workplace culture encourages employees to share ideas and support one another.,workplace safety; workplace culture; workplace harassment,B2
Witness,/ˈwɪtnəs/,n.,"witness, witnesses",witnesser (n.),someone who sees an event and reports what happened｜見證事件並報告所發生之事的人,The court called an expert witness to explain the technical details of the evidence.,expert witness; bear witness; witness testimony,B2
Workout,/ˈwɝˌkaʊt/,n.,"workout, workouts",None,the activity of exerting your muscles in various ways to keep fit｜透過各種方式運動肌肉以保持健康的活動,She follows a strict workout routine every morning to stay healthy and energized.,workout routine; intense workout; daily workout,B2
Yawn,/ˈjɔn/,v.,"yawn, yawns, yawned, yawned, yawning","yawner (n.), yawning (n.)","to open the mouth wide and breathe in deeply, usually because you are tired or bored｜因疲倦或無聊而張大嘴巴深吸氣","He tried to stifle a yawn during the long meeting, but his tiredness was obvious to everyone.",big yawn; stifle a yawn; wide yawn,B2
Withdraw,/wɪðˈdɹɔ/,v.,"withdraw, withdraws, withdrew, withdrawn, withdrawing","withdrawal (n.), withdrawer (n.)","to remove or take back something, such as troops, money, or support｜移除或撤回，如軍隊、資金或支援","After months of negotiation failed, the company decided to withdraw its offer and end the partnership.",withdraw support; withdraw troops; withdraw money,B2
Wink,/ˈwɪŋk/,v.,"wink, winks, winked, winked, winking","winker (n.), winking (n.)",to close and open one eye quickly as a playful signal or secret message to someone｜快速眨眼作為俏皮的信號或秘密訊息,"He gave her a quick wink as he passed, and she smiled back in recognition.",with a wink; sly wink; give a wink,B2
