word,ipa,pos,inflections,derivatives,definition,example,collocations,context_type
Abortion,/əˈbɔɹʃən/,n.,"abortion, abortions","abort (v.), abortionist (n.)",termination of pregnancy｜終止懷孕,Laws that protect patients and staff from harassment outside abortion clinics apply equally to everyone in the vicinity.,abortion ban; have abortion; get abortions,C1
Abnormal,/æˈbnɔɹməl/,adj.,"abnormal, more abnormal, most abnormal",abnormality (n.),not normal; not typical or usual or regular or conforming to a norm｜不正常；非典型或不尋常,In this paper we propose a novel method to detect abnormal behaviors of elderly people living at home.,abnormal behaviors; abnormal cortical thickness; abnormal upbringing,C1
Abrupt,/əˈbɹʌpt/,adj.,"abrupt, more abrupt, most abrupt","abruptness (n.), abruptly (adv.)","sudden and unexpected, often in an unpleasant way｜突然且出乎意料，通常是不愉快的方式","We revisit macroeconomic time-varying parameter vector autoregressions , whose persistent coefficients may adapt too slowly to large, abrupt shifts such as those during major crises.",abrupt changes; abrupt pause; abrupt end,C1
Absurd,/əˈbsɝd/,adj.,"absurd, more absurd, most absurd",absurdity (n.),inconsistent with reason or logic or common sense｜不合邏輯或常理的,"This leads them to believe the dream is real, even when the dreams are absurd.",absurd amount; absurd number; absurd plots,C1
Abundant,/əˈbʌndənt/,adj.,"abundant, more abundant, most abundant",abundance (n.),present in great quantity｜大量存在的,"At low ozone, both high and low clouds become more abundant, due to changes in the tropospheric stability.",abundant resources; abundant oil; abundant data,C1
Accessible,/æˈksɛsəbəl/,adj.,"accessible, more accessible, most accessible",accessibility (n.),capable of being reached｜可到達的;可及的,"The Alaska Highway, built during the war, and the Alaska Marine Highway, completed in 1963, made the state more accessible than before.",accessible toilet; accessible information; accessible tools,C1
Accounting,/əˈkaʊntɪŋ/,n. [U],no changes,account (v.),"a system for recording, analyzing, and reporting financial transactions｜記錄、分析和報告財務交易的系統",The firm hired a senior accountant to review its financial accounting practices and ensure compliance with international reporting standards.,accounting standards; financial accounting; accounting practice,C1
Accord,/əˈkɔɹd/,n.,"accord, accords","accordant (adj.), accordance (n.)",a formal agreement between countries or groups｜國家或團體之間的正式協定,"One problem was the amount of disinformation circulating on social media, including false claims that the accord would cede national sovereignty to the WHO.",peace accord; reach an accord; sign an accord,C1
Accommodation,/əˌkɑməˈdeɪʃən/,n. [U],no changes,"accommodate (v.), accommodational (adj.)",a place to stay or live; lodging｜住宿的地方;住處,"The conference package includes flights, accommodation, and a daily stipend for meals.",find accommodation; special accommodation; have accommodation,C1
Abuse,/əˈbjus/,n. [U],no changes,"abuser (n.), abusive (adj.)","cruel treatment or the improper use of power, authority, or something valuable｜殘酷的對待或不當使用權力、權威或有價值的東西","In cases where a judge rather than a jury decided issues of fact, an appellate court will apply an ""abuse of discretion"" standard of review.",abuse potential; domestic abuse; abuse of power,C1
Acquisition,/ˌækwəˈzɪʃən/,n.,"acquisition, acquisitions",acquire (v.),the act of contracting or assuming or acquiring possession of something｜簽訂、承擔或取得某物所有權的行為,The recent acquisition of the smaller firm helped the company expand into new markets.,acquisition of skills; grow through acquisition; increasing acquisition,C1
Activist,/ˈæktəvəst/,n.,"activist, activists",activism (n.),a militant reformer｜激進的改革者,The young activist spent years campaigning for better protection of local woodlands.,young activist; peace activist; political activists,C1
Acute,/əˈkjut/,adj.,"acute, more acute, most acute","acuteness (n.), acutely (adv.)",having or experiencing a rapid onset and short but severe course｜發病急且病程短但嚴重的,The patient was admitted with acute abdominal pain that had begun that morning.,acute inflammatory response; acute stress; acute care,C1
Administration,/æˌdmɪnɪsˈtɹeɪʃən/,n. [U],no changes,administer (v.),the activity of managing or running an organization or government｜管理或經營組織或政府的活動,"His administration faced difficulties guarding Western settlers, railroads, and telegraph lines from Native American attacks.",current administration; federal administration; administration policy,C1
Administrative,/əˈdmɪnəsˌtɹeɪtɪv/,adj.,"administrative, more administrative, most administrative","administer (v.), administrate (v.)",of or relating to or responsible for administration｜有關或負責行政的,"The French language in Algeria persists, especially in media, education, and certain administrative matters, but has no official status.",administrative burden; administrative region; administrative control,C1
Administrator,/əˈdmɪnəsˌtɹeɪtɚ/,n.,"administrator, administrators",administrate (v.),someone who administers a business｜管理業務的人,"The system reasons over the knowledge graph to derive better actionable intelligence to security administrators, thus decreasing their cognitive load and increasing their confidence in the system.",school administrator; system administrator; senior administrator,C1
Adolescent,/ˌædəˈlɛsənt/,adj.,"adolescent, more adolescent, most adolescent","adolesce (v.), adolescence (n.)",relating to or peculiar to or suggestive of an adolescent｜與青少年有關的或為青少年特有的,"And once the child develops these theories of mind, they enter the adolescent stage, which I think of as the transactional stage of life.",adolescent depression; adolescent girls; adolescent behavior,C1
Adverse,/æˈdvɝs/,adj.,"adverse, more adverse, most adverse","adversity (n.), adversely (adv.)",contrary to your interests or welfare｜違反自身利益或福祉的,Reliable housing data can help Caribbean communities reduce the adverse impacts of extreme weather.,adverse change; adverse conditions; adverse effects,C1
Affection,/əˈfɛkʃən/,n. [U],no changes,affectionate (adj.),a positive feeling of liking｜喜歡的正面情感,She spoke of her former teacher with genuine affection and gratitude.,great affection; mutual affection; express affection,C1
Advocate,/ˈædvəkət/,n.,"advocate, advocates",advocacy (n.),a person who pleads for a cause or propounds an idea｜為某項事業進行辯護或提出想法的人,She became a prominent advocate for the rights of displaced families.,strong advocate; vocal advocate; advocate for reform,C1
Agenda,/əˈdʒɛndə/,n.,"agenda, agendas",None,"a list or plan of matters to address, or a set of goals｜待處理事項的清單或計畫，或一套目標",The committee placed housing reform at the top of its political agenda.,political agenda; set the agenda; hidden agenda,C1
Aggression,/əˈɡɹɛʃən/,n. [U],no changes,aggress (v.),a disposition to behave aggressively｜表現攻擊性的傾向,"Some Southerners have described it as the ""War of Northern Aggression"".",predatory aggression; impulsive aggression; physical aggression,C1
Agony,/ˈæɡəni/,n.,"agony, agonies","agonal (adj.), agonise (v.), agonist (n.), agonize (v.)",intense feelings of suffering; acute mental or physical pain｜強烈的痛苦感受;劇烈的心理或身體疼痛,"Achilles tells Hector it is hopeless to expect that of him, declaring that, ""my rage, my fury would drive me now to hack your flesh away and eat you raw – such agonies you have caused me.",in agony; unnecessary agony; of agony,C1
Acquaint,/əˈkweɪnt/,v.,"acquaint, acquaints, acquainted, acquainted, acquainting",acquaintance (n.),cause to come to know personally｜使個人認識；使熟悉,"In his youth, Alexander was also acquainted with Persian exiles at the Macedonian court, who received the protection of Philip II for several years as they opposed Artaxerxes III.",acquainted with actors; acquainted with work; acquaint with life,C1
Abolish,/əˈbɑlɪʃ/,v.,"abolish, abolishes, abolished, abolished, abolishing",abolition (n.),"to officially end a law, system, or practice｜正式廢除法律、制度或習俗",The new government promised to abolish the unfair tax within a year.,abolish slavery; abolish a law; abolish the death penalty,C1
Adore,/əˈdɔɹ/,v.,"adore, adores, adored, adored, adoring","adorer (n.), adorable (adj.)",love intensely｜深深喜愛,She absolutely adored her grandfather and visited him every Sunday afternoon.,adore their children; adore his wife; simply adore,C1
Aisle,/ˈaɪl/,n.,"aisle, aisles",None,"a passage between rows of seats in a theatre, church, or aircraft｜戲院、教堂或飛機座位間的通道",The couple walked slowly down the aisle to the sound of a string quartet playing a Bach suite.,walk down the aisle; across the aisle; political aisle,C1
Agricultural,/ˌæɡɹəˈkʌltʃɚəl/,adj.,no changes,None,relating to or used in or promoting agriculture or farming｜與農業或耕作相關的,"Following the war, the state remained chiefly agricultural, with an economy tied to cotton.",agricultural cycle; agricultural society; agricultural industry,C1
Accommodate,/əˈkɑməˌdeɪt/,v.,"accommodate, accommodates, accommodated, accommodated, accommodating","accommodation (n.), accommodating (v.)",provide enough space or suitable conditions for someone or something｜提供足夠空間或適當條件給某人或某物,The broad processional route could accommodate thousands of spectators.,accommodate guests; accommodate growth; easily accommodate,C1
Accelerate,/æˈksɛlɚˌeɪt/,v.,"accelerate, accelerates, accelerated, accelerated, accelerating","acceleration (n.), accelerator (n.)",move faster｜加速,Investment in new equipment helped accelerate the pace of research at the laboratory.,accelerate aging; significantly accelerate; accelerate drug discovery,C1
Alcoholic,/ˌælkəˈhɑlɪk/,adj.,no changes,alcohol (n.),characteristic of or containing alcohol｜含酒精的,The Alabama Alcoholic Beverage Control Board controls the sale and distribution of alcoholic beverages in the state.,serious alcoholic; alcoholic beverages; alcoholic fathers,C1
Allergic,/əˈlɝdʒɪk/,adj.,"allergic, more allergic, most allergic",allergy (n.),characterized by or caused by allergy｜由過敏引起的,She discovered that she was allergic to certain nuts after a sudden reaction at dinner.,allergic diseases; allergic reactions; allergic reaction,C1
Alien,/ˈeɪliən/,adj.,"alien, more alien, most alien",None,not contained in or deriving from the essential nature of something｜非某物本質所固有的,"The landscape felt completely alien to him, unlike anything he had encountered during his years of fieldwork.",advanced alien; alien species; alien civilization,C1
Allergy,/ˈælɚdʒi/,n.,"allergy, allergies","allergic (adj.), allergist (n.)",hypersensitivity reaction to a particular allergen; symptoms can vary greatly in intensity｜對特定過敏原的過度敏感反應；症狀強度可能差異很大,Allergy to these compounds is the leading cause of allergic contact dermatitis in florists in the US.,allergy information; have allergies; develop allergies,C1
Allocate,/ˈæləˌkeɪt/,v.,"allocate, allocates, allocated, allocated, allocating",allocation (n.),distribute according to a plan or set apart for a special purpose｜按計劃分配或撥出供特殊用途,The council decided to allocate more funds to repairing the worn-out local roads.,fairly allocate; allocate resources; allocate budget,C1
Alliance,/əˈlaɪəns/,n.,"alliance, alliances",None,the state of being allied or confederated｜結盟或聯合的狀態,Priam is willing because it would mean the end of the war and an alliance with the world's greatest warrior.,northern alliance; military alliance; new alliance,C1
Ally,/ˈælaɪ/,v.,"ally, allies, allied, allied, allying",alliance (n.),to join with another person or group to give mutual support｜與他人或團體聯合以提供相互支持,The smaller party chose to ally itself with the ruling government for support.,ally oneself; ally with movement; ally in war,C1
Ample,/ˈæmpəl/,adj.,"ample, ampler, amplest",ampleness (n.),more than enough in size or scope or capacity｜在大小、範圍或容量上綽綽有餘,"Although we demonstrate the ability to overcome assumptions in prior work, there is ample scope for improving absolute performance.",ample scope; ample supply; ample evidence,C1
Amend,/əˈmɛnd/,v.,"amend, amends, amended, amended, amending","amendable (adj.), amendment (n.), amendatory (adj.)",make amendments to｜修改、修訂,Parliament voted to amend the law after several provisions proved unworkable.,amend the constitution; amend a law; amend the proposal,C1
Alternate,/ˈɔltɚnət/,adj.,"alternate, more alternate, most alternate",alternation (n.),offering a different choice; not following the usual pattern｜提供不同選擇；不遵循通常模式,The alternate route avoids the bridge and takes drivers through the valley.,alternate universe; alternate reality; alternate method,C1
Antique,/æˈntik/,adj.,"antique, more antique, most antique","antiquate (v.), antiquity (n.)",made in or typical of earlier times and valued for its age｜製造於早期或具有早期典型特徵的，因年代久遠而具價值,And now it's late antique or the early Middle Ages.,antique devices; antique dealers; antique dealer,C1
Alter,/ˈɔltɚ/,v.,"alter, alters, altered, altered, altering","alterable (adj.), alteration (n.)",cause to change; make different; cause a transformation｜使改變；使不同；導致轉變,"Ice–albedo feedback is a positive feedback climate process where a change in the area of ice caps, glaciers, and sea ice alters the albedo and surface temperature of a planet.",significantly alter; alter outcomes; alter behavior,C1
Anonymous,/əˈnɑnəməs/,adj.,"anonymous, more anonymous, most anonymous",anonymity (n.),having no known name or identity or known source｜沒有已知名稱、身分或來源的,"Due to the proliferation in alchemical literature of pseudepigrapha and anonymous works, however, it is difficult to know which of the alchemists were actually women.",remain anonymous; anonymous author; anonymous accounts,C1
Applause,/əˈplɔz/,n. [U],no changes,applaud (v.),a demonstration of approval by clapping the hands together｜透過鼓掌錶達讚許的行為,The audience broke into loud applause when the scientists took the stage.,loud applause; burst of applause; receive applause,C1
Architect,/ˈɑɹkəˌtɛkt/,n.,"architect, architects",None,someone who creates plans to be used in making something (such as buildings)｜設計建築物等事物藍圖的人,"The temples should be Canon (basic principle), and the architects were trying to achieve this esthetic perfection.",original architect; struggling architect; architect of story,C1
Alongside,/əˈlɔˈŋsaɪd/,prep.,no changes,None,next to or together with someone or something at the same time｜在...旁邊；與...同時,""" In his many works on anarchism, historian Noam Chomsky describes anarchism, alongside libertarian Marxism, as the libertarian wing of socialism.",trained alongside; work alongside; runs alongside,C1
Anticipate,/æˈntɪsəˌpeɪt/,v.,"anticipate, anticipates, anticipated, anticipated, anticipating","anticipator (n.), anticipative (adj.), anticipatory (adj.)",regard something as probable or likely｜預期；認為...可能發生,Economists anticipate that inflation will ease later in the year.,anticipate issues; anticipate problems; anticipate future,C1
Arena,/ɚˈinə/,n.,"arena, arenas",None,a particular environment or walk of life｜特定的環境或生活領域,"And that feels good in the moment, but you're not stepping into the arena.",in arena; political arena; into arena,C1
Apt,/ˈæpt/,adj.,"apt, more apt, most apt",aptness (n.),naturally likely or inclined to do something; suitable｜天生傾向於做某事的；適宜的,"Her description of the situation was particularly apt, capturing the complexity of the issue in just a few words.",apt description; perfectly apt; apt phrase,C1
Appliance,/əˈplaɪəns/,n.,"appliance, appliances",None,a device or control that is very useful for a particular job｜對特定工作很有用的裝置或控制器,"A non-intrusive sensor-based infrastructure acquires low-level data about the interaction of the individual with home appliances and furniture, as well as data from environmental sensors.",new appliances; buy appliances; professional appliances,C1
Arrogant,/ˈɛɹəɡənt/,adj.,"arrogant, more arrogant, most arrogant","arrogantly (adv.), arrogance (n.)",having or showing feelings of unwarranted importance out of overbearing pride｜表現出妄自尊大態度的,Now I don't mean that in an arrogant way.,arrogant way; arrogant attitude; arrogant individual,C1
Arouse,/ɚˈaʊz/,v.,"arouse, arouses, aroused, aroused, arousing","arousal (n.), arouser (n.)",to make someone feel a particular emotion or reaction｜激起某人的某種情感或反應,The strange noise in the attic aroused my curiosity at once.,arouse curiosity; arouse suspicion; arouse interest,C1
Articulate,/ɑˈɹtɪkjəˌleɪt/,v.,"articulate, articulates, articulated, articulated, articulating","articulation (n.), articulately (adv.)",express an idea or feeling clearly in words｜清晰地用語言表達想法或情感,Anarchic attitudes were also articulated by Tragedy and Philosophy in Greece.,cannot articulate; articulate vision; articulate idea,C1
Analyst,/ˈænələst/,n.,"analyst, analysts",analyze (v.),someone who is skilled at analyzing data｜擅長分析資料的人,"Other ways anthropology contributes to environmental discourse include serving as theorists and analysts, or refining definitions to be more neutral/universal, etc.",wall street analyst; human analyst; financial analysts,C1
Athletics,/æˈθlɛtɪks/,n. [U],no changes,athletic (adj.),an active diversion requiring physical exertion and competition｜需要體力消耗和競爭的主動消遣活動,"Socrates uses various analogies, discussing athletics and the sciences to prove his point.",at athletics; in athletics; do athletics,C1
Architecture,/ˈɑɹkəˌtɛktʃɚ/,n. [U],no changes,None,an architectural product or work｜建築產品或作品,"They show the spread of the cult of Apollo and the evolution of Greek architecture, which was mostly based on the rightness of form and on mathematical relations.",design computer architecture; new architecture; build architecture,C1
Assault,/əˈsɔlt/,n.,"assault, assaults","assaulter (n.), assaultive (adj.)",a violent physical attack on a person｜暴力人身攻擊,The man was arrested and charged with assault after the fight.,a physical assault; an assault victim; a violent assault,C1
Assert,/əˈsɝt/,v.,"assert, asserts, asserted, asserted, asserting","assertion (n.), assertive (adj.)",state categorically｜斷言；肯定地說,"He asserted that the nation was conceived in liberty and dedicated to the proposition that all men are created equal, and that the deaths of the brave men who fell at Gettysburg would not have been in vain.",assert independence; assert power; assert will,C1
Array,/ɚˈeɪ/,n.,"array, arrays",None,an orderly arrangement｜整齊的排列,"Snakes, monitor lizards, and numerous other reptiles can be found living among an array of rodents throughout the semi arid regions of Algeria.",vast array; diverse array; full array,C1
Attendance,/əˈtɛndəns/,n. [U],no changes,"attend (v.), attendant (adj.)",the act of being present (at a meeting or event etc.)｜出席；到場,"I also document positive associations between endurance and college attendance, college quality, college graduation, firm quality, and other outcomes.",in attendance; attendance across nation; attendance at preview,C1
Attic,/ˈætɪk/,n.,"attic, attics",None,"the space or room just below the roof of a house, often used for storage｜屋頂下的空間或房間，常用於儲存",We found some old photographs in a dusty box in the attic.,dusty attic; attic room; attic window,C1
Asset,/ˈæˌsɛt/,n.,"asset, assets",None,a useful or valuable quality｜有用或有價值的品質,A calm and patient manner is a real asset for anyone working in customer service.,valuable asset; asset directory; return on asset,C1
Auction,/ˈɑkʃən/,n.,"auction, auctions",auctioneer (n.),a sale in which items are sold to the person who offers the highest price｜將物品賣給出價最高者的銷售方式,"The painting sold for far more than expected at the public auction, attracting buyers from across the world.",public auction; auction house; online auction,C1
Attorney,/əˈtɝni/,n.,"attorney, attorneys",attorneyship (n.),a professional person authorized to practice law; conducts lawsuits or gives legal advice｜獲準執業的專業人員；承辦訴訟或提供法律諮詢,Her attorney advised her to read every clause of the contract before signing it.,trial attorney; defense attorney; plaintiff's attorney,C1
Assumption,/əˈsʌmpʃən/,n.,"assumption, assumptions",assume (v.),a statement that is assumed to be true and from which a conclusion can be drawn｜被假定為真並可據以推導出結論的陳述,The model rests on the false assumption that prices will remain stable.,fundamental assumption; implicit assumption; make an assumption,C1
Authorize,/ˈɔθɚˌaɪz/,v.,"authorize, authorizes, authorized, authorized, authorizing","authorizer (n.), authorization (n.)",grant authorization or clearance for｜授予授權或許可,Alabama has the death penalty with authorized methods of execution that include the electric chair and the gas chamber.,authorize users; authorize payment; authorize transaction,C1
Banner,/ˈbænɚ/,n.,"banner, banners",None,long strip of cloth or paper used for decoration or advertising｜用於裝飾或廣告的長條布或紙,"The Hoof and Horn symbol is removed from the green banner, and Old Major's skull is reburied.",black banner; under banner; with banner,C1
Attribute,/ˈætɹəˌbjut/,v.,"attribute, attributes, attributed, attributed, attributing","attribution (n.), attributable (adj.)",attribute or credit to｜歸因於；歸功於,Historians attribute much of the city's wealth to its position on the trade route.,attribute to nature; attribute to action; attribute decline,C1
Backyard,/ˈbæˌkjɑɹd/,n.,"backyard, backyards",None,the grounds in back of a house｜房屋後方的庭院,And I got to meet someone who recreated an Egyptian style loaf of bread in his backyard.,in the backyard; own backyard; backyard barbecue,C1
Awe,/ˈɑ/,n. [U],no changes,"awesome (adj.), awestruck (adj.)",an overwhelming feeling of wonder or admiration｜一種強烈的驚嘆或敬佩之情,The music behind 'amazing' had a sense of awe to it.,in awe; of awe; with awe,C1
Ballot,/ˈbælət/,v.,"ballot, ballots, balloted, balloted, balloting",None,vote by ballot｜投票,Union members will ballot next week on whether to accept the proposed contract.,ballot members; ballot on a proposal; ballot for strike action,C1
Autonomy,/ɔˈtɑnəmi/,n. [U],no changes,autonomous (adj.),immunity from arbitrary exercise of authority: political independence｜免於專斷行使權力的豁免權：政治獨立,Aeschylus and Sophocles used the myth of Antigone to illustrate the conflict between laws imposed by the state and personal autonomy.,complete autonomy; full autonomy; give autonomy,C1
Barren,/ˈbæɹən/,adj.,"barren, more barren, most barren",barrenness (n.),lacking in vegetation or fertility; empty and unable to support life｜缺乏植被或肥沃；空無一物且無法維持生命,"This leads to extreme suffering for the mother and for the piglets, which are held in a barren area, separated by metal bars and taken away at three weeks old.",barren women; barren valleys; barren cow,C1
Belongings,/bɪˈlɔŋɪŋz/,n. [U],no changes,belong (v.),something owned; any tangible or intangible possession that is owned by someone｜擁有的東西；任何人所擁有有形或無形的財產,They got their belongings taken and they decided they were never coming back to San Francisco.,personal belongings; replace belongings; cover belongings,C1
Ban,/ˈbæn/,v.,"ban, bans, banned, banned, banning",None,prohibit officially by law or authority｜以法律或權力正式禁止,"A total of 25 of the 67 counties are ""Dry county"" which ban the sale of alcohol, and there are many dry municipalities in counties which permit alcohol sales.",ban phones; ban recordings; ban workers,C1
Beloved,/bɪˈlʌvd/,adj.,"beloved, more beloved, most beloved",None,dearly loved｜親愛的；心愛的,"After receiving the news of the death of Patroclus from Antilochus, the son of Nestor, Achilles grieves over his beloved companion's death.",beloved actor; beloved author; beloved wife,C1
Betray,/bɪˈtɹeɪ/,v.,"betray, betrays, betrayed, betrayed, betraying",betrayal (adj.),"be disloyal to someone or something, or reveal something unintentionally｜對某人或某事不忠誠，或無意中透露","In a sense, anarchists always remain liberals and socialists, and whenever they reject what is good in either they betray anarchism itself.",betray country; betray leader; betray intentions,C1
Behalf,/bɪˈhæf/,n. [U],no changes,None,"the interest or representation of someone, as in 'on someone's behalf'｜代表某人或為某人的利益","The attorney signed the legal documents on behalf of her client, who was unable to attend the hearing.",on behalf of; act on behalf; speak on behalf,C1
Beware,/bɪˈwɛɹ/,v.,"beware, beware, beware, beware, beware",None,be on one's guard; be cautious or wary about; be alert to｜保持警覺；謹慎或警惕,"But beware that the screenshot will only be taken at the end of the whole action, it won't see intermediate states.",beware of man; beware of philosophers; beware power,C1
Beneficial,/ˌbɛnəˈfɪʃəl/,adj.,"beneficial, more beneficial, most beneficial","beneficially (adv.), benefit (n.)",promoting or enhancing well-being｜促進或增進福祉,"Aristotle believed that although communal arrangements may seem beneficial to society, and that although private property is often blamed for social strife, such evils in fact come from human nature.",necessarily beneficial; beneficial effects; beneficial bacteria,C1
Batch,/ˈbætʃ/,n.,"batch, batches",None,a quantity of things produced or processed at one time｜一次性生產或加工的數量,The brood feed as a batch for about seven minutes at intervals of approximately three days which gives the skin an opportunity to regenerate.,new batch; batch key; bad batch,C1
Bid,/ˈbɪd/,n.,"bid, bids","bidder (n.), bidding (n.), biddable (adj.)","an offer to pay a stated price, especially at an auction｜對特定價格的報價，常見於拍賣場合",The company submitted the highest bid for the construction contract.,proposed bid; minimum bid; successful bid,C1
Bias,/ˈbaɪəs/,v.,"bias, biases, biased, biassed, biasing",None,influence in an unfair way｜以不公平的方式影響,Selective reporting can bias the public against a policy before debate begins.,bias the results; bias public opinion; unfairly bias,C1
Blast,/ˈblæst/,n.,"blast, blasts",blaster (n.),"a sudden powerful burst of air, energy, or sound from an explosion｜爆炸所產生的強烈氣流、能量或聲響",The blast shattered windows several blocks from the factory.,blast radius; full blast; powerful blast,C1
Blush,/ˈblʌʃ/,v.,"blush, blushes, blushed, blushed, blushing",blusher (n.),"turn red, as if in embarrassment or shame｜臉紅；因尷尬或羞恥而變紅",He began to blush when the host praised his performance.,blush with embarrassment; blush with shame; blush on cheeks,C1
Blur,/ˈblɝ/,n.,"blur, blurs",blurry (adj.),a hazy or indistinct representation｜模糊的呈現或影像,"Through the rain, the city lights became a blur of red and gold.",a complete blur; motion blur; become a blur,C1
Biological,/ˌbaɪəˈlɑdʒɪkəl/,adj.,no changes,biology (n.),pertaining to biology or to life and living things｜關於生物學或生命及生物的,One of the earliest criticisms is that anarchism defies and fails to understand the biological inclination to authority.,biological response; biological rhythms; biological systems,C1
Bizarre,/bəˈzɑɹ/,adj.,"bizarre, more bizarre, most bizarre","bizarreness (n.), bizarrely (adv.)",conspicuously or grossly unconventional or unusual｜非常規的或不尋常的；古怪的,"What REM sleep normally does is it creates all kinds of bizarre ideas, but all kinds of creative ideas as well.",a bizarre coincidence; bizarre behavior; a bizarre situation,C1
Bodyguard,/ˈbɑdiˌɡɑɹd/,n.,"bodyguard, bodyguards",None,someone who escorts and protects a prominent person｜護衛並保護重要人物的隨從,Prime Minister Pedro Pires sent Revolutionary Armed Forces of the People soldiers to Angola where they served as the personal bodyguards of Angolan President José Eduardo dos Santos.,strong bodyguard; tall bodyguard; need bodyguard,C1
Bolt,/ˈboʊlt/,n.,"bolt, bolts",None,a discharge of lightning accompanied by thunder｜伴隨雷聲的閃電,A sudden bolt of lightning lit up the sky just before the heavy storm began.,bolt anchors; metal bolt; bolt of lightning,C1
Boredom,/ˈbɔɹdəm/,n. [U],no changes,None,the feeling of being bored by something tedious｜因無聊事物而感到厭煩的感覺,She turned to painting as a way to relieve the boredom of long winter evenings spent at home.,relieve boredom; sheer boredom; escape boredom,C1
Booth,/ˈbuθ/,n.,"booth, booths",None,a table (in a restaurant or bar) surrounded by two high-backed benches｜餐廳或酒吧中由兩張高背長椅環繞的桌位,The couple sat in a corner booth at the back of the restaurant.,corner booth; restaurant booth; sit in a booth,C1
Bonus,/ˈboʊnəs/,n.,"bonus, bonuses",None,an extra benefit or advantage beyond what is expected｜超出預期的額外利益或好處,I think most people get joy wrong because they think it's a bonus level of happiness.,added bonus; exploration bonus; get bonus,C1
Boom,/ˈbum/,v.,"boom, booms, boomed, boomed, booming",booming (v.),"make a resonant sound, like artillery｜發出像砲聲般的共鳴聲",Thunder boomed across the valley as the storm approached.,voice booms; cannon booms; boom loudly,C1
Boost,/ˈbust/,v.,"boost, boosts, boosted, boosted, boosting",booster (n.),increase｜增加；提高,"In 1960, the establishment of NASA's Marshall Space Flight Center in Huntsville helped boost Alabama's economic growth by developing a local aerospace industry.",boost confidence; boost productivity; boost creativity,C1
Boxer,/ˈbɑksɚ/,n.,"boxer, boxers",box (v.),someone who fights with his fists for sport｜以拳擊為運動的人,She trained for years before stepping into the ring as a professional boxer.,professional boxer; heavyweight boxer; champion boxer,C1
Bound,/ˈbaʊnd/,n.,"bound, bounds","bounder (n.), boundary (n.)",a line determining the limits of an area｜界定區域範圍的界線,The river marks the eastern bound of the protected area.,upper bound; lower bound; outer bound,C1
Breakthrough,/ˈbɹeɪkˌθɹu/,n.,"breakthrough, breakthroughs",None,a productive insight｜富有成效的見解；突破性發現,Patience means understanding that there's no such thing as an overnight breakthrough.,massive breakthrough; significant breakthrough; breakthrough therapy,C1
Briefcase,/ˈbɹiˌfkeɪs/,n.,"briefcase, briefcases",None,a case with a handle; for carrying papers or files or books｜有提把的箱子；用於裝載文件或書籍,The security officer was handcuffed to a briefcase containing the confidential documents.,carry a briefcase; leather briefcase; open a briefcase,C1
Boundary,/ˈbaʊndɚi/,n.,"boundary, boundaries",bound (v.),the line or plane indicating the limit or extent of something｜標示某物界限或範圍的線或面,"The legislature also changed the boundaries of Tuskegee, Alabama to a 28-sided figure designed to fence out blacks from the city limits.",set boundaries; push boundaries; have boundaries,C1
Bronze,/ˈbɹɑnz/,adj.,"bronze, more bronze, most bronze",None,having a reddish-brown color like bronze metal｜呈現金屬般紅褐色的,"After the long summer, her skin had a healthy bronze glow.",bronze skin; bronze color; bronze tan,C1
Bruise,/ˈbɹuz/,n.,"bruise, bruises",bruiser (n.),an injury that doesn't break the skin but results in some discoloration｜未破皮但導致顏色變化的傷害,"When the surgeon opened her chest, her lungs were gray and scarred, almost blue-black, and showed evidence of a massive internal bruise.",old emotional bruise; huge bruise; bruise on chest,C1
Bully,/ˈbʊli/,n.,"bully, bullies",bullying (v.),a cruel and brutal fellow｜殘忍粗暴的人,The new pupil refused to be intimidated by the bully who ruled the playground.,inner bully; hypocritical bully; biggest bully,C1
Bureau,/ˈbjʊɹoʊ/,n.,"bureau, bureaus",None,an administrative unit of government｜政府行政單位,Bureau of Labour Statistics gets a lot of media attention and strongly affects the stock markets.,government bureau; federal bureau; information bureau,C1
Burial,/ˈbɛɹiəl/,n.,"burial, burials",None,the ritual placing of a corpse in a grave｜將遺體置入墓穴的儀式,"In his Notes on the State of Virginia, Jefferson describes how he visited an ancient Indian burial mound and observed the artifacts inside.",actual burial; deliberate burial; single burial,C1
Browse,/ˈbɹaʊz/,v.,"browse, browses, browsed, browsed, browsing",browser (n.),shop around; not necessarily buying｜逛街；不一定購買,"She spent the afternoon browsing through the antique market, searching for unusual items to add to her collection.",browse the web; browse through; browse online,C1
Butcher,/ˈbʊtʃɚ/,n.,"butcher, butchers","butchery (n.), butcherly (adj.)",a retailer of meat｜肉類零售商,The result was that the city was forced to negotiate with the local butchers over the price and supply of meat.,label butcher; little butcher; miserable butcher,C1
Bulk,/ˈbʌlk/,n. [U],no changes,bulky (adj.),the property resulting from being or relating to the greater in number of two parts; the main part｜較大或占多數部分的特性；主要部分,The bulk of the funding will be spent on schools and public transport.,in bulk; bulk of population; bulk of compute,C1
Bureaucracy,/bjʊˈɹɑkɹəsi/,n. [U],no changes,bureaucratic (adj.),"a system of administration characterized by complex rules, rigid procedures, and hierarchical structures｜以複雜規則、僵化程序和層級結構為特徵的行政體系","Apollo represents a ""role"" culture where order, reason, and bureaucracy prevail.",bureaucracy itself; federal bureaucracy; regulatory bureaucracy,C1
Calcium,/ˈkælsiəm/,n. [U],no changes,calcify (v.),a white metallic element that burns with a brilliant light; the fifth most abundant element in the earth's crust; an important component of most plants and animals｜白色金屬元素，燃燒時發出強光；地殼中第五豐富的元素；大多數植物和動物的重要成分,The cells beat only if the researchers exposed the tissue to calcium — ions of which help to drive the beating of the heart inside the body.,calcium spike; of calcium; calcium with magnesium,C1
Canvas,/ˈkænvəs/,n.,"canvas, canvases",None,"a strong woven cloth used for sails, tents, or as a surface for painting｜用於船帆、帳篷或作為繪畫表面的堅固織物",The artist stretched a fresh canvas across the wooden frame before painting.,blank canvas; stretched canvas; canvas painting,C1
Canal,/kəˈnæl/,n.,"canal, canals","canalise (v.), canalize (v.), canalisation (n.), canalization (n.)",an artificial waterway built for navigation or irrigation｜為航行或灌溉而建的人工水道,"The ship that got stuck in the Suez Canal for five or six days, that I think was also a problem.",canal harbor; canal treaty; in canal,C1
Carnival,/ˈkɑɹnəvəl/,n.,"carnival, carnivals",None,a festival marked by merrymaking and processions｜以歡宴和遊行為特色的節日,Crowds gathered in the square to watch the colourful carnival procession pass by.,carnival barker; at carnival; annual carnival,C1
Casino,/kəˈsinoʊ/,n.,"casino, casinos",None,a public building for gambling and entertainment｜供賭博和娛樂的公共場所,"A short survey of game theory in the security area, is followed by a real case of an Internet casino.",casino night; first casino; in casino,C1
Cathedral,/kəˈθidɹəl/,n.,"cathedral, cathedrals",cathedra (n.),any large and important church｜任何大型重要的教堂,The Gothic cathedral took over two centuries to complete and remains one of the finest examples of medieval architecture.,gothic cathedral; medieval cathedral; main cathedral,C1
Capability,/ˌkeɪpəˈbɪləti/,n.,"capability, capabilities",capable (adj.),the quality of being capable -- physically or intellectually or legally｜身體、智力或法律上的能力,The new software greatly improved the team's capability to analyse large data sets.,submarine capability; specific capability; coding capability,C1
Cemetery,/ˈsɛməˌtɛɹi/,n.,"cemetery, cemeteries",None,a tract of land used for burials｜用於埋葬的土地,They visited the historic cemetery located on the quiet hillside.,old cemetery; military cemetery; buried in a cemetery,C1
Ceremony,/ˈsɛɹəˌmoʊni/,n.,"ceremony, ceremonies","ceremonial (adj.), ceremonious (adj.)",a formal event performed on a special occasion｜特殊場合舉行的正式活動,The formal ceremony enacted the humiliation of the defeated army.,formal ceremony; opening ceremony; attend a ceremony,C1
Carbon,/ˈkɑɹbən/,n. [U],no changes,"carbonic (adj.), carbonate (v.), carbonise (v.), carbonize (v.), carburise (v.), carburize (v.)",an abundant nonmetallic tetravalent element occurring in three allotropic forms: amorphous carbon and graphite and diamond; occurs in all organic compounds｜一種豐富的非金屬四價元素，存在三種同素異形體：無定形碳、石墨和金剛石；存在於所有有機化合物中,"That amount, only some of which is Radiative forcing, is equivalent to a 138 ppm increase of atmospheric carbon dioxide.",carbon fiber; carbon taxes; low carbon,C1
Caution,/ˈkɑʃən/,n. [U],no changes,"cautious (adj.), cautionary (adj.)",the trait of being cautious; being attentive to possible danger｜謹慎的特質；注意可能的危險,Investors were advised to proceed with caution given the volatility of the financial markets at the time.,with caution; exercise caution; use caution,C1
Celebrity,/səˈlɛbɹɪti/,n.,"celebrity, celebrities",None,a widely known person｜廣為人知的人,"The film transformed the unknown actor into an overnight celebrity, drawing intense media attention worldwide.",celebrity culture; celebrity status; local celebrity,C1
Chapel,/ˈtʃæpəl/,n.,"chapel, chapels",None,a place of worship that has its own altar｜擁有自己祭壇的禮拜場所,The newlyweds exchanged their vows in a small private chapel overlooking the valley.,private chapel; chapel service; wedding chapel,C1
Cautious,/ˈkɔʃəs/,adj.,"cautious, more cautious, most cautious","caution (n.), cautiousness (n.)",showing careful forethought｜顯示謹慎的事前考慮,She was cautious about lending money to people she barely knew.,little cautious; extremely cautious; seems unusually cautious,C1
Certainty,/ˈsɝtənti/,n.,"certainty, certainties",None,the state of being certain｜確定的狀態,And I really see that as an indictment on certainty and not doubting yourself.,complete certainty; absolute certainty; with certainty,C1
Choir,/ˈkwaɪɚ/,n.,"choir, choirs",None,a chorus that sings as part of a religious ceremony｜在宗教儀式中歌唱的合唱團,The church choir performed the hymn without instrumental accompaniment.,church choir; school choir; full choir,C1
Chef,/ˈʃɛf/,n.,"chef, chefs",None,a professional cook｜專業廚師,"After meeting chef Michael Mina at one of his restaurants in San Francisco, Agassi partnered with him in 2002 to start Mina Group Inc.",great chef; personal chef; private chef,C1
Chord,/ˈkɔɹd/,n.,"chord, chords",chordal (adj.),a combination of three or more musical notes played together｜三個或更多音符一起演奏的組合,"The mystic chords of memory, stretching from every battle-field, and patriot grave, to every living heart and hearthstone.",chord shapes; major chord; play chords,C1
Certificate,/sɚˈtɪfɪkət/,n.,"certificate, certificates",certify (v.),a document attesting to the truth of certain stated facts｜證明某些陳述事實真實性的文件,This information is used to blackmail Rearden to sign a Gift Certificate which delivers all the property rights of Rearden Metal to others.,load certificate; different certificate; get certificate,C1
Chubby,/ˈtʃʌbi/,adj.,"chubby, chubbier, chubbiest",chubbiness (n.),sufficiently fat so as to have a pleasing fullness of figure｜足夠胖以至於體態豐滿令人滿意,The chubby toddler giggled happily as she reached out for another piece of fruit.,chubby cheeks; chubby baby; chubby figure,C1
Chore,/ˈtʃɔɹ/,n.,"chore, chores",None,"a routine domestic task, especially one that is tedious or unpleasant｜例行的家務事，尤其是繁瑣或令人不悅的","Instead, Collins flicked the switch on the system from automatic to manual and back to automatic again, and carried on with normal housekeeping chores, while keeping an eye on the temperature.",do chores; indivisible chores; give chore,C1
Citizenship,/ˈsɪtɪzəˌnʃɪp/,n. [U],no changes,citizen (n.),the status of a citizen with rights and duties｜享有權利和義務的公民身份,"After living in the country for ten years, she applied for citizenship and was formally granted it the following spring.",dual citizenship; citizenship rights; grant citizenship,C1
Chaos,/ˈkeɪɑs/,n. [U],no changes,chaotic (adj.),a state of extreme confusion and disorder｜極度混亂和無序的狀態,"The resulting chaos and internal conflict from Garcia II's reign would lead into that of his son and successor, António I of Kongo.",cause chaos; into chaos; complete chaos,C1
Characterize,/ˈkɛɹəktɚˌaɪz/,v.,"characterize, characterizes, characterized, characterized, characterizing","character (n.), characterization (n.)",describe or portray the character or the qualities or peculiarities of｜描述或描繪...的性格、品質或特徵,Plato characterized it as a chariot and a horse.,characterize extreme events; characterize behavior; characterize process,C1
Clause,/ˈklɔz/,n.,"clause, clauses",clausal (adj.),"a distinct provision in a legal document, or a grammatical unit containing a subject and predicate｜法律文件中的明確條款，或包含主語和謂語的語法單位",The contract included a penalty clause that would require the contractor to pay damages if the project was delayed.,escape clause; penalty clause; subordinate clause,C1
Chronic,/ˈkɹɑnɪk/,adj.,no changes,"chronicity (n.), chronically (adv.)",being long-lasting and recurrent or characterized by long suffering｜長期且反覆發作的，或以長期痛苦為特徵的,"Regarded as an expert on tactics and strategy, like his predecessors Clinton was handicapped by chronic supply issues.",chronic elevation; chronic kidney disease; chronic pain,C1
Chunk,/ˈtʃʌŋk/,n.,"chunk, chunks","chunky (adj.), chunking (n.)",a compact mass｜緊密的塊狀物,"Some of the most common dishes during this time were soups with pork chunks, cooked partridge with legumes, spinach bread, beef slices, and Lamb and mutton stew.",significant chunk; good chunk; big chunk,C1
Circuit,/ˈsɝkət/,n.,"circuit, circuits",None,"a closed loop or path through which electric current, signals, or neural activity flows｜電流、信號或神經活動流動的閉合迴路或路徑",A fault in the electrical circuit caused the laboratory equipment to shut down.,electrical circuit; neural circuit; complete a circuit,C1
Civic,/ˈsɪvɪk/,adj.,no changes,None,of or relating or belonging to a city｜城市的或與城市相關的,"In 1961, the ceremony moved to the Santa Monica Civic Auditorium in California.",civic engagement; civic freedom; civic ideals,C1
Cling,/ˈklɪŋ/,v.,"cling, clings, clung, clung, clinging",None,come or be in close contact with; stick or hold together and resist separation｜緊密接觸或聯繫；黏附或結合在一起並抵抗分離,And that is that we defend our hopes often violently that we cling to our hope because it sustains us much emotionally.,cling to hope; cling to idea; cling to existence,C1
Coherent,/koʊˈhɪɹənt/,adj.,"coherent, more coherent, most coherent","cohere (v.), coherence (n.), coherency (n.)","marked by an orderly, logical, and aesthetically consistent relation of parts｜以有秩序、邏輯性強且美觀協調的部分關係為特徵",It's hard to be coherent in a sentence.,single coherent; coherent whole; coherent summaries,C1
Clarity,/ˈklɛɹəti/,n. [U],no changes,None,free from obscurity and easy to understand; the comprehensibility of clear expression｜清晰易懂的；清楚表達的可理解性,"It was notable for its inclusion of practical chemical operations alongside sulphur-mercury theory, and the unusual clarity with which they were described.",greater clarity; enough clarity; with clarity,C1
Clinical,/ˈklɪnəkəl/,adj.,"clinical, more clinical, most clinical",clinic (n.),relating to the treatment of patients or to a medical clinic｜與病人治療或醫療診所相關的,The new drug showed promising results during the clinical trials.,clinical trials; clinical research; clinical practice,C1
Cocaine,/koʊˈkeɪn/,n. [U],no changes,None,"an addictive narcotic alkaloid extracted from coca leaves, used as a stimulant｜一種從古柯葉中提取的成癮性生物鹼，用作興奮劑",The smuggling of cocaine remains a serious challenge for law enforcement agencies.,make cocaine; take cocaine; use cocaine,C1
Coffin,/ˈkɔfɪn/,n.,"coffin, coffins",None,box in which a corpse is buried or cremated｜裝遺體的箱子（用於埋葬或火化）,"Lincoln's body was wrapped in a flag and placed in a coffin, which was loaded into a hearse and escorted to the White House by Union soldiers.",in coffin; open coffin; carry coffin,C1
Cite,/ˈsaɪt/,v.,"cite, cites, cited, cited, citing",None,make reference to｜引用；提及,The report cites census data as evidence of the region's rapid growth.,cite work; cite sources; cite as reason,C1
Cluster,/ˈklʌstɚ/,n.,"cluster, clusters",clustering (n.),a grouping of a number of similar things｜一組相似事物的聚集,A small cluster of cottages stood at the edge of the quiet fishing village.,mega cluster; entire cluster; biggest cluster,C1
Coincidence,/koʊˈɪnsɪdəns/,n.,"coincidence, coincidences","coincide (v.), coincident (adj.)",an event that might have been arranged although it was really accidental｜看似安排好但其實是偶然的事件,Aristotle reasoned that instances in which dreams resemble future events are simply coincidences.,interesting coincidence; pure coincidence; complete coincidence,C1
Colonial,/kəˈloʊniəl/,adj.,no changes,colony (n.),of or relating to or characteristic of or inhabiting a colony｜殖民地的；殖民的,"The founding of the USA was, in many respects, an undeniably settler colonial process that displaced indigenous peoples across the continent.",colonial rule; colonial history; colonial attitudes,C1
Combat,/ˈkɑmbæt/,v.,"combat, combats, combated, combated, combating","combatant (adj.), combative (adj.)",battle or contend against in or as if in a battle｜戰鬥；與…作戰,Public-health officials launched a campaign to combat vaccine misinformation.,combat anxiety; combat misinformation; combat blindness,C1
Cognitive,/ˈkɑɡnɪtɪv/,adj.,no changes,cognize (v.),of or being or relating to or involving cognition｜認知的；認識的,"Linguistic anthropologists often draw on related fields including sociolinguistics, pragmatics, cognitive linguistics, semiotics, discourse analysis, and narrative analysis.",cognitive neuroscience; cognitive dissonance; cognitive complexity,C1
Collector,/kəˈlɛktɚ/,n.,"collector, collectors",collect (v.),a person who collects things｜收藏家；收集者,The museum acquired an extensive donation from a private art collector who had spent decades assembling the works.,art collector; avid collector; tax collector,C1
Collective,/kəˈlɛktɪv/,n.,"collective, collectives","collectivise (v.), collectivize (v.)",members of a cooperative enterprise｜合作社成員；集體,The farmers formed a collective to share their tools and sell crops together.,workers' collective; farming collective; join a collective,C1
Columnist,/ˈkɑləmnəst/,n.,"columnist, columnists",column (n.),a journalist who writes editorials｜專欄作家；專欄作者,The syndicated columnist published a sharp critique of the government's economic policy that was reprinted in dozens of newspapers.,syndicated columnist; newspaper columnist; regular columnist,C1
Collaboration,/kəˌlæbɚˈeɪʃən/,n. [U],no changes,"collaborate (v.), collaborationist (n.)",act of working jointly｜合作；協作,The exhibition was the result of close collaboration between artists and engineers.,enable interdisciplinary collaboration; communication enables collaboration; in collaboration,C1
Commentator,/ˈkɑməˌnteɪtɚ/,n.,"commentator, commentators",commentate (v.),an expert who observes and comments on something｜評論員；解說員,"One way many commentators have tried to support the notion that time travel into the past is possible, and to rule out paradox, is the -called Novikov self-consistency principle.",every commentator; political commentator; liberal commentator,C1
Commentary,/ˈkɑməˌntɛɹi/,n.,"commentary, commentaries","comment (v.), commentate (v.)",a spoken or written explanation of an event as it happens｜實況報導；解說,The reporter gave a lively commentary on the football match.,live commentary; running commentary; social commentary,C1
Comedian,/kəˈmidiən/,n.,"comedian, comedians",None,a professional performer who tells jokes and performs comical acts｜喜劇演員；諧星,"Additionally, Acapulco is the hometown of actress, singer, and comedian Aida Pierce, who found fame during the 1980s, 1990s and the first decade of the 21st century.",good comedian; great comedian; best comedian,C1
Communism,/ˈkɑmjəˌnɪzəm/,n. [U],no changes,"communist (n.), communize (v.), communistic (adj.)",a form of socialism that abolishes private ownership｜共產主義；共產制度,Anarchism advocates for the replacement of the state with Stateless society and voluntary Free association (communism and anarchism).,contain communism; adopt communism; in communism,C1
Commission,/kəˈmɪʃən/,v.,"commission, commissions, commissioned, commissioned, commissioning","commit (v.), commissioner (n.), commissioning (n.)",to formally ask someone to do a special piece of work for you｜正式委託他人做特殊工作,The city decided to commission a famous artist to paint a mural.,commission a study; commission a work; commission an artist,C1
Commodity,/kəˈmɑdəti/,n.,"commodity, commodities",None,articles of commerce｜商品；貨品,Clean drinking water is a precious commodity in many parts of the world.,single commodity; commodity export; rare commodity,C1
Commuter,/kəˈmjutɚ/,n.,"commuter, commuters",commute (v.),a person who regularly travels between home and work or study｜通勤者；往來工作者,This concept should be intuitive to city commuters.,city commuter; daily commuter; commuter train,C1
Commute,/kəˈmjut/,v.,"commute, commutes, commuted, commuted, commuting","commuter (n.), commuting (n.), commutation (n.)",to travel regularly between one's home and place of work｜經常往返於住家和工作地點,Thousands of people commute into the city each morning by train and bus.,commute to work; commute in; commute across,C1
Communist,/ˈkɑmjənəst/,adj.,no changes,communism (n.),relating to or marked by communism｜共產主義的；共產的,The novel explores life under a communist government in the middle of the century.,communist regime; communist ideology; communist era,C1
Compassion,/kəˈmpæʃən/,n. [U],no changes,compassionate (v.),a deep awareness of and sympathy for another's suffering｜對他人苦難的深刻認識與同情,The nurse treated every patient with genuine compassion and unfailing kindness.,show compassion; have compassion; with compassion,C1
Commitment,/kəˈmɪtmənt/,n.,"commitment, commitments",commit (v.),the trait of sincere and steadfast fixity of purpose｜真誠且堅定之決心的特質,"Am I making the biggest mistake ever?"" And it was funny because the second that I proposed, all of the doubts and uncertainty, it melted away because all that mattered was that commitment.",massive commitment; make commitment; have commitment,C1
Compassionate,/kəˈmpæʃənət/,adj.,"compassionate, more compassionate, most compassionate","compassion (n.), compassionateness (n.)",showing or having compassion｜表現或懷有同情心的,"In the same way a compassionate man cannot hurt animals, though they appear as distinct from himself.",compassionate leadership; compassionate mother; compassionate society,C1
Compact,/ˈkɑmpækt/,adj.,"compact, more compact, most compact","compaction (n.), compactness (n.)",closely and firmly united or packed together｜緊密且牢固地結合或堆疊在一起,The architect designed the apartment in a compact but functional layout that maximised available space without feeling cramped.,compact group; compact form; compact representation,C1
Comparable,/ˈkɑmpɚəbəl/,adj.,"comparable, more comparable, most comparable",comparability (n.),able to be compared or worthy of comparison｜能夠相比或值得比較的,"MiCRo outperforms or matches comparable baselines on both machine-learning reasoning benchmarks and alignment to human behavior , while maintaining interpretability.",comparable level; comparable performance; comparable results,C1
Compensate,/ˈkɑmpəˌnseɪt/,v.,"compensate, compensates, compensated, compensated, compensating","compensation (n.), compensatory (n.)",adjust for｜調整以彌補,"In this sense, assessing generalisability may be useful when defining relevant variables and can be used to partially compensate for the lack of interventional data.",partially compensate; compensate for loss; compensate for risk,C1
Compensation,/ˌkɑmpəˈnseɪʃən/,n.,"compensation, compensations",compensate (v.),something (such as money) given or received as payment or reparation (as for a service or loss or injury)｜作為服務、損失或傷害之報酬或賠償而給予或接受的東西（如金錢）,The injured workers received financial compensation for their lost wages.,workers compensation; compensation scheme; financial compensation,C1
Competence,/ˈkɑmpətɪns/,n. [U],no changes,competent (adj.),the quality of being adequately or well qualified physically and intellectually｜在身體與智力上具備適當或良好資質的品質,Situated cognition is a close cousin or perhaps even a sister or a brother of unconscious competence.,unconscious competence; conscious competence; value competence,C1
Competent,/ˈkɑmpətɪnt/,adj.,"competent, more competent, most competent","competence (n.), competency (n.)",properly or sufficiently qualified or capable or efficient｜適當或充分具備資質、能力或效率的,"She proved herself to be a highly competent manager, consistently delivering projects on time and within budget.",highly competent; competent authority; competent team,C1
Compatible,/kəˈmpætəbəl/,adj.,"compatible, more compatible, most compatible",compatibility (n.),able to exist and perform in harmonious or agreeable combination｜能夠和諧或協調地共處與配合,The 11th-century theologian Anselm of Canterbury put forth the opinion that faith and rationalism were compatible and encouraged rationalism in a Christian context.,fully compatible; highly compatible; compatible version,C1
Compel,/kəˈmpɛl/,v.,"compel, compels, compelled, compelled, compelling","compelling (v.), compulsion (n.)",force somebody to do something｜強迫某人做某事,"However, the Confederacy's hope that cotton exports would compel European interference did not come to fruition, as Britain found alternative sources and maintained economic ties with the Union.",compel action; compel testimony; compel obedience,C1
Complication,/ˌkɑmpləˈkeɪʃən/,n.,"complication, complications",complicate (v.),the act or process of complicating｜使複雜化的行為或過程,"And finally, the third complication comes around community.",unexpected complication; surgical complication; add complication,C1
Complexity,/kəmˈplɛksəti/,n.,"complexity, complexities","complex (adj.), complexify (v.)",the quality of being intricate and compounded｜錯綜複雜的品質,The former constitution was particularly criticized for its complexity and length intentionally codifying segregation and racism.,cognitive complexity; add complexity; of complexity,C1
Compliance,/kəmˈplaɪəns/,n. [U],no changes,"comply (v.), compliant (adj.)",acting according to certain accepted standards｜依循某些被接受的標準行事,"By leveraging the model's optimization for anthropomorphic consistency, HPM creates a psychological pressure where social compliance overrides safety constraints.",compliance rules; strict compliance; legal compliance,C1
Compliment,/ˈkɑmpləmɛnt/,n.,"compliment, compliments",complimentary (adj.),a remark (or act) expressing praise and admiration｜表達讚揚與欽佩的言論（或行為）,"Mises once called her ""the most courageous man in America"", a compliment that particularly pleased her because he said ""man"" instead of ""woman"".",greatest compliment; biggest compliment; give compliments,C1
Comply,/kəmˈplaɪ/,v.,"comply, complies, complied, complied, complying","compliant (adj.), compliance (n.), compliancy (n.)","act in accordance with someone's rules, commands, or wishes｜依循某人的規則、命令或意願行事","Monsanto had to comply with the court order, and the lawyers gained access to their internal emails, memos, and safety studies.",comply fully; comply with law; comply with regulations,C1
Component,/kəˈmpoʊnənt/,n.,"component, components",compose (v.),a distinct part or element that combines with others to form a larger whole｜與其他部分結合以構成更大整體的獨立部分或元素,"The second component is, do you have something that you feel is more important than yourself.",necessary component; big component; motor component,C1
Comprehend,/ˌkɑmpɹiˈhɛnd/,v.,"comprehend, comprehends, comprehended, comprehended, comprehending","comprehension (n.), comprehensive (adj.), comprehendible (adj.), comprehensible (adj.)",get the meaning of something｜理解某事物的意義,It is difficult to fully comprehend the scale of the disaster without seeing the damage firsthand.,possibly comprehend; comprehend scrambled text; comprehend text,C1
Comprehension,/ˌkɑmpɹiˈhɛnʃən/,n. [U],no changes,comprehend (v.),an ability to understand the meaning or importance of something (or the knowledge acquired as a result)｜理解某事物之意義或重要性的能力（或因此獲得的知識）,The teacher used a variety of strategies to test reading comprehension and ensure all students understood the material.,reading comprehension; beyond comprehension; listening comprehension,C1
Conceal,/kəˈnsil/,v.,"conceal, conceals, concealed, concealed, concealing","concealing (n.), concealment (n.)",prevent from being seen or discovered｜防止被看見或發現,"We notice that, the vector pattern provides an interesting way to conceal evolutionary game theory models and experimental economics data.",conceal truth; conceal face; conceal efforts,C1
Concede,/kəˈnsid/,v.,"concede, concedes, conceded, conceded, conceding",concession (n.),admit that something is true or grant something reluctantly｜承認某事為真或不情願地給予,"If I wished to take the results of my philosophy as the standard of truth, I should have to concede to Buddhism pre-eminence over the others.",concede defeat; concede the point; reluctantly concede,C1
Compulsory,/kəˈmpʌlsɚi/,adj.,no changes,None,required by rule｜規則所要求的,"And the absence of stability and normalcy, from unpredictable daily schedules to compulsory daytime displacement onto the streets, wore heavily on their sense of self and hope for the future.",make compulsory; compulsory service; compulsory surveillance,C1
Compound,/ˈkɑmpaʊnd/,v.,"compound, compounds, compounded, compounded, compounding",compounding (n.),"make more intense, stronger, or more marked｜使更強烈、更強或更明顯",Poor communication compounded the delays caused by the equipment failure.,compound the problem; compound the difficulty; further compound,C1
Conception,/kəˈnsɛpʃən/,n.,"conception, conceptions","conceive (v.), conceptional (adj.)",an abstract or general idea inferred or derived from specific instances｜從具體實例推斷或衍生出的抽象或一般概念,"Aristotle's conception of the city is organic, and he is considered one of the first to conceive of the city in this manner.",original conception; hazy conception; whole conception,C1
Comprise,/kəmˈpɹaɪz/,v.,"comprise, comprises, comprised, comprised, comprising",None,be composed of｜由...組成,"Without presupposing any quantization scheme, this algebra is inherently non-commutative and comprises a large set of dynamics.",comprise elements; comprise components; comprise a large set,C1
Compromise,/ˈkɑmpɹəˌmaɪz/,n.,"compromise, compromises",compromising (v.),a middle way between two extremes｜兩個極端之間的中間道路,"After weeks of negotiation, both sides accepted a compromise.",reach a compromise; make a compromise; find a compromise,C1
Conceive,/kəˈnsiv/,v.,"conceive, conceives, conceived, conceived, conceiving","concept (n.), conceiver (n.), conception (n.), conceptive (adj.)",have the idea for｜想出（主意）,"Lincoln asserted that the nation was conceived in liberty and dedicated to the proposition that all men are created equal, and that the sacrifices of the brave would not be forgotten.",conceive child; conceive children; conceive of theory,C1
Confession,/kəˈnfɛʃən/,n.,"confession, confessions",confess (v.),an admission of misdeeds or faults｜對錯誤或過失的承認,"In chapter seven, when the animals confess their non-existent crimes and are killed, Orwell directly alludes to the purges, confessions and Moscow show trials of the late 1930s.",dramatic confession; huge emotional confession; make confession,C1
Condemn,/kəˈndɛm/,v.,"condemn, condemns, condemned, condemned, condemning","condemnation (n.), condemnatory (adj.)",express strong disapproval of｜強烈反對,"Within every major religion, there are leaders who firmly condemn conversion practices and who actively campaign to see such practices banned.",condemn ourselves; condemn invasion; condemn genocide,C1
Confidential,/ˌkɑnfəˈdɛnʃəl/,adj.,"confidential, more confidential, most confidential","confidence (n.), confidentiality (n.)",entrusted with private information and the confidence of another｜被委託處理私人資訊和他人信任,"The topology, configuration and composition of communication networks is therefore confidential since this can provide information to attackers.",confidential material; confidential information; confidential data,C1
Conform,/kəˈnfɔɹm/,v.,"conform, conforms, conformed, conformed, conforming","conformist (n.), conformance (n.), conformation (n.)","be similar, be in line with｜相似，符合",All new students must conform to the strict school dress rules.,conform to norms; conform to rules; conform to system,C1
Confine,/kəˈnfaɪn/,v.,"confine, confines, confined, confined, confining",confinement (n.),place limits on (extent or access)｜限制（範圍或接觸）,The human cognitive system is a remarkable exemplar of a general intelligent system whose competence is not confined to a specific problem domain.,confine to tasks; confine plasma; confine energy,C1
Considerate,/kəˈnsɪdɚət/,adj.,"considerate, more considerate, most considerate",considerateness (n.),showing concern for the rights and feelings of others｜關心他人的權利和感受,I feel I am more considerate considerably more than I was.,considerate behaviour; considerate of others; kind and considerate,C1
Confrontation,/ˌkɑnfɹəˈnteɪʃən/,n.,"confrontation, confrontations","confront (v.), confrontational (adj.)",a bold challenge｜大膽的挑戰,"Models engage in direct confrontations, showcasing their reasoning processes and depth.",fated confrontation; into confrontation; have confrontation,C1
Conduct,/kəˈndʌkt/,n. [U],no changes,conductor (n.),manner of acting or controlling yourself｜行為或自我控制的方式,The board of directors established a strict code of conduct that all employees were expected to follow.,code of conduct; professional conduct; standards of conduct,C1
Consecutive,/kəˈnsɛkjətɪv/,adj.,no changes,None,one after the other｜接連的,"In particular, we consider a limit where the number of random variables N and the number of consecutive time measurements T are large but the ratio N / T is fixed.",consecutive frames; consecutive time measurements; consecutive shells,C1
Confront,/kənˈfɹʌnt/,v.,"confront, confronts, confronted, confronted, confronting",confrontation (n.),"oppose, as in hostility or a competition｜反對，如出於敵意或競爭","Not only did they confront state armed forces, as in Spain and Ukraine, but some of them also employed terrorism as propaganda of the deed.",confront directly; finally confront; confront reality,C1
Constitutional,/ˌkɑnstəˈtuʃənəl/,adj.,no changes,constitutionalize (v.),relating to or authorized by a constitution; within the limits set by law｜關於或由憲法授權的；在法律設定的範圍內,The exclusion of blacks from the political system persisted until after passage of federal civil rights legislation in 1965 to enforce their constitutional rights as citizens.,constitutional monarchy; constitutional rights; constitutional principles,C1
Consultation,/ˌkɑnsəˈlteɪʃən/,n.,"consultation, consultations",consult (v.),a meeting held to discuss something or to get advice｜為討論某事或獲取建議而召開的會議,The treatment plan was changed after a consultation with two specialists.,scientific consultation; international consultation; initial consultation,C1
Consent,/kəˈnsɛnt/,v.,"consent, consents, consented, consented, consenting",consentaneous (adj.),give an affirmative reply to; respond favorably to｜給予肯定答覆；同意,"Agamemnon consents, but then commands that Achilles's slave Briseis, the daughter of Briseus, be brought to him to replace Chryseis.",consent to practices; consent for actions; consent to abuse,C1
Consensus,/kəˈnsɛnsəs/,n.,"consensus, consensuses",consensual (adj.),agreement in the judgment or opinion reached by a group as a whole｜一個群體整體在判斷或意見上達成的協議,Anarchists have employed various methods to build a rough consensus among members of their group without the need of a leader or a leading group.,consensus estimates; scientific consensus; reach consensus,C1
Contagious,/kəˈnteɪdʒəs/,adj.,"contagious, more contagious, most contagious",contagion (n.),easily diffused or spread as from one person to another｜容易從一個人傳播或擴散到另一個人,"The illness is highly contagious, so the children were kept at home for a week.",contagious diseases; contagious disease; contagious energy,C1
Conservation,/ˌkɑnsɚˈveɪʃən/,n. [U],no changes,"conserve (v.), conservationist (n.)",an occurrence of improvement by virtue of preventing loss or injury or other change｜透過防止損失、傷害或其他變化而發生的改善,"Wildlife conservation efforts have expanded significantly in recent decades, with international agreements protecting endangered species across multiple continents.",conservation strategies; conservation planning; conservation of energy,C1
Consumption,/kəˈnsʌmpʃən/,n. [U],no changes,consume (v.),the process of taking food into the body through the mouth (as by eating)｜透過嘴巴將食物攝入體內的過程（如進食）,The study measured how quickly the body processes food after consumption.,food consumption; human consumption; reduce consumption,C1
Contaminate,/kəˈntæməˌneɪt/,v.,"contaminate, contaminates, contaminated, contaminated, contaminating",contamination (n.),make impure｜使不純淨,Those early galaxies may have been bright enough to contaminate the cosmological signal that astronomers were trying to measure.,contaminate area; contaminate samples; contaminate process,C1
Contempt,/kəˈntɛmpt/,n. [U],no changes,contemptuous (adj.),lack of respect accompanied by a feeling of intense dislike｜伴隨強烈厭惡感的不尊重,He spoke about his rivals with a contempt that surprised everyone in the room.,criminal contempt; contempt of court; open contempt,C1
Contemplate,/ˈkɑntəmˌpleɪt/,v.,"contemplate, contemplates, contemplated, contemplated, contemplating","contemplation (n.), contemplative (adj.)",look at thoughtfully; observe deep in thought｜沉思地看；深思地觀察,"Coalitional control focuses on the local interests that motivate the controllers to assemble, an aspect far rarely contemplated in the distributed control literature.",contemplate different; contemplate death; contemplate suicide,C1
Constraint,/kənsˈtɹeɪnt/,n.,"constraint, constraints",None,a limitation or restriction on what can be done｜對可以做什麼事的限制或約束,The tight budget was the main constraint on how the project could be developed.,capacity constraint; impose constraints; different constraints,C1
Contend,/kəˈntɛnd/,v.,"contend, contends, contended, contended, contending","contention (n.), contentious (adj.)",maintain or assert｜堅持或斷言,Some scholars contend that the manuscript was written much earlier than first thought.,contend with issues; contend with mystery; contend with information,C1
Continental,/ˌkɑntəˈnɛntəl/,adj.,no changes,continent (n.),relating to a continent or its main landmass｜與大陸或其主要陸地有關,Evidence of Earlier Failed Rifting The team also uncovered signs of an earlier rifting episode that did not lead to a full continental split.,continental africa; continental rift; continental fragments,C1
Contradiction,/ˌkɑntɹəˈdɪkʃən/,n.,"contradiction, contradictions",contradict (v.),opposition between two conflicting forces or ideas｜兩個衝突力量或想法之間的對立,Marxists state that this contradiction was responsible for their inability to act.,core contradiction; cultural contradiction; direct contradiction,C1
Contemporary,/kəˈntɛmpɚˌɛɹi/,adj.,"contemporary, more contemporary, most contemporary",None,characteristic of the present｜具有現時代特徵的,"To examine this contemporary issue, researchers used a vector error-correction model.",contemporary reality; contemporary reviews; contemporary issue,C1
Contractor,/ˈkɑnˌtɹæktɚ/,n.,"contractor, contractors",contract (v.),someone (a person or firm) who contracts to build things｜訂約承包工程的人（個人或公司）,The contractor promised to finish the building work before the winter rains arrived.,pay your contractor; human contractor; hire contractor,C1
Controversy,/ˈkɑntɹəˌvɝsi/,n.,"controversy, controversies",controversial (adj.),a contentious speech act; a dispute where there is strong disagreement｜充滿爭議的言論；存在強烈分歧的爭執,The decision caused considerable controversy among historians and collectors.,cause controversy; generate controversy; political controversy,C1
Convict,/ˈkɑnvɪkt/,v.,"convict, convicts, convicted, convicted, convicting",conviction (n.),find or declare guilty｜判定有罪,The jury did not have enough evidence to convict the suspect of the crime.,convict of crime; convict criminals; convict on charges,C1
Controversial,/ˌkɑntɹəˈvɝʃəl/,adj.,"controversial, more controversial, most controversial",controversy (n.),marked by or capable of arousing controversy｜以能夠引起爭議為特徵的,Anarchist perspectives towards violence have always been controversial.,controversial topics; extremely controversial; controversial ideas,C1
Copyright,/ˈkɑpiˌɹaɪt/,n.,"copyright, copyrights",None,"the exclusive legal right to use, reproduce, and distribute a creative work｜使用、複製和分發創意作品的專屬合法權利",The author holds the copyright to every story published in the collection.,copyright owner; copyright holder; copyright directive,C1
Conviction,/kəˈnvɪkʃən/,n.,"conviction, convictions",convict (n.),an unshakable belief in something without need for proof or evidence｜對某事無需證明或證據的堅定信念,And then step number three is you have to have enough conviction on that idea to execute on it massively.,strong conviction; new conviction; with conviction,C1
Conversion,/kəˈnvɝʒən/,n.,"conversion, conversions",convert (v.),an event that results in a transformation｜導致轉變的事件,"Other potential sustainable practices include conservation agriculture, agroforestry, improved Convertible husbandry, avoided grassland conversion, and biochar.",conversion facility; do conversion; for conversion,C1
Correspondent,/ˌkɔɹəˈspɑndənt/,n.,"correspondent, correspondents","correspond (v.), correspondence (n.)",a journalist who reports from a particular place or on a particular subject｜報導特定地點或主題的新聞記者,I've recently joined CBS as a correspondent.,senior correspondent; political correspondent; former correspondents,C1
Core,/ˈkɔɹ/,n.,"core, cores",None,a small group of indispensable persons or things｜一個由不可或缺的個人或事物組成的小團體,A small core of experienced engineers remained with the project.,core group; core of supporters; at the core,C1
Convert,/ˈkɑnvɚt/,v.,"convert, converts, converted, converted, converting","converter (n.), convertor (n.), conversion (n.), convertible (adj.)",change from one system to another or to a new plan or policy｜從一個系統轉變為另一個系統，或轉變為新的計劃或政策,The plant converts sunlight into electrical energy.,convert back; easily convert; convert into energy,C1
Coordinate,/koʊˈɔɹdənət/,v.,"coordinate, coordinates, coordinated, coordinated, coordinating","coordinator (n.), coordination (n.)",bring order and organization to｜為...帶來秩序和組織,"It is the basis for Coordinated Universal Time (UTC), which is used for civil timekeeping all over the Earth's surface and which has leap seconds.",coordinate actions; coordinate efforts; coordinate with administration,C1
Corridor,/ˈkɔɹədɚ/,n.,"corridor, corridors",None,a long passage or a narrow route connecting places｜連接各地點的長走廊或狹窄路線,Almost 75% of the province's population lives in the Calgary–Edmonton Corridor.,humanitarian corridor; narrow corridors; green corridor,C1
Counselor,/ˈkaʊnsəlɚ/,n.,"counselor, counselors","counsel (v.), counselorship (n.)",someone who gives advice about problems｜提供問題建議的人,This surge has accelerated efforts to improve the accessibility of counseling by using large language models as counselors.,school counselor; guidance counselor; talk to a counselor,C1
Corporation,/ˌkɔɹpɚˈeɪʃən/,n.,"corporation, corporations",None,a business firm whose articles of incorporation have been approved in some state｜在某州獲得公司章程核准的商業企業,"Birmingham also serves as the headquarters for several large investment management companies, including Harbert Management Corporation.",major corporation; american corporation; giant mega corporation,C1
Counsel,/ˈkaʊnsəl/,n. [U],no changes,"counselor (n.), counseling (n.), counsellor (n.), counselling (n.)","advice or guidance given to someone, especially about a difficult decision｜給予某人的建議或指導，尤指關於艱難決定","Before making her final choice, she sought counsel from her older brother and her mentor.",seek counsel; wise counsel; offer counsel,C1
Correlation,/ˌkɔɹəˈleɪʃən/,n.,"correlation, correlations","correlate (v.), correlational (adj.)",a reciprocal relation between two or more things｜兩個或多個事物之間的相互關係,The method has some advantages over correlation: not all of the data must be numeric and one result of the method is a judgment in the confidence in an explanatory relationship.,significant correlation; direct correlation; classical correlation,C1
Corruption,/kɚˈʌpʃən/,n. [U],no changes,corrupt (v.),dishonest or fraudulent conduct by those in power｜掌權者的不誠實或欺詐行為,"Another anarchist argument against states is that the people constituting a government, even the most altruistic among officials, will unavoidably seek to gain more power, leading to corruption.",rampant corruption; massive corruption; fight corruption,C1
Corrupt,/kɚˈʌpt/,adj.,"corrupt, more corrupt, most corrupt","corruption (n.), corruptive (adj.), corruptible (adj.), corruptness (n.)",lacking in integrity｜缺乏正直品格,The inquiry found that several senior officials were corrupt.,incredibly corrupt; deeply corrupt; corrupt system,C1
Corporate,/ˈkɔɹpɚət/,adj.,"corporate, more corporate, most corporate",None,of or belonging to a corporation｜屬於或關於公司的,"The new regulations introduced stricter corporate governance standards, requiring boards to disclose financial information more transparently.",corporate governance; corporate culture; corporate sector,C1
Courteous,/ˈkɝtiəs/,adj.,"courteous, more courteous, most courteous",None,exhibiting courtesy and politeness｜表現出禮貌和殷勤,"Despite the tense negotiations, both parties remained courteous and professional throughout the proceedings.",courteous manner; remain courteous; polite and courteous,C1
Creek,/ˈkɹik/,n.,"creek, creeks",None,a natural stream of water smaller than a river (and often a tributary of a river)｜比河流小的天然水道（通常是河流的支流）,"The farmer suspected that something in the creek was poisoning his cows, so he sent samples to a laboratory for testing.",explore creek; creek flowing; in creek,C1
Cripple,/ˈkɹɪpəl/,v.,"cripple, cripples, crippled, crippled, crippling",None,deprive of strength or efficiency; make useless or worthless｜剝奪力量或效率；使無用或無價值,And those are very serious issues that cripple lives and they blow up communities and families.,cripple lives; cripple economy; cripple humanity,C1
Credibility,/ˌkɹɛdəˈbɪlɪti/,n. [U],no changes,credible (adj.),the quality of being believable or trustworthy｜可信賴的品質,The case is famous for Lincoln's use of a fact established by judicial notice to challenge the credibility of an eyewitness.,street credibility; institutional credibility; lose credibility,C1
Cruise,/ˈkɹuz/,n.,"cruise, cruises",cruiser (n.),an ocean trip taken for pleasure｜為娛樂而進行的海上旅行,"They booked a luxury cruise through the Mediterranean, stopping at ports in Italy, Greece, and Croatia.",cruise ship; luxury cruise; cruise line,C1
Crude,/ˈkɹud/,adj.,"crude, cruder, crudest","crudity (n.), crudeness (n.)",not carefully or expertly made｜未經仔細或專業製作的,The researchers built a crude model from cardboard and tape.,crude approximation; crude method; crude model,C1
Crystal,/ˈkɹɪstəl/,n.,"crystal, crystals","crystalize (v.), crystallize (v.)",a solid formed by the solidification of a chemical and having a highly regular atomic structure｜由化學物質凝固形成且具有高度規律原子結構的固體,Salt crystals formed as the water slowly evaporated.,single crystal; tiny crystals; dissolve crystals,C1
Cuisine,/kwɪˈzin/,n. [U],no changes,None,the practice or manner of preparing food or the food so prepared｜準備食物的實踐或方式，或如此準備的食物,"The restaurant was praised for its authentic French cuisine, with dishes prepared using traditional techniques and fresh local ingredients.",local cuisine; traditional cuisine; French cuisine,C1
Coverage,/ˈkʌvɚədʒ/,n. [U],no changes,cover (v.),reporting of an event or subject by the media｜媒體對事件或主題的報導,Contemporary news coverage of black bloc demonstrations emphasises violence committed by anarchists.,earlier coverage; console coverage; broad coverage,C1
Crucial,/ˈkɹuʃəl/,adj.,"crucial, more crucial, most crucial",cruciality (n.),of extreme importance; vital to the resolution of a crisis｜極其重要的；對解決危機至關重要的,"Recognizing this history is crucial, as its effects persist today in the form of damaged evidence, ethical challenges, and harmful professional assumptions.",crucial moment; crucial task; crucial things,C1
Custody,/ˈkʌstədi/,n. [U],no changes,custodial (adj.),the state of being kept under guard or in prison; the legal right to care for someone｜被監禁或關押的狀態；監護權,"Jail confinement is primarily about custody and court processing, not punishment after being convicted of wrongdoing.",taken into custody; into custody; take custody,C1
Customs,/ˈkʌstəmz/,n. [U],no changes,None,traditional practices followed by a society or community｜社會或社群遵循的傳統習俗,"The Zirids, however, were ultimately defeated ushering in an adoption of Arab customs and culture.",local customs; social customs; observe customs,C1
Curriculum,/kɚˈɪkjələm/,n.,"curriculum, curriculums",curricular (adj.),an integrated course of academic studies｜整合的學術課程,"To reflect regulatory stress-testing practice, the agent is trained under a regime-aware curriculum and evaluated using both regime-stratified simulations and fixed-shock stress scenarios.",reverse curriculum; forward curriculum; curriculum of tasks,C1
Currency,/ˈkɝənsi/,n. [U],no changes,current (n.),the metal or paper medium of exchange that is presently used｜目前使用的金屬或紙質交換媒介,"After Congress imposed a tax on private banknotes in March 1865, federal banknotes became the dominant form of paper currency.",common currency; domestic currency; alternate currency,C1
Debut,/deɪˈbju/,n.,"debut, debuts",None,the act of beginning something new｜開始新事物的行為,"The young pianist made her debut at Carnegie Hall to considerable critical acclaim, signalling the start of a distinguished career.",debut album; debut performance; make debut,C1
Debris,/dəˈbɹi/,n. [U],no changes,None,the remains of something that has been destroyed or broken up｜被毀壞或破碎後的殘骸,The first thing you would do is you would spread a bunch of debris around in the cave and you would light it on fire.,of debris; clear debris; radioactive debris,C1
Deadly,/ˈdɛdli/,adj.,"deadly, deadlier, deadliest",deadliness (n.),causing or capable of causing death｜致死的；能致死的,"Apollo delivered people from epidemics, yet he is also a god who could bring ill health and deadly Plague (disease) with his arrows.",deadly chemical weapons; deadly tiger; deadly weapons,C1
Decay,/dəˈkeɪ/,n. [U],no changes,decadent (n.),the process of gradually becoming inferior｜逐漸變差的過程,Years of neglect accelerated the decay of the wooden structure.,tooth decay; urban decay; gradual decay,C1
Deceive,/dɪˈsiv/,v.,"deceive, deceives, deceived, deceived, deceiving","deceiver (n.), deception (n.), deceptive (adj.)",be false to; be dishonest with｜欺騙；對...不誠實,"In this paper, we consider deceiving adversaries with bounded rationality and in terms of expected rewards.",deceive himself; deceive myself; deceive audience,C1
Delegate,/ˈdɛləˌɡeɪt/,n.,"delegate, delegates","delegacy (n.), delegating (n.), delegation (n.)",a person appointed or elected to represent others｜被指定或選舉來代表他人的人,"From July 5 to August 2, 1819, delegates met to prepare the new state constitution.",of delegates; delegate to agent; delegate to members,C1
Declaration,/ˌdɛklɚˈeɪʃən/,n.,"declaration, declarations",declare (v.),a statement that is emphatic and explicit (spoken or written)｜強調且明確的聲明（口頭或書面）,Lincoln argued that the testimony involved a dying declaration and so was not subject to the hearsay rule.,first declaration; declaration of independence; declaration of war,C1
Defendant,/dɪˈfɛndənt/,n.,"defendant, defendants",defend (v.),a person or institution against whom an action is brought in a court of law; the person being sued or accused｜被起訴或被指控的個人或機構,"For example, suppose at trial the judge found for the plaintiff and ordered the defendant to pay $50,000.",against defendant; defendants in case; address defendant,C1
Decent,/ˈdisənt/,adj.,"decent, more decent, most decent","decently (adv.), decency (n.)",socially or conventionally correct; refined or virtuous｜社會或傳統上正確的；體面的；有道德的,"After years of struggle, the family finally found a decent place to live.",decent man; decent standard; decent price,C1
Decline,/dɪˈklaɪn/,n.,"decline, declines","declension (n.), declination (n.)",change toward something smaller or lower｜變得更小或更低的變化,"Reasons for this decline include increased feed prices, catfish alternatives, COVID-19's impact on restaurant sales, disease, and fish size.",slow decline; sharp decline; steady decline,C1
Deficit,/ˈdɛfəsət/,n.,"deficit, deficits",None,the property of being an amount by which something is less than expected or required｜不足額；缺少的數量,"As a result, Algeria is running a biocapacity deficit.",substantial deficit; government deficit; caloric deficit,C1
Dedicate,/ˈdɛdəˌkeɪt/,v.,"dedicate, dedicates, dedicated, dedicated, dedicating",dedication (n.),"give entirely to a specific person, activity, or cause｜將全部奉獻給特定的人、活動或事業","Ruins of a square temple, measuring 30 meters to a side, possibly that dedicated to Achilles, were discovered by Captain in 1823 on Snake Island (Black Sea).",dedicate myself; dedicate life; dedicate book,C1
Depict,/dɪˈpɪkt/,v.,"depict, depicts, depicted, depicted, depicting",depiction (n.),"show in, or as in, a picture｜以圖畫或形象呈現",Some of them we can see from the sculptures that we have depicting this procession.,depict hunting; depict process; depict civilization,C1
Democrat,/ˈdɛməˌkɹæt/,n.,"democrat, democrats",None,a member of the Democratic Party｜民主黨黨員,"Reconstruction in Alabama ended in 1874, when the Democrats regained control of the legislature and governor's office through an election dominated by fraud and violence.",registered Democrat; conservative Democrat; Democratic Party,C1
Deploy,/dɪˈplɔɪ/,v.,"deploy, deploys, deployed, deployed, deploying",deployment (n.),place troops or weapons in battle formation｜將軍隊或武器部署成戰鬥隊形,"Army rapidly re-established communications with the lower 48 states, deployed troops to assist the citizens of Anchorage, and dispatched a convoy to Valdez.",easily deploy; deploy keys; deploy troops,C1
Density,/ˈdɛnsəti/,n.,"density, densities",dense (adj.),the amount per unit size｜每單位大小的數量,The district has a population density of 99 people per square kilometre.,incredible density; high density; higher density,C1
Deputy,/ˈdɛpjəti/,n.,"deputy, deputies","deputise (v.), deputize (v.)",a person appointed to act for or assist someone in authority｜被任命代理或協助上位者的人,"The deputy mayor chaired the emergency meeting in the absence of the mayor, who was travelling abroad on official business.",deputy mayor; deputy chief; deputy director,C1
Descriptive,/dɪsˈkɹɪptɪv/,adj.,"descriptive, more descriptive, most descriptive",describe (v.),serving to describe or inform or characterized by description｜用於描述或通知的，或以描述為特徵的,"Computational models of purposeful behavior comprise both descriptive and prescriptive aspects, used respectively to ascertain and evaluate situations in the world.",descriptive completeness; descriptive level; descriptive statistics,C1
Depress,/dɪˈpɹɛs/,v.,"depress, depresses, depressed, depressed, depressing","depressor (n.), depressant (adj.), depression (n.)",lower someone's spirits; make downhearted｜使某人情緒低落；使沮喪,"Why do anything?"" And it was a surprisingly hard period to work through, especially because nobody wants to shed any tears for a depressed multimillionaire.",depress sales; depress the economy; depress morale,C1
Descend,/dɪˈsɛnd/,v.,"descend, descends, descended, descended, descending","descent (n.), descendant (adj.), descendent (adj.)","move downward and lower, but not necessarily all the way｜向下移動或降低，但不一定到底",The climbers began to descend before the weather deteriorated.,climbers descend; descend from apes; descend into turmoil,C1
Despair,/dɪˈspɛɹ/,n. [U],no changes,"desperate (n.), desperation (n.)",a state in which all hope is lost or absent｜所有希望都喪失或缺席的狀態,"After months of fruitless searching, she fell into despair, convinced she would never find a solution to the problem.",fall into despair; sense of despair; despair of,C1
Devotion,/dɪˈvoʊʃən/,n. [U],no changes,devote (v.),feelings of ardent love｜熱烈的愛的情感,Her devotion to her students was clear in the long hours she spent preparing lessons.,excessive devotion; extraordinary devotion; spiritual devotion,C1
Derive,/dɪˈraɪv/,v.,"derive, derives, derived, derived, deriving","deriving (n.), derivation (n.), derivative (adj.)","obtain something from a source, or reach a result by reasoning｜從來源獲得某物，或通過推理得出結論",""" Nicolas Walter wrote that ""anarchism does derive from liberalism and socialism both historically and ideologically.",derive knowledge; derive value; derive theory,C1
Destiny,/ˈdɛstəni/,n.,"destiny, destinies",None,an event (or a course of events) that will inevitably happen in the future｜未來必然會發生的事件（或事件進程）,"Even though he foresaw his death that would happen in his journey with the Argonauts, he embraced his destiny and died a brave death.",final destiny; own destiny; control destiny,C1
Diaper,/ˈdaɪpɚ/,n.,"diaper, diapers",None,garment consisting of a folded cloth drawn up between the legs and fastened at the waist; worn by infants to catch excrement｜由折疊的布料組成，墊在兩腿之間並繫在腰間；嬰兒用來接糞便,"In comparison, emerging self-care assistive technologies include health and emotion monitoring, smart diapers, smart medication dispensing and management or feeding assistant robot.",changing diaper; wear diapers; change diapers,C1
Diameter,/daɪˈæmətɚ/,n.,"diameter, diameters","diametral (adj.), diametric (adj.), diametrical (adj.)",the length of a straight line passing through the center of a circle and connecting two points on the circumference｜穿過圓心並連接圓周上兩點的直線長度,"The lens has a number of different diameter holes arranged around a central film strip, which allows it to project multiple images at once.",diameter rope; smaller diameter; outer diameter,C1
Dilemma,/dɪˈlɛmə/,n.,"dilemma, dilemmas",None,state of uncertainty or perplexity especially as requiring a choice between equally unfavorable options｜不確定或困惑的狀態，尤指需要在同樣不利的選項之間做出選擇,The researchers faced an ethical dilemma when the experiment began to harm participants.,interesting dilemma; moral dilemma; face dilemma,C1
Destructive,/dɪsˈtɹʌktɪv/,adj.,"destructive, more destructive, most destructive","destroy (v.), destructiveness (n.)",causing destruction or much damage｜造成破壞或重大損害的,It was among the most destructive storms to strike the state in its modern history.,destructive force; extremely destructive; destructive effects,C1
Destination,/ˌdɛstəˈneɪʃən/,n.,"destination, destinations",destine (v.),the place designated as the end (as of a race or journey)｜指定為終點的地方（如比賽或旅程）,"Of the parks and natural destinations, Alabama's Gulf Coast topped the list with 6,700,000 visitors.",final destination; dream destination; popular tourist destination,C1
Dialect,/ˈdaɪəˌlɛkt/,n.,"dialect, dialects",dialectal (adj.),the usage or vocabulary that is characteristic of a specific group of people｜特定人群特有的用語或詞彙,"Modern Standard Arabic coexists with a rich landscape of regional dialects that differ significantly in vocabulary, syntax, phonology, and cultural grounding.",local dialect; native dialect; regional dialects,C1
Digestion,/daɪˈdʒɛstʃən/,n. [U],no changes,digest (v.),the process by which the body breaks down food and absorbs nutrients｜身體分解食物並吸收營養的過程,Chewing food thoroughly is the first stage of digestion.,aid digestion; improve digestion; digestion of food,C1
Diagnosis,/ˌdaɪəˈɡnoʊsəs/,n.,"diagnosis, diagnoses","diagnose (v.), diagnostic (adj.)",identifying the nature or cause of some phenomenon｜識別某種現象的性質或原因,An early diagnosis gave the patient a much better chance of a full recovery.,bad diagnosis; get diagnosis; cognitive diagnosis,C1
Disapprove,/ˌdɪsəˈpɹuv/,v.,"disapprove, disapproves, disapproved, disapproved, disapproving",disapproval (n.),consider bad or wrong｜認為不好或錯誤,Her parents strongly disapprove of the long hours she spends playing video games.,disapprove atrocities; disapprove of trials; disapprove of songs,C1
Diagnose,/ˌdaɪəˈɡnoʊs/,v.,"diagnose, diagnoses, diagnosed, diagnosed, diagnosing","diagnosis (n.), diagnosing (n.)",determine or distinguish the nature of a problem or an illness through a diagnostic analysis｜通過診斷分析確定或區分問題或疾病的性質,"Doctors diagnosed a bony growth between his fifth and sixth vertebrae, requiring surgery.",diagnose yourself; diagnose patients; diagnose disease,C1
Discriminate,/dɪsˈkɹɪməˌneɪt/,v.,"discriminate, discriminates, discriminated, discriminated, discriminating","discriminator (n.), discrimination (n.), discriminative (adj.), discriminatory (adj.)",recognize or perceive the difference｜識別或感知差異,Our method generates candidate symmetries and trains a recurrent neural network to discriminate between the original trajectories and the transformed trajectories for each candidate symmetry.,discriminate based; discriminate on grounds; discriminate between models,C1
Disconnect,/dɪskəˈnɛkt/,v.,"disconnect, disconnects, disconnected, disconnected, disconnecting",disconnection (n.),pull the plug of (electrical appliances) and render inoperable｜拔除（電器）插頭使其無法運作,Always disconnect the appliance from the power supply before opening its case.,disconnect the power; disconnect a device; disconnect from the mains,C1
Directory,/dɚˈɛktɚi/,n.,"directory, directories",None,an alphabetical list of names and addresses｜按字母順序排列的姓名和地址列表,She consulted the online business directory to find a reputable plumber in the local area.,data directory; current directory; themes directory,C1
Diplomatic,/ˌdɪpləˈmætɪk/,adj.,"diplomatic, more diplomatic, most diplomatic",diplomacy (n.),relating to or characteristic of diplomacy｜與外交相關的；外交的,The dispute was eventually resolved through sustained diplomatic negotiations.,diplomatic ties; diplomatic relations; diplomatic efforts,C1
Discourse,/ˈdɪskɔɹs/,n.,"discourse, discourses",None,extended verbal expression in speech or writing｜演說或文章的長篇言語表達,The lecture sparked a lively discourse about the future of renewable energy.,scientific discourse; public discourse; political discourse,C1
Diminish,/dɪˈmɪnɪʃ/,v.,"diminish, diminishes, diminished, diminished, diminishing","diminution (n.), diminishing (adj.)","decrease in size, extent, or range｜尺寸、範圍或程度減小","Take for example, what happens if the level of water is diminishing.",significantly diminish; diminish returns; diminish quality,C1
Disclose,/dɪsˈkloʊz/,v.,"disclose, discloses, disclosed, disclosed, disclosing",disclosure (n.),make known to the public information that was previously known only to a few people or that was meant to be kept a secret｜向公眾透露先前只有少數人知道或本應保密的資訊,"However, we disclose a nontrivial mutual-exclusion relationship between these critical representation properties through an exploratory demonstration on self-supervised learning.",disclose things; disclose information; disclose sources,C1
Discrimination,/dɪsˌkɹɪməˈneɪʃən/,n. [U],no changes,discriminate (v.),unfair treatment of a person or group on the basis of prejudice｜基於偏見對個人或團體的不公平待遇,"This paper examines the impact of racial discrimination in hiring on employment, wages, and wealth disparities between black and white workers.",systemic discrimination; widespread discrimination; face discrimination,C1
Dimension,/dɪˈmɛnʃən/,n.,"dimension, dimensions",None,"a measurement of something in one direction, such as length, width, or height｜物體在單一方向上的測量值，如長、寬或高","The first buildings were built narrowly in order to hold the roof, and when the dimensions changed some mathematical relations became necessary in order to keep the original forms.",fourth dimension; political dimension; multiple dimensions,C1
Distinctive,/dɪˈstɪŋktɪv/,adj.,"distinctive, more distinctive, most distinctive",distinctiveness (n.),of a feature that helps to distinguish a person or thing｜有助於區分人物或事物的特徵,"In the movie “Contact,” the character that plays Jill Tarter eventually gets a message on the radio telescope that's a distinctive message from another intelligent civilization.",distinctive aspects; distinctive features; distinctive patterns,C1
Dissolve,/dɪˈzɑlv/,v.,"dissolve, dissolves, dissolved, dissolved, dissolving","dissolver (n.), dissolvent (n.), dissolving (n.), dissolution (n.)","formally end an organization, or become incorporated into a liquid｜正式終止組織，或融入液體中","After the death of its founder, William Frédéric Edwards, in 1842, it gradually declined in activity until it eventually dissolved in 1862.",dissolve an organization; dissolve in water; dissolve completely,C1
Dock,/ˈdɑk/,n.,"dock, docks","docker (n.), dockage (n.), docking (n.)","a platform or enclosed area in a harbour where ships are loaded, unloaded, or repaired｜港口中用於裝卸或修理船隻的平台或封閉區域",The cargo ship remained at the dock while inspectors examined its containers.,at the dock; loading dock; dock worker,C1
Disrupt,/dɪˈsɹʌpt/,v.,"disrupt, disrupts, disrupted, disrupted, disrupting","disruption (n.), disruptive (adj.)",make a break in｜使中斷,The heavy snowfall threatened to disrupt travel across much of the region.,disrupt power delivery; disrupt sleep; disrupt flow,C1
Doctrine,/ˈdɑktɹən/,n.,"doctrine, doctrines",doctrinal (adj.),a belief (or system of beliefs) accepted as authoritative by some group or school｜被某團體或學派接受為權威的信念或信仰體系,"It cannot be reduced to socialism, and is best seen as a separate and distinctive doctrine.",military doctrine; religious doctrine; new doctrine,C1
Document,/ˈdɑkjəmɛnt/,v.,"document, documents, documented, documented, documenting","documental (adj.), documentary (adj.), documentation (n.)","record something in written, photographic, or other form｜以書面、攝影或其他形式記錄事物",This has been documented in many studies.,document the process; document evidence; carefully document,C1
Distinction,/dɪˈstɪŋkʃən/,n.,"distinction, distinctions","distinct (adj.), distinctive (adj.)",a discrimination between things as different and distinct｜對不同事物的區分,The lecture drew a clear distinction between correlation and causation.,key distinction; sharp distinction; make distinction,C1
Distract,/dɪsˈtɹækt/,v.,"distract, distracts, distracted, distracted, distracting",distraction (n.),draw someone's attention away from something｜將某人的注意力從某事上移開,"Five minutes into the descent burn, and above the surface of the Moon, the Apollo Guidance Computer (LGC) distracted the crew with the first of several unexpected 1201 and 1202 program alarms.",distract investors; distract audience; distract from development,C1
Dough,/ˈdoʊ/,n. [U],no changes,doughy (adj.),a flour mixture stiff enough to knead or roll｜足以揉捏或擀平的麵粉混合物,"The baker let the bread dough rise overnight, which gave the loaves a lighter texture and a more developed flavour.",dough rises; knead dough; ferment dough,C1
Dreadful,/ˈdɹɛdfəl/,adj.,"dreadful, more dreadful, most dreadful",dreadfulness (n.),causing fear or dread or terror｜令人恐懼或害怕的,The weather was so dreadful that the outdoor concert had to be cancelled.,dreadful takeoff; dreadful hack; dreadful tempest,C1
Domain,/doʊˈmeɪn/,n.,"domain, domains",None,a particular environment or walk of life｜特定的環境或生活領域,Questions of ethics fall outside the domain of pure scientific measurement.,domain expertise; auditory domain; domain specific languages,C1
Doorway,/ˈdɔˌɹweɪ/,n.,"doorway, doorways",None,the entrance (the space in a wall) through which you enter or leave a room or building; the space that a door can close｜進入或離開房間或建築物的入口（牆上的空間）；門可關閉的空間,"There's a young teenage girl at Mycenae, for example, who tried to shelter in the doorway of her house.",doorway into participation; foundational doorway; doorway to connection,C1
Donate,/ˈdoʊˌneɪt/,v.,"donate, donates, donated, donated, donating",donation (n.),give to a charity or good cause｜捐贈給慈善機構或公益事業,They often donated land and labor as well.,donate huge sums; donate embryos; donate money,C1
Donation,/doʊˈneɪʃən/,n.,"donation, donations",donate (v.),a voluntary gift (as of money or service or ideas) made to some worthwhile cause｜自願捐贈的禮物（如金錢、服務或想法），用於有意義的事業,Even a small donation to a highly cost-effective charity can transform the lives of families in underserved communities.,ad hoc donation; donation form; make donation,C1
Donor,/ˈdoʊnɚ/,n.,"donor, donors",None,person who makes a gift of property｜捐贈財產的人,This has been used by charities that give small gifts to potential donors hoping to induce reciprocity.,donor program; donor eggs; donor embryos,C1
Documentary,/ˌdɑkjəˈmɛntɚi/,n.,"documentary, documentaries",document (v.),a film or TV program presenting the facts about a person or event｜描述人物或事件事實的電影或電視節目,"Since the 90th Academy Awards, presented in 2018, multi-part and limited series have been ineligible for the Best Documentary Feature award.",great documentary; watch documentary; make documentary,C1
Driveway,/ˈdɹaɪˌvweɪ/,n.,"driveway, driveways",None,a road leading up to a private house｜通往私人住宅的道路,"On game days, many residents rent out their yards and driveways to people looking for parking spots.",driveway lights; in driveway; on driveway,C1
Drought,/ˈdɹaʊt/,n.,"drought, droughts",None,a shortage of rainfall｜降雨不足,"And I think that makes a lot more sense than saying, oh, the sea peoples did it or oh, there was a drought.",severe drought; massive drought; mega drought,C1
Ecology,/ɪˈkɑlədʒi/,n. [U],no changes,"ecologic (adj.), ecologist (n.), ecological (adj.)",the environment as it relates to living organisms｜與生物體相關的環境,The interaction between elephants and their environment has profound implications for both ecology and conservation strategies.,of ecology; in ecology; study ecology,C1
Eligible,/ˈɛlədʒəbəl/,adj.,"eligible, more eligible, most eligible",eligibility (n.),qualified for or allowed or worthy of being chosen｜有資格或被允許或值得被選中,Only residents who had lived in the district for more than five years were deemed eligible to vote in the local referendum.,eligible voters; eligible candidates; deemed eligible,C1
Eloquent,/ˈɛləkwənt/,adj.,"eloquent, more eloquent, most eloquent",eloquence (n.),"expressing yourself readily, clearly, effectively｜清晰有效地表達自己","As eloquent as current language models feel, there's nobody home.",eloquent answers; become eloquent; eloquent writers,C1
Elaborate,/ɪˈlæbɹət/,adj.,"elaborate, more elaborate, most elaborate","elaboration (n.), elaborative (adj.)",marked by complexity and richness of detail｜以複雜性和細節豐富為特徵,That is elaborate kabuki that is masquerading as the real thing.,elaborate prompts; extremely elaborate; elaborate enemies,C1
Ecological,/ikəˈlɑdʒɪkəl/,adj.,no changes,ecology (n.),characterized by the interdependence of living organisms in an environment｜以環境中生物體的相互依存為特徵,"Our comprehensive approach enables us to predict the potential impact of these ecological determinants on elephant migration, a critical step in establishing informed conservation strategies.",ecological interactions; towards greater ecological; ecological collapse,C1
Ecosystem,/ˈikoʊˌsɪstəm/,n.,"ecosystem, ecosystems",None,a system formed by the interaction of a community of organisms with their physical environment｜由生物群落與其物理環境相互作用形成的系統,Pollution can damage a delicate ecosystem far more quickly than people expect.,entire ecosystem; natural ecosystem; service ecosystem,C1
Ego,/ˈiɡoʊ/,n.,"ego, egos",None,an inflated feeling of pride in your superiority to others｜對自己優越於他人的過度自豪感,And mattering is a sense that we belong and that there is more to life than our own teeny little ego.,own ego; have ego; put ego,C1
Enthusiastic,/ɪˌnθuziˈæstɪk/,adj.,"enthusiastic, more enthusiastic, most enthusiastic",enthusiasm (n.),having or showing great excitement and interest｜充滿或表現出極大的興奮和興趣,"Focus on a (growing) niche The best ambassador for your library is not you, but an enthusiastic user.",enthusiastic proponent; enthusiastic users; enthusiastic response,C1
Embrace,/ɛmˈbɹeɪs/,n.,"embrace, embraces","embracing (n.), embracement (n.)",the act of clasping another person in the arms (as in greeting or affection)｜用手臂摟住另一個人（如問候或表達感情）,The sisters greeted each other with a warm embrace.,warm embrace; in embrace; of embrace,C1
Entitle,/ɛˈntaɪtəl/,v.,"entitle, entitles, entitled, entitled, entitling",entitlement (n.),give the right to｜給予權利,A valid ticket will entitle you to free entry into all of the museum's galleries.,entitled to benefits; entitle to compensation; fully entitled,C1
Enterprise,/ˈɛntɚˌpɹaɪz/,n.,"enterprise, enterprises",enterpriser (n.),a bold or purposeful undertaking; a business or company｜大膽或有目的的事業；企業或公司,Launching a new restaurant is a risky enterprise that demands careful planning.,large enterprise; enterprise cloud; free enterprise,C1
Envious,/ˈɛnviəs/,adj.,"envious, more envious, most envious",enviousness (n.),showing extreme cupidity; painfully desirous of another's advantages｜表現出極度貪欲；痛苦地渴望他人的優勢,"He was openly envious of his colleague's rapid promotion, though he tried not to let it affect their working relationship.",envious of; deeply envious; feel envious,C1
Emission,/ɪˈmɪʃən/,n.,"emission, emissions",None,the act of emitting; causing to flow forth｜排放的行為；使流出,"Now, fast radio bursts have been in the news for a couple of years because there was much energy in these mysterious bursts of radio emission that we couldn't explain what was going on.",emission costs; of emissions; reduce emissions,C1
Envision,/ɛˈnvɪʒən/,v.,"envision, envisions, envisioned, envisioned, envisioning",envisioning (n.),imagine; conceive of; see in one's mind｜想像；構思；在腦海中呈現,The architects envision a green roof where residents can grow their own vegetables.,people envision; envision future; envision world,C1
Entity,/ˈɛntəti/,n.,"entity, entities",None,that which is perceived or known or inferred to have its own distinct existence (living or nonliving)｜被感知、認知或推斷為具有自身獨立存在的事物（無論是有生命的還是無生命的）,The charity operates as a separate legal entity from the company that founded it.,commercial entity; big entity; single entity,C1
Epidemic,/ˌɛpəˈdɛmɪk/,n.,"epidemic, epidemics",None,a widespread outbreak of a disease in a community at one time｜某社區在特定時間內疾病的大規模爆發,A combination of violence and disease epidemics caused Algeria's Indigenous population to decline sharply during the nineteenth century.,epidemic disease; past viral epidemic; epidemic of loneliness,C1
Entrepreneur,/ˌɑntɹəpɹəˈnɝ/,n.,"entrepreneur, entrepreneurs",entrepreneurial (adj.),someone who organizes a business venture and assumes the risk for it｜組織企業並承擔其風險的人,"Rand provided a positive view of business; subsequently, many business executives and entrepreneurs have admired and promoted her work.",chinese entrepreneur; individual entrepreneur; greatest entrepreneur,C1
Erect,/ɪˈɹɛkt/,v.,"erect, erects, erected, erected, erecting","erecting (n.), erection (n.), erectness (n.)","construct, build, or erect｜建造、構建或豎立",How did they erect those giant statues on Easter Island.,erect barbed wire; erect barriers; erect wall,C1
Episode,/ˈɛpəˌsoʊd/,n.,"episode, episodes",None,a happening that is distinctive in a series of related events｜一系列相關事件中獨特的事件,"Gershwin's first A episode introduces two ""walking"" themes and develops a third theme in the ""Subito con brio"".",last episode; episode seven; first episode,C1
Errand,/ˈɛɹənd/,n.,"errand, errands",None,a short trip that is taken in the performance of a necessary task or mission｜為執行必要任務或使命而進行的短程出行,"Let her pulsations for a moment pause on their errands, and creation's self ebbs instantly into chaos and invisibility again.",errand boy; run errands; run errand,C1
Erupt,/ɪˈɹʌpt/,v.,"erupt, erupts, erupted, erupted, erupting","eruption (n.), eruptive (adj.)",start abruptly｜突然開始,"Violence erupted in several cities following the announcement, prompting the authorities to deploy additional police forces.",erupt over issues; erupt on border; erupt over portrayal,C1
Escalator,/ˈɛskəˌleɪtɚ/,n.,"escalator, escalators",None,a moving staircase that carries people between floors of a building｜連接建築物各樓層的移動樓梯,"Everything seemed fine, but inside the escalator was a problem.",ride the escalator; take the escalator; on the escalator,C1
Equivalent,/ɪˈkwɪvələnt/,adj.,"equivalent, more equivalent, most equivalent",equivalence (n.),being essentially equal to something｜在本質上與某物相等,"That amount, only some of which is Radiative forcing, is equivalent to a 138 ppm increase of atmospheric carbon dioxide.",effectively equivalent; equivalent formulations; equivalent classification performance,C1
Equation,/ɪˈkweɪʒən/,n.,"equation, equations",equate (v.),a mathematical statement that two expressions are equal｜表示兩個表達式相等的數學陳述,The reflectivity of a water surface is calculated using the Fresnel equations.,field equation; wave maps equation; differential equations,C1
Equity,/ˈɛkwəti/,n. [U],no changes,None,the difference between the market value of a property and the claims held against it｜財產市場價值與其負擔的債權之間的差額,"After repaying the mortgage, the owners retained substantial equity in the property.",equity risk premium; equity considerations; private equity,C1
Essence,/ˈɛsəns/,n. [U],no changes,essential (adj.),the choicest or most essential or most vital part of some idea or experience｜某個概念或經驗中最精選、最本質或最關鍵的部分,"According to this Marxist view, that a social idea would follow directly from this human ideal and out of the free will of every individual formed its essence.",pure essence; human essence; in essence,C1
Exaggeration,/ɪˌɡzædʒɚˈeɪʃən/,n.,"exaggeration, exaggerations",exaggerate (v.),"a representation of something as much larger, better, or worse than it really is｜將事物描繪得比實際更大、更好或更糟的表述",Calling the minor delay a disaster was a clear exaggeration.,general exaggeration; without exaggeration; much exaggeration,C1
Ethical,/ˈɛθəkəl/,adj.,"ethical, more ethical, most ethical",ethics (n.),relating to moral principles; of or concerning ethics｜與道德原則相關；涉及倫理的,"Anarchists may be motivated by humanism, God, enlightened self-interest, Veganarchism, or any number of alternative ethical doctrines.",ethical standards; ethical values; ethical implications,C1
Estate,/ɪˈsteɪt/,n.,"estate, estates",None,everything you own; all of your assets (whether real property or personal property) and liabilities｜個人擁有的全部財產，包括各類資產與負債,"Lincoln's father bought multiple farms in Kentucky but could not get clear Recording (real estate) to any, losing hundreds of acres in legal disputes.",council estate; real estate; buy estate,C1
Eternal,/ɪˈtɝnəl/,adj.,no changes,eternity (n.),continuing forever or indefinitely｜永恆持續，無限期存在,Maybe time is eternal in both directions.,eternal life; eternal struggle; eternal war,C1
Exclusive,/ɪksˈklusɪv/,adj.,"exclusive, more exclusive, most exclusive","exclude (v.), exclusiveness (n.)",not divided or shared with others｜專屬個人，不與他人分享,Members enjoyed exclusive access to the gardens before they opened to the public.,exclusive deals; exclusive access; exclusive content,C1
Exclaim,/ɪksˈkleɪm/,v.,"exclaim, exclaims, exclaimed, exclaimed, exclaiming","exclaiming (n.), exclamation (n.), exclamatory (adj.)","utter aloud; often with surprise, horror, or joy｜出聲表達，常伴隨驚訝、恐懼或喜悅","Upon being informed of the results, the principal exclaimed, 'That is total nonsense and cannot possibly be correct.'",exclaim in surprise; exclaim loudly; exclaim at the sight,C1
Excessive,/ɪˈksɛsɪv/,adj.,"excessive, more excessive, most excessive","excessively (adv.), excess (n.)",beyond normal limits｜超出正常範圍,McClellan's slow progress and excessive precautions frustrated Lincoln.,excessive amounts; excessive production; excessive regulation,C1
Exceptional,/ɪˈksɛpʃənəl/,adj.,"exceptional, more exceptional, most exceptional",exception (n.),far beyond what is usual in magnitude or degree｜程度或規模遠超尋常,"Benefiting from the substantial progress of Large Language Models , dialogue agents have acquired an exceptional capability in context understanding and response generation.",exceptional preservation; deliver exceptional; exceptional performance,C1
Exceed,/ɪˈksid/,v.,"exceed, exceeds, exceeded, exceeded, exceeding","excessive (adj.), exceedance (n.)",be greater in scope or size than some standard｜在範圍或大小上超過某標準,Demand may exceed the system's capacity during periods of extreme heat.,exceed chance levels; exceed expectations; exceed limits,C1
Evolve,/ɪˈvɑlv/,v.,"evolve, evolves, evolved, evolved, evolving",evolution (n.),"develop gradually, especially from a simpler to a more complex form｜逐漸發展，（尤指）從簡單形態演變為複雜形態",The platform has evolved considerably since its initial release.,rapidly evolve; evolve over years; evolve into systems,C1
Evolution,/ˌɛvəˈluʃən/,n. [U],no changes,"evolve (v.), evolutionary (adj.)",a gradual process of change and development｜漸進的變化與發展過程,"Throughout evolution, you have organisms that are bodies without brains, and they do a pretty good job of running their economy and running their life.",rapid evolution; cultural evolution; interesting evolution,C1
Exile,/ˈɛˌɡzaɪl/,n.,"exile, exiles",exilic (adj.),"the state of being forced to live away from one's country, or a person in that state｜被迫離開祖國的狀態，或處於此狀態的人",The poet spent many years in exile before returning to his homeland at last.,live in exile; political exile; exile community,C1
Execute,/ˈɛksəˌkjut/,v.,"execute, executes, executed, executed, executing","executor (n.), executant (n.), executing (n.), execution (n.), executive (adj.)",kill as a means of socially sanctioned punishment｜作為社會認可的處罰方式加以殺害,The prisoner was executed after all legal appeals had failed.,execute a prisoner; summarily execute; publicly execute,C1
Execution,/ˌɛksəˈkjuʃən/,n.,"execution, executions","execute (v.), executioner (n.)",putting a condemned person to death｜將被判刑的人處以死刑,International observers condemned the execution of the political prisoner.,public execution; face execution; stay of execution,C1
Exclude,/ɪksˈklud/,v.,"exclude, excludes, excluded, excluded, excluding","exclusion (n.), exclusive (adj.)",prevent from being included or considered or accepted｜阻止被納入、考慮或接受,"Historically, females were excluded from clinical research due to their reproductive roles, hindering medical understanding and healthcare quality.",systematically exclude; exclude from analysis; exclude datasets,C1
Executive,/ɪˈɡzɛkjətɪv/,n.,"executive, executives",execute (v.),a person responsible for the administration of a business｜負責企業管理的人,A senior executive announced the changes to the staff at the morning meeting.,tech executive; executive recruiter; senior executives,C1
Expedition,/ˌɛkspəˈdɪʃən/,n.,"expedition, expeditions","expeditious (adj.), expeditionary (adj.)",a military campaign designed to achieve a specific objective in a foreign country｜為在外國達成特定目標而策劃的軍事行動,The general organized a military expedition to secure the remote port.,military expedition; launch an expedition; lead an expedition,C1
Exotic,/ɪˈɡzɑtɪk/,adj.,"exotic, more exotic, most exotic",exotically (adv.),being or from or characteristic of another place or part of the world｜來自或具有世界其他地區特徵的,"Gradually, it seems they got more and more lavish as Roman conquest reached into places that were really rich and in Roman terms really exotic.",exotic locations; exotic corner; exotic particles,C1
Expertise,/ˌɛkspɚˈtiz/,n. [U],no changes,expert (adj.),skillfulness by virtue of possessing special knowledge｜因具備專門知識而擁有的技能,Upon independence Angola thus found itself without markets or expertise to maintain even minimal economic growth.,cbt expertise; technical expertise; deep expertise,C1
Exploit,/ˈɛksˌplɔɪt/,v.,"exploit, exploits, exploited, exploited, exploiting","exploiter (n.), exploitive (adj.), exploitation (n.), exploitative (adj.), exploitatory (adj.)",use or manipulate to one's advantage｜為己所用或操控,The company learned to exploit new technology to reach a wider audience.,exploit vulnerabilities; exploit knowledge; exploit data,C1
Exterior,/ɪkˈstɪɹiɚ/,adj.,"exterior, more exterior, most exterior",None,situated in or suitable for the outdoors or outside of a building｜位於戶外或適合戶外或建築物外的,The crew repainted the exterior walls after years of exposure to harsh weather.,tough exterior; exterior doors; exterior walls,C1
Fabulous,/ˈfæbjələs/,adj.,"fabulous, more fabulous, most fabulous",None,extremely pleasing｜極為令人滿意的,"Your donations go towards paying the crew, who work incredibly hard to make every show look fabulous for the audience.",fabulous wealth; fabulous view; fabulous story,C1
Explicit,/ɪksˈplɪsət/,adj.,"explicit, more explicit, most explicit",explicitness (n.),precisely and clearly expressed or readily observable; leaving nothing to implication｜精確且清晰地表達或易於觀察的；不含蓄的,"He continued to deny explicit knowledge of, and responsibility for, the Holocaust.",explicit expressions; explicit mapping; explicit reasoning,C1
Extension,/ɪkˈstɛnʃən/,n.,"extension, extensions","extend (v.), extensional (adj.)",a mutually agreed delay in the date set for the completion of a job or payment of a debt｜雙方同意延遲完成工作或還款的日期,The students asked for an extension because the assignment was unusually difficult.,future extension; proposed extension; natural extension,C1
Exploration,/ˌɛksplɚˈeɪʃən/,n. [U],no changes,explore (v.),to travel for the purpose of discovery｜為探索目的而進行的旅行,A second exploration in 1840 showed that the construction of a lighthouse had destroyed all traces of this temple.,knowledge exploration; planetary exploration; guide exploration,C1
Extensive,/ɪkˈstɛnsɪv/,adj.,"extensive, more extensive, most extensive","extensively (adv.), extension (n.)",large in spatial extent or range or scope or quantity｜在空間範圍、幅度或數量上很大,"Dole as commissioner of the Bureau of Indian Affairs and made ""extensive use of Indian Service positions to reward political supporters"", according to the historian Thomas Britten.",extensive experiments; extensive analysis; extensive studies,C1
External,/ɪkˈstɝnəl/,adj.,"external, more external, most external",externality (n.),happening or arising or located outside or beyond some limits or especially surface｜發生或產生於或在某些限制之外，尤其是表面之外,Individualist anarchism is a set of several traditions of thought within the anarchist movement that emphasise the individual and their Will (philosophy) over any kinds of external determinants.,external hard drive; external factors; external tools,C1
Extinct,/ɪkˈstɪŋkt/,adj.,no changes,None,no longer in existence; lost or especially having died out leaving no living representatives｜不再存在；消失或特別是滅絕而無存活代表,The study examined why some species became extinct while related species survived.,extinct tree; extinct species; extinct creatures,C1
Faculty,/ˈfækəlti/,n.,"faculty, faculties",None,one of the inherent cognitive or perceptual powers of the mind｜內在的認知或感知能力之一種,Sleep deprivation can impair the faculty of reason.,mental faculty; faculty of reason; cognitive faculties,C1
Fabric,/ˈfæbɹɪk/,n.,"fabric, fabrics",None,artifact made by weaving or felting or knitting or crocheting natural or synthetic fibers｜透過編織、氈化、針織或鉤編天然或合成纖維製成的人工製品,The conservator identified the fabric as finely woven linen.,social fabric; fabric of society; fabric of space,C1
Extraordinary,/ɪksˈtɹɔɹdəˌnɛɹi/,adj.,"extraordinary, more extraordinary, most extraordinary",extraordinariness (n.),beyond what is ordinary or usual; highly unusual or exceptional or remarkable｜超越平常或通常的；非常不尋常的或例外的或傑出的,"In these days, people are particularly obsessed with extraordinary success, massive outlier success, multi-multi-billionaire type success.",extraordinary products; extraordinary amounts; extraordinary stories,C1
Facilitate,/fəˈsɪləˌteɪt/,v.,"facilitate, facilitates, facilitated, facilitated, facilitating","facilitation (n.), facilitator (n.)",make easier｜使更容易,The new online platform was designed to facilitate communication between teachers and students outside of regular class hours.,facilitate communication; facilitate access; facilitate learning,C1
Fatigue,/fəˈtiɡ/,n. [U],no changes,None,temporary loss of strength and energy resulting from hard physical or mental work｜因艱苦的體力或腦力工作而導致的暫時性力量和精力喪失,You're going to suffer from loss of motivation and fatigue and perhaps injury and illness.,physical fatigue; extreme fatigue; mental fatigue,C1
Fascinate,/ˈfæsəˌneɪt/,v.,"fascinate, fascinates, fascinated, fascinated, fascinating",fascination (n.),cause to be interested or curious｜使感興趣或好奇,"The history of the Silk Road has fascinated scholars for centuries, and new archaeological finds continue to reshape our understanding of it.",fascinate by perception; fascinated about brain; fascinating about technology,C1
Grill,/ˈɡɹɪl/,n.,"grill, grills",grilling (n.),a restaurant where food is cooked on a grill｜在烤架上烹飪食物的餐廳,We ate at a small waterfront grill that specializes in local seafood.,seafood grill; bar and grill; neighborhood grill,C1
Federal,/ˈfɛdɚəl/,adj.,no changes,None,national; especially in reference to the government of the United States as distinct from that of its member units｜國家的；尤指美利堅合眾國政府的，以區別於其成員單位的政府,The exclusion of blacks from the political system persisted until after passage of federal civil rights legislation in 1965 to enforce their constitutional rights as citizens.,federal agents; federal trade commission; federal agency,C1
Grip,/ˈɡɹɪp/,n.,"grip, grips",None,the act of grasping｜抓握的動作,Roughened nuptial pads on the male's hands aid in retaining grip.,extra grip; firm grip; loosen grip,C1
Fiber,/ˈfaɪbɚ/,n.,"fiber, fibers",None,a slender and greatly elongated substance capable of being spun into yarn｜可紡成紗線的細長物質,The rope is made from a strong natural fiber that resists moisture.,dietary fiber; optical fiber; carbon fiber,C1
Gross,/ˈɡɹoʊs/,adj.,"gross, grosser, grossest",grossness (n.),before any deductions｜在扣除之前,The company reported gross revenue of $12 million before deductions.,gross margins; gross profit; gross margin,C1
Guideline,/ˈɡaɪˌdlaɪn/,n.,"guideline, guidelines",None,a general recommendation or principle that provides advice on how to act in a situation｜提供如何行動的建議的一般建議或原則,The new guideline explains exactly how staff should handle confidential records.,follow guidelines; provide guidelines; current guidelines,C1
Gut,/ˈɡʌt/,v.,"gut, guts, gutted, gutted, gutting",None,empty completely; destroy the inside of｜完全清空；摧毀內部,"The fire gutted the warehouse, leaving only the outer walls standing.",gut a building; completely gutted; gutted by fire,C1
Herb,/ˈɝb/,n.,"herb, herbs",herbal (adj.),a plant lacking a permanent woody stem; many are flowering garden plants or potherbs; some having medicinal properties; some are pests｜缺乏永久木質莖的植物；許多為花卉園藝植物或香草；有些具有藥用特性；有些為害蟲,"They would pour the insides of the eggs out and then they would clean it out with some aromatic herbs, wash it and then you have a nice little canteen.",aromatic herb; aromatic herbs; fresh herbs,C1
Habitat,/ˈhæbəˌtæt/,n.,"habitat, habitats",None,the type of environment in which an organism or group normally lives or occurs｜生物或群體正常生活或出現的環境類型,"The loss of natural habitat has driven many species to the brink of extinction, making conservation efforts increasingly urgent.",natural habitat; habitat loss; critical habitat,C1
Haul,/ˈhɔl/,v.,"haul, hauls, hauled, hauled, hauling","hauler (n.), haulage (n.), hauling (n.)",draw slowly or heavily｜緩慢或沉重地拉,The horses hauled the heavy cart up the steep road.,haul logs; haul up; haul out,C1
Hazard,/ˈhæzɚd/,n.,"hazard, hazards",hazardous (adj.),a source of danger; a possibility of incurring loss or misfortune｜危險的來源；可能遭受損失或不幸的可能性,Extreme heat is a serious health hazard for outdoor workers.,tsunami hazard; moral hazard; natural hazard,C1
Hockey,/ˈhɑki/,n. [U],no changes,None,a sport in which two teams use sticks to hit a puck or ball into the opponent's goal｜兩支球隊使用球桿將冰球或球擊入對手球門的運動,"Other sports commonly played in Andorra include Association football, rugby union, basketball, and Roller hockey (quad).",air hockey; play hockey; hockey on ice,C1
Heritage,/ˈhɛɹətədʒ/,n. [U],no changes,None,practices that are handed down from the past by tradition｜透過傳統從過去流傳下來的習俗,"Future improvements in AI-driven optimization and cloud-based processing could enhance accessibility, broadening its applications in gaming, cultural heritage preservation, and simulation.",heritage foundation; heritage sites; cultural heritage,C1
Horizontal,/ˌhɔɹəˈzɑntəl/,n.,"horizontal, horizontals",horizontality (n.),something that is oriented horizontally｜水平方向的某物,The carpenter checked that the shelf was exactly horizontal.,the horizontal; along the horizontal; from the horizontal,C1
Housing,/ˈhaʊzɪŋ/,n. [U],no changes,house (v.),structures collectively in which people are housed｜人們居住的建築物的總稱,I went to a rally that said make housing affordable.,affordable housing; build housing; public housing,C1
Howl,/ˈhaʊl/,n.,"howl, howls","howler (n.), howling (n.)",a long loud emotional utterance｜長時間大聲的情感吶喊,A distant howl echoed across the valley after sunset.,howl at the moon; let out a howl; wolf howl,C1
Hypothesis,/haɪˈpɑθəsəs/,n.,"hypothesis, hypotheses","hypothecate (v.), hypothesize (v.), hypothetical (adj.)",a proposal intended to explain certain facts or observations｜用來解釋某些事實或觀察的提議,This sets out testable hypotheses and constructs a narrative explanation of what is observed.,test a hypothesis; working hypothesis; null hypothesis,C1
Highlight,/ˈhaɪˌlaɪt/,v.,"highlight, highlights, highlighted, highlighted, highlighting","highlighter (n.), highlighting (n.)",move into the foreground to make more visible or prominent｜移到前景使更可見或突出,"And the negativity bias can really highlight those things that we say to ourselves, those negative stories.",highlight importance; highlight role; highlight need,C1
Hence,/ˈhɛns/,adv.,"hence, no changes",None,(used to introduce a logical conclusion) from that fact or reason or as a result｜用於引出邏輯結論，表示基於該事實或原因,"Anarchism also calls for collective action while endorsing the autonomy of the individual, hence no collective action can be taken.",hence the name; hence the problem; hence the decision,C1
Hormone,/ˈhɔˌɹmoʊn/,n.,"hormone, hormones",hormonal (adj.),a chemical substance produced in the body that controls and regulates the activity of certain organs or cells｜體內產生的化學物質，控制和調節某些器官或細胞的活動,The colour change displayed by many species is initiated by hormones secreted by the pituitary gland.,hunger hormone; steroid hormone; release hormone,C1
Immune,/ɪˈmjun/,adj.,"immune, more immune, most immune",immunity (n.),relating to the condition of immunity｜與免疫狀態相關的,Vaccination made most participants immune to the disease.,innate immune; adaptive immune; immune responses,C1
Illusion,/ɪˈluʒən/,n.,"illusion, illusions","illusory (adj.), illusional (adj.), illusionary (adj.), illusionist (n.)",an erroneous mental representation｜錯誤的認知表徵,And that is essentially that self-control is an illusion.,create illusion; illusion of choice; optical illusion,C1
Idiot,/ˈɪdiət/,n.,"idiot, idiots",idiotic (adj.),a person of subnormal intelligence｜智力低於正常的人,"The only explanation for this can only be the one he so often repeats, that is, that there is scarcely anyone but idiots in the world.",a complete idiot; feel like an idiot; a blithering idiot,C1
Icon,/ˈaɪkɑn/,n.,"icon, icons",iconic (adj.),a small graphic symbol on a computer screen; or a widely admired person or thing｜電腦螢幕上的小圖示；或廣受欽佩的人或事物,Tap the small icon in the corner to save your work before you close the document.,cultural icon; pop icon; iconic figure,C1
Ideology,/ˌaɪdiˈɑlədʒi/,n.,"ideology, ideologies","ideologic (adj.), ideologist (n.), ideological (adj.)",an orientation that characterizes the thinking of a group or nation｜團體或國家的思維特徵,"In Latin America, Anarchism in Argentina was a stronghold for anarcho-syndicalism, where it became the most prominent left-wing ideology.",coherent ideology; own ideology; in ideology,C1
Implement,/ˈɪmpləmənt/,v.,"implement, implements, implemented, implemented, implementing",implementation (n.),apply in a manner consistent with its purpose or design｜按照其目的或設計的方式應用,"And paradoxically, the way to develop more control and discipline in your life is not to implement rigid structures and brute force everything with willpower.",easily implement; implement policies; implement features,C1
Impulse,/ˈɪmpəls/,n.,"impulse, impulses",None,an instinctive motive｜本能動機,"And a lot of what we think about in terms of self-discipline, habits, goal-setting, self-control, these are largely dictated by our emotional impulses.",emotional impulse; follow impulses; on impulse,C1
Implication,/ˌɪmpləˈkeɪʃən/,n.,"implication, implications","imply (v.), implicate (v.), implicational (adj.)",something that is inferred (deduced or entailed or implied)｜推論得出的事物,What you start to uncover are a lot of implications that you probably instinctively avoid.,profound implication; significant implication; different implication,C1
Incentive,/ɪˈnsɛntɪv/,n.,"incentive, incentives",None,a positive motivational influence｜正面的動機影響,Lower taxes gave farmers a strong incentive to plant more of the new crop.,financial incentive; own incentive; perverse incentive,C1
Indifferent,/ɪˈndɪfɹənt/,adj.,"indifferent, more indifferent, most indifferent",indifference (n.),marked by a lack of interest｜以缺乏興趣為特徵,The committee seemed indifferent to the concerns raised by local residents.,indifferent universe; indifferent music; indifferent character,C1
Indulge,/ɪˈndʌldʒ/,v.,"indulge, indulges, indulged, indulged, indulging","indulging (n.), indulgence (n.)",give free rein to｜放任、縱容,Wine and meat were enjoyed by all on feast days while the upper classes indulged on a more regular basis.,indulge drinking; indulge in sweets; indulge in foods,C1
Indigenous,/ɪˈndɪdʒənəs/,adj.,no changes,indigeneity (n.),originating where it is found｜起源於其發現地,The policy was developed in consultation with Indigenous peoples of the region.,indigenous peoples; indigenous communities; indigenous cultures,C1
Index,/ˈɪndɛks/,n.,"index, indices","indexer (n.), indexing (n.), indexical (adj.), indexation (n.)",a numerical scale used to compare variables with one another or with some reference number｜用於比較變量或與某個參考數字進行比較的數值尺度,"It depends on properties of the material (refractive index), the size of the particle, and the wavelength of the incoming radiation.",uv index; high index; index file,C1
Indispensable,/ˌɪndɪˈspɛnsəbəl/,adj.,no changes,"indispensability (n.), indispensableness (n.)",not to be dispensed with; essential｜不可或缺的；必要的,Background: Exploration of the physical environment is an indispensable precursor to information acquisition and knowledge consolidation for living organisms.,indispensable ally; indispensable precursor; indispensable tool,C1
Infect,/ɪˈnfɛkt/,v.,"infect, infects, infected, infected, infecting","infection (n.), infective (adj.)",communicate a disease to｜將疾病傳染給,You have to perform a surgery on them and then prevent that wound from getting infected.,infect everybody; infect cells; infect computer,C1
Inevitable,/ɪˈnɛvətəbəl/,adj.,no changes,"inevitability (n.), inevitableness (n.)",incapable of being avoided or prevented｜無法避免的,"After Hector realizes the trick, he knows the battle is inevitable.",inevitable opportunity; inevitable end; inevitable moment,C1
Incorporate,/ɪˈnkɔɹpɚˌeɪt/,v.,"incorporate, incorporates, incorporated, incorporated, incorporating","incorporation (n.), incorporative (adj.)",make into a whole or make part of a whole｜使成為整體的一部分,"The designers incorporated feedback from users into the updated version of the software, significantly improving its accessibility.",incorporate into; incorporate feedback; incorporate elements,C1
Infrastructure,/ˌɪnfɹəsˈtɹʌktʃɚ/,n. [U],no changes,None,the basic structure or features of a system or organization｜系統或組織的基本結構或特徵,"The government announced a substantial investment in digital infrastructure, including high-speed broadband for rural communities.",critical infrastructure; infrastructure projects; digital infrastructure,C1
Inning,/ˈɪnɪŋ/,n.,"inning, innings",None,(baseball) one of nine divisions of play during which each team has a turn at bat｜(棒球) 九局中的一局,"But the path of excellence, of making progress in a heartfelt pursuit, it's often a nine inning game.",the final inning; the opening inning; a scoreless inning,C1
Inherit,/ɪˈnhɛɹət/,v.,"inherit, inherits, inherited, inherited, inheriting","inheritor (n.), inheritance (n.)","receive money, property, characteristics, or a condition from a predecessor or parent｜從前任或父母那裡繼承金錢、財產、特徵或狀況",Children often inherit physical features such as eye colour from their parents.,inherit mother's preference; inherit power; inherit tradition,C1
Infinite,/ˈɪnfənət/,adj.,no changes,"infinity (n.), infiniteness (n.)",having no limits or boundaries in time or space or extent or magnitude｜在時間、空間、範圍或程度上無界限的,"That in the infinite expanse of the universe, we're insignificant microscopic dust milling about.",infinite space; infinite loop; infinite set,C1
Injection,/ɪˈndʒɛkʃən/,n.,"injection, injections",inject (v.),the forceful insertion of a substance under pressure｜在壓力下強制注入物質,"Because of extreme back pain, Agassi was forced to receive anti-inflammatory injections after every match.",injection sites; prompt injection; daily injection,C1
Innovative,/ˈɪnəˌveɪtɪv/,adj.,"innovative, more innovative, most innovative","innovate (v.), innovativeness (n.)",ahead of the times｜走在時代前端的,The school adopted an innovative method of teaching reading to very young pupils.,developing innovative; innovative solutions; innovative approaches,C1
Innovation,/ˌɪnəˈveɪʃən/,n.,"innovation, innovations","innovate (v.), innovational (adj.)",a creation (a new device or process) resulting from study and experimentation｜由研究和實驗所產生的創造（新裝置或新程序）,"Multics introduced an innovation: it used only one character (LF), to represent the end of the line in stored files and in data streams.",great innovation; best innovation; technological innovation,C1
Inject,/ɪˈndʒɛkt/,v.,"inject, injects, injected, injected, injecting","injector (n.), injectant (n.), injection (n.), injectable (adj.)",give an injection to｜為...注射,"The nurse carefully injected the medication into the patient's arm, explaining each step of the procedure as she went.",inject into; inject drugs; inject capital,C1
Interior,/ɪˈntɪɹiɚ/,adj.,"interior, more interior, most interior",interiorize (v.),situated within or suitable for inside a building｜位於內部或適合室內的,It is awarded to the best interior design in a film.,interior enforcement; interior lives; interior angles,C1
Installation,/ˌɪnstəˈleɪʃən/,n.,"installation, installations",install (v.),the act of installing something (as equipment)｜安裝（設備等）的行為,The installation of the new heating system took the engineers most of the week.,installation procedure; quick installation; run installation,C1
Insane,/ɪˈnseɪn/,adj.,"insane, more insane, most insane","insanity (n.), insaneness (n.)",afflicted with or characteristic of mental derangement｜患有精神錯亂的；精神失常的,And everybody around me thought I was insane.,completely insane; insane amounts; insane level,C1
Institution,/ˌɪnstɪˈtuʃən/,n.,"institution, institutions","institute (v.), institutional (adj.), institutionalise (v.), institutionalize (v.)",an organization founded and united for a specific purpose｜為特定目的而建立和聯合的組織,"Evolutionary reformers favor gradual, often nonviolent change to political institutions.",cultural institution; mainstream institution; financial institutions,C1
Institute,/ˈɪnstəˌtut/,v.,"institute, institutes, instituted, instituted, instituting",institution (n.),set up or lay the groundwork for｜建立；奠定基礎,The new administration moved quickly to institute reforms that would improve transparency and accountability in public spending.,institute reforms; institute policies; institute measures,C1
Investigator,/ɪˈnvɛstəˌɡeɪtɚ/,n.,"investigator, investigators",investigate (v.),"a person who systematically examines a crime, accident, claim, or research question｜系統性地調查犯罪、事故、索賠或研究問題的人",Investigators traced the cause of the explosion to dynamite that had been sweating beads of nitroglycerin for several years.,primary investigator; principal investigator; private investigator,C1
Irony,/ˈaɪɹəni/,n.,"irony, ironies","ironic (adj.), ironist (n.), ironical (adj.)",a contrast between what is expected or stated and what actually occurs or is meant｜預期或所述與實際發生或意圖之間的對比,The irony is that the safety device caused the very accident it was meant to prevent.,twisted irony; bitter irony; big irony,C1
Intervention,/ˌɪntɚˈvɛntʃən/,n.,"intervention, interventions",intervene (v.),"the act of intervening (as to mediate a dispute, etc.)｜干預的行為（如調解糾紛等）",Early intervention by the doctors prevented the infection from spreading further.,cultural intervention; dietary intervention; human intervention,C1
Interval,/ˈɪntɚvəl/,n.,"interval, intervals",None,a definite length of time marked off by two instants｜由兩個瞬間標記的一段確定時間,The brood feed as a batch for about seven minutes at intervals of approximately three days which gives the skin an opportunity to regenerate.,harmonic interval; at intervals; regular intervals,C1
Journalism,/ˈdʒɝnəˌlɪzəm/,n. [U],no changes,"journalist (n.), journalistic (adj.)",newspapers and magazines collectively｜新聞業；報紙和雜誌的總稱,"When I first started writing, I did not go to journalism school.",better journalism; independent journalism; support journalism,C1
Judicial,/dʒuˈdɪʃəl/,adj.,no changes,None,decreed by or proceeding from a court of justice｜司法的；法院裁定的,Their decrease in prevalence was the result of further judicial power and of targeting and cataloguing by state institutions.,judicial review; judicial powers; judicial appointees,C1
Journalist,/ˈdʒɝnələst/,n.,"journalist, journalists",journalism (n.),a writer for newspapers and magazines｜記者；報紙和雜誌的作者,"Journalist Noah Brooks reported, ""No man ever before made such an impression on his first appeal to a New York audience.""",average journalist; independent journalist; great journalists,C1
Jug,/ˈdʒʌɡ/,n.,"jug, jugs",None,a large bottle with a narrow mouth｜帶窄口的大水瓶,"Similarly in the Hindu calendar Aquarius is depicted as Kumbha, and Kumbha, which means a pot or a jug, stands for the zodiac sign of Aquarius (astrology).",jug o' rum; written as jug; jug band,C1
Jury,/ˈdʒʊɹi/,n.,"jury, juries",None,a body of citizens sworn to give a true verdict according to the evidence presented in a court of law｜陪審團；由公民組成的團體，宣誓根據法庭上提出的證據作出真實裁決,The jury listened carefully to the evidence before retiring to consider the verdict.,grand jury; federal jury; sway jury,C1
Juvenile,/ˈdʒuvənəl/,adj.,"juvenile, more juvenile, most juvenile",juvenility (n.),of or relating to or characteristic of or appropriate for children or young people｜青少年的；適合兒童或青少年的,"They think that it's juvenile, that I'm pandering to my audience by making them giggle.",juvenile delinquent; juvenile delinquency; juvenile herbivores,C1
Landlord,/ˈlænˌdlɔɹd/,n.,"landlord, landlords",None,a landowner who leases to others｜房東；出租房產給他人的地主,The landlord agreed to repair the broken window before the new tenants moved in.,accidental landlord; wealthy landlords; became landlord,C1
Lawmaker,/ˈlɔˌmeɪkɚ/,n.,"lawmaker, lawmakers",None,a maker of laws; someone who gives a code of laws｜立法者；制定法律的人,Each lawmaker was urged to support the bill protecting the rights of disabled people.,federal lawmakers; state lawmakers; powerful lawmakers,C1
Laser,/ˈleɪzɚ/,n.,"laser, lasers",None,an acronym for light amplification by stimulated emission of radiation; an optical device that produces an intense monochromatic beam of coherent light｜雷射；光學裝置，產生強烈的單色相干光束,Laser diffraction techniques can be used to determine the particle size distribution quickly and easily.,massive laser; developing laser; shine lasers,C1
Layer,/ˈleɪɚ/,n.,"layer, layers",lay (v.),single thickness of usually some homogeneous substance｜層；通常由均質物質組成的單層厚度,"A layer of snowfall increases local albedo, reflecting away sunlight, leading to local cooling.",deeper layer; first layer; second layer,C1
Lawsuit,/ˈlɔˌsut/,n.,"lawsuit, lawsuits",None,a comprehensive term for any proceeding in a court of law whereby an individual seeks a legal remedy｜訴訟；任何法庭程序的總稱，個人透過此程序尋求法律救濟,This did not change until the late 1960s following a lawsuit and court order.,class action lawsuit; file lawsuit; huge lawsuit,C1
League,/ˈliɡ/,n.,"league, leagues",None,an association of sports teams that organizes matches for its members｜聯盟；組織比賽的體育團體協會,She played in the regional soccer league for three seasons before being recruited by a national team.,major league; minor league; league championship,C1
Legacy,/ˈlɛɡəsi/,n.,"legacy, legacies",None,something handed down or left behind by a predecessor; a lasting effect or impact｜遺產；前任留下或傳承下來的東西；持久的影響或衝擊,The retiring teacher left a lasting legacy of curiosity in her grateful students.,personal legacy; legacy software; cultural legacy,C1
Legislative,/ˈlɛdʒəˌsleɪtɪv/,adj.,no changes,legislate (v.),relating to a legislature or composed of members of a legislature｜立法的；與立法機構相關的或由其成員組成的,Users' concerns about how their data is or may be used has prompted legislative action in the European Union and congressional questioning in the United States.,legislative branch; legislative agenda; legislative process,C1
Legislation,/ˌlɛdʒəˈsleɪʃən/,n. [U],no changes,legislate (v.),law enacted by a legislative body｜立法；立法機關制定的法律,The legislation appointed William Wyatt Bibb of Georgia as the first governor of the newly designated Alabama Territory.,passing legislation; pass legislation; new legislation,C1
Legendary,/ˈlɛdʒəˌndɛɹi/,adj.,"legendary, more legendary, most legendary",legend (n.),so celebrated as to having taken on the nature of a legend｜傳說中的；因聞名遐邇而具有傳奇性質的,His legendary spear was given to him by his mentor Chiron before he participated in the Trojan War.,now legendary; legendary figure; legendary programmer,C1
Lest,/ˈlɛst/,conj.,no changes,None,With the intention of preventing something; for fear that something undesirable might happen｜以免；為了防止某事發生；擔心發生不愉快的事,"She spoke softly, lest she disturb the baby sleeping in the next room.",lest you forget; lest we forget; lest anyone think,C1
Legitimate,/ləˈdʒɪtəmət/,adj.,"legitimate, more legitimate, most legitimate","legitimacy (n.), legitimation (n.)","lawful, justified, or generally accepted as valid｜合法的；正當的；被普遍接受的有效的",Robert Paul Wolff believed that the tension between authority and autonomy would mean the state could never be legitimate.,legitimate reasons; legitimate complaint; legitimate military target,C1
Liability,/ˌlaɪəˈbɪlɪti/,n.,"liability, liabilities",liable (adj.),"legal responsibility, or a person or thing that creates a disadvantage｜法律責任；或造成不利的人或事物","However, public opinion against slavery in Britain created a political liability for politicians, where the Abolitionism in the United Kingdom was powerful.",legal liability; political liability; liability protection,C1
Likewise,/ˈlaɪˌkwaɪz/,adv.,no changes,None,in like or similar manner｜同樣地；以相同的方式,"She worked hard to improve her grades, and her brother did likewise the next year.",and likewise; likewise important; similarly and likewise,C1
Likelihood,/ˈlaɪkliˌhʊd/,n. [U],no changes,None,the probability of a specified outcome｜某特定結果發生的機率,"However, in all likelihood these languages began to diverge well before this hard boundary.",maximum likelihood; higher likelihood; increase likelihood,C1
Lounge,/ˈlaʊndʒ/,n.,"lounge, lounges",lounger (n.),a comfortable public waiting or sitting room｜舒適的公共等候室或座位區,She spent the long layover relaxing in the comfortable airport lounge before her connecting flight.,lounge room; lounge pants; perfect lounge,C1
Loop,/ˈlup/,n.,"loop, loops",loopy (adj.),"a circular shape, route, or sequence that returns to its starting point｜返回起點的圓形形狀、路徑或序列",Both positive feedback loops have long been recognized as important for Climate change.,positive feedback loop; infinite loop; strange loop,C1
Lump,/ˈlʌmp/,n.,"lump, lumps","lumpy (adj.), lumper (n.)",a compact mass｜緊密的塊狀物,"And when archaeologists looked at Roman concrete, they would find big undigested lumps of quick lime in there.",lump in throat; lumps of clay; lump of data,C1
Mainstream,/ˈmeɪnsˌtɹim/,n. [U],no changes,None,the prevailing current of thought｜主流思想,"Once a niche idea, recycling has now firmly entered the mainstream of daily life.",mainstream voices; mainstream consumers; political mainstream,C1
Kidnap,/ˈkɪˌdnæp/,v.,"kidnap, kidnaps, kidnapped, kidnapped, kidnapping","kidnaper (n.), kidnapper (n.), kidnapping (n.)",take away to an undisclosed location against their will and usually in order to extract a ransom｜將人帶走並藏匿以勒索贖金,"Apollo loved and kidnapped an Oceanid nymph, Melia (consort of Apollo).",kidnap woman; kidnap prisoners; kidnap diplomats,C1
Mammal,/ˈmæməl/,n.,"mammal, mammals",None,any warm-blooded vertebrate having the skin more or less covered with hair; young are born alive except for the small subclass of monotremes and nourished with milk｜任何體溫恆定、皮膚或多或少有毛髮覆蓋的脊椎動物；幼崽除了單孔類小型亞綱外皆為胎生，並以母乳餵養,"From his data, Aristotle inferred biological rules relating the life-history features of live-bearing tetrapods (terrestrial placental mammals) that he studied.",modern mammal; early mammal; social mammals,C1
Maintenance,/ˈmeɪntənəns/,n. [U],no changes,maintain (v.),activity involved in maintaining something in good working order｜維持某物良好運作狀態的活動,Regular maintenance keeps the old machines running smoothly for many more years.,poor maintenance; routine maintenance; predictive maintenance,C1
Mansion,/ˈmænʃən/,n.,"mansion, mansions",None,"a large, impressive house, typically one belonging to a wealthy family｜宏偉的房屋，通常屬於富裕家庭",Construction of the Alaska Governor's Mansion began that same year.,lose his mansion; former mansion; relative mansions,C1
Mandate,/ˈmæˌndeɪt/,n.,"mandate, mandates","mandator (n.), mandatary (n.), mandatory (n.)",the authority or official power given to a person or organization to carry out a policy or duty｜授予個人或組織執行政策或職責的權力或官方權力,"The mandate is distinguished from the appeal court's court opinion, which sets out the legal reasoning for its decision.",dual mandate; strong mandate; broader mandate,C1
Marine,/mɚˈin/,adj.,no changes,None,of or relating to the sea｜關於海的,"In large scale coverage operations, such as marine exploration or aerial monitoring, single robot approaches are not ideal, as they may take too long to cover a large area.",marine ecosystems; marine food chain; marine life,C1
Masculine,/ˈmæskjələn/,adj.,"masculine, more masculine, most masculine",masculinity (n.),"having qualities traditionally associated with men, or belonging to the masculine grammatical gender｜具有傳統上與男性相關的特質，或屬於陽性語法性別","He projected a calm, masculine confidence that put the nervous recruits at ease.",masculine form; masculine behavior; healthy masculine,C1
Manifest,/ˈmænəˌfɛst/,adj.,"manifest, more manifest, most manifest",manifestation (n.),clearly revealed to the mind or the senses or judgment｜清楚地顯露於心智、感官或判斷上,Her joy at winning the award was manifest in the broad smile she could not contain.,manifest injustice; manifest error; manifest failure,C1
Justify,/ˈdʒʌstəˌfaɪ/,v.,"justify, justifies, justified, justified, justifying","justifier (n.), justifiable (adj.), justification (n.), justificative (adj.), justificatory (adj.)",show to be reasonable or provide adequate ground for｜證明某事合理或提供充分理由,"Several critics, including Nozick, have said her attempt to justify individual rights based on egoism fails.",justify exploitation; justify war; justify use,C1
Massage,/məˈsɑʒ/,v.,"massage, massages, massaged, massaged, massaging",massager (n.),"manually manipulate (someone's body), usually for medicinal or relaxation purposes｜手動操作（某人身體），通常為醫療或放鬆目的",The therapist gently massaged the injured athlete's shoulder.,massage the muscles; gently massage; massage therapy,C1
Manipulate,/məˈnɪpjəˌleɪt/,v.,"manipulate, manipulates, manipulated, manipulated, manipulating","manipulator (n.), manipulation (n.), manipulative (adj.)","handle, control, or influence something, sometimes in a deceptive way｜處理、控制或影響某事物，有時帶有欺騙性","For centuries, master artists and craftsmen have brought puppets, automatons, shadow puppets, and fantastical lanterns to life, inspiring the imagination through physically manipulated wonders.",manipulate objects; manipulate people's emotional; manipulate data,C1
Masterpiece,/ˈmæstɚˌpis/,n.,"masterpiece, masterpieces",None,the most outstanding work of a creative artist or craftsman｜創作者或工匠最出色的作品,Critics regard the novel as the author's finest masterpiece.,absolute masterpiece; first masterpiece; great masterpieces,C1
Meantime,/ˈmiˌntaɪm/,n. [U],no changes,None,"the time between one event, process, or period and another｜一個事件、過程或時期與另一個之間的時間","Construction on the new bridge will begin next month; in the meantime, drivers should use the bypass road.",in the meantime; for the meantime; meantime period,C1
Mattress,/ˈmætɹəs/,n.,"mattress, mattresses",None,"a large thick pad filled with resilient material and often incorporating coiled springs, used as a bed or part of a bed｜填充彈性材料的大型厚墊，通常含有彈簧，用作床墊或床的一部分",It was then recollected that underneath the horse-hair mattress on which the President lay was another mattress composed of steel wires.,ideal mattress; mattress covers; thin mattress,C1
Mentor,/ˈmɛˌntɔɹ/,n.,"mentor, mentors",None,a wise and trusted guide and advisor｜明智且值得信賴的引導者和顧問,His legendary spear was given to him by his mentor Chiron before he participated in the Trojan War.,biggest mentor; mentor of mine; amazing mentor,C1
Medication,/ˌmɛdəˈkeɪʃən/,n.,"medication, medications",medicate (v.),a drug or substance used to treat or prevent illness or symptoms｜藥物；藥品（一種用於治療或預防疾病或症狀的藥物或物質）,"In comparison, emerging self-care assistive technologies include health and emotion monitoring, smart diapers, smart medication dispensing and management or feeding assistant robot.",medication reminders; new medication; sleeping medication,C1
Midst,/ˈmɪdst/,n. [U],no changes,None,the location of something surrounded by other things｜中間；中部（被其他事物環繞的位置）,"It's this great existential yes that reminds us that life is still worth loving, even in the midst of the worst times.",midst of conflict; midst of war; midst of suffering,C1
Metropolitan,/ˌmɛtɹəˈpɑlətən/,adj.,no changes,metropolis (n.),relating to or characteristic of a metropolis｜大都市的；都會的（與大都市相關的或其特徵的）,"Our results indicate that a high degree of Technological Coherence is associated with increased economic growth only at the metropolitan area level, while its impact turns negative at larger scales.",metropolitan area; metropolitan region; metropolitan life,C1
Mechanism,/ˈmɛkəˌnɪzəm/,n.,"mechanism, mechanisms","mechanist (n.), mechanical (adj.), mechanistic (adj.)",a process or system by which something happens or produces an effect｜機制；原理（某事發生或產生效果的過程或系統）,"Instead, evolution has shaped psychological mechanisms, such as emotions, that promote certain altruistic behaviors.",survival mechanism; underlying mechanism; different mechanisms,C1
Metaphor,/ˈmɛtəfɔɹ/,n.,"metaphor, metaphors","metaphoric (adj.), metaphorical (adj.)",a figure of speech in which an expression is used to refer to something that it does not literally denote in order to suggest a similarity｜隱喻；比喻（一種修辭手法，用某個表達方式來指代非字面意義的事物以暗示相似性）,The writer used the journey as a metaphor for growing up and finding oneself.,perfect metaphor; good metaphor; different metaphor,C1
