word,ipa,pos,inflections,derivatives,definition,example,collocations,context_type
Massive,/ˈmæsɪv/,adj.,"massive, more massive, most massive",massiveness (n.),imposing in size or bulk or solidity｜巨大的；龐大的（體積或規模上令人印象深刻的）,"In these days, people are particularly obsessed with extraordinary success, massive outlier success, multi-multi-billionaire type success.",massive amounts; massive scale; massive unemployment,C1
Merge,/ˈmɝdʒ/,v.,"merge, merges, merged, merged, merging","merger (n.), merging (n.)",become one｜合併；融合（成為一體）,Both Atlas tend to merge in eastern Algeria.,merge requests; merge request; merge changes,C1
Miniature,/ˈmɪniəˌtʃʊɹ/,adj.,"miniature, more miniature, most miniature","miniaturise (v.), miniaturist (n.), miniaturize (v.)",being on a very small scale｜小型的；迷你的（在非常小的規模上）,The engineer built a miniature version of the engine to test its performance before constructing the full-scale model.,miniature human; miniature version; miniature device,C1
Mint,/ˈmɪnt/,n.,"mint, mints","minter (n.), mintage (n.)",a large sum of money; an impressively high amount｜大筆錢；巨款（一筆可觀的金錢數目）,He made a small mint by selling his old comic collection to eager collectors.,make a mint; cost a mint; worth a mint,C1
Missionary,/ˈmɪʃəˌnɛɹi/,n.,"missionary, missionaries",None,someone who attempts to convert others to a particular doctrine or program｜傳教士；傳道者（試圖使他人皈依特定教義或計畫的人）,The missionary doctor devoted years to establishing clinics in remote villages where modern healthcare had never reached.,send missionaries; medical missionary; first missionary,C1
Migration,/maɪˈɡɹeɪʃən/,n.,"migration, migrations",migrate (v.),the movement of persons from one country or locality to another｜遷移；移居（人們從一個國家或地區移動到另一個地方）,Seasonal bird migration occurs every autumn and spring.,mass migration; seasonal migration; migration process,C1
Moan,/ˈmoʊn/,n.,"moan, moans",moaner (n.),an utterance expressing pain or disapproval｜呻吟聲；抱怨聲（表達痛苦或不滿的聲音）,Do those convinced pacifists hear the moans coming from there.,loud moan; moan of pain; let out a moan,C1
Milestone,/ˈmaɪlˌstoʊn/,n.,"milestone, milestones",None,an important event or stage marking progress or development｜里程碑；重大事件（標誌著進步或發展的重要階段）,"But if you can break it down into small parts, it gives you these manageable micro milestones along the way.",significant milestone; major milestone; reach milestone,C1
Mock,/ˈmɑk/,adj.,"mock, no changes","mocker (n.), mockery (n.)",constituting a copy or imitation of something｜模擬的；仿造的（構成對某事物的複製或模仿）,"The fitting method is extensively tested with a comprehensive suite of mock galaxies, real galaxies from the Sloan Digital Sky Survey and Milky Way globular clusters.",mock charge; mock experiment; mock videos,C1
Minimal,/ˈmɪnəməl/,adj.,"minimal, more minimal, most minimal",None,the least possible｜最少的；最低限度的（最少可能的）,The repairs caused only minimal disruption to the daily routine of the office.,minimal impact; minimal changes; minimal effort,C1
Minimize,/ˈmɪnəˌmaɪz/,v.,"minimize, minimizes, minimized, minimized, minimizing","minimum (n.), minimization (n.)",make small or insignificant｜使最小化；使縮到最少（使變小或變得不重要）,Engineers selected a coating thickness of 5 μm to minimize solar heat gain while maximizing radiative heat loss from the building surface.,minimize energy consumption; minimize cost; minimize risk,C1
Monopoly,/məˈnɑpəli/,n.,"monopoly, monopolies","monopolise (v.), monopolist (n.), monopolize (v.), monopolistic (adj.)",exclusive control or possession of a commodity or service by one party｜獨佔；壟斷（一方對商品或服務的獨家控制或擁有）,The single supplier had a near monopoly on water in that remote mountain region.,monopoly game; monopoly money; have monopoly,C1
Morality,/mɚˈæləti/,n.,"morality, moralities","moral (adj.), moralistic (adj.)",concern with the distinction between good and evil or right and wrong; right or good conduct｜道德；倫理（區分善惡或對錯的關注；正確或良好的行為）,"They harmonized his logic with Islamic theology, employed his scientific methodology to explore the natural world, and reinterpreted his ethics within the framework of Islamic morality.",slave morality; entirely master morality; different morality,C1
Mortality,/mɔˈɹtæləti/,n. [U],no changes,mortal (adj.),the quality or state of being mortal｜必死性；死亡的命運（終有一死的性質或狀態）,"Factors that can cause lower life expectancy are maternal mortality, suicide, and gun crimes.",early mortality; mass mortality; reduce mortality,C1
Motive,/ˈmoʊtɪv/,n.,"motive, motives","motivate (v.), motivity (n.)",the psychological feature that arouses an organism to action toward a desired goal; the reason for the action; that which gives purpose and direction to behavior｜動機；目的（喚起生物體朝著期望目標行動的心理特徵；行動的原因；給予行為目的和方向的東西）,The detective struggled to work out the real motive behind the strange theft.,real motive; ulterior motives; financial motive,C1
Mode,/ˈmoʊd/,n.,"mode, modes",None,how something is done or how it happens｜事物進行或發生的方式,This then is the mode of the mixture; and the mark of a good mixture of democracy and oligarchy is when it is possible to speak of the same constitution as a democracy and as an oligarchy.,mode of transport; mode of communication; mode of operation,C1
Modify,/ˈmɑdəˌfaɪ/,v.,"modify, modifies, modified, modified, modifying","modification (n.), modifier (n.)","change something, usually to improve it or make it more suitable｜改變某事物，通常是為了改進它或使其更適合",Engineers had to modify the original design to make the bridge far stronger.,modify code; modify foods; modify behavior,C1
Municipal,/mjuˈnɪsəpəl/,adj.,no changes,municipality (n.),relating or belonging to or characteristic of a municipality｜與市有關的；屬於市的；市的特徵,"It remains uncertain whether Hamilton ever constructed the mechanism, but a detailed sketch preserved in the Bordeaux Municipal Library served as the foundation for its modern recreation.",municipal bonds; municipal leaders; municipal water,C1
Mumble,/ˈmʌmbəl/,n.,"mumble, mumbles","mumbler (n.), mumbling (n.)",a soft indistinct utterance｜含糊不清的低聲說話,His reply was little more than a soft mumble that nobody in the room could follow.,in a mumble; muffled mumble; barely a mumble,C1
Molecule,/ˈmɑləˌkjul/,n.,"molecule, molecules",molecular (adj.),"the smallest unit of a chemical compound that retains its properties, consisting of two or more atoms held together by chemical bonds｜化學化合物的最小單位，保持其特性，由兩個或多個透過化學鍵結合的原子組成",The longest series of linked carbon atoms in a molecule is known as its Skeletal formula or carbon backbone.,rna molecule; complex molecule; small molecule,C1
Mortgage,/ˈmɔɹɡədʒ/,n.,"mortgage, mortgages","mortgagee (n.), mortgagor (n.)",a conditional conveyance of property as security for the repayment of a loan｜作為貸款還款擔保的財產條件轉讓,The couple took out a mortgage to buy their first home.,take out a mortgage; pay a mortgage; mortgage lender,C1
Mustard,/ˈmʌstɚd/,n. [U],no changes,None,"a yellow condiment or spice made from ground mustard seeds, or the plant whose seeds are used to make it｜由芥末籽磨製而成的黃色調味品或香料，或用其種子製作該調味品的植物",She spread mustard on the sandwich before adding the cheese.,mustard seeds; mustard sauce; spread mustard,C1
Mount,/ˈmaʊnt/,n.,"mount, mounts","mounter (n.), mounting (n.)",a lightweight horse kept for riding only｜僅供騎乘的輕型馬,The officer was provided with a fresh mount before the long patrol.,fresh mount; reliable mount; remount a horse,C1
Muscular,/ˈmʌskjəlɚ/,adj.,"muscular, more muscular, most muscular","muscle (n.), muscularity (n.)",of or relating to or consisting of muscle｜關於或由肌肉組成的,"The muscular frames and limbs combined with slim waists indicate the Greek desire for health, and the physical capacity which was necessary in the hard Greek environment.",muscular failure; muscular endurance; muscular dystrophy,C1
Myth,/ˈmɪθ/,n.,"myth, myths","mythic (adj.), mythical (adj.), mythologize (v.)",a traditional story accepted as history; serves to explain the world view of a people｜被接受為歷史的傳統故事；用以解釋一個民族的世界觀,Aeschylus and Sophocles used the myth of Antigone to illustrate the conflict between laws imposed by the state and personal autonomy.,flood myth; persistent myth; common myths,C1
Nasty,/ˈnæsti/,adj.,"nasty, nastier, nastiest",nastiness (n.),offensive or even (of persons) malicious｜令人不悅的甚至是惡意的,She slipped on the ice and suffered a nasty bruise on her left knee.,really nasty; nasty surprise; nasty problem,C1
Naive,/ˌnaɪˈiv/,adj.,"naive, naiver, naivest","naivety (n.), naively (adv.)",marked by or showing unaffected simplicity and lack of guile or worldly experience｜表現出天真的單純，不善於世故,"Anarchist perception of human nature, rejection of the state, and commitment to social revolution has been criticised by academics as naive, overly simplistic, and unrealistic, respectively.",naive users; naive approach; naive implementation,C1
Narrative,/ˈnæɹətɪv/,n.,"narrative, narratives",narrate (v.),a message that tells the particulars of an act or occurrence or course of events; presented in writing or drama or cinema or as a radio or television program｜描述事件或事件進程的訊息；以書面、戲劇、電影或廣播電視節目的形式呈現,"Many of us turn our attention inward to come up with some narrative that explains our experiences in ways that give shape to our understanding of who we are, our identity.",official narrative; narrative arc; change narrative,C1
Nominate,/ˈnɑmənət/,v.,"nominate, nominates, nominated, nominated, nominating","nominator (n.), nomination (n.), nominative (adj.)",propose as a candidate for some honor｜提名為候選人,The committee voted to nominate her for the outstanding teacher award at the regional conference.,nominate for prize; nominate to board; nominate member,C1
Negotiation,/nɪˌɡoʊʃiˈeɪʃən/,n.,"negotiation, negotiations",negotiate (v.),a discussion intended to produce an agreement｜旨在達成協議的討論,Modell was hospitalized for internal bleeding around the time negotiations were taking place.,negotiation table; intensive negotiation; in negotiation,C1
Nomination,/ˌnɑməˈneɪʃən/,n.,"nomination, nominations",nominate (v.),the act of officially naming a candidate｜正式提名候選人的行為,Admission to the program is ongoing and contingent on the nomination of a current Fellow or member of the Hugging Face team.,party nomination; nomination process; accept a nomination,C1
Neutral,/ˈnutɹəl/,adj.,"neutral, more neutral, most neutral",neutrality (n.),having no personal preference｜沒有個人偏好,"What separates excellence from flow, one thing that separates excellence from flow, the first big thing that separates excellence from flow is that flow is values neutral.",morally neutral; neutral outcome; neutral control,C1
Nominee,/ˌnɑməˈni/,n.,"nominee, nominees",None,"a person formally proposed for an award, office, or position｜被正式提名為獎勵、職位或職位的人","In the lists below, the winner of the award for each year is shown first, followed by the other nominees in alphabetical order.",republican nominee; presidential nominee; presumptive nominee,C1
Nonprofit,/nɑnˈpɹɑfət/,adj.,no changes,None,not commercially motivated｜非商業動機的,She volunteers for a local nonprofit that provides after-school tutoring to underprivileged children.,local nonprofit; nonprofit law; nonprofit organization,C1
Noticeable,/ˈnoʊtəsəbəl/,adj.,"noticeable, more noticeable, most noticeable","notice (v.), noticeability (n.), noticeableness (n.)",capable or worthy of being perceived｜能夠或值得被察覺的,Making ingroup membership more noticeable increases cooperativeness.,noticeable impact; noticeable improvements; noticeable difference,C1
Notify,/ˈnoʊtəˌfaɪ/,v.,"notify, notifies, notified, notified, notifying",notification (n.),inform (somebody) of something｜通知（某人）某事,"The Syndic General then notifies the co-princes, who in turn appoint the elected candidate as the prime minister of Andorra.",notify its allies; instantly notify; notify recipient,C1
Nutrient,/ˈnutɹiənt/,adj.,"nutrient, more nutrient, most nutrient",nutrify (v.),of or providing nourishment｜營養的；提供營養的,The nutrient solution helped the young plants grow more quickly.,nutrient levels; low nutrient; nutrient availability,C1
Norm,/ˈnɔɹm/,n.,"norm, norms",normal (adj.),a standard or model or pattern regarded as typical｜被視為典型準則或模式,"Ultimately, these variations highlight how deeply cultural norms shape the way we approach and experience altruism.",cultural norm; new norm; moral norm,C1
Nutrition,/nuˈtɹɪʃən/,n. [U],no changes,"nutrify (v.), nutritious (adj.), nutritional (adj.), nutritionary (adj.), nutritionist (n.)",the process by which living things take in and use food for growth and health｜生物攝取並利用食物以生長和健康的過程,Good nutrition in early childhood lays the foundation for lifelong health.,proper nutrition; good nutrition; workout nutrition,C1
Nowhere,/ˈnoʊˌwɛɹ/,n. [U],no changes,None,an insignificant place｜不重要的地方,The small town seemed to rise out of nowhere after the railway station was built nearby.,middle of nowhere; from nowhere; out of nowhere,C1
Notion,/ˈnoʊʃən/,n.,"notion, notions",notional (adj.),a vague idea in which some confidence is placed｜懷有一定信心的模糊想法,"And I think at our core, that happens for the exact same reason, that the good thing in our lives also challenges our notion of who we are.",simplistic notion; rich notion; traditional notion,C1
Obligation,/ˌɑbləˈɡeɪʃən/,n.,"obligation, obligations","oblige (v.), obligate (v.)",the social force that binds you to the courses of action demanded by that force｜約束你按其要求採取行動的社會力量,We feel a strong obligation to repay the kindness our neighbours showed us.,moral obligation; have obligation; feel obligation,C1
Obscure,/əbsˈkjʊɹ/,adj.,"obscure, more obscure, most obscure",obscurity (n.),not clearly understood or expressed｜不明確或不清楚的,The manuscript contains several obscure references that few modern readers understand.,obscure reference; obscure meaning; relatively obscure,C1
Observer,/əˈbzɝvɚ/,n.,"observer, observers",observe (v.),a person who becomes aware (of things or events) through the senses｜透過感官察覺事物的人,The speed of light is always constant to any observer.,outside observer; different observers; individual observer,C1
Olive,/ˈɑləv/,n.,"olive, olives",None,small ovoid fruit of the European olive tree; important food and source of oil｜歐洲橄欖樹的小橢圓形果實；重要食物及油料來源,The ancient olive trees lining the hillside had been cultivated for centuries and still produced fruit each autumn.,extra virgin olive; of olive; with olive,C1
Odds,/ˈɑdz/,n. [U],no changes,None,the likelihood of a thing occurring rather than not occurring｜事件發生的可能性,"Against all odds, the small team managed to win the regional championship.",low odds; better odds; at odds,C1
Opposition,/ˌɑpəˈzɪʃən/,n. [U],no changes,oppose (v.),the action of opposing something that you disapprove or disagree with｜反對你所不贊同或不同意之事物的行為,The plan met fierce opposition from residents who feared losing their gardens.,opposition groups; direct opposition; political opposition,C1
Opponent,/əˈpoʊnənt/,n.,"opponent, opponents",oppose (v.),"a person you compete against in a game, fight, or debate｜在比賽、戰鬥或辯論中的競爭對手",She studied her opponent carefully before the final tennis match.,a tough opponent; beat an opponent; face an opponent,C1
Opt,/ˈɑpt/,v.,"opt, opts, opted, opted, opting","option (n.), optative (adj.)",select as an alternative over another｜選擇作為另一個的替代方案,Many travellers now opt for slower trains to enjoy the scenery along the way.,opt out; opt in; opt for model,C1
Optimism,/ˈɑptəˌmɪzəm/,n. [U],no changes,"optimist (n.), optimistic (adj.)",the optimistic feeling that all is going to turn out well｜對一切都會順利的樂觀態度,"But no such meaning was found, and the rational, life-affirming optimism of the Age of Enlightenment began to evaporate.",cautious optimism; with optimism; show optimism,C1
Originality,/ɚˌɪdʒəˈnælɪti/,n. [U],no changes,original (adj.),the ability to think and act independently｜獨立思考和行動的能力,"Furthermore, it privileges those who know the ERC system well and punishes people who are still learning how to describe the originality of their work in the specific language preferred by the scheme.",ingenuity originality; originality of work; with originality,C1
Orchard,/ˈɔɹtʃɚd/,n.,"orchard, orchards",None,garden consisting of a small cultivated wood without undergrowth｜由小型栽培林木組成且無下層植被的花園,"The property consisted of an orchard, large farmhouse, stable, pigsty, hen-house, and a carriage house, which bordered the Grand River (Ontario).",big orchard; have orchard; good orchard,C1
Offering,/ˈɔfɚɪŋ/,n.,"offering, offerings",offer (v.),"a product, service, or item presented or made available to others｜提供給他人的產品、服務或物品",The bakery's latest offering was a rich chocolate cake topped with fresh berries.,cloud service offering; broader offering; cloud offering,C1
Operational,/ˌɑpɚˈeɪʃənəl/,adj.,"operational, more operational, most operational",None,pertaining to a process or series of actions for achieving a result｜關於為達到結果所進行之過程或一系列行動的,Taggart is an expert influence peddler but incapable of making operational decisions on his own.,operational efficiency; operational definitions; operational system,C1
Outsider,/aʊˈtsaɪdɚ/,n.,"outsider, outsiders",None,someone who is excluded from or is not a member of a group｜被排除在團體之外或非團體成員的人,"As a newcomer, she felt like an outsider until her classmates welcomed her warmly.",real outsider; feel outsider; by outsiders,C1
Outlet,/ˈaʊˌtlɛt/,n.,"outlet, outlets",None,"a place that sells goods or a means of expressing energy, emotion, or talent｜銷售商品的場所或表達精力、情感、才能的管道",Painting gave him a creative outlet for the feelings he found hard to express.,creative outlet; retail outlet; outlet for frustration,C1
Organism,/ˈɔɹɡəˌnɪzəm/,n.,"organism, organisms","organic (adj.), organismal (adj.), organismic (adj.)",a living thing that has (or can develop) the ability to act or function independently｜具有或能夠發展獨立行動或運作能力的生物,"Throughout evolution, you have organisms that are bodies without brains, and they do a pretty good job of running their economy and running their life.",complex organisms; biological organisms; early organism,C1
Outfit,/ˈaʊˌtfɪt/,n.,"outfit, outfits","outfitter (n.), outfitting (n.)","a set of clothes worn together, especially for a particular occasion｜整套穿在一起的服裝，尤指特定場合穿著",Black tie dress is the most common outfit for men.,cool outfit; cute outfit; wear outfit,C1
Optional,/ˈɑpʃənəl/,adj.,"optional, more optional, most optional",None,possible but not necessary; left to personal choice｜可能但非必要；由個人選擇決定,Tertiary education is optional and has undergone a thorough reformation and restructuring in compliance with the principles of the Bologna Process.,completely optional; fully optional; optional feature,C1
Output,/ˈaʊˌtpʊt/,n.,"output, outputs",None,final product; the things produced｜最終產品；所生產的物品,The factory doubled its output after installing faster and more reliable machines.,total output; industrial output; boost output,C1
Overall,/ˈoʊvɚˌɔl/,adv.,no changes,None,Generally; with everything considered.｜整體而言；考慮所有因素,"Overall, contemporary anarchists are much less violent and militant than their ideological ancestors.","overall, however; overall, the results; overall, I agree",C1
Overturn,/ˈoʊvɚˌtɝn/,n.,"overturn, overturns",None,the act of upsetting something｜翻倒某物的行為,The sudden overturn of the boat threw all four passengers into the water.,overturn of a vehicle; sudden overturn; prevent an overturn,C1
Oversee,/ˈoʊvɚˌsi/,v.,"oversee, oversees, oversaw, overseen, overseeing",oversight (n.),watch and direct｜監督並指導,The newly appointed director was hired to oversee the daily operations of the entire regional network.,oversee operations; oversee partnership; oversee rehabilitation,C1
Overtake,/ˈoʊvɚˌteɪk/,v.,"overtake, overtakes, overtook, overtaken, overtaking",overtaking (n.),catch up with and possibly overtake｜追趕並可能超越,I will see light overtaking them in their spacecraft at a quarter light speed.,overtake lead; overtake at speed; overtake as cause,C1
Overhead,/ˈoʊvɚˈhɛd/,n.,"overhead, overheads",None,"ongoing business expenses not directly tied to production, such as rent, utilities, and administration; also, any additional cost or effort beyond the core task｜不直接與生產相關的持續業務開支，如租金、水電費和行政費用；也指核心任務之外的任何額外成本或努力",The startup kept its overhead low by working from a shared coworking space instead of leasing an office.,cognitive overhead; reduce overhead; computational overhead,C1
Parallel,/ˈpɛɹəˌlɛl/,n.,"parallel, parallels",None,something having the property of being analogous to something else｜具有與其他事物相似的特性,There is a clear parallel between her early career and that of her famous mentor.,parallel universes; parallel reality; draw parallels,C1
Overwhelm,/ˌoʊvɚˈwɛlm/,v.,"overwhelm, overwhelms, overwhelmed, overwhelmed, overwhelming",None,"overcome, as with emotions or perceptual stimuli｜被情緒或感知刺激所擊倒",The sheer volume of emails began to overwhelm the small support team.,overwhelm system; overwhelm with patients; overwhelm mind,C1
Particle,/ˈpɑɹtəkəl/,n.,"particle, particles",None,a very small piece or amount of something｜非常小的碎片或少量,The direct (albedo) effect is generally to cool the planet; the indirect effect (the particles act as cloud condensation nuclei and thereby change cloud properties) is less certain.,plasma particle; individual particle; virtual particles,C1
Pastry,/ˈpeɪstɹi/,n.,"pastry, pastries",None,a dough of flour and water and shortening｜麵粉、水和酥油製成的麵團,"The chef's artisan pastry, layered with hand-rolled dough and seasonal fruit, earned the patisserie its first Michelin star.",sell pastry; for pastry; sell pastries,C1
Patent,/ˈpætənt/,adj.,"patent, more patent, most patent","patency (n.), patentee (n.)",obvious or clearly apparent｜顯而易見或清晰可見,"It was a patent lie, and everyone in the room immediately recognized the speaker for a fraud.",patent nonsense; patent falsehood; patent injustice,C1
Partly,/ˈpɑɹtli/,adv.,"partly, more partly, most partly",None,in part; in some degree; not wholly｜部分地；在某種程度上；不完全地,"Despite modernization pressures, several indigenous communities in Central Asia remain partly nomadic, moving their herds between highland pastures each season.",partly out; happens partly; partly acts,C1
Participant,/pɑˈɹtɪsəpənt/,n.,"participant, participants",participate (v.),a person who takes part in an activity or event｜參與活動或事件的人,Every participant in the workshop received a printed certificate at the end.,an active participant; a willing participant; a research participant,C1
Passionate,/ˈpæʃənət/,adj.,"passionate, more passionate, most passionate",passionateness (n.),having or expressing strong emotions｜具有或表達強烈情感,"Rather, ""the passionate concerns and interests that humans vest in their social life"" are ""so much a part of all classificatory disputes about art.",extremely passionate; incredibly passionate; passionate community,C1
Patch,/ˈpætʃ/,v.,"patch, patches, patched, patched, patching","patchy (adj.), patching (n.)",to join or unite the pieces of｜連接或接合碎片,She patched the torn sleeve of her jacket with a small square of denim.,patch a hole; patch up a quarrel; patch the code,C1
Pathetic,/pəˈθɛtɪk/,adj.,"pathetic, more pathetic, most pathetic",pathos (n.),deserving or arousing pity; pitifully inadequate｜令人同情或激起同情；可悲地不足,The damaged shelter offered pathetic protection against the winter wind.,pathetic excuse; pathetic attempt; utterly pathetic,C1
Peasant,/ˈpɛzənt/,n.,"peasant, peasants",peasanthood (n.),a country person｜鄉村居民,The painting shows a weary peasant resting beside a field at the end of the day.,peasant protest; random peasant; for peasants,C1
Patrol,/pəˈtɹoʊl/,n.,"patrol, patrols",patroller (n.),a detachment used for security or reconnaissance｜用於保安或偵察的分遣隊,We use police patrol hour assignment as an illustrative example and provide detailed simulation results based on real-world data.,ranger patrol; on patrol; send patrols,C1
Pedal,/ˈpɛdəl/,n.,"pedal, pedals","pedaler (n.), pedaller (n.)","a foot-operated lever on a vehicle, bicycle, instrument, or machine｜車輛、腳踏車、樂器或機器上的腳踏桿","An IMU collects the vehicle dynamics, and we read speed, gas/brake pedal, steering angle, turn signal and gear from the vehicle’s CAN interface.",brake pedal; accelerator pedal; press the pedal,C1
Patron,/ˈpeɪtɹən/,n.,"patron, patrons","patronise (v.), patronize (v.)","a regular customer or a person who supports, protects, or sponsors someone｜常客或支持、保護、贊助他人的人","Apollo is an important Pastoral farming deity, and he was the patron of herdsmen and shepherds.",patron of the arts; wealthy patron; regular patron,C1
Penetrate,/ˈpɛnəˌtɹeɪt/,v.,"penetrate, penetrates, penetrated, penetrated, penetrating","penetrator (n.), penetration (n.), penetrative (adj.)","pass into or through, often by overcoming resistance｜穿透或進入，通常透過克服阻力",Ultraviolet light can penetrate thin fabrics and reach the skin even on overcast days.,penetrate networks; penetrate radar; penetrate tissues,C1
Pedestrian,/pəˈdɛstɹiən/,adj.,"pedestrian, more pedestrian, most pedestrian",None,lacking wit or imagination｜缺乏機智或想像力,Her pedestrian prose made the lecture hard to follow despite its fascinating subject matter.,pedestrian view; pedestrian effort; pedestrian prose,C1
Pension,/ˈpɛnʃən/,n.,"pension, pensions","pensioner (n.), pensionary (n.)",a regular payment to a person that is intended to allow them to subsist without working｜定期支付給個人的款項，旨在讓他們不工作也能維持生計,"After thirty years of service, she began receiving a modest pension that covered her basic living expenses.",pension funds; public pension; private pensions,C1
Personnel,/ˌpɝsəˈnɛl/,n. [U],no changes,None,group of people willing to obey orders｜願意服從命令的一群人,Expecting every hospital’s IT personnel to invent new neural-network architectures is unrealistic.,personnel changes; military personnel; protect personnel,C1
Performer,/pɚˈfɔɹmɚ/,n.,"performer, performers",perform (v.),an entertainer who performs a dramatic or musical work for an audience｜為觀眾表演戲劇或音樂作品的表演者,"Beginning with the second ceremony, performers received separate nominations for individual films; no performer has received multiple nominations in the same category since the 3rd Academy Awards.",amazing performer; top performer; high performers,C1
Pessimism,/ˈpɛsəˌmɪzəm/,n. [U],no changes,"pessimist (n.), pessimistic (adj.)",the feeling that things will turn out badly｜事情會變糟的感覺,Widespread pessimism about the economy discouraged new investment.,deep pessimism; pessimism about the future; widespread pessimism,C1
Perceive,/pɚˈsiv/,v.,"perceive, perceives, perceived, perceived, perceiving","perceiver (n.), perception (n.), perceptive (adj.), percipient (adj.), perceptible (adj.)",to become aware of through the senses｜透過感官察覺,"As long as your emotional stability is based on how you perceive yourself and others perceive you, it's going to fluctuate wildly and you're going to lose control of your own actions.",perceive world; perceive situation; perceive environment,C1
Perception,/pɚˈsɛpʃən/,n.,"perception, perceptions","perceptive (adj.), perceive (v.)",the representation of what is perceived; basic component in the formation of a concept｜所知覺事物的表徵；概念形成的基本要素,"Anarchist perception of human nature, rejection of the state, and commitment to social revolution has been criticised by academics as naive, overly simplistic, and unrealistic, respectively.",intuitive perception; actual perception; change perception,C1
Petition,/pəˈtɪʃən/,n.,"petition, petitions","petitioner (n.), petitionary (adj.)",a formal message requesting something that is submitted to an authority｜提交給當局的正式請求訊息,Residents submitted a petition to the city council requesting better lighting along the main street.,sign petition; file petition; official petition,C1
Persist,/pɚˈsɪst/,v.,"persist, persists, persisted, persisted, persisting","persistent (adj.), persistence (n.), persistency (n.)",continue to exist｜繼續存在,"And homeostatic upregulation is this innate, deeply hardwired drive of all living species to persist and to flourish.",persist across sessions; persist for decades; persist despite costs,C1
Phase,/ˈfeɪz/,v.,"phase, phases, phased, phased, phasing",None,arrange in phases or stages｜分階段安排,The company phased out the older model gradually over two years as customers adopted the new design.,phase out; phase in; phase down,C1
Petty,/ˈpɛti/,adj.,"petty, pettier, pettiest",pettiness (n.),inferior in rank or status｜級別或地位較低,The reform reduced the authority of petty officials who held minor administrative posts.,petty criminals; petty failings; petty grievances,C1
Perspective,/pɚˈspɛktɪv/,n.,"perspective, perspectives",None,a way of regarding situations or topics etc.｜看待情況或話題等的方式,And it also turns out that mom has a different experience and perspective than I do.,military perspective; outsider perspective; different perspectives,C1
Photographic,/ˌfoʊtəˈɡɹæfɪk/,adj.,no changes,"photograph (n.), photography (n.)",relating to photography or obtained by using photography｜與攝影相關或透過攝影獲得,"By subverting the need for supervised labels, such approaches are able to utilize the numerous unlabeled images that exist on the Internet and in photographic datasets.",photographic memory; photographic archives; photographic lab,C1
Pickup,/ˈpɪˌkʌp/,n.,"pickup, pickups",None,a light truck with an open body and low sides and a tailboard｜帶有開放式車身、低側邊和尾板的輕型卡車,He loaded the timber into the back of his pickup and drove it straight to the building site.,pickup truck; drive a pickup; pickup bed,C1
Pier,/ˈpɪɹ/,n.,"pier, piers",None,a platform built out from the shore into the water and supported by piles; provides access to ships and boats｜從岸邊延伸入水、由樁支撐的平台；提供船隻和船艇的通道,"Similar findings were found at Trident Pier near Port Canaveral, where strong currents, that eventually head toward Chesapeake Bay, override the wind's influence.",new pier; big pier; deep pier,C1
Pitcher,/ˈpɪtʃɚ/,n.,"pitcher, pitchers",pitch (v.),"a container, typically with a handle and spout, used for holding and pouring liquids｜一種帶把手和壺嘴的容器，用於盛裝和傾倒液體",She poured water from a glass pitcher into each guest's cup.,water pitcher; glass pitcher; fill a pitcher,C1
Pillar,/ˈpɪlɚ/,n.,"pillar, pillars",None,a fundamental principle or practice｜基本原則或做法,"Poetry has always been one of the major educational pillars in the region, to the level that it has integrated itself into culture.",major pillar; key pillars; main pillars,C1
Pirate,/ˈpaɪɹət/,n.,"pirate, pirates","piracy (n.), piratical (adj.)",a person who attacks and robs ships at sea｜在海上攻擊並搶劫船隻的人,"The pirates attacked merchant vessels off the coast, stealing cargo and demanding ransom for the crews.",sea pirates; pirate ship; pirate treasure,C1
Plea,/ˈpli/,n.,"plea, pleas",None,a humble request for help from someone in authority｜向有權威的人提出的卑微請求,"In response to their pleas, Apollo killed the man with his arrows.",plea bargain deals; guilty plea; accept plea,C1
Plead,/ˈplid/,v.,"plead, pleads, pleaded, pleaded, pleading","pleader (n.), pleading (n.)",appeal or request earnestly｜懇切地呼籲或請求,"The father pleaded with the judge for leniency, explaining the difficult circumstances that had led to the offence.",plead guilty; plead ignorance; plead for chance,C1
Placement,/ˈpleɪsmənt/,n.,"placement, placements",place (v.),the spatial property of the way in which something is placed｜某物放置方式的空間屬性,Its placement above lithium is primarily due to its electron configuration.,text placement; enemy placement; optimal placement,C1
Pipeline,/ˈpaɪˌplaɪn/,n.,"pipeline, pipelines",None,"a long pipe that transports liquid or gas, or a sequence of processing stages｜運輸液體或氣體的長管道，或一系列加工階段",The Trans-Alaska Pipeline carries oil from Prudhoe Bay to the southern coast.,oil pipeline; build a pipeline; pipeline system,C1
Pledge,/ˈplɛdʒ/,n.,"pledge, pledges",pledger (n.),a solemn promise or commitment｜莊嚴的承諾或誓言,Every new member was asked to make a pledge to uphold the organization's values and code of conduct.,pledge support; pledge of allegiance; make pledge,C1
Plural,/ˈplʊɹəl/,adj.,"plural, more plural, most plural",plurality (n.),"composed of more than one member, set, or kind｜由多於一個成員、集合或種類組成",English nouns take plural forms by adding -s or -es in most cases.,books plural; plural character; plural form,C1
Poke,/ˈpoʊk/,n.,"poke, pokes","poker (n.), pokey (adj.)",a quick push with your finger or a pointed object｜用手指或尖銳物體快速推壓,She gave her brother a gentle poke to wake him up.,a quick poke; a gentle poke; poke in the ribs,C1
Plunge,/ˈplʌndʒ/,v.,"plunge, plunges, plunged, plunged, plunging",plunger (n.),"fall suddenly and steeply, or thrust something forcefully into another substance｜突然急劇下降，或用力將某物插入另一物質","This system of currents transports warm water into the North Atlantic, without which temperatures in the North Atlantic and Europe would plunge dramatically.",plunge into darkness; plunge into chaos; plunge into war,C1
Poetic,/poʊˈɛtɪk/,adj.,"poetic, more poetic, most poetic","poetically (adv.), poetry (n.)",of or relating to poetry｜關於詩歌的，詩歌的,She described the sunset in such poetic language that everyone fell silent.,almost poetic; poetic lines; poetic sensibility,C1
Porch,/ˈpɔɹtʃ/,n.,"porch, porches",None,a structure attached to the exterior of a building often forming a covered entrance｜附著於建築物外部的結構，常形成有遮蔽的入口,"A second row of columns were added, obtaining the effect of an inner porch.",back porch; front porch; on porch,C1
Precaution,/pɹiˈkɔʃən/,n.,"precaution, precautions",precautionary (adj.),a precautionary measure warding off impending danger or damage or injury etc.｜防止即將來臨的危險、損害或傷害等的預防措施,Hikers should take the precaution of carrying extra water whenever they venture into remote mountain areas.,take precaution; take precautions; special precautions,C1
Prejudice,/ˈpɹɛdʒədɪs/,v.,"prejudice, prejudices, prejudiced, prejudiced, prejudicing","prejudicial (adj.), prejudicious (adj.)",disadvantage by prejudice｜因偏見而處於不利地位,The inflammatory report prejudiced many voters against the proposed reform.,prejudice a jury; prejudice voters against; seriously prejudice,C1
Preliminary,/pɹɪˈlɪməˌnɛɹi/,adj.,"preliminary, more preliminary, most preliminary",None,denoting an action or event preceding or in preparation for something more important; designed to orient or acquaint with a situation before proceeding｜表示某更重要事物的準備動作或事件；在進行之前用來引導或熟悉情況的,"While these results are preliminary, the integration of cognitive neuroscience and NLP techniques opens up an interesting direction for future research.",preliminary work; preliminary report; preliminary results,C1
Practitioner,/pɹæˈktɪʃənɚ/,n.,"practitioner, practitioners",None,someone who practices a learned profession｜執行某種專業行業的人,This comprehensive approach equips practitioners with the requisite knowledge to make substantial progress in this domain.,industry practitioner; good practitioner; many practitioners,C1
Premature,/ˌpɹiməˈtʃʊɹ/,adj.,"premature, more premature, most premature","prematurity (n.), prematureness (n.)",occurring or done before the usual or proper time｜在通常或適當的時間之前發生或完成,"Branched-chain alkanes are preferred as they are much less prone to premature ignition, which causes Engine knocking, than their straight-chain homologues.",premature babies; premature baby; premature death,C1
Predator,/ˈpɹɛdətɚ/,n.,"predator, predators",None,an animal that hunts and kills other animals for food｜獵捕其他動物為食的動物,The lion is a powerful predator that hunts other animals on the plains.,a natural predator; a top predator; a fierce predator,C1
Portfolio,/pɔɹˈtfoʊliˌoʊ/,n.,"portfolio, portfolios",None,"a collection of investments, products, projects, or creative work｜投資、產品、專案或創意作品的集合","Around then, Apple also completed numerous acquisitions to create a portfolio of digital media production software for both professionals and consumers.",portfolio managers; portfolio optimization; diversified portfolio,C1
Preference,/ˈpɹɛfɚəns/,n.,"preference, preferences","prefer (v.), preferent (adj.), preferential (adj.)",a strong liking｜強烈的喜好,"Of those who indicated a religious preference, 59% said they possessed a ""full understanding"" of their faith and needed no further learning.",preference optimization; personal preference; human preferences,C1
Premier,/pɹɛˈmɪɹ/,adj.,"premier, more premier, most premier",premiership (n.),"first in importance, quality, or position; the very best｜首要的;最佳的",The city hosts the premier music festival in the entire country.,premier destination; premier event; premier institution,C1
Presume,/pɹɪˈzum/,v.,"presume, presumes, presumed, presumed, presuming","presumption (n.), presumptive (adj.)",take to be the case or to be true; accept without verification or proof｜假定為真;未經證實或證明即予接受,I presume you have already finished reading the report.,presume conclusion; presume answer; presume robustness,C1
Prevail,/pɹɪˈveɪl/,v.,"prevail, prevails, prevailed, prevailed, prevailing","prevalent (adj.), prevalence (n.)","be larger in number, quantity, power, status or importance｜在數量、力量、地位或重要性上更大","Buchanan prevailed, while Republican William Henry Bissell won election as Governor of Illinois, and Lincoln became a leading Republican in Illinois.",prevail throughout; prevail in confrontation; prevail for years,C1
Premise,/ˈpɹɛmɪs/,n.,"premise, premises",None,a statement that is assumed to be true and from which a conclusion can be drawn｜前提;被假定為真並可據以推斷結論的陳述,The argument rests on the premise that all participants have equal access to information.,simple premise; entire premise; basic premise,C1
Presidency,/ˈpɹɛzədənsi/,n.,"presidency, presidencies","president (n.), presidential (adj.)",the tenure of a president｜總統任期,"A month after Lincoln assumed the presidency, Confederate forces attacked Fort Sumter.",during the presidency; assume the presidency; end of the presidency,C1
Prescription,/pɹəsˈkɹɪpʃən/,n.,"prescription, prescriptions",prescribe (v.),directions prescribed beforehand; the action of prescribing authoritative rules or directions｜事先規定的指示;開處方的行為,The energy and momentum derived within general relativity by Emmy Noether's prescriptions do not make a real tensor for this reason.,personalized prescription; fill prescriptions; prescription from doctor,C1
Prescribe,/pɹəsˈkɹaɪb/,v.,"prescribe, prescribes, prescribed, prescribed, prescribing","prescription (n.), prescriptive (adj.)",issue commands or orders for｜發布命令或指示,"While completing the novel, Rand was prescribed Benzedrine, an amphetamine, to fight fatigue.",prescribe nature; prescribe drug; prescribe medicine,C1
Presidential,/ˌpɹɛzəˈdɛntʃəl/,adj.,"presidential, more presidential, most presidential","president (n.), presidency (n.)",relating to a president or presidency｜與總統或總統職位相關的,"Lincoln won the 1860 United States presidential election, becoming the first Republican president.",presidential run; presidential power; presidential election,C1
Productivity,/ˌpɹoʊdəˈktɪvəti/,n. [U],no changes,productive (adj.),the quality of being productive or having the power to produce｜具有生產力或生產能力的特質,Organizations are abandoning presence-based tracking in favor of outcome-based performance models that judge productivity by actual deliverables.,increased productivity; improve productivity; boost productivity,C1
Premium,/ˈpɹimiəm/,n.,"premium, premiums",None,an amount paid for insurance or an additional amount above a standard price or wage｜保險費;高於標準價格或工資的額外金額,Workers who demonstrate the ability to solve complex problems and learn new skills command a wage premium of nearly twenty percent over their peers.,premium design; pay premium; high premium,C1
Prey,/ˈpɹeɪ/,n. [U],no changes,None,an animal or person hunted or seized by a predator; a victim of attack or exploitation｜被獵捕的動物或人;攻擊或剝削的受害者,"Finally, Achilles finds his prey.",alternative prey; catch prey; of prey,C1
Prior,/ˈpɹaɪɚ/,adj.,no changes,"priority (n.), priorship (n.)",earlier in time｜較早的,Our mind are shaped by our prior experience.,prior knowledge; prior training; prior experience,C1
Presumably,/pɹəˈzuməbli/,adv.,"presumably, more presumably, most presumably",None,by reasonable assumption｜根據合理推測,"The lights are off, so the family is presumably away on holiday this week.",well presumably; presumably modifying; task thus presumably,C1
Proclaim,/pɹoʊˈkleɪm/,v.,"proclaim, proclaims, proclaimed, proclaimed, proclaiming",proclamation (n.),declare formally; declare someone to be something; of titles｜正式宣布;宣布某人為某頭銜,The crowd gathered to hear the mayor proclaim the start of the summer festival.,proclaim loyalty; proclaim love; proclaim freedom,C1
Profile,/ˈpɹoʊˌfaɪl/,n.,"profile, profiles",None,"a concise account or description of a person, organization, or subject, especially a biographical article or summary｜對人物、組織或主題的簡要敘述或描述,尤指傳記文章或摘要",The magazine published a detailed profile of the young inventor and her work.,side profile; high profile; build profile,C1
Prohibit,/pɹoʊˈhɪbət/,v.,"prohibit, prohibits, prohibited, prohibited, prohibiting",prohibition (n.),formally forbid or prevent an action｜正式禁止或阻止某行為,Such expensive data collection prohibits application of standard RL algorithms which usually require a large number of observations to learn.,prohibit application; prohibit use; prohibit trade,C1
Progressive,/pɹəˈɡɹɛsɪv/,adj.,"progressive, more progressive, most progressive","progressivity (n.), progressiveness (n.)",favoring reform or increasing gradually in rate or extent｜支持改革的;在比率或程度上逐漸增加的,It also added a progressive tax structure to the federal income tax.,progressive increase; progressive economists; progressive overload,C1
Prolong,/pɹəˈlɔŋ/,v.,"prolong, prolongs, prolonged, prolonged, prolonging",prolongation (n.),lengthen in time; cause to be or last longer｜延長時間;使持續更久,"Recently there has been a growing interest in industry and academia, regarding the use of wireless chargers to prolong the operational longevity of unmanned aerial vehicles.",prolong periods; prolong wars; prolong duration,C1
Prophet,/ˈpɹɑfət/,n.,"prophet, prophets","prophetic (adj.), prophetical (adj.)",an authoritative person who divines the future｜預言未來的权威人士,"The ancient prophet warned the city of impending floods, and those who listened moved to higher ground.",prophet jonah; of prophet; prophet of church,C1
Profound,/pɹoʊˈfaʊnd/,adj.,"profound, more profound, most profound","profoundly (adv.), profundity (n.)",showing intellectual penetration or emotional depth｜顯示智力深度或情感深度,"And I think this is one of the most profound realizations that I've had in my life, which is that inspiration is not the cause of action.",profound impact; profound role; profound effect,C1
Prone,/ˈpɹoʊn/,adj.,"prone, more prone, most prone",proneness (n.),having a tendency (to); often used in combination｜有傾向（於）；常用於組合詞,Alabama is also prone to Tropical cyclone.,panic attack prone; prone activity; prone error,C1
Propaganda,/ˌpɹɑpəˈɡændə/,n. [U],no changes,"propagandise (v.), propagandist (n.), propagandize (v.), propagandistic (adj.)",information that is spread for the purpose of promoting some cause｜為宣揚某種主張而傳播的資訊,"During this time, a minority of anarchists adopted tactics of revolutionary political violence, known as propaganda of the deed.",propaganda campaign; nazi propaganda; pump propaganda,C1
Proportion,/pɹəˈpɔɹʃən/,n.,"proportion, proportions",None,"a part or share of a whole, often expressed as a fraction or percentage｜全體的一部分或份額，常以分數或百分比表示","A large proportion of professional racing drivers began in karts, often from a very young age, such as Michael Schumacher and Fernando Alonso.",significant proportion; substantial proportion; proportion of data,C1
Projection,/pɹəˈdʒɛkʃən/,n.,"projection, projections",project (v.),a prediction made by extrapolating from past observations｜根據過去觀察資料推斷所做的預測,The budget projection was based on revenue trends from the previous five years.,economic projection; future projection; revenue projection,C1
Prosecution,/ˌpɹɑsəˈkjuʃən/,n.,"prosecution, prosecutions",prosecute (v.),the institution and conduct of legal proceedings against a defendant for criminal behavior｜對被告提起並進行刑事訴訟的過程,The prosecution rested its case after presenting three witnesses and several pieces of physical evidence.,prosecution work; face prosecution; justify prosecution,C1
Prospect,/ˈpɹɑspɛkt/,n.,"prospect, prospects",prospector (n.),the possibility of future success｜未來成功的可能性,The prospect of a long holiday cheered the tired workers enormously.,offer prospect; improve prospects; face prospect,C1
Province,/ˈpɹɑvəns/,n.,"province, provinces",provincial (adj.),the territory occupied by one of the constituent administrative districts of a nation｜一國行政區分之一所佔據的領土,The method is applied to a corpus of French-language news to construct a century-long historical EPU index for the Canadian province of Quebec.,southern province; in province; many provinces,C1
Provision,/pɹəˈvɪʒən/,n.,"provision, provisions","provide (v.), provisioner (n.), provisionary (adj.)","the act of supplying something, or a condition in a legal document｜提供事物的行為，或法律文件中的條款",The corresponding reduced-form estimates are directionally consistent and indicate that crossing the CT eligibility frontier improves public goods provision.,sunset provision; public goods provision; provision of solutions,C1
Provoke,/pɹəˈvoʊk/,v.,"provoke, provokes, provoked, provoked, provoking","provoker (n.), provocation (n.), provocative (adj.)","to deliberately cause a strong reaction, especially anger or conflict; to elicit a response by one's actions or words｜故意引起強烈反應（尤指憤怒或衝突）；透過行為或言語引發回應","Although the regency patronised the tribal chieftains, it never had the unanimous allegiance of the countryside, where heavy taxation frequently provoked unrest.",provoke response; provoke war; provoke conflict,C1
Purchase,/ˈpɝtʃəs/,v.,"purchase, purchases, purchased, purchased, purchasing","purchaser (n.), purchasing (n.)",obtain by purchase; acquire by means of a financial transaction｜透過購買獲得；透過財務交易取得,They saved for years before they could purchase a small house near the coast.,purchase online; purchase a ticket; purchase property,C1
Pulse,/ˈpʌls/,n.,"pulse, pulses","pulsate (v.), pulsing (n.)","a brief burst of energy, electrical signal, or wave; also, the rhythmic beat of the heart as felt in arteries near the skin｜短暫的能量爆發、電訊號或波；也指在皮膚附近动脉感受到的心臟規律跳動",The radar transmitted a short pulse toward the planet and recorded the returning signal.,pulse check; pulse duration; short pulse,C1
Pyramid,/ˈpɪɹəmɪd/,n.,"pyramid, pyramids","pyramidal (adj.), pyramidical (adj.)",a polyhedron having a polygonal base and triangular sides with a common vertex｜底面為多邊形、側面為三角形並共用一個頂點的多面體,The ancient builders aligned the stone pyramid with remarkable precision.,stone pyramid; build a pyramid; pyramid structure,C1
Quiver,/ˈkwɪvɚ/,n.,"quiver, quivers",quivering (n.),"a case designed to hold arrows, carried on the back or at the hip｜設計用來裝箭矢的容器，可背在身上或掛在腰間",Apollo is usually described as carrying a silver or golden bow and a quiver of arrows.,quiver of arrows; carry a quiver; leather quiver,C1
Questionnaire,/ˌkwɛstʃəˈnɛɹ/,n.,"questionnaire, questionnaires",None,a form containing a set of questions; submitted to people to gain statistical information｜包含一系列問題的表格；提交給人們以獲取統計資料,We employ a Large Language Model to convert unstructured psychological interviews into structured questionnaires spanning various psychiatric and personality domains.,short questionnaire; established questionnaire; fill questionnaire,C1
Qualify,/ˈkwɑləˌfaɪ/,v.,"qualify, qualifies, qualified, qualified, qualifying","quality (n.), qualifier (n.), qualifying (n.), qualification (n.)",prove capable or fit; meet requirements｜證明有能力或適合；符合要求,"Any sensory experience perceived while a person is asleep, such as actually hearing a door close, does not qualify as part of a dream.",fully qualify; uniquely qualify; qualify for benefits,C1
Quest,/ˈkwɛst/,n.,"quest, quests",quester (n.),a search for an alternative that meets cognitive criteria｜尋找符合認知標準的替代方案,Her lifelong quest for knowledge led her to study in three different countries.,quest for knowledge; noble quest; perilous quest,C1
Quota,/ˈkwoʊtə/,n.,"quota, quotas",None,a prescribed number｜規定的數量,"The macroeconomic climate influences operations with regard to, e.g., raw material prices, financing, supply chain utilization and demand quotas.",demand quota; sufficient quota; hit quota,C1
Racism,/ˈɹeɪˌsɪzəm/,n. [U],no changes,racist (n.),the prejudice that members of one race are intrinsically superior to members of other races｜認為某種族的成員天生優於其他種族成員的偏見,Someone spoke to a veteran who told me anything that happened to him in war paled by comparison to the systemic racism that he experienced when he came back from war.,racism label; systemic racism; scientific racism,C1
Ragged,/ˈɹæɡəd/,adj.,"ragged, more ragged, most ragged",raggedness (n.),being or dressed in clothes that are worn or torn｜穿著破舊或磨損的衣服,"After weeks on the road, the travellers looked tired and ragged.",ragged clothes; ragged appearance; look ragged,C1
Rack,/ˈɹæk/,n.,"rack, racks",None,framework for holding objects｜放置物體的架子,He hung his wet coat on the wooden rack beside the front door.,whole rack; rack room; in rack,C1
Radiation,/ˌɹeɪdiˈeɪʃən/,n. [U],no changes,radiate (v.),energy that is radiated or transmitted in the form of rays or waves or particles｜以射線、波或粒子的形式輻射或傳輸的能量,How could you make that much of a tight burst of radiation in that small amount of time at those incredibly high energies.,creates radiation; emit radiation; thermal radiation,C1
Radical,/ˈɹædəkəl/,adj.,"radical, more radical, most radical",None,"advocating or involving fundamental, thoroughgoing change; departing significantly from traditional or conventional norms｜倡導或涉及根本性、徹底的變革；與傳統或常規規範顯著偏離",Anarcho-communism developed from radical socialist currents after the French Revolution but was first formulated as such in the Anarchism in Italy section of the First International.,radical proposals; radical acceptance; radical change,C1
Raid,/ˈɹeɪd/,v.,"raid, raids, raided, raided, raiding",raider (n.),"search without warning, make a sudden surprise attack on｜無預警搜查，突然突襲",Police raided the warehouse at dawn and seized crates of smuggled goods hidden beneath false floors.,early raid; probing raid; raid on territory,C1
Rally,/ˈɹæli/,n.,"rally, rallies",rallying (n.),a large gathering of people intended to arouse enthusiasm｜為激發熱情而舉行的大型集會,Thousands of supporters gathered for a peaceful rally in the town square.,current rally; rally around; hold rallies,C1
Ranch,/ˈɹæntʃ/,n.,"ranch, ranches","rancher (n.), ranching (n.)","a large farm or estate, especially in North America, used for raising livestock such as cattle or sheep｜大型農場或莊園，尤指北美洲用於飼養牛羊等牲畜的牧場","She grew up on a small ranch in Montana, where her family raised cattle and horses for a living.",dude ranch; big ranch; own ranch,C1
Rail,/ˈɹeɪl/,n.,"rail, rails",railing (n.),a barrier consisting of a horizontal bar and supports｜由水平杆和支撐物組成的障礙物,"Exploiting Lincoln's reputation for splitting fence rails, his supporters promoted him as ""The Rail Candidate"".",third rail; build rail; on rails,C1
Rear,/ˈɹɪɹ/,n.,"rear, rears",rearing (n.),the back part of something; the area behind the front or main position｜某物的後部；前方或主要位置後方的區域,But I think with trauma it's different because the effects of trauma can remain with you even after the event is in the rear view mirror.,rear view mirror; rear chamber; rear wall,C1
Rattle,/ˈɹætəl/,n.,"rattle, rattles","rattler (n.), rattling (n.)","a percussion instrument or toy that produces a series of short, sharp sounds when shaken｜搖晃時會發出一連串短促尖銳聲音的敲擊樂器或玩具",The ceremonial rattle was made from a dried gourd attached to a wooden handle.,baby rattle; rattle of gunfire; shake a rattle,C1
Random,/ˈɹændəm/,adj.,"random, more random, most random",randomness (n.),lacking any definite plan or order or purpose; governed by or depending on chance｜缺乏任何明確計畫、順序或目的的；取決於機會的,"A dog show is not a random sampling of the breed: it is typically limited to dogs that are adult, pure-bred, and exemplary.",random fact; random walk; random access,C1
Realism,/ˈɹilɪzəm/,n. [U],no changes,realist (n.),the attribute of accepting the facts of life and favoring practicality and literal truth｜接受生活事實並偏好實用主義和字面真理的特質,This paper proposes enhancements to the RICE-N simulation and multi-agent reinforcement learning framework to improve the realism of international climate policy negotiations.,philosophical realism; bring realism; achieve realism,C1
Ratio,/ˈɹeɪʃiˌoʊ/,n.,"ratio, ratios",None,"the quantitative relationship between two amounts, showing how many times one value contains or is contained by the other｜兩個數量之間的數量關係，顯示一個數值包含或被另一個數值包含多少次",The recipe works best when you keep the ratio of flour to water just right.,correct ratio; proper ratio; same ratio,C1
Rational,/ˈɹæʃənəl/,adj.,"rational, more rational, most rational","rationally (adv.), rationality (n.)",consistent with or based on or using reason｜基於或使用理性的；符合邏輯的,And the rational thinking part of ourselves is the chariot with the whip and the reins trying to control the horses of our instincts and making sure that we go where we want to go.,rational outcomes; rational arguments; rational decision,C1
Rebellion,/ɹɪˈbɛljən/,n.,"rebellion, rebellions","rebel (v.), rebellious (adj.)",refusal to accept some authority or code or convention｜拒絕接受某些權威、準則或慣例,Food shortages and water scarcity helped provoke an internal rebellion.,armed rebellion; suppress a rebellion; rebellion against authority,C1
Reassure,/ˌɹiəˈʃʊɹ/,v.,"reassure, reassures, reassured, reassured, reassuring",reassurance (n.),cause to feel sure; give reassurance to｜使感到確定；向...再次保證,The doctor reassured the patient that the test results were normal.,reassure the public; reassure investors; reassure someone that,C1
Recipient,/ɹəˈsɪpiənt/,adj.,"recipient, more recipient, most recipient",None,receiving｜接收的，受領的,Aid was directed to each recipient country through carefully monitored distribution channels.,recipient country; recipient nation; recipient group,C1
Recite,/ɹəˈsaɪt/,v.,"recite, recites, recited, recited, reciting","recital (n.), recitation (n.)",recite in elocution｜演講式朗誦,The actor recited the poem from memory at the ceremony.,recite lines; recite poetry; recite poem,C1
Recession,/ɹɪˈsɛʃən/,n.,"recession, recessions",recessive (adj.),the state of the economy declines; a widespread decline in the GDP and employment and trade lasting from six months to a year｜經濟狀況衰退；GDP、就業和貿易持續六個月至一年的普遍下降,"During the global recession, output and employment declined sharply.",economic recession; deep recession; enter a recession,C1
Realm,/ˈɹɛlm/,n.,"realm, realms",None,a domain in which something is dominant｜某事物佔主導地位的領域或範圍,The dispute belongs in the realm of political philosophy rather than experimental science.,platonic realm; comedy realm; digital realm,C1
Refuge,/ˈɹɛfjudʒ/,n. [U],no changes,None,a safe place｜一個安全的地方,"After the storm, the villagers took refuge in a sturdy stone church on the hill above the town.",took refuge; take refuge; seek refuge,C1
Recruit,/ɹəˈkɹut/,n.,"recruit, recruits","recruiter (n.), recruitment (n.)",a recently enlisted soldier｜新入伍的士兵,The young recruit completed basic training before joining the regiment.,new recruit; army recruit; train recruits,C1
Recommend,/ˌɹɛkəˈmɛnd/,v.,"recommend, recommends, recommended, recommended, recommending",recommendation (n.),push for something｜推動某事物,The doctor will recommend plenty of rest until the fever finally goes down.,usually recommend; recommend caution; recommend game,C1
Recommendation,/ˌɹɛkəməˈndeɪʃən/,n.,"recommendation, recommendations",recommend (v.),"a suggestion or proposal about the best course of action, made by someone with relevant knowledge or authority｜由具備相關知識或權威的人所提出關於最佳行動方案的建議或提議",The committee issued a formal recommendation that all staff complete the updated training programme by the end of the month.,music recommendation; strong recommendation; make recommendations,C1
Rehearsal,/ɹɪˈhɝsəl/,n.,"rehearsal, rehearsals",rehearse (v.),a practice session in preparation for a performance or important event; any exercise that rehearses a future activity｜為演出或重要活動所做的練習；任何為未來活動進行的排練,"In March 1969, Apollo 9 put the lunar module through its paces in Earth orbit, and in May Apollo 10 conducted a ""dress rehearsal"" in lunar orbit.",great dress rehearsal; first rehearsal; behavioural rehearsal,C1
Regardless,/ɹəˈɡɑɹdləs/,adv.,"regardless, more regardless, most regardless",None,without being affected or influenced by something; irrespective of｜不受某事物影響；無論如何,"And they are always socially constructive, regardless of where the political fault lines are that week or that month.",consistent regardless; regardless background; regardless economy,C1
Rental,/ˈɹɛntəl/,n.,"rental, rentals",rent (v.),property that is leased or rented out or let｜出租的財產,"There are also privately operated water taxis, a water bus, a boat-sharing operation, electric rental boats, and canal cruises, that transport people along Amsterdam's waterways.",rental homes; rental services; for rentals,C1
Regime,/ɹəˈʒim/,n.,"regime, regimes",None,the organization that is the governing authority of a political unit｜政治單位的執政組織,The authoritarian regime restricted the press and imprisoned political opponents.,authoritarian regime; ruling regime; regime change,C1
Reminder,/ɹiˈmaɪndɚ/,n.,"reminder, reminders",remind (v.),a message that helps you remember something｜幫助你記住某事的信息,The old photograph was a gentle reminder of the happy summers of her childhood.,constant reminder; set reminder; daily reminder,C1
Repay,/ɹiˈpeɪ/,v.,"repay, repays, repaid, repaid, repaying",repayment (n.),pay back｜償還,Groups that repay in full and on time receive the standard maximum loan increase for the next cycle.,never repay; repay debt; repay loan,C1
Reinforce,/ˌɹiɪˈnfɔɹs/,v.,"reinforce, reinforces, reinforced, reinforced, reinforcing","reinforcer (n.), reinforcement (n.)",make stronger｜加強,The additional evidence reinforced the committee's belief that the policy was effective.,continuously reinforce; reinforce idea; reinforce beliefs,C1
Render,/ˈɹɛndɚ/,v.,"render, renders, rendered, rendered, rendering","rendering (n.), rendition (n.)",cause to become｜使成為,The power failure rendered the security system useless.,render assistance; render it useless; render a verdict,C1
Removal,/ɹɪˈmuvəl/,n.,"removal, removals",remove (v.),the act of removing｜移除的行為,Congress authorized the forced removal of many Native American communities from their homelands.,complete removal; incremental removal; removal of strategies,C1
Resemblance,/ɹɪˈzɛmbləns/,n.,"resemblance, resemblances",resemble (v.),similarity in appearance or external or superficial details｜外觀或外部、細節上的相似,"The daughter bears a striking resemblance to her mother, especially in the shape of her eyes and smile.",bear resemblance; strong resemblance; visual resemblance,C1
Residence,/ˈɹɛzɪdəns/,n.,"residence, residences","reside (v.), resident (adj.), residential (adj.)",any address at which you dwell more than temporarily｜臨時以上居住的地址,"This quantity can consist of total wages measured at the place of work, or of income registered at the place of residence.",private residence; permanent residence; primary residence,C1
Reservoir,/ˈɹɛzəˌvwɑɹ/,n.,"reservoir, reservoirs",None,a large or extra supply of something｜大量或額外的某物供應,"When the coupling to the reservoirs is reduced, the geometric torque is the only nonzero contribution.",pump reservoir; reservoir of energy; internal reservoir,C1
Residential,/ˌɹɛzɪˈdɛntʃəl/,adj.,no changes,residence (n.),used or designed for residence or limited to residences｜用於或設計用於居住的,This study enhances Re:PolyWorld's performance on complex urban residential structures by incorporating attention-based backbones and additional area segmentation loss.,residential areas; residential buildings; both residential,C1
Resident,/ˈɹɛzɪdənt/,adj.,"resident, more resident, most resident","reside (v.), residence (n.), residency (n.)",living in a particular place｜居住在某地,"As the resident expert on birds, she answered every question the visitors asked.",tax resident; resident lawyer; resident population,C1
Respondent,/ɹɪˈspɑndənt/,n.,"respondent, respondents",respond (v.),"a person who answers questions in a survey, study, or interview; in legal contexts, the defendant in appellate or divorce proceedings｜在調查、研究或訪談中回答問題的人；在法律語境中指上訴或離婚程序中的被告",Each respondent in the survey was asked to rate their level of satisfaction on a scale from one to ten.,human respondents; virtual respondents; many respondents,C1
Resume,/ɹɪˈzum/,n.,"resume, resumes",resumption (n.),short descriptive summary (of events)｜事件的簡短描述性摘要,She handed her updated resume to the interviewer and waited anxiously for the first question.,lengthy resume; strong resume; polished resume,C1
Republican,/ɹɪˈpʌblɪkən/,n.,"republican, republicans",None,a member of the Republican Party｜共和黨員,"Organized Insurgency, resistance groups tried to suppress the freedmen and Republicans.",traditional republican; republican nominee; fight republican,C1
Resort,/ɹɪˈzɔɹt/,n.,"resort, resorts",None,a hotel located in a resort area｜渡假區內的飯店,The mountain resort attracted visitors throughout the winter season with its well-maintained slopes and cosy lodges.,last resort; at resort; independent resorts,C1
Rhetoric,/ˈɹɛtɚɪk/,n. [U],no changes,"rhetorical (adj.), rhetorically (adv.)",using language effectively to please or persuade｜有效運用語言以取悅或說服他人,"His approach and rhetoric cost him political support, and newspapers derisively nicknamed him ""spotty Lincoln"".",political rhetoric; inflammatory rhetoric; persuasive rhetoric,C1
Retail,/ˈɹiˌteɪl/,n. [U],no changes,"retailer (n.), retailing (n.)",the selling of goods to consumers; usually in small quantities and not for resale｜出售商品給消費者；通常數量少且不轉售,"Alabama's economy in the 21st century is based on automotive, finance, tourism, manufacturing, aerospace, mineral extraction, healthcare, education, retail, and technology.",retail clients; retail therapy; full retail,C1
Rib,/ˈɹɪb/,v.,"rib, ribs, ribbed, ribbed, ribbing",ribbing (n.),tease someone in a friendly or good-natured way｜以友善或善意的方式戲弄某人,His brothers ribbed him good-naturedly about his new haircut for the entire family dinner.,rib a friend; rib someone gently; rib about something,C1
Ridge,/ˈɹɪdʒ/,n.,"ridge, ridges",None,a long narrow natural elevation or striation｜狹長的自然隆起或條紋,"A region undergoing a profound shift is where the Antarctic Circumpolar Current intersects the Pacific-Antarctic Ridge, an area important for carbon draw-down and fisheries.",metaphorical ridge; follow ridge; cross ridge,C1
Revenue,/ˈɹɛvəˌnu/,n.,"revenue, revenues",None,the entire amount of income before any deductions are made｜扣除前的全部收入,Ticket sales provide the main source of revenue for the small theatre.,revenue numbers; revenue streams; more revenue,C1
Rigid,/ˈɹɪdʒəd/,adj.,"rigid, more rigid, most rigid","rigidly (adv.), rigidity (n.)",incapable of or resistant to bending｜不能彎曲或抗彎曲的,"And paradoxically, the way to develop more control and discipline in your life is not to implement rigid structures and brute force everything with willpower.",rigid objects; rigid structure; rigid consistency,C1
Reverse,/ɹɪˈvɝs/,v.,"reverse, reverses, reversed, reversed, reversing","reversal (n.), reversible (adj.)",change to the contrary｜改變成相反的,The committee agreed to reverse its earlier decision after hearing the new evidence.,reverse engineering; reverse direction; reverse trend,C1
Rim,/ˈɹɪm/,v.,"rim, rims, rimmed, rimmed, rimming",None,run around the rim of｜沿著邊緣環繞,She rimmed the plate with a thin strip of lemon peel before serving the chilled soup.,rim of glasses; rim of skull; rim of reflections,C1
Rifle,/ˈɹaɪfəl/,n.,"rifle, rifles",None,a shoulder firearm with a long barrel and a rifled bore｜有長槍管和膛線的肩射武器,The guard carried a rifle with a long barrel and a wooden stock.,assault rifle; hunting rifle; carry a rifle,C1
Riot,/ˈɹaɪət/,n.,"riot, riots","rioter (n.), rioting (n.), riotous (adj.)",a public act of violence by an unruly mob｜不法群眾的公開暴力行為,The demonstration escalated into a riot after clashes between police and protesters.,violent riot; spark a riot; riot police,C1
Ridiculous,/ɹɪˈdɪkjələs/,adj.,"ridiculous, more ridiculous, most ridiculous","ridicule (n.), ridiculousness (n.)",inspiring scornful pity｜令人鄙視的,It's going to make you look ridiculous.,ridiculous thing; ridiculous plot; ridiculous question,C1
Ritual,/ˈɹɪtʃuəl/,adj.,no changes,ritualize (v.),of or relating to or characteristic of religious rituals｜關於或屬於宗教儀式的,The dancers performed a slow ritual movement that had been passed down for centuries.,ritual battles; ritual performance; ritual sacrifice,C1
Rip,/ˈɹɪp/,n.,"rip, rips",None,a dissolute man in fashionable society｜上流社會的放蕩男子,The fashionable young rip squandered his inheritance in gambling clubs.,young rip; dissolute rip; notorious rip,C1
Rod,/ˈɹɑd/,n.,"rod, rods",None,a long thin implement made of metal or wood｜金屬或木製的細長工具,The technician inserted a thin metal rod into the opening.,lightning rod; rod system; fire rods,C1
Rival,/ˈɹaɪvəl/,adj.,"rival, more rival, most rival","rivalry (n.), rivalrous (adj.)",competing with another for the same goal or position｜與他人競爭同一目標或位置,The two rival teams have played against each other for many years.,rival company; rival team; rival group,C1
Risky,/ˈɹɪski/,adj.,"risky, riskier, riskiest","risk (n.), riskiness (n.)",involving risk or danger｜涉及風險或危險的,"For this reason, labor-induced abortion is legally risky in the United States.",extremely risky; risky move; risky behavior,C1
Sacred,/ˈseɪkɹəd/,adj.,"sacred, more sacred, most sacred",sacredness (n.),concerned with religion or religious purposes｜關於宗教或宗教目的的,"The valley was considered sacred ground by the local community, and no buildings were ever constructed there.",sacred land; sacred honor; sacred site,C1
Saddle,/ˈsædəl/,n.,"saddle, saddles",saddlery (n.),a seat for the rider of a horse or camel｜供騎馬或騎駱駝者使用的座位,The rider adjusted the leather saddle before mounting the horse.,a leather saddle; climb into the saddle; a worn saddle,C1
Salon,/səˈlɑn/,n.,"salon, salons",None,"a business offering hair or beauty treatments, or a room used for cultural gatherings or art exhibitions｜提供美髮或美容服務的商店，或用於文化聚會或藝術展覽的房間",She booked an appointment at the hair salon for a quick trim before the wedding ceremony.,hair salon; multiple salons; musical salons,C1
Salmon,/ˈsæmən/,n. [U],no changes,None,any of various large food and game fishes of northern waters; usually migrate from salt to fresh water to spawn｜各種大型食用和遊戲魚類，分布於北方海域，通常從鹹水遷徙至淡水產卵,Wild salmon migrate hundreds of kilometres upstream each autumn to spawn in the same rivers where they were born.,salmon populations; wild alaskan salmon; eat salmon,C1
Saint,/ˈseɪnt/,v.,"saint, saints, sainted, sainted, sainting","saintly (adj.), sainthood (n.)",hold sacred｜視為神聖,The church sainted the nun two centuries after her death for her lifelong devotion to the poor.,saint a person; sainted figure; saint someone after death,C1
Sandal,/ˈsændəl/,n.,"sandal, sandals",None,a shoe consisting of a sole fastened by straps to the foot｜一種由帶子固定在腳上的鞋,"And they used this to form sandals, bottles, and balls.",leather sandals; pair of sandals; open sandals,C1
Scandal,/ˈskændəl/,n.,"scandal, scandals","scandalise (v.), scandalize (v.), scandalous (adj.)",disgraceful gossip about the private lives of other people｜關於他人私生活的醜聞,The financial scandal toppled three senior officials and triggered a complete overhaul of the agency.,iran contra scandal; biggest scandal; huge scandal,C1
Scar,/ˈskɑɹ/,v.,"scar, scars, scarred, scarred, scarring",scarify (v.),mark with a scar｜使留下疤痕,The explosion scarred the stone facade of the building.,scar the landscape; badly scarred; permanently scar,C1
Scent,/ˈsɛnt/,n.,"scent, scents",None,a distinctive odor that is pleasant｜一種令人愉悅的獨特氣味,"As they follow the loop, the pheromone scent gets stronger, they continue to follow the same circular trail.",ocean breeze scent; scent of rose; mask scents,C1
Scan,/ˈskæn/,v.,"scan, scans, scanned, scanned, scanning","scanner (n.), scanning (n.), scansion (n.)",examine minutely or intensely｜仔細檢查,The doctor scanned the X-ray carefully before explaining the small shadow on the patient's lung.,visual scan; scan for danger; scan of brain,C1
Scope,/ˈskoʊp/,n. [U],no changes,scopal (adj.),an area in which something acts or operates or has power or control:｜某物起作用或運作或具有力量的範圍,"There’s a reason, after all, Trump kept its scope narrow, even leaving Maduro’s Vice President in place — occupying any country is extremely costly and extremely difficult.",general scope; ample scope; expand scope,C1
Scramble,/ˈskɹæmbəl/,v.,"scramble, scrambles, scrambled, scrambled, scrambling",scrambler (n.),to move hurriedly｜匆忙移動,"It's more about ordinary trust that makes people feel at ease, they don't have to scramble to secure the conditions of their belonging.",scramble back; scramble for control; scramble for influence,C1
Scrap,/ˈskɹæp/,n.,"scrap, scraps","scrappy (adj.), scrapper (n.)",a small fragment of something broken off from the whole｜從整體上脫落的小碎片,She gathered every scrap of paper from the desk and sorted them into neat piles before the meeting began.,scrap materials; scrap of paper; few scraps,C1
Scenario,/sɪˈnɛɹioʊ/,n.,"scenario, scenarios",scenarist (n.),an outline or description of a possible or projected sequence of events; a plan or script for a performance｜可能或預期事件序列的大綱或描述；表演的計畫或腳本,Rand's descriptive style echoes her early career writing scenarios and scripts for movies; her novels have many narrative descriptions that resemble early Hollywood movie scenarios.,common scenario; realistic scenario; future scenarios,C1
Scheme,/ˈskim/,n.,"scheme, schemes","schemer (n.), schematic (adj.), schematize (v.)",an organized plan or a broad arrangement or structure｜有組織的計畫或廣泛的安排或結構,And that is that you and everyone are going to die and that nothing we do is going to matter in the grand scheme of things.,grand scheme; proposed scheme; whole scheme,C1
Script,/ˈskɹɪpt/,n.,"script, scripts",scriptural (adj.),"a writing system or the written text of a play, film, or broadcast｜書寫系統或戲劇、電影、廣播的書面文本","In turn, the ancestor of aleph may have been a pictogram of an ox head in proto-Sinaitic script influenced by Egyptian hieroglyphs, styled as a triangular head with two horns extended.",script used; simple script; run script,C1
Seminar,/ˈsɛməˌnɑɹ/,n.,"seminar, seminars",None,any meeting for an exchange of ideas｜任何用於交換意見的會議,The professor invited several guest speakers to his weekly seminar on climate change policy and global governance.,international research seminar; attend seminars; run seminar,C1
Senator,/ˈsɛnətɚ/,n.,"senator, senators","senatorial (adj.), senatorship (n.)",a member of a senate｜參議員,"Until 1964, the state elected state senators on a geographic basis by county, with one per county.",senator from Ohio; senator elect; incumbent senator,C1
Segment,/ˈsɛɡmənt/,v.,"segment, segments, segmented, segmented, segmenting",segmentation (n.),divide into segments｜分成段,The teacher chose to segment the lesson into three short and manageable parts.,segment the market; segment customers; segment the data,C1
Sensation,/sɛˈnseɪʃən/,n. [U],no changes,sense (v.),an unelaborated elementary awareness of stimulation｜對刺激的簡單基本意識,The cold water produced an intense sensation across her skin as she stepped into the mountain stream.,physical sensation; bodily sensation; tremendous sensation,C1
Sector,/ˈsɛktɚ/,n.,"sector, sectors",sectorial (adj.),"a distinct part of an economy, society, area, or system｜經濟、社會、地區或系統的明顯部分",The technology sector created thousands of new jobs in the region last year.,technology sector; tech sector; private sector,C1
Sensitivity,/ˌsɛnsɪˈtɪvɪti/,n. [U],no changes,sensitive (adj.),the quality of being sensitive; the ability to respond to slight changes or to feelings of others｜敏感的品質；對輕微變化或他人情感的響應能力,"The Japanese filmmaker Akira Kurosawa remarked on Tarkovsky's films as saying: ""His unusual sensitivity is both overwhelming and astounding.",higher sensitivity; reduced sensitivity; improve sensitivity,C1
Sentimental,/ˌsɛntəˈmɛntəl/,adj.,"sentimental, more sentimental, most sentimental","sentiment (n.), sentimentality (n.)",given to or marked by sentiment or sentimentality｜傾向於或以情感或感傷為特徵,The old photograph had great sentimental value for the family.,sentimental value; sentimental attachment; overly sentimental,C1
Sensor,/ˈsɛnsɚ/,n.,"sensor, sensors",sense (v.),"a device or biological organ that detects physical stimuli such as light, heat, or pressure and converts them into a signal｜檢測光、熱、壓力等物理刺激並將其轉換為信號的裝置或生物器官",Physiologists have identified sensors in the hypothalamus that monitor blood osmolarity and trigger the sensation of thirst when fluid levels fall below a critical threshold.,binary sensor; use sensor; regular sensor,C1
Setting,/ˈsɛtɪŋ/,n.,"setting, settings",set (v.),the context and environment in which something is set｜事物的背景和環境,The remote island provides the setting for the final chapter of the novel.,historical setting; rural setting; social setting,C1
Sentiment,/ˈsɛntəmənt/,n.,"sentiment, sentiments",sentimental (adj.),"an attitude, opinion, or feeling about something｜對某事物的態度、意見或感受",There was a strong sentiment among the staff that the changes had come too fast.,general sentiment; changing sentiment; public sentiment,C1
Sequence,/ˈsikwəns/,v.,"sequence, sequences, sequenced, sequenced, sequencing","sequencer (n.), sequential (adj.)",arrange in a sequence｜按順序排列,She sequenced the photos in chronological order so that viewers could follow the story from start to finish.,sequence the genome; sequence the samples; sequence events,C1
Server,/ˈsɝvɚ/,n.,"server, servers",serve (v.),a person whose occupation is to serve at table (as in a restaurant)｜以餐廳為例，其職業是在餐桌服務的人,The friendly server brought the bill after clearing the table.,server brought the bill; attentive server; friendly server,C1
Shatter,/ˈʃætɚ/,v.,"shatter, shatters, shattered, shattered, shattering",shattering (n.),break into many pieces｜碎成很多片,"If the Minoans had gone down, would that have shattered the small world network.",totally shatter; shatter glass; shatter expectations,C1
Series,/ˈsɪɹiz/,n. [U],no changes,serial (adj.),similar things placed in order or happening one after another｜按順序放置或一個接一個發生的相似事物,"Nonetheless, his ideas formed the inspiration for a series of Modern School (United States) around the world.",nebula original series; new series; whole series,C1
Session,/ˈsɛʃən/,n.,"session, sessions",None,a meeting for execution of a group's functions｜執行團體職能的會議,The first legislative session in the new capital met in December 1847.,jam session; current session; long sessions,C1
Shareholder,/ˈʃɛˌɹhoʊldɚ/,n.,"shareholder, shareholders",None,someone who holds shares of stock in a corporation｜持有公司股份的人,Jobs and Wozniak remained Apple shareholders following their departures.,majority shareholder; corporate shareholders; greedy shareholders,C1
Sheriff,/ˈʃɛɹəf/,n.,"sheriff, sheriffs",None,the principal law-enforcement officer in a county｜縣的主要執法官員,The sheriff rode into town to investigate the reports of stolen cattle.,local sheriff; high sheriff; with sheriff,C1
Shed,/ˈʃɛd/,n.,"shed, sheds",shedding (n.),an outbuilding with a single story; used for shelter or storage｜單層建築物，用於遮蔽或儲存,The gardener kept his tools and pots in a small wooden shed at the far end of the backyard.,build shed; little shed; shed on debate,C1
Sheer,/ˈʃɪɹ/,adj.,"sheer, sheerer, sheerest",None,complete and without restriction or qualification; sometimes used informally as intensifiers｜完全且沒有限制或條件的；有時非正式地用作強調詞,"""The sheer weight of scholarship has leaned toward portraying the surrenders of the Confederate armies as the end of the war.",sheer volume; sheer scale; sheer chance,C1
Shiver,/ˈʃɪvɚ/,n.,"shiver, shivers","shivery (adj.), shivering (n.)",a reflex motion caused by cold or fear or excitement｜由寒冷、恐懼或興奮引起的反射動作,A shiver ran through the audience as the conductor raised his baton before the final dramatic movement.,send shiver; send shivers; cold shivers,C1
Shield,/ˈʃild/,n.,"shield, shields","shielder (n.), shielding (n.)",a protective covering or structure｜防護覆蓋物或結構,Odysseus went to Skyros in the guise of a pedlar selling women's clothes and jewellery and placed a shield and spear among his goods.,shield technology; ceramic shield; human shields,C1
Shove,/ˈʃʌv/,v.,"shove, shoves, shoved, shoved, shoving",shover (n.),come into rough contact with while moving｜移動時與...發生粗暴接觸,"Fighting methods include pushing and shoving, deflating the opponent's vocal sac, seizing him by the head, jumping on his back, biting, chasing, splashing, and ducking him under the water.",shove off; shove down throat; shove in face,C1
Shortage,/ˈʃɔɹtədʒ/,n.,"shortage, shortages",None,the property of being an amount by which something is less than expected or required｜某物少於預期或需求的量,"Due to a metal shortage during World War II, Oscars were made of painted plaster for three years.",global ram shortage; global shortage; ongoing shortage,C1
Shuttle,/ˈʃʌtəl/,n.,"shuttle, shuttles",None,"a vehicle, aircraft, or train that travels back and forth regularly between two places｜定期在兩地來回的車輛、飛機或火車",A shuttle bus runs every thirty minutes between the airport terminal and the long-term parking lot.,space shuttle; shuttle bus; shuttle service,C1
Shrug,/ˈʃɹʌɡ/,n.,"shrug, shrugs",None,a gesture involving the shoulders｜涉及肩膀的姿勢,"When asked about his future plans, the young actor gave nothing more than a casual shrug of his shoulders.",shoulder shrug; shrug your shoulders; of shrug,C1
Siege,/ˈsidʒ/,n.,"siege, sieges",None,the action of an armed force that surrounds a fortified place and isolates it while continuing to attack｜武裝力量包圍要塞並在繼續攻擊的同時使其孤立的行動,The medieval city endured a six-month siege before the defenders finally negotiated a peaceful surrender.,under siege; lay siege to; lift the siege,C1
Skull,/ˈskʌl/,n.,"skull, skulls",None,the bony skeleton of the head of vertebrates｜脊椎動物頭部的骨骼結構,Old Major's skull is also exhumed and put on display.,deer skull; rex skull; of skull,C1
Sibling,/ˈsɪblɪŋ/,n.,"sibling, siblings",None,a person's brother or sister｜一個人的兄弟或姐妹,Growing up with three older siblings taught her the importance of sharing and negotiating from an early age.,younger sibling; older sibling; many siblings,C1
Skeleton,/ˈskɛlətən/,n.,"skeleton, skeletons",skeletal (adj.),something reduced to its minimal form｜簡化為最基本形式的事物,"The first draft was only a skeleton, with most details still missing.",rex skeleton; complete skeleton; of skeleton,C1
Slavery,/ˈsleɪvɚi/,n. [U],no changes,slave (v.),the state of being under the control of another person｜受他人控制的狀態,The abolition movement fought for decades to end the practice of chattel slavery in every part of the country.,abolish slavery; chattel slavery; escape from slavery,C1
Slam,/ˈslæm/,n.,"slam, slams",slammer (n.),"a forceful, loud bang or the act of closing something with great force｜用力關閉所發出的巨大聲響或動作",The slam of the heavy door echoed down the empty corridor long after he had gone.,door slam; grand slam; slam dunk,C1
Slap,/ˈslæp/,n.,"slap, slaps",slapper (n.),a blow from a flat object (as an open hand)｜扁平物體（如手掌）給予的打擊,The sudden slap of icy water against his face woke him completely.,a hard slap; a playful slap; a stinging slap,C1
Sniff,/ˈsnɪf/,v.,"sniff, sniffs, sniffed, sniffed, sniffing",sniffer (n.),perceive by inhaling through the nose｜透過鼻子吸入來感知,"Some syllables captured blended actions (for example, groom/sniff), probably owing to overhead view limitations.",sniff some glue; sniff out; sniff through nose,C1
Smash,/ˈsmæʃ/,n.,"smash, smashes","smasher (n.), smashing (n.)",a vigorous blow｜猛烈的打擊,A single smash from the hammer was enough to break the old wooden door apart.,absolute smash; smash world records; smash into pieces,C1
Smog,/ˈsmɑɡ/,n. [U],no changes,smoggy (adj.),air pollution by a mixture of smoke and fog｜煙霧混合造成的空氣污染,"Because the city is surrounded by hills, it suffers from inversion (meteorology) smog.",characteristic smog; cause smog; of smog,C1
Slot,/ˈslɑt/,n.,"slot, slots",None,"a narrow opening or groove, or a designated period of time for an activity｜狹窄的開口或溝槽，或活動指定的時段","Cartoons were mainly programmed for children, on convenient time slots, and especially US youth spent many hours watching Saturday-morning cartoons.",empty slot; slot canyons; in slot,C1
Snatch,/ˈsnætʃ/,n.,"snatch, snatches",snatcher (n.),a small fragment｜小片段,"The bald eagle is an opportunistic feeder that subsists mainly on fish, upon which it swoops down and snatches from the water with its talons.",snatch of song; snatches of opinions; in snatch,C1
Sneak,/ˈsnik/,n.,"sneak, sneaks",sneaky (adj.),a person who is regarded as underhanded and furtive and contemptible｜被視為狡詐、鬼祟且可鄙的人,"My little brother was always a sneak, sneaking cookies from the jar whenever he thought no one was watching.",a sneak; sneaky person; absolute sneak,C1
Soak,/ˈsoʊk/,n.,"soak, soaks","soaker (n.), soakage (n.), soaking (n.)",the process of becoming softened and saturated as a consequence of being immersed in water (or other liquid)｜因浸泡在水中或其他液體而變軟並浸透的過程,"After the long hike, she enjoyed a warm soak in the bathtub to ease her aching muscles.",soak in water; soak in nature; soaks into pores,C1
Sob,/ˈsɑb/,n.,"sob, sobs",sobbing (n.),"a short cry or weeping, often from sadness or exhaustion｜短暫的哭喊或哭泣，常因悲傷或疲憊","Additionally, it can produce nonverbal communication sounds such as laughter, sighs, and sobs.",burst into sobs; choked sob; quiet sobs,C1
Sole,/ˈsoʊl/,adj.,"sole, no changes",None,not divided or shared with others｜不與他人分享或分擔的,"In this paper, we introduce a simple adaptive moving average estimator based on a Random Forest using as sole predictor a time trend.",sole job; sole predictor; sole purpose,C1
Soar,/ˈsɔɹ/,v.,"soar, soars, soared, soared, soaring",soaring (n.),rise rapidly｜快速上升,Eagle populations have soared in recent decades thanks to decades of careful conservation efforts.,sees demand soar; soar to heights; soar to highs,C1
Sober,/ˈsoʊbɚ/,adj.,"sober, more sober, most sober",soberness (n.),"not intoxicated by alcohol or drugs; also, serious, calm, and clear-headed in manner or judgment｜未受酒精或藥物影響的；也指態度或判斷上嚴肅、冷靜且清醒的",He remained completely sober at the party so that he could drive everyone home.,sober reflection; sober experience; sober moment,C1
Soften,/ˈsɑfən/,v.,"soften, softens, softened, softened, softening","softener (n.), softening (n.)",make (images or sounds) soft or softer｜使影像或聲音柔和或更柔和,We unravel the critical role of vibrational mode softening in single-molecule electronic devices at high bias.,soften version; soften blow; soften tone,C1
Solo,/ˈsoʊˌloʊ/,n.,"solo, solos",soloist (n.),any activity that is performed alone without assistance｜獨立完成無需協助的活動,William Merrigan Daly arranged the score for piano solo; this was published by New World Music in 1929.,musical solo; fly solo; perform a solo,C1
Sophomore,/ˈsɑˌfmɔɹ/,n.,"sophomore, sophomores",None,a second-year undergraduate｜大學二年級學生,"The first women's collegiate basketball game was played on March 21, 1893, when her Smith freshmen and sophomores played against one another.",high school sophomore; sophomore in college; sophomore in school,C1
Sovereignty,/ˈsɑvɹənti/,n. [U],no changes,None,government free from external control｜不受外部控制的政府,The treaty recognised the full sovereignty of the newly independent nation.,national sovereignty; defend sovereignty; popular sovereignty,C1
Souvenir,/ˌsuvəˈnɪɹ/,n.,"souvenir, souvenirs",None,something of sentimental value｜紀念品,She kept a small seashell from each beach she visited as a souvenir of summers spent abroad.,souvenir cup; pick souvenirs; only souvenir,C1
Sow,/ˈsaʊ/,v.,"sow, sows, sowed, sown, sowing",sower (n.),place (seeds) in or on the ground for future growth｜播種;播下,"Teachers of Arabic, brought in from other Muslim countries, spread conventional Islamic thought in schools and sowed the seeds of a return to Orthodox Islam.",sow chaos; sow doubt; sow seeds,C1
Spacious,/ˈspeɪʃəs/,adj.,"spacious, more spacious, most spacious","space (n.), spaciousness (n.)",very large in expanse or scope｜寬敞的;寬廣的,"The Hitchcocks lived in a spacious flat on Wilshire Boulevard, and slowly acclimatised themselves to the Los Angeles area.",really spacious; spacious rooms; spacious home,C1
Sparkle,/ˈspɑɹkəl/,n.,"sparkle, sparkles","sparkly (adj.), sparkler (n.), sparkling (n.)",merriment expressed by a brightness or gleam or animation of countenance｜光彩;閃耀,It's now time for Duck's final sparkle.,little sparkle; final sparkle; make sparkle,C1
Sophisticated,/səˈfɪstəˌkeɪtɪd/,adj.,"sophisticated, more sophisticated, most sophisticated",sophistication (n.),"having or showing refined knowledge, taste, or complexity; technologically advanced｜精密複雜的",The new system uses sophisticated algorithms to detect fraud in real time.,sophisticated technology; quite sophisticated; sophisticated tools,C1
Specialist,/ˈspɛʃələst/,n.,"specialist, specialists","specialise (v.), specialism (n.), specialize (v.), specialistic (adj.)",an expert who is devoted to one occupation or branch of learning｜專家,Her doctor referred her to a specialist who deals with rare bone conditions.,throat specialist; surgical specialist; vetted specialist,C1
Specialty,/ˈspɛʃəlti/,n.,"specialty, specialties",None,an asset of special worth or utility｜專長;特色,"Again, that's my focus of specialty, but that is also the area in which this little globalized small world network functioned.",medical specialty; different specialties; other specialties,C1
Spectacular,/spɛˈktækjəlɚ/,adj.,"spectacular, more spectacular, most spectacular",spectacle (n.),sensational in appearance or thrilling in effect｜壯觀的;驚人的,Being the True and Spectacular History of Edinburgh's Notorious Burke and Hare and of the Man of Science Who Abetted Them in the Commission of Their Most Heinous Crimes.,truly spectacular; spectacular fashion; spectacular rise,C1
Specimen,/ˈspɛsəmən/,n.,"specimen, specimens",None,an example regarded as typical of its class｜標本;樣本,"The limiting factor in this case is the speed of evaluation of a single specimen , which includes learning based on the whole large dataset.",early specimen; nice specimen; botanical specimen,C1
Spectator,/ˈspɛkteɪtɚ/,n.,"spectator, spectators",spectate (v.),a person who watches an event or activity without participating; an onlooker｜觀眾;旁觀者,"Paine was then asked, and agreed, to host protesters as spectators at the launch, and Abernathy, awestruck by the spectacle, prayed for the astronauts.",spectator sport; for spectators; hold spectators,C1
Specialize,/ˈspɛʃəˌlaɪz/,v.,"specialize, specializes, specialized, specialized, specializing","specialist (n.), specializer (n.), specialization (n.)",become more focus on an area of activity or field of study｜專門研究;專精,The small workshop chose to specialize in repairing antique clocks.,historian specialize; specialize in field; specialize in physics,C1
Specify,/ˈspɛsəˌfaɪ/,v.,"specify, specifies, specified, specified, specifying","specifier (n.), specification (n.)",specify as a condition or requirement in a contract or agreement; make an express demand or provision in an agreement｜明訂;指定,"Films can also qualify by winning specified awards at one of several competitive film festivals designated by the Academy, also without regard to prior public distribution.",user specify; specify objective; specify rule,C1
Speculate,/ˈspɛkjəˌleɪt/,v.,"speculate, speculates, speculated, speculated, speculating","speculation (n.), speculative (adj.)",to believe especially on uncertain or tentative grounds｜推測;猜測,"Shamanistic elements in Apollo's cult are often liked to his Hyperborean origin, and he is likewise speculated to have originated as a solar shaman.",speculate online; speculate about reaction; speculate on role,C1
Spectrum,/ˈspɛktɹəm/,n.,"spectrum, spectrums",spectral (adj.),an ordered array of the components of an emission or wave｜光譜;範圍,"Anarchism is placed on the Far-left politics of the political spectrum, though many reject state authority from Right-wing politics principles, such as anarcho-capitalists.",political spectrum; wide spectrum; full spectrum,C1
Sponge,/ˈspʌndʒ/,n.,"sponge, sponges","spongy (adj.), sponger (n.)",a porous mass of interlacing fibers that forms the internal skeleton of various marine animals and usable to absorb water or any porous rubber or cellulose product similarly used｜海綿,She wiped the counter with a damp sponge until every trace of the spilled juice was gone.,natural sea sponge; bath sponge; kitchen sponge,C1
Spine,/ˈspaɪn/,n.,"spine, spines","spinal (adj.), spinous (adj.)",the series of vertebrae forming the axis of the skeleton and protecting the spinal cord｜脊椎;脊柱,We validate our method in a simulation environment built with real-world data collected in the US imaging of the spine.,erect spine; of spine; tiny spine,C1
Spicy,/ˈspaɪsi/,adj.,"spicy, spicier, spiciest",spiciness (n.),having an agreeably pungent taste｜辣的,One of my spicier arguments is that I think happiness is greatly overrated in today's age.,spicy questions; spicy food; spicy soup,C1
Sphere,/ˈsfɪɹ/,n.,"sphere, spheres","spheric (adj.), spherical (adj.)",a particular environment or walk of life｜領域;範圍,"Aristotle's scheme added the heavenly Aether (classical element), the divine substance of the heavenly spheres, stars and planets.",expand every sphere; sphere of influence; in sphere,C1
Squash,/ˈskwɑʃ/,v.,"squash, squashes, squashed, squashed, squashing",None,"to compress with violence, out of natural shape or condition｜壓扁;壓縮","The committee voted to squash the proposal, arguing that its costs far outweighed any potential benefits.",squash opposition; squash bugs; squash dissent,C1
Squat,/ˈskwɑt/,adj.,"squat, more squat, most squat","squatter (n.), squatness (n.), squatting (n.)",short and thick; as e.g. having short legs and heavy musculature｜矮胖的;粗短的,The squat stone building had thick walls and unusually low ceilings.,air squat; squat down; squat rack,C1
Sponsorship,/ˈspɑnsɚˌʃɪp/,n.,"sponsorship, sponsorships",sponsor (n.),"financial or material support given by a sponsor to a person, event, or organization, typically in exchange for publicity｜讚助者對個人、活動或組織提供的財務或物質支持，通常以換取宣傳為條件",The local football club depends on sponsorship from nearby businesses to fund its youth academy.,corporate sponsorship; sponsorship deal; seek sponsorship,C1
Sponsor,/ˈspɑnsɚ/,v.,"sponsor, sponsors, sponsored, sponsored, sponsoring",sponsorship (n.),assume sponsorship of｜承擔讚助責任,"Advertising is somewhat restricted, as traditionally no film studios or competitors of official Academy Award sponsors may advertise during the telecast.",sponsor of video; sponsor show; sponsor message,C1
Spouse,/ˈspaʊs/,n.,"spouse, spouses",spousal (adj.),a person's partner in marriage｜配偶,Each employee may add their spouse to the company health plan at the start of the new tax year.,new spouse; with spouse; choose spouse,C1
Squad,/ˈskwɑd/,n.,"squad, squads",None,a smallest army unit｜軍隊中最小的單位,"For example, Francisco Goya's painting depicting the Spanish shootings of 3 May 1808 is a graphic depiction of a firing squad executing several pleading civilians.",goon squad; suicide squad; whole squad,C1
Stability,/stəˈbɪlɪti/,n. [U],no changes,stable (adj.),the quality or attribute of being firm and steadfast｜穩固堅定的特質,"As long as your emotional stability is based on how you perceive yourself and others perceive you, it's going to fluctuate wildly and you're going to lose control of your own actions.",macroeconomic stability; political stability; financial stability,C1
Stain,/ˈsteɪn/,n.,"stain, stains","stainer (n.), staining (n.)",a soiled or discolored appearance｜骯髒或變色的外觀,She scrubbed the wine stain on the carpet until only a faint shadow of its original shape remained.,ketchup stain; prevent stains; little stain,C1
Stall,/ˈstɔl/,n.,"stall, stalls",stalling (n.),a compartment in a stable where a single animal is confined and fed｜馬廄中單獨關養一隻動物的隔間,I heard a call in a bathroom stall in Harlem.,energy stall; in stall; stall in recovery,C1
Steer,/ˈstɪɹ/,n.,"steer, steers","steerer (n.), steerage (n.), steering (n.)","a young bull that has been castrated, raised for beef｜被閹割的年輕公牛，養來作為肉牛",The rancher raised a single steer each year to sell at the county fair auction in late summer.,young steer; fatten a steer; lead the steer,C1
Stack,/ˈstæk/,n.,"stack, stacks",stacker (n.),an orderly pile｜整齊的堆疊,She carried a stack of reports to the boardroom and distributed one copy to each member before the meeting started.,stack of books; tall stack; stack of papers,C1
Stake,/ˈsteɪk/,v.,"stake, stakes, staked, staked, staking",None,put at risk｜置於危險中,The company refused to stake its reputation on an untested product.,stake everything; stake your reputation; stake money on,C1
Stance,/ˈstæns/,n.,"stance, stances",stand (v.),standing posture｜站立姿勢,The boxer widened his stance to keep his balance during the match.,ideological stance; moral stance; official stance,C1
Startle,/ˈstɑɹtəl/,v.,"startle, startles, startled, startled, startling",None,to stimulate to action｜刺激使行動,The sudden crack of thunder was enough to startle even the most composed members of the audience.,startle people; startle the audience; easily startled,C1
Stew,/ˈstu/,n.,"stew, stews",stewing (n.),a dish of meat and vegetables cooked slowly together in liquid｜肉類和蔬菜在液體中慢慢燉煮的菜餚,"Fish, meat, and fowl could be salted or dried, and could be cooked in stews or roasted on a grill.",rambling stew; vegetable stews; make stews,C1
Stereotype,/ˈstɛɹiəˌtaɪp/,n.,"stereotype, stereotypes","stereotypic (adj.), stereotypical (adj.)",a conventional or formulaic conception or image｜公式化或慣例性的概念或形象,"Historical neglect of gestational parents in research perpetuated stereotypes of female frailty, but recent years have seen a shift towards recognizing the benefits of an active pregnancy.",cultural stereotype; popular stereotype; negative stereotypes,C1
Statistical,/stəˈtɪstɪkəl/,adj.,no changes,statistics (n.),of or relating to statistics｜統計學的或與統計相關的,"Census Bureau, the state contains 12 metropolitan statistical areas.",statistical likelihood; statistical analysis; statistical model,C1
Stink,/ˈstɪŋk/,n.,"stink, stinks","stinky (adj.), stinker (n.)",a distinctive odor that is offensively unpleasant｜令人不悅的強烈氣味,"Evidently the earth people felt differently; there was a real stink about the hotheaded, recalcitrant Apollo 7 crew who wouldn't take orders.",a terrible stink; the stink of garbage; an awful stink,C1
Stimulus,/ˈstɪmjələs/,n.,"stimulus, stimuluses",stimulate (v.),any stimulating information or event; acts to arouse action｜任何具刺激性的資訊或事件；能激發行動,A memory occurs when stimulus (psychology) such as sights or sounds are so complex that the nervous system cannot receive them all at once.,economic stimulus; stimulus timing; powerful stimulus,C1
Storage,/ˈstɔɹədʒ/,n. [U],no changes,store (v.),the act of storing something｜存放某物的行為,"As a result, the year's wheat crop from Minnesota never reaches the rest of the country but instead rots in storage; also, the soybean crop is lost, having been reaped too early.",storage pool; redundant storage; volatile storage,C1
Straighten,/ˈstɹeɪtən/,v.,"straighten, straightens, straightened, straightened, straightening",straightener (n.),straighten up or out; make straight｜挺直或展開；使變直,She straightened the picture frame on the wall until it hung perfectly level with the shelf below it.,straighten out; straighten up; straighten paths,C1
Stimulate,/ˈstɪmjəˌleɪt/,v.,"stimulate, stimulates, stimulated, stimulated, stimulating","stimulus (n.), stimulant (adj.), stimulation (n.), stimulative (adj.)",act as a stimulant｜起刺激作用,"If the chain of ""images"" is needed, one memory stimulates the next.",deliberately stimulate; stimulate economy; stimulate growth,C1
Strap,/ˈstɹæp/,n.,"strap, straps",None,"a narrow strip of leather, fabric, or similar material used to fasten, secure, or carry something｜狹窄的皮條、布條或類似材料，用於綁緊、固定或攜帶物品",She adjusted the strap of her backpack before setting off on the long uphill trail.,integrated strap; life jacket strap; with strap,C1
Stock,/ˈstɑk/,n.,"stock, stocks","stocker (n.), stocking (n.), stockist (n.)",the capital raised by a corporation through the issue of shares entitling holders to an ownership interest (equity)｜公司透過發行股票集資而成的資本，持股人可獲得所有權（股權）,"The shop had run out of stock, so we had to order the book from elsewhere.",stock brokers; stock photo; buy stock,C1
Strand,/ˈstɹænd/,n.,"strand, strands",None,a pattern forming a unity within a larger structural whole｜在較大的結構整體中構成統一體的圖案或脈絡,"Throughout the review, we identify directions for future work to fill existing gaps and to synthesize the disparate strands of research within the field.",strand puzzles; double strand; second strand,C1
Strain,/ˈstɹeɪn/,v.,"strain, strains, strained, strained, straining","strainer (n.), straining (n.)",to exert much effort or energy｜全力以赴；竭盡力氣,They're developing this ancient recipe as a modern drug and moving forward into human trials with the goal of helping us combat some of these drug resistant modern strains.,strain on system; strain on arms; strain muscles,C1
Straightforward,/ˈstɹeɪˈtfɔɹwɚd/,adj.,"straightforward, more straightforward, most straightforward",straightforwardness (n.),free from ambiguity｜不含糊的；明確的,"Unlike the others, however, Kinnan is straightforward and honest about his purpose.",fairly straightforward; straightforward solution; straightforward approach,C1
Striking,/ˈstɹaɪkɪŋ/,adj.,"striking, more striking, most striking",strikingly (adv.),sensational in appearance or thrilling in effect｜外表引人注目的；效果震撼的,"Researchers noted the striking difference in outcomes between the two groups, suggesting the intervention had a significant effect.",striking things; striking finding; striking difference,C1
Stumble,/ˈstʌmbəl/,n.,"stumble, stumbles",stumbler (n.),an unsteady uneven gait｜不穩的步伐；跌跌撞撞,"After a small stumble at the start of his speech, the senator quickly regained his composure and continued.",early stumble; stumble into context; stumble upon moments,C1
Strategic,/stɹəˈtidʒɪk/,adj.,"strategic, more strategic, most strategic",strategy (n.),relating to or concerned with strategy｜與策略相關的；策略性的,"Many served in the armed forces, while others worked in intelligence (for example, the Office of Strategic Services and the Office of War Information).",strategic importance; highly strategic; strategic location,C1
Structural,/ˈstɹʌktʃɚəl/,adj.,"structural, more structural, most structural",None,"relating to or caused by structure, especially political or economic structure｜與結構相關的或由結構引起的，尤指政治或經濟結構","Global value chains have entered an era of 'structural volatility,' where disruption is no longer a cyclical shock but a permanent feature of the landscape.",structural engineers; structural breaks; structural changes,C1
Suburban,/səˈbɝbən/,adj.,"suburban, more suburban, most suburban","suburbia (n.), suburbanize (v.)",relating to or characteristic of or situated in suburbs｜與郊區相關的、郊區特色的或位於郊區的,They moved to a quiet suburban neighborhood outside the city.,suburban shoppers; suburban neighborhood; suburban sprawl,C1
Successor,/səˈksɛsɚ/,n.,"successor, successors",succeed (v.),a person who follows next in order｜按順序緊接在後的人,"It describes the various heuristic methods developed over time and their successor, which utilizes a pick success predictor trained on real production data.",potential successor; designated successor; natural successor,C1
Sturdy,/ˈstɝdi/,adj.,"sturdy, sturdier, sturdiest",sturdiness (n.),strongly and solidly built; resistant to force or wear｜構造結實堅固的；能抵抗外力的,The oak bookshelves proved sturdy enough to hold decades of heavy encyclopedias without sagging.,sturdy structure; sturdy enough; sturdy construction,C1
Subsidy,/ˈsʌbsɪdi/,n.,"subsidy, subsidies","subsidise (v.), subsidize (v.)",a grant paid by a government to an enterprise that benefits the public｜政府對造福公眾企業的補貼,The program requires 70% of that subsidy to go to carriers who offer passenger service to the communities.,government subsidy; wage subsidy; farm subsidy,C1
Subtle,/ˈsʌtəl/,adj.,"subtle, subtler, subtlest",None,difficult to detect or grasp by the mind or analyze｜難以察覺或理解的,There was a subtle change in his tone that most people would never notice.,subtle details; subtle message; subtle shift,C1
Superstition,/ˌsupɚˈstɪʃən/,n.,"superstition, superstitions",superstitious (adj.),an irrational belief arising from ignorance or fear｜因無知或恐懼而產生的非理性信念,"These results highlight the ""rational superstition"" phenomenon in AI, where belief is driven more by mental heuristics and intuition than critical evaluation.",popular superstition; mere superstition; common superstition,C1
Subsequent,/ˈsʌbsəkwənt/,adj.,no changes,"subsequence (n.), subsequentness (n.)",following in time or order｜在時間或順序上緊接在後的,I think one of the biggest contributors to their ongoing symptoms and their subsequent readjustment was being called baby killers.,subsequent periods; subsequent events; subsequent analysis,C1
Substitute,/ˈsʌbstəˌtut/,n.,"substitute, substitutes","substituting (n.), substitution (n.)",a person or thing that takes or can take the place of another｜可取代另一人成事物的東西,We need to be looking already for substitutes that can take the place of lithium or whatever.,perfect substitute; close substitute; suitable substitute,C1
Superb,/sʊˈpɝb/,adj.,"superb, more superb, most superb",None,of surpassing excellence｜卓越超群的,The chef prepared a superb seven-course tasting menu that showcased seasonal local ingredients.,superb performance; superb quality; superb view,C1
Supervisor,/ˈsupɚˌvaɪzɚ/,n.,"supervisor, supervisors",supervise (v.),one who supervises or has charge and direction of｜監督或主管的人,"Current AI alignment paradigms rely on behavioral correction: external supervisors observe outputs, judge against preferences, and adjust parameters.",visual effects supervisor; music supervisor; immediate supervisor,C1
Substantial,/səbˈstæntʃəl/,adj.,"substantial, more substantial, most substantial","substance (n.), substantiality (n.), substantialness (n.)",fairly large｜相當大的,This may have both been co-caused by climate change as well as a substantial increase in global warming.,substantial evidence; substantial drops; substantial complexity,C1
Suite,/ˈswit/,n.,"suite, suites",None,a set of rooms or a collection of related things used or considered together｜一組房間或一組相關事物的集合，常被一起使用或考慮,The hotel gave them a luxury suite on the top floor.,full suite; comprehensive suite; broad suite,C1
Supervision,/ˌsupɚˈvɪʒən/,n.,"supervision, supervisions",supervise (v.),management by overseeing the performance or operation of a person or group｜監督或管理某人或團體的表現或運作,The key to our approach is to fully leverage the dynamic motion patterns over sequential point clouds as supervision signals to automatically discover rigid objects.,limited supervision; supervision signals; without any supervision,C1
Surplus,/ˈsɝpləs/,n.,"surplus, surpluses",None,a quantity much larger than is needed｜遠超過需求的數量,Agents wish to enter into contracts in order to generate surplus which then must be divided among the participants.,trade surplus; budget surplus; surplus value,C1
Supreme,/səˈpɹim/,adj.,no changes,None,"highest in rank, authority, or power; greatest or most extreme｜地位、權威或權力最高的；最大或最極端的","The Supreme Court unanimously held that this racial ""gerrymandering"" violated the Constitution.",supreme court; supreme commander; supreme power,C1
Supposedly,/səˈpoʊzədli/,adv.,"supposedly, more supposedly, most supposedly",None,believed or reputed to be the case｜據信或被認為是這樣的,"The painting was supposedly created by a famous artist, though no one could verify the claim.",supposedly true; supposedly safe; supposedly free,C1
Surveillance,/sɚˈveɪləns/,n.,"surveillance, surveillances",None,"close and continuous observation or monitoring of a person, group, or area｜對某人、團體或地區的密切且持續的觀察或監控",The laboratory is protected by continuous security surveillance.,mass surveillance; video surveillance; constant surveillance,C1
Symbolic,/sɪˈmbɑlɪk/,adj.,"symbolic, more symbolic, most symbolic",symbol (n.),relating to or using or proceeding by means of symbols｜與符號相關的、使用符號的或透過符號進行的,The dove is widely recognised as a symbolic representation of peace and reconciliation.,symbolic gesture; symbolic value; symbolic representation,C1
Swap,/ˈswɑp/,n.,"swap, swaps",None,an equal exchange｜平等的交換,Slayton then decided to swap the prime and backup crews of the D and E missions.,hot swap; silently swap; swap meet,C1
Sustainable,/səˈsteɪnəbəl/,adj.,"sustainable, more sustainable, most sustainable","sustain (v.), sustainability (n.)",able to continue over time without exhausting resources or causing severe harm｜能夠持續一段時間而不耗盡資源或造成嚴重危害的,The country is working to provide sustainable access to safe drinking water and sanitation.,sustainable development; sustainable solution; environmentally sustainable,C1
Tangle,/ˈtæŋɡəl/,n.,"tangle, tangles",None,a twisted and tangled mass that is highly interwoven｜高度交織的纏繞團塊,She spent ten minutes untangling the hopeless tangle of headphone cables stuffed in her bag.,huge tangle; form tangle; protein tangle,C1
Syndrome,/ˈsɪnˌdɹoʊm/,n.,"syndrome, syndromes",None,a complex of concurrent things｜同時發生事物的複雜組合,Doctors diagnosed the child with a rare genetic syndrome.,turner syndrome; irritable bowel syndrome; down syndrome,C1
Symptom,/ˈsɪmptəm/,n.,"symptom, symptoms",symptomatic (adj.),a sign or indication of a disease or condition experienced by a patient; any sign that something undesirable exists｜疾病或病情的徵兆或表徵；任何不良事物存在的跡象,A persistent cough can be an early symptom of a more serious respiratory illness.,depression symptom; first symptom; experience symptoms,C1
Temptation,/tɛˈmteɪʃən/,n.,"temptation, temptations",tempt (v.),"a strong desire to do something, especially something that may be unwise or wrong; something that attracts or entices｜強烈想做某事的欲望，尤指可能不智或錯誤的事；吸引或誘惑人的事物","He knew the late-night snack was a temptation he could not resist, and reached for the chocolate.",resist temptation; great temptation; constant temptation,C1
Submit,/səˈbmɪt/,v.,"submit, submits, submitted, submitted, submitting","submitter (n.), submission (n.), submissive (adj.)",refer for judgment or consideration｜提交以供裁決或考慮,Students must submit their essays by Friday afternoon.,submit forms; simply submit; submit papers,C1
Suspend,/səˈspɛnd/,v.,"suspend, suspends, suspended, suspended, suspending","suspender (n.), suspension (n.)",hang freely｜懸掛使其自由晃動,You can build it out of clouds of atoms that are suspended in a magnetic field and held in place and cooled down to near absolute zero by laser beams.,suspend operations; suspend elections; temporarily suspend,C1
Terminal,/ˈtɝmənəl/,n.,"terminal, terminals",None,a point or device at which a connection can be made in a circuit or network; a building or station at the end of a transport route｜電路或網路中可連接的點或裝置；交通路線末端的建築物或車站,We waited at the airport terminal for our delayed flight.,bloomberg terminal; transit terminal; screw terminal,C1
Tempt,/ˈtɛmpt/,v.,"tempt, tempts, tempted, tempted, tempting","tempter (n.), temptable (adj.), temptation (n.)",dispose or incline or entice to｜使傾向或吸引或誘惑,The low prices in the shop window were designed to tempt passers-by into buying more.,tempt fate; tempt customers; sorely tempted,C1
Supervise,/ˈsupɚˌvaɪz/,v.,"supervise, supervises, supervised, supervised, supervising","supervisor (n.), supervising (n.), supervision (n.), supervisory (adj.)",watch and direct｜監督並指導,Both networks are trained end-to-end in a supervised fashion using costs computed from traditional motion planners.,supervise staff; supervise children; closely supervise,C1
Testify,/ˈtɛstəˌfaɪ/,v.,"testify, testifies, testified, testified, testifying","testifier (n.), testimony (n.)",give testimony in a court of law｜在法庭上作證,"Finally, the universality of this mechanism is testified for different neighborhood sizes, different topology structures and different game models.",testify against; testify in court; testify before congress,C1
Tackle,/ˈtækəl/,v.,"tackle, tackles, tackled, tackled, tackling",tackler (n.),accept as a challenge｜接受作為挑戰,"Today on Big Think, we're going to tackle three big ideas on excellence.",tackle the problem; tackle challenges; tackle issues,C1
Theology,/θiˈɑlədʒi/,n.,"theology, theologies","theologist (n.), theological (adj.)",the rational and systematic study of religion and its influences and of the nature of religious truth｜對宗教及其影響力以及宗教真理本質的理性且系統化的研究,She studied theology at university and was struck by how different scholars interpreted the same scripture.,systematic theology; liberation theology; moral theology,C1
Sustain,/səˈsteɪn/,v.,"sustain, sustains, sustained, sustained, sustaining","sustainer (n.), sustenance (n.), sustainable (adj.), sustainment (n.)",to keep something going over time; to support or provide what is needed for continued existence｜維持某事物持續運作；支援或提供持續存在所需的條件,We get to decide what matters in our lives and they sustain us through hardship and challenges and when things go wrong.,sustain operations; sustain engagement; sustain advantage,C1
Texture,/ˈtɛkstʃɚ/,n.,"texture, textures",None,the way a surface or material feels when you touch it｜表面或物質觸摸時的觸感,This silk scarf has a wonderfully soft and smooth texture.,smooth texture; rough texture; soft texture,C1
Theft,/ˈθɛft/,n.,"theft, thefts",None,the act of taking something from someone unlawfully｜非法從他人處取走財物的行為,"Burning with rage over Agamemnon's theft, Achilles offered a Homeric prayer to Thetis to convince Zeus to help the Trojans.",identity theft; petty theft; car theft,C1
Terrify,/ˈtɛɹəˌfaɪ/,v.,"terrify, terrifies, terrified, terrified, terrifying",terror (n.),fill with terror; frighten greatly｜使充滿恐懼；極度驚嚇,"He did not change his mind, even when Ares produced a terrifying sound and threatened to hurl mountain peaks into the river.",terrify children; terrify the audience; absolutely terrify,C1
Therapy,/ˈθɛɹəpi/,n. [U],no changes,"therapist (n.), therapeutic (adj.), therapeutical (adj.)",treatment intended to improve or relieve a medical or psychological condition｜旨在改善或緩解醫療或心理狀況的治療,"An Occupational Therapist's role in prosthetics includes therapy, training, and evaluations.",physical therapy; speech therapy; gene therapy,C1
Thigh,/ˈθaɪ/,n.,"thigh, thighs",None,the part of the leg between the hip and the knee｜腿部介於臀部和膝蓋之間的部分,"The exoskeleton supports the shoulder, waist, and thigh, and assists movement for lifting and holding heavy items, while lowering back stress.",thigh bone; inner thigh; thigh muscle,C1
Thriller,/ˈθɹɪlɚ/,n.,"thriller, thrillers",thrill (v.),"an exciting story, film, or play full of suspense and tension｜充滿懸念和緊張感的精彩故事、電影或戲劇",We watched a gripping thriller about a detective chasing a clever criminal.,a gripping thriller; a psychological thriller; watch a thriller,C1
Therapist,/ˈθɛɹəpəst/,n.,"therapist, therapists",therapy (n.),a person skilled in a particular type of therapy｜精通特定類型治療的專業人士,She saw a therapist every week to help her cope with the stress of her demanding job.,expert therapist; different therapist; expensive therapist,C1
Theoretical,/ˌθiɚˈɛtɪkəl/,adj.,"theoretical, more theoretical, most theoretical",None,concerned primarily with theories or hypotheses rather than practical considerations｜主要涉及理論或假設而非實際考量,"It was later expanded upon in the theoretical work of Peter Kropotkin, whose specific style would go onto become the dominating view of anarchists by the late 19th century.",theoretical guarantees; theoretical computer science; theoretical results,C1
Thrill,/ˈθɹɪl/,n.,"thrill, thrills",thriller (n.),a sudden feeling of excitement or pleasure; a cause of great excitement｜突然的興奮或快感；令人極度興奮的事物,The steep roller coaster gave even experienced riders a powerful thrill.,thrill ride; thrill of exploration; big thrill,C1
Thesis,/ˈθisəs/,n.,"thesis, theses",None,an unproved statement put forward as a premise in an argument｜作為論證前提提出的未經證實的陳述,She could easily write an entire thesis on the early era of punk rock and its cultural legacy.,bullish thesis; bearish thesis; extended mind thesis,C1
Throne,/ˈθɹoʊn/,n.,"throne, thrones",None,"the chair of state for a monarch, bishop, etc.｜君王、主教等的寶座",The young prince rose to the throne after his father died.,rightful throne; heir to the throne; ascend the throne,C1
Thrust,/ˈθɹʌst/,n.,"thrust, thrusts","thruster (n.), thrusting (n.)","the main point, message, or direction of something; a strong forward pushing force｜事物的核心要點、訊息或方向；強大的向前推力",Artificial Intelligence is reframed as a cognitive engine driving a novel productivity revolution distinct from the Industrial Revolution's physical thrust.,broad thrust; general thrust; thrust of story,C1
Thrive,/ˈθɹaɪv/,v.,"thrive, thrives, thrived, thrived, thriving",None,grow vigorously｜旺盛生長,An anthropology of the state has developed into a thriving field today.,thrive on challenges; thrive in adversity; thrive under pressure,C1
Threshold,/ˈθɹɛˌʃoʊld/,n.,"threshold, thresholds",None,a level or point at which something begins or changes; the minimum value required for something to occur｜事物開始或變化的水準或臨界點；事件發生的最低門檻值,"In early 1865, Congress reduced the threshold for ten-percent taxation to incomes above $5000.",threshold values; pain threshold; minimum threshold,C1
Thereby,/ˈðɛˈɹbaɪ/,adv.,no changes,None,by that means or because of that｜由此或因此而,The direct (albedo) effect is generally to cool the planet; the indirect effect (the particles act as cloud condensation nuclei and thereby change cloud properties) is less certain.,thereby advancing; thereby contribute; thereby opening up,C1
Tick,/ˈtɪk/,n.,"tick, ticks","ticker (n.), ticking (n.)",a metallic tapping sound｜金屬敲擊聲,"My book is called 'On Time', the physics that makes the universe tick.",tick of the clock; steady tick; faint tick,C1
Toll,/ˈtoʊl/,v.,"toll, tolls, tolled, tolled, tolling",toller (n.),ring slowly｜緩慢敲響,The great bell began to toll slowly to mark the passing of the old king.,bells toll; toll the bell; toll for the dead,C1
Tin,/ˈtɪn/,v.,"tin, tins, tinned, tinned, tinning","tinny (adj.), tinning (n.)",plate with tin｜鍍錫,Workers tin the steel sheets in a molten bath to prevent rust before they are shaped into cans.,tin the wires; molten tin; tin plating,C1
Tile,/ˈtaɪl/,n.,"tile, tiles",tiler (n.),a flat thin rectangular slab (as of fired clay or rubber or linoleum) used to cover surfaces｜扁平的薄矩形薄片（如燒製黏土、橡膠或油布），用於覆蓋表面,"The remaining 5% of bitumen is used mainly for sealing and insulating purposes in a variety of building materials, such as pipe coatings, carpet tile backing and paint.",roof tile; ceramic tile; floor tile,C1
Torment,/ˈtɔˌɹmɛnt/,n.,"torment, torments","tormenter (n.), tormentor (n.)",unbearable physical pain｜難以忍受的身體疼痛,The power of love works in two ways: it torments sinners.,endless torment; mental torment; the torment of guilt,C1
Torch,/ˈtɔɹtʃ/,v.,"torch, torches, torched, torched, torching",None,"burn maliciously, as by arson｜恶意纵火焚烧",An angry mob attempted to torch the abandoned courthouse during the third night of the riots.,torch a building; torch the car; torch the house,C1
Traitor,/ˈtɹeɪtɚ/,n.,"traitor, traitors",traitorous (adj.),someone who betrays his country by committing treason｜背叛祖國犯下叛國罪的人,"In later years, detractors denounced Crowley as a traitor to Britain for this action.",branded a traitor; called a traitor; a traitor to the cause,C1
Tournament,/ˈtʊɹnəmənt/,n.,"tournament, tournaments",None,a sporting competition in which contestants play a series of games to decide the winner｜運動競賽，參賽者參加一系列比賽以決定勝者,"This paper aims at extending PD Tournaments to the case of infinite, finite or infinitesimal payoffs using Sergeyev's Infinity Computing.",win the tournament; tennis tournament; knockout tournament,C1
Transit,/ˈtɹænzɪt/,n. [U],no changes,transition (n.),the movement of people or goods from one place to another; a system of public transport｜人或貨物從一地到另一地的移動；公共交通系統,"Urban design significantly impacts sustainability, particularly in the context of public transit efficiency and carbon emissions reduction.",transit terminal; taking public transit; help ships transit,C1
Trait,/ˈtɹeɪt/,n.,"trait, traits",None,a distinguishing feature of your personal nature｜個人性格中區別性的特徵,Patience is a valuable trait in anyone who works closely with young children.,key trait; positive trait; multiple complex trait,C1
Transaction,/tɹæˈnzækʃən/,n.,"transaction, transactions",transact (v.),the act of transacting within or between groups (as carrying on commercial activities)｜在團體內或團體間進行的交易活動（如執行商業行為）,Every transaction is recorded carefully so that the accounts remain accurate and clear.,financial transaction; monetary transaction; business transaction,C1
Toxic,/ˈtɑksɪk/,adj.,"toxic, more toxic, most toxic","toxin (n.), toxicity (n.)",of or relating to or caused by a toxin or poison｜關於或由毒素或毒物引起的,A vividly coloured skin usually indicates that the species is toxic and is a warning sign to predators.,toxic positivity; highly toxic; toxic waste,C1
Transformation,/ˌtɹænsfɚˈmeɪʃən/,n.,"transformation, transformations",transform (v.),a qualitative change｜質的變化,The old factory underwent a remarkable transformation into a modern art gallery.,physical transformation; digital transformation; radical transformation,C1
Tribute,/ˈtɹɪbjut/,n.,"tribute, tributes",None,something given or done as an expression of esteem｜作為表示敬意而給予或做的事情,The concert was a tribute to the singer who had passed away.,pay tribute; fitting tribute; tribute band,C1
Transition,/tɹæˈnzɪʃən/,n.,"transition, transitions",transit (v.),the act of passing from one state or place to the next｜從一個狀態或地方過渡到下一個的行為,It also saw a transition from its previous revolutionary nature to provocative anti-capitalist reformism.,green transition; smooth transition; energy transition,C1
Treaty,/ˈtɹiti/,n.,"treaty, treaties",None,a written agreement between two states or sovereigns｜兩個國家或君主之間的書面協議,Spain kept a claim on its former Spanish West Florida territory in what would become the coastal counties until the Adams–Onís Treaty officially ceded it to the U.,versailles treaty; treaty organization; peace treaty,C1
Transmission,/tɹænˈsmɪʃən/,n.,"transmission, transmissions",transmit (v.),the act of sending a message; causing a message to be transmitted｜發送訊息的行為；導致訊息被傳遞,What follows is an overview of the transmission and influence of his texts and ideas into the modern era.,data transmission; disease transmission; signal transmission,C1
Trauma,/ˈtɹɔmə/,n.,"trauma, traumas","traumatic (adj.), traumatise (v.), traumatize (v.)",any physical damage to the body caused by violence or accident or fracture etc.｜由暴力、事故或骨折等造成的任何身體傷害,Survivors of the accident were offered counselling to help them recover from the trauma.,childhood trauma; emotional trauma; head trauma,C1
Trim,/ˈtɹɪm/,adj.,"trim, trimmer, trimmest","trimmer (n.), trimming (n.), trimness (n.)",thin and fit｜纖細而健康,Regular exercise helped him stay trim and energetic throughout the season.,trim figure; neat and trim; trim physique,C1
Transparent,/tɹænˈspɛɹənt/,adj.,"transparent, more transparent, most transparent","transparence (n.), transparency (n.), transparentness (n.)",transmitting light; able to be seen through with clarity｜透光的；能清晰透視的,"The animators' drawings are traced or photocopied onto transparent acetate sheets called cels, which are filled in with paints in assigned colors or tones on the side opposite the line drawings.",fully transparent; transparent way; really transparent,C1
Trigger,/ˈtɹɪɡɚ/,n.,"trigger, triggers",None,"something that causes an event, reaction, or process to begin; a lever or mechanism that initiates an action｜導致事件、反應或過程開始的事物；啟動動作的槓桿或機制","The level of empathy concern then triggers activation in specific brain regions, urging the individual to engage in heroic behaviours.",trigger words; trigger warning; initial trigger,C1
Trophy,/ˈtɹoʊfi/,n.,"trophy, trophies",None,"a prize or award given in recognition of achievement, especially in a competition or contest｜為表彰成就而頒發的獎品或獎勵，尤指在競賽或比賽中","Shumway and Sons Foundry in Batavia, Illinois, contributed to casting the molds for the Vince Lombardi Trophy and Emmy Awards statuettes.",win a trophy; trophy cabinet; lift the trophy,C1
Tuna,/ˈtunə/,n.,"tuna, tunas",None,"a large marine fish of the family Scombridae, widely caught for food｜鯖魚科的大型海魚，廣泛被捕捉作為食物","Overfishing has pushed bluefin tuna to the brink, disrupting food chains across both oceans.",tuna consumption; canned tuna; bluefin tuna,C1
Trivial,/ˈtɹɪviəl/,adj.,"trivial, more trivial, most trivial","trivia (n.), triviality (n.), trivialize (v.)",of little importance or significance; not worth serious attention｜不重要或無意義的；不值得認真關注的,He refused to waste time arguing over such a trivial and unimportant detail.,trivial matter; trivial detail; seemingly trivial,C1
Tuition,/tjuˈɪʃən/,n.,"tuition, tuitions",None,"teaching or instruction provided by a teacher; a fee charged for education, especially at a college or university｜教師提供的教學或指導；教育費用，尤指大學或學院的學費",Ronald Reagan argued publicly that introducing tuition fees would give universities greater financial independence.,raise tuition; tuition revenue; dependent on tuition,C1
Triple,/ˈtɹɪpəl/,v.,"triple, triples, tripled, tripled, tripling","tripling (n.), triplicate (n.)",increase threefold｜增至三倍,The company's exports tripled in five years after it entered new markets.,triple in size; triple the amount; nearly triple,C1
Tumor,/ˈtumɚ/,n.,"tumor, tumors",None,an abnormal new mass of tissue that serves no purpose｜異常的新組織團塊，沒有任何功能,"Blue argon lasers are used in surgery to weld arteries, destroy tumors, and correct eye defects.",brain tumor; malignant tumor; benign tumor,C1
Underline,/ˈʌndɚˌlaɪn/,n.,"underline, underlines",None,a line drawn beneath a word or piece of text to add emphasis or indicate a hyperlink｜畫在文字或文章下方的線條，用於強調或表示超連結,The reader added a faint underline beneath the title to mark it as a potential hyperlink.,bold underline; underline italics; really underline,C1
Undergraduate,/ˌʌndɚˈɡɹædʒəwət/,n.,"undergraduate, undergraduates",None,a university student who has not yet received a first degree｜尚未獲得第一個學位的大學生,"And there's a wonderful, very, very popular hypothetical that's often used in undergraduate philosophy classes to make the point that I'm making about happiness.",undergraduate classes; undergraduate degree; undergraduate student,C1
Ultimate,/ˈʌltəmət/,n.,"ultimate, ultimates",ultimateness (n.),the finest or most superior quality of its kind｜同類中最好或最優的品質,"And to me, excellence is the ultimate antidote, the pursuit of excellence.",ultimate destination; ultimate example; ultimate question,C1
Undertake,/ˈʌndɚˌteɪk/,v.,"undertake, undertakes, undertook, undertaken, undertaking",undertaking (n.),enter upon an activity or enterprise｜開始從事一項活動或事業,He was under a lot of danger and a lot of pressure and easily could have died undertaking this mission.,undertake research; undertake a project; undertake a study,C1
Undergo,/ˌʌndɚˈɡoʊ/,v.,"undergo, undergoes, underwent, undergone, undergoing",None,pass through｜經歷,They could be quite severe and serious at the time that you were undergoing a stressor.,undergo surgery; undergo treatment; undergo changes,C1
Undermine,/ˈʌndɚˌmaɪn/,v.,"undermine, undermines, undermined, undermined, undermining",None,"to gradually weaken or damage something, such as a person's confidence, authority, or position｜逐漸削弱或損害某物，如人的信心、權威或地位",Constant criticism can slowly undermine a young person's confidence and self-esteem.,actively undermine; undermine confidence; undermine authority,C1
Undo,/əˈndu/,v.,"undo, undoes, undid, undone, undoing","undoer (n.), undoing (n.)","cancel, annul, or reverse an action or its effect｜取消、撤銷或逆轉一個動作或其效果",The court could not undo the harm caused by the unlawful decision.,undo the damage; undo a mistake; undo the knot,C1
Undoubtedly,/əˈndaʊtɪdli/,adv.,"undoubtedly, more undoubtedly, most undoubtedly",None,without doubt; certainly｜無疑地；肯定地,"Although the reason for such a hardship can be multi-fold, one reason has undoubtedly been students' lack of a holistic view on how the two mainstream economic schools of thought differ.",undoubtedly true; undoubtedly the best; undoubtedly important,C1
Uncover,/əˈnkʌvɚ/,v.,"uncover, uncovers, uncovered, uncovered, uncovering",None,make visible｜使可見；揭露,And this is where you start to uncover a lot of the deep core sensitivities that you're probably avoiding dealing with.,uncover the truth; uncover evidence; uncover secrets,C1
Unemployment,/ˌʌnɪmˈplɔɪmənt/,n. [U],no changes,None,the state of being unemployed or not having a job｜失業的狀態或沒有工作的狀態,"As of May 2025, the unemployment rate had fallen to three percent, the lowest figure in decades.",unemployment rate; unemployment benefits; high unemployment,C1
Unprecedented,/ənˈpɹɛsɪˌdɛntɪd/,adj.,no changes,None,having no precedent; novel｜前所未見的；新穎的,This coincided with its failure to gain traction in Northern Europe and its unprecedented height in Latin America.,unprecedented opportunities; unprecedented accuracy; unprecedented amounts,C1
Unlock,/əˈnlɑk/,v.,"unlock, unlocks, unlocked, unlocked, unlocking",None,open the lock of｜打開...的鎖,"Peterson (Ingrid Bergman), who falls in love with him while trying to unlock his repressed past.",unlock potential; unlock power; unlock ability,C1
Unfold,/əˈnfoʊld/,v.,"unfold, unfolds, unfolded, unfolded, unfolding",unfolding (n.),to gradually develop or become revealed; to open or spread out what was folded｜逐漸發展或顯露；打開或展開原本折疊的東西,And that's where much of excellence unfolds.,events unfold; watch it unfold; story unfolds,C1
Upgrade,/əpˈɡɹeɪd/,v.,"upgrade, upgrades, upgraded, upgraded, upgrading",None,rate higher; raise in value or esteem｜給予較高的評價；提高價值或聲望,Bituminous sands are mined using enormous (100-ton capacity) power shovels and loaded into even larger (400-ton capacity) dump trucks for movement to an upgrading facility.,huge upgrade; upgrade over; significant upgrade,C1
Update,/əˈpdeɪt/,n.,"update, updates",updating (n.),news that updates your information｜更新資訊的消息,The manager sent a brief update on the project's progress to the whole team.,minor update; software update; constantly update,C1
Utilize,/ˈjutəˌlaɪz/,v.,"utilize, utilizes, utilized, utilized, utilizing","utility (n.), utilizer (n.), utilizable (adj.), utilization (n.)",put into service; make work or employ for a particular purpose or for its inherent or natural purpose｜投入使用；使工作或僱用以達到特定目的或其固有目的,Skilled engineers learn to utilize every available resource as efficiently as possible.,heavily utilize; utilize space; fully utilize,C1
Variable,/ˈvɛɹiəbəl/,n.,"variable, variables","variability (n.), variableness (n.)",something that can change and may affect a result or situation｜可以改變且可能影響結果或情況的事物,The weather is an important variable when planning an outdoor wedding.,key variable; control a variable; an important variable,C1
Vacuum,/ˈvækjum/,v.,"vacuum, vacuums, vacuumed, vacuumed, vacuuming",None,clean using a vacuum cleaner; remove dust or dirt by suction｜用吸塵器打掃；用吸力去除灰塵或污垢,She vacuumed the carpet before the guests arrived for dinner.,vacuum the floor; vacuum the carpet; vacuum regularly,C1
Vein,/ˈveɪn/,n.,"vein, veins",veinal (adj.),a blood vessel that carries blood from the capillaries toward the heart｜將血液從毛細血管送往心臟的血管,The nurse gently inserted the needle into a vein in his arm.,varicose vein; jugular vein; in the same vein,C1
Variation,/ˌvɛɹiˈeɪʃən/,n. [U],no changes,None,an instance of change; the rate or magnitude of change｜變化的實例；變化的速率或幅度,There is considerable variation in climate between the coast and the inland regions.,great variation; tremendous variation; higher variation,C1
Vague,/ˈveɪɡ/,adj.,"vague, more vague, most vague","vaguely (adv.), vagueness (n.)",not clearly understood or expressed｜不清楚或不明確的,"There was, in the father's life, some dark and vague source of fear which later drove him to hurl himself from the attic of his house in Hamburg.",often vague; vague boundaries; vague answers,C1
Verdict,/ˈvɝdɪkt/,n. [U],no changes,None,"a decision or judgment reached after consideration, especially in a legal case; a general opinion or conclusion｜經過考慮後做出的決定或判斷，特別是在法律案件中；一般性的意見或結論","And due to the double jeopardy principle, the state or prosecution may never appeal a jury or bench verdict of acquittal.",reach a verdict; guilty verdict; deliver a verdict,C1
Utility,/juˈtɪləti/,n.,"utility, utilities","utile (adj.), utilise (v.), utilize (v.), utilitarian (adj.)",the quality of being useful or practical; the ability to satisfy needs or produce benefit｜有用或實用的品質；能滿足需求或產生益處的能力,This simple tool has great utility for jobs around the house.,demonstrate utility; utility theorem; great utility,C1
Venue,/ˈvɛnju/,n.,"venue, venues",None,"the place where an event, meeting, or activity takes place｜舉辦活動、會議或進行其他活動的地點","Lincoln agreed, but the venue shifted to Cooper Union in Manhattan.",wedding venue; concert venue; perfect venue,C1
Vendor,/ˈvɛndɚ/,n.,"vendor, vendors",vend (v.),someone who promotes or exchanges goods or services for money｜推廣或交換商品或服務以換取金錢的人,"With respect to the economy, vendors ""sell flowers, candles and incense sticks"" to those visiting the graveyards, who are Christians of the Catholic and Protestant traditions.",street vendor; software vendor; third-party vendor,C1
Valid,/ˈvæləd/,adj.,"valid, more valid, most valid","validity (n.), validness (n.)",well grounded in logic or truth or having legal force｜在邏輯或真理上有良好基礎的，或具有法律效力的,"Her argument was valid, so the committee decided to revise the original proposal.",valid claim; valid criticism; scientifically valid,C1
Verbal,/ˈvɝbəl/,adj.,"verbal, more verbal, most verbal",verb (n.),relating to words or expressed through spoken or written language｜與文字相關的，或通過口頭或書面語言表達的,Our inner voice is part of what researchers call the verbal working memory system.,verbal communication; verbal agreement; verbal abuse,C1
Venture,/ˈvɛntʃɚ/,n.,"venture, ventures","venturer (n.), venturous (adj.)",any venturesome undertaking especially one with an uncertain outcome｜冒險的事業，特別是結果不確定的企業,She started a new business venture with two close friends.,dangerous venture; joint venture; business venture,C1
Viable,/ˈvaɪəbəl/,adj.,"viable, more viable, most viable",viability (n.),capable of being done with means at hand and circumstances as they are｜能夠使用手頭的方法和現有環境條件完成的,"And when you're stuck in life, look for that minimum viable action.",viable option; viable solution; longer viable,C1
Veteran,/ˈvɛtɚən/,n.,"veteran, veterans",None,a serviceman who has seen considerable active service｜見過相當多實戰的服役人員,"As a veteran of many campaigns, he spoke about his experiences with quiet dignity.",returning veteran; war veteran; combat veteran,C1
Vertical,/ˈvɝtɪkəl/,adj.,"vertical, more vertical, most vertical","verticality (n.), verticalness (n.)",at a right angle to a horizontal surface or line; running straight up and down｜與水平面或水平線成直角；從上到下筆直的,The diagram shows a vertical line crossing the horizontal axis at a right angle.,vertical videos; vertical takeoff; vertical lines,C1
Version,/ˈvɝʒən/,n. [U],no changes,None,a particular form or edition of something; one account or description of events｜事物的特定形式或版本；對事件的一種描述,"And it's unavoidable that we're going to be wrong about something some of the time, but we should always be working towards some reality-based version of truth.",first version; bigger version; original version,C1
Virtual,/ˈvɝtʃuəl/,adj.,"virtual, more virtual, most virtual",None,being actually such in almost every respect｜在幾乎每個方面都實際如此的,The training course takes place in a virtual classroom that students join from home.,virtual reality; virtual machine; virtual meeting,C1
Versus,/ˈvɝsəs/,prep.,no changes,None,Against; used to indicate opposing sides in a legal case or competitive match; in contrast to｜對抗；用於表示法律案件或比賽中的對立雙方；與...相比,The debate of formal versus empirical approaches has shaped modern computer science for decades.,nature versus nurture; man versus machine; quality versus quantity,C1
Vicious,/ˈvɪʃəs/,adj.,"vicious, more vicious, most vicious","viciously (adv.), viciousness (n.)",(of persons or their actions) able or disposed to inflict pain or suffering｜（指人或其行為）能夠或願意造成痛苦或傷害的,Terms of this kind give rise to Virtuous circle and vicious circle fallacies.,vicious downward spiral; vicious race; vicious tactics,C1
Volcano,/vɑˈlkeɪnoʊ/,n.,"volcano, volcanoes",volcanic (adj.),a fissure in the earth's crust (or in the surface of some other planet) through which molten lava and gases erupt｜地殼中的裂縫（或在其他行星表面），通過這些裂縫熔岩和氣體會噴發出來,Many active volcanoes are found in the Aleutians and in coastal regions.,active volcano; dormant volcano; erupting volcano,C1
Vinegar,/ˈvɪnəɡɚ/,n.,"vinegar, vinegars",None,sour-tasting liquid produced usually by oxidation of the alcohol in wine or cider and used as a condiment or food preservative｜醋，一種酸味液體，通常由葡萄酒或蘋果酒中的酒精氧化製成，用作調味品或食品防腐劑,Acetic acid is used in day-to-day life as vinegar.,white vinegar; balsamic vinegar; apple cider vinegar,C1
Viewpoint,/ˈvjuˌpɔɪnt/,n.,"viewpoint, viewpoints",None,a mental position from which things are viewed｜觀點，看待事物時所採用的心理立場,Our research bridges different viewpoints for understanding the quantum correlation of identical particles in a consistent manner.,opposing viewpoint; differing viewpoint; personal viewpoint,C1
Vocal,/ˈvoʊkəl/,n.,"vocal, vocals",vocalize (v.),the sung parts of a piece of music or recording｜聲樂部分，一首音樂或錄音中的歌唱部分,He is also vocal in support of the Equalization of Opportunity Bill.,vocal tracks; vocal range; lead vocals,C1
Via,/ˈvaɪə/,prep.,no changes,None,Traveling through or by way of a particular place or route; using a particular method or means｜經由，通過某個地方或路線旅行；使用某種方法或手段,We sent the documents via a secure courier rather than trusting the ordinary post.,via ssh; via machine translation; via access,C1
Viewer,/ˈvjuɚ/,n.,"viewer, viewers",view (v.),a close observer; someone who looks at something (such as an exhibition of some kind)｜觀眾，觀看者；觀看展覽等事物的人,The documentary leaves the viewer with a lasting impression of the fragile landscape.,regular viewer; younger viewer; avid viewer,C1
Vomit,/ˈvɑmət/,n.,"vomit, vomits","vomiter (n.), vomiting (n.)",the matter ejected in vomiting｜嘔吐物，嘔吐時排出的物質,You have belly cramps and diarrhea and have to vomit.,projectile vomit; pool of vomit; smell of vomit,C1
Visa,/ˈvizə/,n.,"visa, visas",None,an endorsement made in a passport that allows the bearer to enter the country issuing it｜簽證，護照上的簽署，允許持照人進入簽發國,"Some undocumented migrants, visa overstayers, false tourists, asylum seekers, and other clandestine humans, have died crossing the Alps.",visa lawyer; visa available; visa approved,C1
Voucher,/ˈvaʊtʃɚ/,n.,"voucher, vouchers",vouch (v.),a document or token that entitles the holder to a discount or can be exchanged for goods and services; a receipt｜代金券、憑證，可讓持有人獲得折扣或兌換商品和服務的文件或代幣；收據,Wings were removed from specimens and kept as vouchers in glassine envelopes.,voucher program; gift voucher; school voucher,C1
Vow,/ˈvaʊ/,n.,"vow, vows",vower (n.),a solemn pledge (to oneself or to another or to a deity) to do something or to behave in a certain manner｜誓言，對自己、他人或神靈的莊重承諾，承諾做某事或以特定方式行事,They exchanged marriage vows before the gathered family and promised to support each other for life.,marriage vow; wedding vow; sacred vow,C1
Warrior,/ˈwɔɹiɚ/,n.,"warrior, warriors",war (v.),someone engaged in or experienced in warfare｜戰士，參與或富有戰爭經驗的人,The ancient warrior was buried alongside his sword and a finely decorated shield.,warrior class; fierce warrior; ancient warrior,C1
Weird,/ˈwɪɹd/,adj.,"weird, weirder, weirdest",weirdness (n.),very strange or unusual; difficult to understand or explain; causing a feeling of unease｜怪異的，非常奇怪或不尋常；難以理解或解釋；引起不安的感覺,The silence that followed the announcement was weird in a way that made everyone in the room feel deeply unsettled.,a weird feeling; weird behavior; a weird coincidence,C1
Whereabouts,/ˈwɛɹəˌbaʊts/,adv.,no changes,None,"in, at, or near what location; where｜在什麼地方，在、於或靠近什麼位置；哪裡","She was not sure whereabouts in the city the lecture hall was located, so she arrived early to allow time to find it.",current whereabouts; unknown whereabouts; ask whereabouts,C1
Wheelchair,/ˈwiˌltʃɛɹ/,n.,"wheelchair, wheelchairs",None,a movable chair mounted on large wheels; for invalids or those who cannot walk; frequently propelled by the occupant｜輪椅，一種裝有大輪子的可移動椅子；供殘疾人或無法行走的人使用；常由乘坐者自己推動前進,"For example, wheelchairs provide independent mobility for those who cannot walk, while assistive eating devices can enable people who cannot feed themselves to do so.",wheelchair access; wheelchair user; electric wheelchair,C1
Warehouse,/ˈwɛˌɹhaʊs/,n.,"warehouse, warehouses","warehouser (n.), warehousing (n.)",a storehouse for goods and merchandise｜倉庫，存放商品和貨物的儲藏室,"After hunting down some leads and interrogating some scientists, they finally managed to track down a warehouse with several tons of raw uranium ore in it.",warehouse worker; storage warehouse; distribution warehouse,C1
Wary,/ˈwɛɹi/,adj.,"wary, warier, wariest",None,marked by keen caution and watchful prudence｜謹慎的，充滿敏銳謹慎和警覺的,"Economists remained wary of the sudden surge in speculative investment, fearing another market collapse.",initially wary; seem unusually wary; extremely wary,C1
Vulnerable,/ˈvʌlnɚəbəl/,adj.,"vulnerable, more vulnerable, most vulnerable","vulnerability (n.), vulnerably (adv.)",susceptible to attack｜脆弱的，容易受到攻擊的,"But there's a flavor of narcissism that most people haven't heard of, and that's the vulnerable narcissist.",felt vulnerable; vulnerable population; highly vulnerable,C1
Whine,/ˈwaɪn/,n.,"whine, whines","whiny (adj.), whiner (n.), whiney (adj.)",a complaint uttered in a plaintive whining way｜哀鳴，以哀訴方式發出的抱怨,His constant whine about the weather irritated everyone in the office.,nasal whine; high-pitched whine; constant whine,C1
Whatsoever,/ˌwʌtsoʊˈɛvɚ/,adj.,"whatsoever, more whatsoever, most whatsoever",None,used to emphasize a negative statement or question; of any kind at all｜用於強調否定陳述或疑問；任何種類的,The committee found no evidence whatsoever to support the claim that the policy had caused any measurable harm to the local economy.,case whatsoever; cases whatsoever; resources whatsoever,C1
Widespread,/ˈwaɪdsˈpɹɛd/,adj.,"widespread, more widespread, most widespread",None,widely circulated or diffused｜廣泛流傳或傳播的,"Daniel, was an avowed abolitionist and received widespread support from Iowa politicians.",widespread adoption; pretty widespread; widespread recognition,C1
Wig,/ˈwɪɡ/,n.,"wig, wigs",None,hairpiece covering the head and made of real or synthetic hair｜假髮，用真髮或合成髮製成的覆蓋頭部的髮飾,The actor wore an elaborate wig to transform himself into the elderly character.,wear a wig; blonde wig; curly wig,C1
Whereas,/wɛˈɹæz/,conj.,no changes,None,In contrast or comparison with the fact that; while on the contrary｜與事實相對照或比較而言；然而；另一方面,"My brother enjoys loud parties, whereas I prefer a quiet evening at home with a book.",whereas in the past; whereas in contrast; whereas previously,C1
Wildlife,/ˈwaɪlˌdlaɪf/,n. [U],no changes,None,all living things (except people) that are undomesticated｜所有非人類且未經驯化的生物,This research underscores the importance of integrating movement ecology and climatic variables for effective wildlife management and conservation planning.,protect wildlife; wildlife crime; local wildlife,C1
Wilderness,/ˈwɪldɚnəs/,n.,"wilderness, wildernesses",wild (adj.),"a large, uncultivated, and uninhabited area of land in its natural state; a wild and uninhabited region｜大片未開墾且無人居於其中的自然狀態土地；荒野地帶","The species has adapted to a remarkable range of habitats, from bustling cities to untouched areas of wilderness.",remote wilderness; wilderness areas; vast wilderness,C1
Yacht,/ˈjɑt/,v.,"yacht, yachts, yachted, yachted, yachting",yachting (n.),travel in a yacht｜乘遊艇航行,The couple yachted along the Mediterranean coast for two weeks.,yacht along the coast; yacht to the island; yacht around the bay,C1
Windshield,/ˈwɪnˌdʃild/,n.,"windshield, windshields",None,transparent screen (as of glass) to protect occupants of a vehicle｜用於保護車輛乘客的透明屏障（如玻璃擋板）,"There are buses with specific routes and destinations, generally written on their windshields or shouted out by a barker riding in the front seat.",windshield wiper; cracked windshield; clean the windshield,C1
Wither,/ˈwɪðɚ/,v.,"wither, withers, withered, withered, withering",withering (n.),"wither, as with a loss of moisture｜枯萎，因失去水分而凋謝","As your brain begins to wither, your memories fade, your thinking slows down, and your risk of dementia increases.",wither away; wither and die; flowers wither,C1
Worship,/ˈwɝʃəp/,n.,"worship, worships","worshiper (n.), worshipper (n.)",the activity of worshipping｜崇拜的活動,"Our ability to access affordable daycare, housing, proximity to parks, freedom to worship, a culture that's obsessed with mood management is not likely going to be a very happy culture in the end.",hero worship; ancestor worship; place of worship,C1
Workshop,/ˈwɝˌkʃɑp/,n.,"workshop, workshops",None,small workplace where handcrafts or manufacturing are done｜進行手工藝品製作或製造業的小型工作場所,"This text analyses the papers accepted for the workshop on the reuse of designs, an interdisciplinary cognitive approach.",attend a workshop; training workshop; hands-on workshop,C1
Witty,/ˈwɪti/,adj.,"witty, wittier, wittiest","wit (n.), wittiness (n.)",combining clever conception and facetious expression｜結合聰明構思與詼諧表達,"Starting as a consulting company advising organizations on becoming more diverse, Witty Works first helped them write job ads using inclusive language.",witty remark; witty banter; witty comment,C1
Worthy,/ˈwɝði/,adj.,"worthy, worthier, worthiest","worth (n.), worthiness (n.)",having worth or merit or value; being honorable or admirable｜具有價值或優點的；值得尊敬的或令人欽佩的,Jainism views every Soul (Jainism) as worthy of respect because it has the potential to become (God in Jainism).,deem worthy; worthy opponent; scene worthy,C1
Worthwhile,/ˈwɝˈθwaɪl/,adj.,"worthwhile, more worthwhile, most worthwhile",worthwhileness (n.),sufficiently valuable to justify the investment of time or interest｜足夠有價值以證明值得投入時間或興趣,"Simply put, excellence is involved engagement in something worthwhile that aligns with your values.",worthwhile cause; worthwhile investment; worthwhile experience,C1
Yield,/ˈjild/,v.,"yield, yields, yielded, yielded, yielding","yielder (n.), yielding (n.)","to produce or provide something, such as a result, profit, or crop｜生產或提供某物，如結果、利潤或農作物",The rich soil on the farm yields a large harvest every autumn.,yield a profit; yield results; yield a crop,C1
