word,ipa,pos,inflections,derivatives,definition,example,collocations,context_type
Feasible,/ˈfizəbəl/,adj.,"feasible, more feasible, most feasible","feasibility (n.), feasibly (adv.)",possible to do or achieve without too much difficulty,The committee concluded that finishing the project within three months was entirely feasible.,feasible plan; technically feasible; feasible solution,C2
Fable,/ˈfeɪbəl/,n.,"fable, fables",None,a deliberately false or improbable account,The teacher used a simple fable to explain the importance of honesty to the children.,famous fable; tell a fable; ancient fable,C2
Fahrenheit,/ˈfɛɹəˌnhaɪt/,n. [U],no changes,None,a scale for measuring temperature in which water freezes at 32 degrees and boils at 212 degrees,On the thermometer the reading climbed steadily until it reached ninety degrees Fahrenheit by noon.,degrees Fahrenheit; in Fahrenheit; convert Fahrenheit to Celsius,C2
Faction,/ˈfækʃən/,n.,"faction, factions",factious (adj.),"A group of people, especially within a political organization, which expresses a shared belief or opinion different from people who are not part of the group.",A small faction within the party broke away to form its own political movement.,rival faction; political faction; splinter faction,C2
Extract,/ɪksˈtɹækt/,v.,"extract, extracts, extracted, extracted, extracting","extractor (n.), extraction (n.), extractible (adj.)","to draw out, remove, or obtain something from a source or substance",The dentist had to extract two of his decayed teeth before fitting the braces.,extract information; extract oil; extract a tooth,C2
Fiancé,/fiˈɑˌnseɪ/,n.,"fiancé, fiancés",None,A man who is engaged to be married; the man to whom one is engaged; an intended.,Her fiancé arrived at the wedding ceremony with a warm smile.,her fiancé; devoted fiancé; former fiancé,C2
Familiarity,/fəˌmɪˈljɛɹəti/,n.,"familiarity, familiarities",familiar (adj.),The state of knowing or recognizing someone or something well through experience or study.,"Similarly, in Author Recognition Tests, literary knowledge organizes by genre, where familiarity with science fiction authors systematically predicts recognition of other science fiction authors.",sense of familiarity; breed familiarity; comfortable familiarity,C2
Fascination,/ˌfæsəˈneɪʃən/,n.,"fascination, fascinations",fascinate (v.),A powerful attraction or interest in someone or something.,"His brutally intimate memoir reveals that an early fascination with computing led him to study the brain, consciousness and artificial intelligence.",deep fascination; hold fascination; lifelong fascination,C2
Falter,/ˈfɔltɚ/,v.,"falter, falters, faltered, faltered, faltering",faltering (n.),To waver or be unsteady; to weaken or trail off.,His voice began to falter as he tried to explain what had happened that evening.,begin to falter; economy falters; voice falters,C2
Fishery,/ˈfɪʃɚi/,n.,"fishery, fisheries",fish (v.),"Fishing: the catching, processing and marketing of fish or other seafood.","A region undergoing a profound shift is where the Antarctic Circumpolar Current intersects the Pacific-Antarctic Ridge, an area important for carbon draw-down and fisheries.",coastal fishery; sustainable fishery; manage a fishery,C2
Feeble,/ˈfibəl/,adj.,"feeble, feebler, feeblest","feebly (adv.), feebleness (n.)","Weak, ineffective, or lacking in strength, whether physically or figuratively.",The coronation offered only a feeble comparison with the scale of the national celebration.,feeble attempt; feeble excuse; too feeble,C2
Feminine,/ˈfɛmənən/,adj.,"feminine, more feminine, most feminine","femininity (n.), feminineness (n.)",Of or pertaining to the female gender.,"She preferred a workspace with a feminine aesthetic, incorporating soft colors and floral arrangements.",traditionally feminine; feminine qualities; feminine aesthetic,C2
Fertilizer,/ˈfɝtəˌlaɪzɚ/,n.,"fertilizer, fertilizers",fertilize (v.),any substance such as manure or a mixture of nitrates used to make soil more fertile,"These bacteria—rhizobia—can take up residence in root nodules and fix atmospheric nitrogen for the plant, acting as a built-in fertilizer.",chemical fertilizer; apply fertilizer; organic fertilizer,C2
Fireproof,/ˈfaɪɚˌpɹuf/,adj.,no changes,None,impervious to damage by fire,The server room was built with fireproof walls and an automatic suppression system.,fireproof material; fireproof coating; fireproof barrier,C2
Fertility,/fɚˈtɪləti/,n. [U],no changes,fertile (adj.),"The condition, or the degree, of being fertile.","These forever chemicals are linked to serious health issues such as hormone disruption, gut microbiome disruption, fertility issues, and many other health problems.",fertility treatment; fertility rate; soil fertility,C2
Firecracker,/ˈfaɪɚˌkɹækɚ/,n.,"firecracker, firecrackers",None,firework consisting of a small explosive charge and fuse in a heavy paper casing,The children watched in delight as each firecracker burst into a shower of colorful sparks.,light a firecracker; string of firecrackers; firecracker burst,C2
Fin,/ˈfɪn/,n.,"fin, fins",None,"A flat, wing-like appendage on a fish or other aquatic animal, used for propulsion and steering.",The shark's tall dorsal fin cut through the water as it swam near the boat.,shark fin; dorsal fin; fish fin,C2
Flake,/ˈfleɪk/,n.,"flake, flakes","flaky (adj.), flakey (adj.)","A small, thin, flat piece broken or peeled off from a larger mass; a chip or fragment.","And if you strike it properly, you can get extremely sharp flakes from it.",snowflake; thin flake; a flake of paint,C2
Finite,/ˈfaɪˌnaɪt/,adj.,no changes,finiteness (n.),bounded or limited in magnitude or spatial or temporal extent,"The model chooses among a finite number of known, meaningful interpretations that depend on the context of language use.",finite sequences; finite strings; finite differences,C2
Foe,/ˈfoʊ/,n.,"foe, foes",None,An enemy.,He gave water to both friends and foes who were wounded on the battlefield.,bitter foe; natural foe; foe in battle,C2
Flunk,/ˈflʌŋk/,v.,"flunk, flunks, flunked, flunked, flunking",None,"Of a student, to fail a class; to not pass.",He was afraid he would flunk the math test if he did not study all weekend.,flunk an exam; flunk out; flunk math,C2
Folklore,/ˈfoʊˌklɔɹ/,n. [U],no changes,None,"The tales, legends, superstitions, and traditions of a particular ethnic population.","Aristotle was a keen systematic collector of riddles, folklore, and proverbs; he and his school had a special interest in the riddles of the Delphic Oracle and studied the fables of Aesop.",local folklore; ancient folklore; regional folklore,C2
Flaw,/ˈflɔ/,n.,"flaw, flaws","flawed (adj.), flawless (adj.)","A defect, fault, or imperfection that mars something; a weakness or error.",A small flaw in the design caused the bridge to fail during the first heavy storm.,major flaw; critical flaw; identify a flaw,C2
Formidable,/ˈfɔɹmədəbəl/,adj.,"formidable, more formidable, most formidable",formidability (n.),"Causing fear, dread, awe, or discouragement as a result of size, strength, or some other impressive feature; commanding respect; causing wonder or astonishment.",Recent advancements have positioned large language Models as formidable tools nearing human-level proficiency in various cognitive tasks.,formidable challenge; formidable opponent; formidable task,C2
Flourish,/ˈflɝɪʃ/,v.,"flourish, flourishes, flourished, flourished, flourishing",flourishing (v.),To thrive or grow well.,"And homeostatic upregulation is this innate, deeply hardwired drive of all living species to persist and to flourish.",business flourishes; creative flourish; flourish under care,C2
Forsake,/fɔˈɹseɪk/,v.,"forsake, forsakes, forsook, forsaken, forsaking",forsaking (n.),"To abandon, to give up, to leave (permanently), to renounce (someone or something).",She refused to forsake her principles even when the decision brought her serious personal costs.,forsake duty; never forsake; forsake friends,C2
Forthcoming,/ˈfɔɹˈθkʌmɪŋ/,adj.,"forthcoming, more forthcoming, most forthcoming",forthcomingness (n.),Approaching or about to take place.,"Our findings suggest that certain clusters of technical indicators, when combined with broader economic signals, offer predictive insights into forthcoming sector-specific downturns.",forthcoming event; forthcoming release; forthcoming changes,C2
Fowl,/ˈfaʊl/,n.,"fowl, fowls",fowler (n.),a domesticated gallinaceous bird thought to be descended from the red jungle fowl,"Fish, meat, and fowl could be salted or dried, and could be cooked in stews or roasted on a grill.",domestic fowl; roasted fowl; wild fowl,C2
Fortify,/ˈfɔɹtɪˌfaɪ/,v.,"fortify, fortifies, fortified, fortified, fortifying","fort (n.), fortification (n.)","To give power, strength, or vigour to (oneself or someone, or to something); to strengthen.",The villagers worked together to fortify the old stone walls against the coming attack.,fortify defenses; fortify a building; fortify oneself,C2
Fracture,/ˈfɹæktʃɚ/,n.,"fracture, fractures",None,"An instance of breaking, a place where something has broken.",He suffered a small fracture in his wrist after falling off his bicycle.,bone fracture; stress fracture; fracture of the wrist,C2
Fragrance,/ˈfɹeɪɡɹəns/,n.,"fragrance, fragrances",fragrant (adj.),A pleasant smell or odour.,The sweet fragrance of jasmine drifted through the open window of the garden.,sweet fragrance; natural fragrance; fragrance of flowers,C2
Formulate,/ˈfɔɹmjəˌleɪt/,v.,"formulate, formulates, formulated, formulated, formulating","formula (n.), formulation (n.)",To put into a clear and definite form of statement or expression.,"Despite the complexity of the formulated optimization problems, due to their non-convexity, we exploit the problems' structure to transform them into linear programs.",formulate a plan; carefully formulate; formulate policy,C2
Fragrant,/ˈfɹeɪɡɹənt/,adj.,"fragrant, more fragrant, most fragrant",fragrance (n.),pleasant-smelling,The fragrant flowers filled the garden with a sweet scent as they opened in the early morning.,fragrant flower; fragrant rice; fragrant garden,C2
Freeway,/ˈfɹiˌweɪ/,n.,"freeway, freeways",None,a broad highway designed for high-speed traffic,An accident on the freeway brought the morning traffic to a complete standstill.,drive on the freeway; freeway interchange; busy freeway,C2
Frantic,/ˈfɹæntɪk/,adj.,"frantic, more frantic, most frantic",None,"In a state of great agitation, panic, or hurry; wildly anxious or rushed.","Your vision seems too sharp, your thoughts slightly frantic.",frantic search; frantic pace; in a frantic rush,C2
Freak,/ˈfɹik/,n.,"freak, freaks",None,Someone or something that is markedly unusual or unpredictable.,The sudden snowstorm in May was a freak of weather that no one had predicted.,control freak; freak accident; nature freak,C2
Gallop,/ˈɡæləp/,v.,"gallop, gallops, galloped, galloped, galloping",None,To run at a gallop.,"The horse broke into a gallop as it rounded the final bend, leaving all the others far behind.",full gallop; gallop away; horse at gallop,C2
Fume,/ˈfjum/,n.,"fume, fumes",None,a cloud of fine particles suspended in a gas,Workers were evacuated from the factory after toxic fumes began leaking from a damaged pipe.,toxic fumes; inhale fumes; exhaust fumes,C2
Fury,/ˈfjʊɹi/,n. [U],no changes,None,Extreme anger.,She slammed the door in a fit of fury and refused to speak to anyone for hours.,full fury; blind fury; unleash fury,C2
Gangster,/ˈɡæŋstɚ/,n.,"gangster, gangsters",gang (n.),A member of a criminal or street gang.,The film portrays a ruthless gangster who slowly loses control of his own empire.,ruthless gangster; organized-crime gangster; gangster lifestyle,C2
Fuss,/ˈfʌs/,n.,"fuss, fusses",fussy (adj.),"Excessive activity, worry, bother, or talk about something.",He made a great fuss about the small scratch on his new car.,make a fuss; without fuss; unnecessary fuss,C2
Garment,/ˈɡɑɹmənt/,n.,"garment, garments",None,A single article of clothing.,Realistic virtual try-on requires faithful rendering of garment details and coordination with the overall style.,warm garment; traditional garment; garment industry,C2
Fuse,/ˈfjuz/,n.,"fuse, fuses",None,"A wick or cord used to convey flame to gunpowder, a bomb, or similar explosive.",The technician lit the fuse and moved to a safe distance before the charge exploded.,light the fuse; burning fuse; short fuse,C2
Friction,/ˈfɹɪkʃən/,n. [U],no changes,frictional (adj.),"Conflict, tension, or disagreement between people or groups; resistance caused by opposing forces.","If your life has no meaningful friction in it, if you don't have to ever overcome challenge, that can zap the feeling out of you.",friction coefficient; cause friction; add friction,C2
Gauge,/ˈɡeɪdʒ/,v.,"gauge, gauges, gauged, gauged, gauging",None,To measure or determine with a gauge; to measure the capacity of.,You can gauge their importance by considering how much you value them.,gauge the situation; gauge public opinion; accurately gauge demand,C2
Geographical,/ˌdʒiəˈɡɹæfɪkəl/,adj.,no changes,geography (n.),of or relating to the science of geography,"To this end, we analyze the physical mechanisms on which these techniques are based and identify corresponding geographical indicators that influence their cooling performance.",geographical area; geographical location; geographical boundaries,C2
Gleam,/ˈɡlim/,v.,"gleam, gleams, gleamed, gleamed, gleaming",gleaming (n.),to shine with a soft or reflected light,The polished silver tray gleamed in the afternoon sunlight.,gleam in the light; eyes gleam; softly gleam,C2
Glacier,/ˈɡleɪʃɚ/,n.,"glacier, glaciers","glacial (adj.), glaciate (v.)",a slowly moving mass of ice,"Even short-lived warming events can influence snowfall, surface melt and the stability of floating ice shelves that hold back glaciers.",melting glacier; glacier retreat; ancient glacier,C2
Glamour,/ˈɡlæmɚ/,n. [U],no changes,"glamourise (v.), glamourous (adj.)","An attractive, exciting, or fashionable quality that makes something or someone seem special or appealing.",The actor's longstanding fascination with glamour defined his public image and shaped the extravagant aesthetic of his later films.,old-world glamour; glamour and glitz; faded glamour,C2
Glamorous,/ˈɡlæmɚəs/,adj.,"glamorous, more glamorous, most glamorous",glamor (n.),Having glamour; stylish.,It is not a glamorous trick but it is exactly the “silent” detail that can cost you multiple days of work if you do not notice it early.,glamorous lifestyle; glamorous appearance; look glamorous,C2
Glide,/ˈɡlaɪd/,v.,"glide, glides, glided, glided, gliding","glider (n.), gliding (n.)","To move softly, smoothly, or effortlessly.","Other faults ""creep."" They glide past each other steadily, releasing stress gradually.",glide smoothly; gracefully glide; glide through air,C2
Glitter,/ˈɡlɪtɚ/,v.,"glitter, glitters, glittered, glittered, glittering",glittery (adj.),To sparkle with light; to shine with a brilliant and broken light or showy luster; to gleam.,The frost began to glitter in the first pale rays of sunlight.,golden glitter; glitter in sunlight; glitter and sparkle,C2
Goalkeeper,/ˈɡoʊˌlkipɚ/,n.,"goalkeeper, goalkeepers",None,the soccer or hockey player assigned to protect the goal,"In my previous career as a goalkeeper, failure felt clearer.",skilled goalkeeper; substitute goalkeeper; first-choice goalkeeper,C2
Gay,/ˈɡeɪ/,adj.,"gay, gayer, gayest",gayness (n.),Sexually or romantically attracted to people of the same sex; commonly used especially of men.,Her openly gay brother married his long-time partner in a small ceremony last summer.,openly gay; gay rights; gay marriage,C2
Gloom,/ˈɡlum/,n. [U],no changes,gloomy (adj.),"Darkness, dimness, or obscurity.",A heavy gloom settled over the city after the news of the factory closure.,filled with gloom; deep gloom; gloom and doom,C2
Graze,/ˈɡɹeɪz/,v.,"graze, grazes, grazed, grazed, grazing","grazier (n.), grazing (n.)","To feed or supply (cattle, sheep, etc.) with grass; to furnish pasture for.","Similarly, the demand for beef in the Hudson Valley can incentivize deforestation for cattle grazing in the Amazon.",cattle graze; graze on grass; gently graze,C2
Gorilla,/ɡɚˈɪlə/,n.,"gorilla, gorillas",None,largest anthropoid ape; terrestrial and vegetarian; of forests of central west Africa,A silverback gorilla guarded his family quietly at the edge of the bamboo forest.,mountain gorilla; gorilla habitat; wild gorilla,C2
Geometry,/dʒiˈɑmətɹi/,n. [U],no changes,"geometric (adj.), geometrical (adj.), geometrician (n.)",the pure mathematics of points and lines and curves and surfaces,She found geometry easier than algebra because the shapes were easier to picture.,geometry lesson; solid geometry; study geometry,C2
Goodwill,/ˈɡʊˈdwɪl/,n. [U],no changes,None,A favorably disposed attitude toward someone or something.,"The crew were honoured with ticker-tape parades, a world goodwill tour, and the Presidential Medal of Freedom.",act of goodwill; goodwill gesture; build goodwill,C2
Gospel,/ˈɡɑspəl/,n.,"gospel, gospels",None,"The first section of the Christian New Testament scripture, comprising the books of Matthew, Mark, Luke and John, concerned with the birth, ministry, passion, and resurrection of Jesus.","Read the Gospels and you will see that this was a cruel, cantankerous, irreconcilable man.",gospel message; gospel truth; gospel story,C2
Grapefruit,/ˈɡɹeɪpˌfɹut/,n.,"grapefruit, grapefruits",None,"a large round citrus fruit with a sour, slightly bitter taste",She enjoys eating half a grapefruit with her breakfast every morning.,fresh grapefruit; grapefruit juice; pink grapefruit,C2
Grease,/ˈɡɹis/,n. [U],no changes,greasy (adj.),Animal fat in a melted or soft state.,He rubbed a little grease onto the squeaky hinge to make the door swing smoothly.,kitchen grease; grease the pan; elbow grease,C2
Groan,/ˈɡɹoʊn/,v.,"groan, groans, groaned, groaned, groaning",groaner (n.),To make a groan.,The injured player groaned in pain as he tried to stand up.,let out a groan; audible groan; groan in pain,C2
Growl,/ˈɡɹaʊl/,v.,"growl, growls, growled, growled, growling","growler (n.), growling (n.)","to make a low, deep, angry sound, as a dog does",The dog began to growl softly when the stranger walked toward the gate.,growl angrily; growl at someone; start to growl,C2
Grumble,/ˈɡɹʌmbəl/,v.,"grumble, grumbles, grumbled, grumbled, grumbling","grumbler (n.), grumbling (n.)","To complain in a low, discontented voice; to mutter in discontent.",The workers grumbled about the long hours but kept working in the cold rain.,constant grumble; grumble about; suppress a grumble,C2
Hail,/ˈheɪl/,v.,"hail, hails, hailed, hailed, hailing",None,"to call out to someone, acclaim someone, or signal for a vehicle to stop",The new leader was hailed as a hero for his calm handling of the national crisis.,hail a taxi; hail someone as a hero; widely hailed,C2
Handicraft,/ˈhændiˌkɹæft/,n.,"handicraft, handicrafts",None,A trade requiring skill of hand; manual occupation; handcraft.,"Manufacturing comprises 2% of GDP and is made up of enclave-type assembly for export, the major products being bedding, handicrafts, and electronic components.",traditional handicraft; sell handicrafts; handicraft fair,C2
Headphone,/ˈhɛdˌfoʊn/,n.,"headphone, headphones",None,a small speaker worn over or in an ear to listen to sound privately,She put on her headphones and listened to music during the long train journey.,wireless headphones; noise-cancelling headphones; put on headphones,C2
Hamper,/ˈhæmpɚ/,v.,"hamper, hampers, hampered, hampered, hampering",hampering (v.),"To hinder or obstruct the movement, progress, or free action of; to impede.","However, the practical implementation is hampered by challenges associated with poor signal quality, substantial motion artifacts, durability for long-term usage, and non-ideal user experience.",seriously hamper; hamper progress; hamper recovery,C2
Harmonica,/hɑˈɹmɑnɪkə/,n.,"harmonica, harmonicas",None,a small rectangular free-reed instrument having a row of free reeds set back in air holes and played by blowing into the desired hole,"Other instruments in this family include the concertina, harmonica, and bandoneon.",play harmonica; blues harmonica; harmonica solo,C2
Handicap,/ˈhændiˌkæp/,n.,"handicap, handicaps",handicapper (n.),"Something that prevents, hampers, or hinders.",His poor eyesight proved to be a serious handicap when he tried to learn to drive.,physical handicap; overcome a handicap; severe handicap,C2
Hacker,/ˈhækɚ/,n.,"hacker, hackers",hack (v.),"A person who uses technical expertise to gain unauthorized access to computer systems, or one who creatively programs computers.","This technique is used by hackers to crack commercial software, and competitors to produce software with similar results from competing companies.",skilled hacker; ethical hacker; computer hacker,C2
Harass,/hɚˈæs/,v.,"harass, harasses, harassed, harassed, harassing","harasser (n.), harassment (n.)",To annoy (someone) frequently or systematically; to pester.,The court issued an injunction prohibiting the former employee from harassing his ex-colleagues.,relentlessly harass; harass someone online; harass an employee,C2
Harassment,/hɚˈæsmənt/,n. [U],no changes,harass (v.),Persistent attacks and criticism causing worry and distress.,Several employees reported years of harassment by their manager before the lawsuit was filed.,workplace harassment; online harassment; harassment training,C2
Harden,/ˈhɑɹdən/,v.,"harden, hardens, hardened, hardened, hardening",hardening (n.),To become hard.,The clay began to harden as it dried in the warm afternoon sun.,harden attitudes; gradually harden; harden into habit,C2
Healthful,/ˈhɛlθfəl/,adj.,"healthful, more healthful, most healthful",healthfulness (n.),Beneficial to bodily health.,A simple walk after dinner is a healthful habit that helps digestion and sleep.,healthful diet; healthful lifestyle; healthful food,C2
Haunt,/ˈhɔnt/,v.,"haunt, haunts, haunted, haunted, haunting",None,To inhabit or to visit frequently (most often used in reference to ghosts).,The memory of that terrible accident would haunt him for the rest of his days.,haunt the memory; childhood haunts; haunt the halls,C2
Hearty,/ˈhɑɹti/,adj.,"hearty, heartier, heartiest","heart (n.), heartiness (n.)","warm and cordial, or substantial and vigorous, especially of food, appetite, or laughter",The mountaineers returned from their trek with hearty appetites and cheerful spirits.,hearty meal; hearty laugh; hearty welcome,C2
Hoarse,/ˈhɔɹs/,adj.,"hoarse, hoarser, hoarsest",hoarseness (n.),deep and harsh sounding as if from shouting or illness or emotion,"After three hours of speaking at the rally, her voice had grown hoarse.",hoarse voice; hoarse whisper; grow hoarse,C2
Heterosexual,/ˌhɛtɚoʊˈsɛkʃəwəl/,adj.,no changes,heterosexuality (n.),Romantically or sexually attracted to people of the opposite sex.,Many surveys still assume that most respondents are in heterosexual relationships.,heterosexual couple; heterosexual relationship; heterosexual marriage,C2
Hemisphere,/ˈhɛmɪˌsfɪɹ/,n.,"hemisphere, hemispheres","hemispheric (adj.), hemispherical (adj.)","one half of the earth, especially the northern or southern half",Many migrating birds fly to the southern hemisphere to escape the cold winter months.,northern hemisphere; southern hemisphere; eastern hemisphere,C2
Heighten,/ˈhaɪtən/,v.,"heighten, heightens, heightened, heightened, heightening",None,To make high; to raise higher; to elevate.,The recent attacks served to heighten public awareness of the need for stronger security.,heighten awareness; heighten tension; heighten security,C2
Hedge,/ˈhɛdʒ/,n.,"hedge, hedges","hedger (n.), hedging (n.)","A thicket of bushes or other shrubbery, especially one planted as a fence between two portions of land, or to separate the parts of a garden.","Costs decrease with increasing scale of farm units, such as making fields larger; this means removing hedges, ditches and other areas of habitat.",garden hedge; tall hedge; trim a hedge,C2
Harness,/ˈhɑɹnəs/,v.,"harness, harnesses, harnessed, harnessed, harnessing",None,"To control and use a resource, force, or ability effectively.",Engineers are looking for better ways to harness the energy of the wind and tides.,harness energy; harness potential; harness technology,C2
Heroic,/hɪˈɹoʊɪk/,adj.,"heroic, more heroic, most heroic","heroically (adv.), hero (n.)",Of or relating to a hero or heroine; supremely noble.,The firefighters made a heroic effort to rescue the residents trapped inside the burning building.,heroic effort; heroic sacrifice; heroic deed,C2
Heroin,/ˈhɛɹoʊən/,n. [U],no changes,None,a narcotic that is considered a hard drug; a highly addictive morphine derivative; intravenous injection provides the fastest and most intense rush,Someone in the throes of heroin addiction may experience an intense rush of euphoria when using the drug.,heroin addict; heroin overdose; heroin trafficking,C2
Honorary,/ˈɑnɚˌɛɹi/,adj.,"honorary, more honorary, most honorary",honor (n.),"Given as an honor, with no duties attached, and without payment.",She received an honorary degree from the university in recognition of her charitable work.,honorary degree; honorary member; honorary title,C2
Hunch,/ˈhʌntʃ/,n.,"hunch, hunches",None,"A feeling or intuition that something is the case, without conscious reasoning; a premonition.","All of those within the geological world certainly knew it, and I had a sneaking hunch that the top brass knew it too, but this is a practical way out, and they didn't object.",strong hunch; act on a hunch; have a hunch,C2
Hijack,/ˈhaɪˌdʒæk/,v.,"hijack, hijacks, hijacked, hijacked, hijacking","hijacker (n.), hijacking (n.)",take arbitrarily or by force,The protesters tried to hijack the meeting and steer it toward their own agenda.,hijack a plane; hijack a conversation; hijack the agenda,C2
Hospitable,/ˈhɑˈspɪtəbəl/,adj.,"hospitable, more hospitable, most hospitable","hospitality (n.), hospitableness (n.)",cordial and generous towards guests,"These tweaks taken together, as well as some smaller changes I don't have time to mention, make SOS a more hospitable game than its predecessor.",warm and hospitable; hospitable host; hospitable environment,C2
Homosexual,/ˌhoʊmoʊˈsɛkʃəwəl/,adj.,no changes,homosexuality (n.),sexually attracted to members of your own sex,"In several countries, openly homosexual couples now have the same legal rights as other couples.",homosexual relationship; openly homosexual; homosexual rights,C2
Hospitalize,/ˈhɔˌspɪtəˌlaɪz/,v.,"hospitalize, hospitalizes, hospitalized, hospitalized, hospitalizing","hospital (n.), hospitalization (n.)",admit into a hospital,Two passengers were hospitalized after the bus crashed into the bridge rail.,hospitalize a patient; require hospitalization; emergency hospitalization,C2
Hostel,/ˈhɑstəl/,n.,"hostel, hostels",None,"A low-cost lodging establishment, often with shared rooms and facilities, for travelers.",The railway station is now a hostel.,youth hostel; budget hostel; stay at a hostel,C2
Hospitality,/ˌhɑspəˈtæləti/,n. [U],no changes,hospitable (adj.),"The act or service of welcoming, receiving, hosting, or entertaining guests; an appropriate attitude of openness, respect, and generosity toward guests.","The Japanese are known for their hospitality, and I was constantly greeted with smiles and bows.",warm hospitality; hospitality industry; show hospitality,C2
Hierarchy,/ˈhaɪɚˌɑɹki/,n.,"hierarchy, hierarchies",hierarchical (adj.),A body of authoritative officials organized in nested ranks.,Within the company a strict hierarchy determines who reports to whom on every project.,social hierarchy; strict hierarchy; corporate hierarchy,C2
Hover,/ˈhʌvɚ/,v.,"hover, hovers, hovered, hovered, hovering",None,"To keep (something, such as an aircraft) in a stationary state in the air.",The helicopter hovered above the accident site until the rescue crew was ready.,hover above; hover nearby; drone hovers,C2
Humiliate,/hjuˈmɪliˌeɪt/,v.,"humiliate, humiliates, humiliated, humiliated, humiliating",humiliation (n.),To cause to be ashamed; to injure the dignity and self-respect of.,He felt deeply humiliated when his mistake was pointed out in front of the whole team.,publicly humiliate; deeply humiliate; humiliate the opponent,C2
Hurdle,/ˈhɝdəl/,n.,"hurdle, hurdles","hurdler (n.), hurdling (n.)","An artificial barrier, variously constructed, over which athletes or horses jump in a race.",Safety is a critical hurdle that limits the application of deep reinforcement learning to real-world control tasks.,final hurdle; clear a hurdle; hurdle to overcome,C2
Hygiene,/ˈhaɪˌdʒin/,n. [U],no changes,"hygienic (adj.), hygienical (adj.)",a condition promoting sanitary practices,"Hygiene is essential for everyday items that come into close contact with the body, including clothing, masks, and toothbrushes.",personal hygiene; good hygiene; hygiene standards,C2
Hypocrite,/ˈhɪpəˌkɹɪt/,n.,"hypocrite, hypocrites","hypocrisy (n.), hypocritical (adj.)","Someone who practices hypocrisy, who pretends to hold beliefs, or whose actions are not consistent with their claimed beliefs.",He was branded a hypocrite when he campaigned against luxury spending while living extravagantly.,shameless hypocrite; exposed as a hypocrite; brand a hypocrite,C2
Iceberg,/ˈaɪsbɚɡ/,n.,"iceberg, icebergs",None,a large mass of ice floating at sea; usually broken off of a polar glacier,This explanation is only the tip of the iceberg when it comes to understanding the full range of decoding methods.,tip of the iceberg; massive iceberg; floating iceberg,C2
Imminent,/ˈɪmənənt/,adj.,"imminent, more imminent, most imminent",imminence (n.),"About to happen, occur, or take place very soon, especially of something which won't last long.","However, we didn't want to invest heavily in managing it due to its imminent deprecation.",imminent danger; imminent threat; imminent arrival,C2
Hybrid,/ˈhaɪbɹəd/,n.,"hybrid, hybrids",hybridize (v.),"Offspring resulting from cross-breeding different entities, e.g. two different species or two purebred parent strains.","The domesticated strawberry is a hybrid of a Chilean and a North American species, developed by breeding in Europe and North America.",hybrid vehicle; hybrid model; hybrid approach,C2
Illuminate,/ɪˈlumɪnɪt/,v.,"illuminate, illuminates, illuminated, illuminated, illuminating","illumination (n.), illuminating (v.)",To shine light on something.,"In evolutionary computing, a phylogeny can reveal how an evolutionary algorithm steers a population through a search space, illuminating the step-by-step process by which any solutions evolve.",illuminate the path; illuminate the issue; brightly illuminate,C2
Imperative,/ɪˈmpɛɹətɪv/,adj.,no changes,imperativeness (n.),Essential; crucial; extremely important.,"Given the monetary value involved, the authenticity and correctness of the collected data become imperative.",moral imperative; become imperative; imperative to act,C2
Imprison,/ɪmˈpɹɪzən/,v.,"imprison, imprisons, imprisoned, imprisoned, imprisoning",imprisonment (n.),"lock up or confine, in or as in a jail",The leader was imprisoned for treason after the failed coup against the government.,falsely imprison; imprison for life; wrongfully imprison,C2
Imperial,/ɪˈmpɪɹiəl/,adj.,no changes,None,"Related to an empire, emperor, or empress.",The imperial palace was once the center of power for the vast empire.,imperial power; imperial era; imperial army,C2
Imprisonment,/ɪmˈpɹɪzənmənt/,n. [U],no changes,imprison (v.),putting someone in prison or in jail as lawful punishment,The judge sentenced him to ten years of imprisonment for his part in the robbery.,lengthy imprisonment; wrongful imprisonment; imprisonment for life,C2
Imposing,/ɪˈmpoʊzɪŋ/,adj.,"imposing, more imposing, most imposing",None,"Magnificent and impressive because of appearance, size, stateliness or dignity.",The cathedral's imposing towers could be seen from almost anywhere in the old town.,imposing structure; imposing figure; imposing presence,C2
Implicit,/ɪmˈplɪsət/,adj.,"implicit, more implicit, most implicit",implicitness (n.),"Suggested indirectly, without being directly expressed.",Models emphasizing stability and implicit regularization tend to perform more reliably during periods of economic volatility.,implicit assumption; implicit bias; implicit agreement,C2
Incline,/ɪnˈklaɪn/,v.,"incline, inclines, inclined, inclined, inclining","inclining (n.), inclination (n.)","To bend or move (something) out of a given plane or direction, often the horizontal or vertical.",The road began to incline sharply as it approached the mountain pass.,steep incline; gentle incline; walk up an incline,C2
Indifference,/ɪˈndɪfɚəns/,n. [U],no changes,indifferent (adj.),The state of being indifferent.,"The model is well suited for large-scale simulations often required in risk management, portfolio optimization and indifference pricing of interest rate derivatives.",cold indifference; public indifference; shrug with indifference,C2
Indignant,/ɪˈndɪɡnənt/,adj.,"indignant, more indignant, most indignant",indignation (n.),"Showing anger or indignation, especially at something unjust or wrong.",She was deeply indignant about being blamed for the mistake she had not made.,deeply indignant; grow indignant; indignant response,C2
Inclusive,/ɪnˈklusɪv/,adj.,"inclusive, more inclusive, most inclusive",include (v.),Including (almost) everything within its scope.,"In the model, inclusive and extensive fitness are both implemented by letting fitness increase nonlinearly with the size of subpopulations of similar heredity and of similar phenotype.",inclusive design; inclusive policy; inclusive community,C2
Infectious,/ɪˈnfɛkʃəs/,adj.,"infectious, more infectious, most infectious",infection (n.),"Caused by an agent that enters the host's body (such as a bacterium, virus, parasite, or prion); often, also, transmitted among hosts via any of various routes (for example, contact, droplet-borne, airborne, waterborne, foodborne, fomite-borne, or bloodborne).","Tourists can face infectious diseases, accidents, injuries, violence, unsafe food or water, and other risks linked to poor planning or unsuitable travel choices.",highly infectious; infectious disease; infectious laughter,C2
Incur,/ɪˈnkɝ/,v.,"incur, incurs, incurred, incurred, incurring","incurring (n.), incursion (n.), incurrence (n.)","To bring upon oneself or expose oneself to, especially something inconvenient, harmful, or onerous; to become liable or subject to.","Despite its merits, the use of spectrum databases incurs privacy concerns for both SUs and PUs.",incur costs; incur a debt; incur liability,C2
Industrialize,/ɪˈndʌstɹiəˌlaɪz/,v.,"industrialize, industrializes, industrialized, industrialized, industrializing","industrialism (n.), industrialization (n.)",organize (the production of something) into an industry,The government launched a plan to industrialize the region while protecting its farmland and rivers.,rapidly industrialize; industrialize the economy; industrialize society,C2
Insistence,/ɪˈnsɪstəns/,n. [U],no changes,"insist (v.), insistent (adj.)",The state of being insistent.,"At her doctor's insistence, she finally agreed to have the small growth examined.",constant insistence; gentle insistence; stubborn insistence,C2
Inland,/ˈɪˌnlænd/,adj.,no changes,None,situated away from an area's coast or border,Fishing villages along the coast were hit harder than inland towns during the storm.,inland city; miles inland; inland waterway,C2
Inflict,/ɪnˈflɪkt/,v.,"inflict, inflicts, inflicted, inflicted, inflicting",infliction (n.),To thrust upon; to impose.,The hurricane inflicted serious damage on the coastal region before moving out to sea.,inflict pain; inflict severe punishment; inflict immediate pain,C2
Inhabitant,/ɪˈnhæbətənt/,n.,"inhabitant, inhabitants",inhabit (v.),a person who inhabits a particular place,"Even for rather small economies, the online searches of their inhabitants can be successfully utilized for macroeconomic predictions.",local inhabitant; island inhabitant; longtime inhabitant,C2
Inhabit,/ɪˈnhæbət/,v.,"inhabit, inhabits, inhabited, inhabited, inhabiting","inhabitant (n.), inhabitancy (n.), inhabitation (n.)",To live or reside in.,Evolutionary adaptation is the process that increases the fit of a population to the fitness landscape it inhabits.,inhabit the earth; inhabit a region; inhabit a body,C2
Innumerable,/ɪˈnumɚəbəl/,adj.,no changes,innumerableness (n.),"Not capable of being counted, enumerated, or numbered.","There are innumerable statues, commemorations, books, and archival collections.",innumerable times; innumerable examples; innumerable stars,C2
Inquire,/ɪnˈkwaɪɹ/,v.,"inquire, inquires, inquired, inquired, inquiring","inquiry (n.), inquirer (n.), inquiring (n.), inquisitive (adj.)",To ask (about something).,"To that end, we conducted four focus groups with experts in psychology and dark pattern scholarship, inquiring how they conceptualise the relation between cognitive biases and dark patterns.",inquire about; politely inquire; inquire into the matter,C2
Infer,/ɪˈnfɝ/,v.,"infer, infers, inferred, inferred, inferring",inference (n.),"To introduce (something) as a reasoned conclusion; to conclude by reasoning or deduction, as from premises or evidence.","From his silence alone, she could infer that he already knew the answer.",infer from evidence; infer meaning; logically infer,C2
Induce,/ɪˈndus/,v.,"induce, induces, induced, induced, inducing","inducer (n.), inducing (n.), inducive (adj.), induction (n.), inducement (n.)",To lead by persuasion or influence; incite or prevail upon.,Nothing the manager said could induce the staff to give up their planned strike.,induce labor; induce sleep; chemically induce,C2
Injustice,/ɪˈndʒʌstɪs/,n.,"injustice, injustices",None,A lack of fairness or justice; an unjust act or situation.,"The novel explores social injustice, poverty, and class dehumanization, themes that remain relevant today.",social injustice; suffer injustice; fight injustice,C2
Instinctive,/ɪnˈstɪŋktɪv/,adj.,"instinctive, more instinctive, most instinctive",None,Related to or prompted by instinct.,Her instinctive reaction was to grab the child and run away from the falling shelf.,instinctive reaction; purely instinctive; instinctive responses,C2
Intake,/ˈɪˌnteɪk/,n.,"intake, intakes",None,"the amount of food, drink, or other substance that you take into your body",The doctor advised him to reduce his daily intake of sugar and salt for better health.,daily intake; calorie intake; reduce intake,C2
Interpreter,/ɪˈntɝpɹətɚ/,n.,"interpreter, interpreters",interpret (v.),a person who translates spoken or signed language between people,A skilled interpreter translated the witness's testimony for the court.,skilled interpreter; conference interpreter; professional interpreter,C2
Intonation,/ɪntəˈneɪʃən/,n.,"intonation, intonations","intone (v.), intonate (v.)",The rise and fall of the voice in speaking.,You can tell from the intonation and style that the recordings are taken from narrated speech.,rising intonation; sentence intonation; pattern of intonation,C2
Intellect,/ˈɪntəˌlɛkt/,n.,"intellect, intellects",intellectual (adj.),"The faculty of thinking, judging, abstract reasoning, and conceptual understanding; the cognitive faculty.","That would be very different than saying, I want to become a great physician because I value intellect.",sharp intellect; great intellect; demonstrate intellect,C2
Intersection,/ˌɪntɚˈsɛkʃən/,n.,"intersection, intersections",intersect (v.),"The junction of two (or more) paths, streets, highways, or other thoroughfares.",She waited at the busy intersection for the light to turn green before crossing.,busy intersection; intersection of ideas; complex intersection,C2
Intimacy,/ˈɪntəməsi/,n. [U],no changes,None,"Feeling or atmosphere of closeness and openness towards someone else, often but not necessarily involving sexuality.",Years of honest conversation created deep emotional intimacy between the two friends.,sense of intimacy; emotional intimacy; physical intimacy,C2
Intimidate,/ɪˈntɪmɪˌdeɪt/,v.,"intimidate, intimidates, intimidated, intimidated, intimidating",intimidation (n.),to frighten someone so they do what you want or stop them from acting,The older boys tried to intimidate the new students by shouting threats at them.,intimidate a witness; feel intimidated by; intimidate the opponent,C2
Intrude,/ɪnˈtɹud/,v.,"intrude, intrudes, intruded, intruded, intruding","intruder (n.), intrusion (n.), intrusive (adj.)","To thrust oneself in; to come or enter without invitation, permission, or welcome; to encroach; to trespass.",Attackers may intrude into the network and compromise smart-grid devices.,intrude on privacy; intrude into a space; rudely intrude,C2
Irritable,/ˈɪɹətəbəl/,adj.,"irritable, more irritable, most irritable",irritability (n.),Capable of being irritated.,"They also reported feeling more irritable, less engaged, and more likely to perceive the music as sad.",irritable mood; become irritable; irritable temper,C2
Intrigue,/ɪnˈtɹiɡ/,v.,"intrigue, intrigues, intrigued, intrigued, intriguing",None,To conceive or carry out a secret plan intended to harm; to form a plot or scheme.,The foreign minister intrigued behind the scenes to secure a secret alliance before the summit.,political intrigue; court intrigue; full of intrigue,C2
Intervene,/ˌɪntɚˈvin/,v.,"intervene, intervenes, intervened, intervened, intervening",intervention (n.),"To become involved in a situation, so as to alter or prevent an action.","Fearing the election of an Islamist government, the authorities intervened on 11 January 1992, cancelling the elections.",intervene in a dispute; military intervention; intervene to prevent,C2
Intruder,/ɪnˈtɹudɚ/,n.,"intruder, intruders",intrude (v.),Someone who intrudes.,The homeowner called the police the moment he noticed an intruder at the back door.,catch an intruder; unwanted intruder; armed intruder,C2
Isle,/ˈaɪl/,n.,"isle, isles",islet (n.),a small island,They sailed to a tiny isle off the coast and camped there for the weekend.,remote isle; beautiful isle; small rocky isle,C2
Invariably,/ɪˈnvɛɹiəbli/,adv.,"invariably, more invariably, most invariably",None,"Every time; always, without change.",Her plans invariably succeed because she prepares for every detail in advance.,almost invariably; invariably leads to; invariably true,C2
Invaluable,/ɪˈnvæljəbəl/,adj.,no changes,invaluableness (n.),Having great or incalculable value.,Such invaluable information helps clinicians choose patient-oriented preventive measures and interventions.,invaluable asset; invaluable experience; prove invaluable,C2
Jasmine,/ˈdʒæzmən/,n. [U],no changes,None,any of several shrubs and vines of the genus Jasminum chiefly native to Asia,"In Arab Muslim tradition, popular scents include amber, jasmine, musk and oud (agarwood).",fragrant jasmine; jasmine tea; white jasmine,C2
Ironic,/aɪˈɹɑnɪk/,adj.,"ironic, more ironic, most ironic",irony (n.),"Unexpected or contrary to what is expected, often in a way that is amusing or revealing; also, sarcastic or mocking.",It was ironic that the fire station burned down while the firefighters were away on another call.,deeply ironic; ironic twist; find it ironic,C2
Jade,/ˈdʒeɪd/,n. [U],no changes,None,a semiprecious gemstone that takes a high polish; is usually green but sometimes whitish; consists of jadeite or nephrite,She wore a delicate pendant carved from pale green jade around her neck.,jade jewelry; jade carving; polished jade,C2
Irritate,/ˈɪɹɪˌteɪt/,v.,"irritate, irritates, irritated, irritated, irritating","irritant (n.), irritation (n.), irritative (adj.)","To provoke impatience, anger, or displeasure in.",The label on the back of the shirt began to irritate the skin on her neck.,irritate the skin; easily irritate; slightly irritate,C2
Itch,/ˈɪtʃ/,n.,"itch, itches","itchy (adj.), itching (n.)",An uncomfortable sensation on the skin that causes a desire to scratch; a persistent craving or urge.,"She scratched the persistent itch on her arm, unaware that it might indicate an allergic reaction.",persistent itch; relieve an itch; itch to scratch,C2
Inventory,/ˌɪnvəˈntɔɹi/,n.,"inventory, inventories",inventorying (n.),The stock of an item on hand at a particular location or business.,The store closes early once a year so staff can count the entire inventory.,track inventory; inventory control; manage inventory,C2
Ivy,/ˈaɪvi/,n. [U],no changes,None,Old World vine with lobed evergreen leaves and black berrylike fruits,Dense ivy clung to the ancient stone walls of the university's oldest building.,ivy-covered walls; climbing ivy; dense ivy,C2
Janitor,/ˈdʒænətɚ/,n.,"janitor, janitors",None,Someone who looks after the maintenance and cleaning of a public building.,"One of the greatest lessons I ever learned was from a janitor, who had an incredible work discipline and a really fanatical drive for perfection and constant improvement.",school janitor; night janitor; janitor duties,C2
Jockey,/ˈdʒɑki/,n.,"jockey, jockeys",None,a person who rides horses in races as their job,The young jockey guided his horse skillfully around the final bend to win the race.,a professional jockey; champion jockey; the winning jockey,C2
Jingle,/ˈdʒɪŋɡəl/,n.,"jingle, jingles",jingly (adj.),The sound of metal or glass clattering against itself.,The keys made a faint jingle as she placed them on the metal counter.,catchy jingle; commercial jingle; sing a jingle,C2
Jolly,/ˈdʒɑli/,adj.,"jolly, jollier, jolliest","jollity (n.), jolliness (n.)","happy, cheerful, and full of good humour",Our jolly old neighbour always greeted everyone with a warm smile.,jolly mood; jolly laugh; jolly fellow,C2
Joyous,/ˈdʒɔɪəs/,adj.,"joyous, more joyous, most joyous","joy (n.), joyousness (n.)",Full of joy; happy.,The whole family gathered for a joyous dinner to celebrate the new baby's arrival.,joyous occasion; joyous celebration; joyous event,C2
Junction,/ˈdʒʌŋkʃən/,n.,"junction, junctions",None,"The act of joining, or the state of being joined.",Turn left at the busy junction and the museum will be on your right.,road junction; critical junction; T-junction,C2
Kin,/ˈkɪn/,n.,"kin, kins",kinship (n.),Race; family; breed; kind.,She listed her next of kin on the form before the long medical procedure.,next of kin; close kin; kin group,C2
Kindle,/ˈkɪndəl/,v.,"kindle, kindles, kindled, kindled, kindling",kindling (n.),"To start (a fire) or light (a torch, a match, coals, etc.).",A single spark was enough to kindle a fire in the dry brush along the trail.,kindle a flame; kindle interest; kindle hope,C2
Landlady,/ˈlænˌdleɪdi/,n.,"landlady, landladies",None,a landlord who is a woman,"A landlady suspects that her lodger is the killer, but he turns out to be innocent.",private landlady; former landlady; live-in landlady,C2
Knowledgeable,/ˈnɑlədʒəbəl/,adj.,"knowledgeable, more knowledgeable, most knowledgeable","knowledgeability (n.), knowledgeableness (n.)","Having knowledge, especially of a particular subject.","The assistant tries to be helpful, polite, honest, sophisticated, emotionally aware, and humble but knowledgeable.",extremely knowledgeable; knowledgeable expert; knowledgeable about the topic,C2
Landslide,/ˈlændˌslaɪd/,n.,"landslide, landslides",None,"A natural disaster that involves the breakup and downhill flow of rock, mud, water and anything caught in the path.",The heavy rainfall triggered a landslide that buried the mountain road under several meters of debris.,trigger a landslide; landslide debris; deadly landslide,C2
Layman,/ˈleɪmən/,n.,"layman, laymen",None,"Layperson, someone who is not an ordained cleric or member of the clergy.",The doctor explained the diagnosis in plain terms that any layman could easily understand.,ordinary layman; layman's terms; mere layman,C2
Lad,/ˈlæd/,n.,"lad, lads",None,A boy or young man.,The young lad from the village grew up to become a respected doctor in the city.,young lad; mad lad; local lad,C2
Lash,/ˈlæʃ/,v.,"lash, lashes, lashed, lashed, lashing",None,"To strike with a lash; to whip or scourge with a lash, or with something like one.",Their bodies writhe and they raise and lash their tails which makes it difficult for the predator to avoid contact with their poison-producing granular glands.,lash a horse; lash out at someone; lash violently,C2
Latitude,/ˈlætəˌtud/,n.,"latitude, latitudes","latitudinal (adj.), latitudinarian (adj.)","The angular distance north or south from a planet's equator, measured along the meridian of that particular point.",This air mass transported heat from lower latitudes into the Antarctic interior—something that rarely happens in winter.,geographic latitude; high latitude; latitude and longitude,C2
Lavish,/ˈlævɪʃ/,adj.,"lavish, more lavish, most lavish",lavishness (n.),Expending or bestowing profusely; profuse; prodigal.,"Gradually, it seems they got more and more lavish as Roman conquest reached into places that were really rich and in Roman terms really exotic.",lavish lifestyle; lavish party; lavish spending,C2
Legislator,/ˈlɛdʒəˌsleɪtɚ/,n.,"legislator, legislators","legislate (v.), legislatorship (n.)",someone who makes or enacts laws,"Legislators and civil-society organizations could use these findings in their advocacy work to promote the benefits of affirmative action and diversity, equity and inclusion policies.",senior legislator; local legislator; state legislator,C2
Lease,/ˈlis/,n.,"lease, leases",None,property that is leased or rented out or let,The law opened land for a lease of three years with the ability for the freedmen to purchase title.,sign a lease; long-term lease; renew a lease,C2
Lengthy,/ˈlɛŋθi/,adj.,"lengthy, lengthier, lengthiest","length (n.), lengthiness (n.)","Having length; long and overextended, especially in time rather than dimension.",The proposed method was validated through extensive experiments involving lengthy routes and high-density traffic.,lengthy process; lengthy discussion; lengthy document,C2
Lessen,/ˈlɛsən/,v.,"lessen, lessens, lessened, lessened, lessening",None,To make less; to diminish; to reduce.,Regular exercise can lessen the risk of heart disease in older adults.,lessen the impact; lessen tension; gradually lessen,C2
Lesbian,/ˈlɛzbiən/,n.,"lesbian, lesbians",None,A woman who is romantically or sexually attracted to other women.,She came out as a lesbian to her family during her final year of college.,openly lesbian; lesbian community; lesbian couple,C2
Layout,/ˈleɪˌaʊt/,n.,"layout, layouts",None,A structured arrangement of items within certain limits.,The new office layout makes it far easier for the teams to collaborate.,room layout; physical layout; design layout,C2
Liner,/ˈlaɪnɚ/,n.,"liner, liners",line (v.),A material or covering used to line the inside of something.,She lined the kitchen drawer with a fresh liner before stacking the silverware inside.,bin liner; trash liner; replacement liner,C2
Liable,/ˈlaɪəbəl/,adj.,"liable, more liable, most liable",liability (n.),Bound or obliged in law or equity; responsible; answerable.,The company was found liable for damages after the faulty product injured several customers.,liable for damages; legally liable; fully liable,C2
Limp,/ˈlɪmp/,adj.,"limp, limper, limpest","limper (n.), limpness (n.)","Flaccid; flabby, resembling flesh.",The old mattress had become limp and offered almost no support.,limp handshake; go limp; limp wrist,C2
Liberation,/ˌlɪbɚˈeɪʃən/,n. [U],no changes,liberate (v.),The act of liberating or the state of being liberated.,"But as soon as we let it go, the experience that we have is a liberation, a liberation from all of the things that we don't have to care about.",national liberation; true liberation; queer liberation,C2
Lieutenant,/luˈtɛnənt/,n.,"lieutenant, lieutenants",lieutenancy (n.),"The lowest junior commissioned officer rank(s) in many military forces, often Army and Marines.",The young lieutenant led his platoon across the bridge under heavy enemy fire.,army lieutenant; first lieutenant; lieutenant colonel,C2
Lethal,/ˈliθəl/,adj.,"lethal, more lethal, most lethal",lethality (n.),"Of, pertaining to, or causing death; deadly; mortal; fatal.",We also formulated the finite population version of the model in the case of lethal mutations.,lethal form; potentially lethal; lethal mutations,C2
Liter,/ˈlitɚ/,n.,"liter, liters",None,"a metric unit of capacity, formerly defined as the volume of one kilogram of pure water under standard conditions; now equal to 1,000 cubic centimeters (or approximately 1.75 pints)","So, for example, calculating a mean of liters and then converting to gallons is the same as converting to gallons first and then calculating the mean.",full liter; liter of wine; liter of water,C2
Lifelong,/ˈlaɪˈflɔŋ/,adj.,"lifelong, more lifelong, most lifelong",None,Extending for the entire duration of life.,"Nevertheless, he was an avid reader and maintained a lifelong interest in learning.",lifelong obsession; lifelong devotion; lifelong learning,C2
Livestock,/ˈlaɪvˌstɑk/,n. [U],no changes,None,"Farm animals, such as cattle, sheep, or pigs, kept or raised for use or profit.","The farm raises livestock such as cattle, sheep, and chickens on the open pasture.",raise livestock; livestock farming; livestock industry,C2
Literate,/ˈlɪtɚət/,adj.,"literate, more literate, most literate",literacy (n.),Able to read and write; having literacy.,"In many developing nations, fewer than half of rural women are literate, underscoring the urgent need for educational reform.",literate man; incredibly literate; sufficiently literate,C2
Lining,/ˈlaɪnɪŋ/,n.,"lining, linings",None,a covering attached to the inside surface of something,The tailor replaced the torn lining inside the winter coat.,uterine lining; stomach lining; inner lining,C2
Literacy,/ˈlɪtɚəsi/,n. [U],no changes,None,The ability to read and write.,The challenge - discriminating between fluent expression and substantive thought - constitutes a critical literacy skill for modern education.,advancing media literacy; financial literacy; digital literacy,C2
Locker,/ˈlɑkɚ/,n.,"locker, lockers",lock (v.),a storage compartment for clothes and valuables; usually it has a lock,"When they finished broadcasting, they found a small present from Slayton in the food locker: a real turkey dinner with stuffing, in the same kind of pack given to the troops in Vietnam.",foot locker; evidence locker; personal locker,C2
Lofty,/ˈlɔfti/,adj.,"lofty, loftier, loftiest",loftiness (n.),"High, tall, having great height or stature.",She set herself the lofty goal of finishing the marathon in under four hours.,lofty hope; lofty goals; lofty language,C2
Lizard,/ˈlɪzɚd/,n.,"lizard, lizards",None,relatively long-bodied reptile with usually two pairs of legs and a tapering tail,"Snakes, monitor lizards, and numerous other reptiles can be found living among an array of rodents throughout the semi arid regions of Algeria.",lizard species; monitor lizard; tiny lizard,C2
Literal,/ˈlɪtɚəl/,adj.,"literal, more literal, most literal",literalness (n.),Conforming exactly to the original meaning or text; not figurative or metaphorical.,"In this sense, the literal meanings of alchemical formulas hid a spiritual philosophy.",literal meaning; literal interpretation; literal translation,C2
Lonesome,/ˈloʊnsəm/,adj.,"lonesome, more lonesome, most lonesome",lonesomeness (n.),Sad because of being alone or having no companions; lonely.,He felt lonesome during the long winter nights in the empty mountain cabin.,lonesome feeling; lonesome road; feel lonesome,C2
Longitude,/ˈlɑndʒəˌtud/,n. [U],no changes,longitudinal (adj.),the angular distance between a point on any meridian and the prime meridian at Greenwich,"The parsed addresses would be sent to a geocoding API to obtain longitude and latitude, and the geolocation would then be displayed on the front-end map.",longitude and latitude; geographic longitude; longitude at sea,C2
Logo,/ˈloʊɡoʊ/,n.,"logo, logos",None,A visual symbol or emblem that acts as a trademark or a means of identification of a company or organization.,"The effect is sensitive to subtle cues, such as people being more helpful when there were stylized eyespots instead of a logo on a computer screen.",old logo; new logo; little logo,C2
Lotion,/ˈloʊʃən/,n.,"lotion, lotions",None,"A liquid preparation applied to the skin for cleansing, moisturising, or medicinal purposes.","Other recipes were for making hair dyes, lotions, lip colours.",apply lotion; sunscreen lotion; hand lotion,C2
Lottery,/ˈlɑtɚi/,n.,"lottery, lotteries",None,"A scheme for the distribution of prizes by lot or chance, especially a gaming scheme in which one or more tickets bearing particular numbers draw prizes, the other tickets are blanks.",You are more likely to be struck by lightning than to win the lottery twice in a row.,national lottery; play the lottery; win the lottery,C2
Lotus,/ˈloʊtəs/,n.,"lotus, lotuses",None,native to eastern Asia; widely cultivated for its large pink or white flowers,The temple walls feature lotus flower carvings and other ornate religious motifs.,white lotus; lotus flower; lotus pond,C2
Loudspeaker,/ˈlaʊdˌspikɚ/,n.,"loudspeaker, loudspeakers",None,An electromechanical transducer that converts an electrical signal into audible sound.,"Electroacoustic transducers include loudspeakers, microphones, particle velocity sensors, hydrophones and sonar projectors.",public-address loudspeaker; loudspeaker system; loudspeaker announcement,C2
Longevity,/lɔˈndʒɛvəti/,n. [U],no changes,None,"The quality of being long-lasting, especially of life.",She was later granted longevity by Apollo who turned her into a nymph.,human longevity; longevity of life; increase longevity,C2
Lullaby,/ˈlʌləˌbaɪ/,n.,"lullaby, lullabies",None,"A cradlesong, a soothing song to calm children or lull them to sleep.","Ballads, lullabies, street vendor's cries, nursery rhymes, and work songs are plentiful.",irish lullaby; famous lullaby; sweet lullaby,C2
Lucrative,/ˈlukɹətɪv/,adj.,"lucrative, more lucrative, most lucrative",lucre (n.),Producing a surplus; profitable.,Women are less likely to participate as entrepreneurs and independent farmers and are engaged in the production of less lucrative crops.,particularly lucrative; lucrative sideline; lucrative market,C2
Madam,/ˈmædəm/,n.,"madam, madams",None,A polite form of address for a woman or lady.,"It relates the escapades of ""Madam"" Blanche Tyler, played by Barbara Harris (actress), a fraudulent spiritualist, and her taxi-driver lover Bruce Dern, making a living from her phony powers.",Dear Madam; excuse me madam; Madam President,C2
Lush,/ˈlʌʃ/,adj.,"lush, lusher, lushest",lushness (n.),"Rich, abundant, and luxuriant, especially in vegetation or appearance.","Blending seamlessly into its lush surroundings, the snake went unnoticed for years in one of the world's most biodiverse regions.",lush green paradise; lush mediterranean coast; lush surroundings,C2
Lunar,/ˈlunɚ/,adj.,no changes,None,"Of, pertaining to, or resembling the Moon (that is, Luna, the Earth's moon).",Extraterrestrial rovers with a general-purpose robotic arm have many potential applications in lunar and planetary exploration.,lunar landing; lunar surface; lunar module,C2
Maiden,/ˈmeɪdən/,adj.,"maiden, more maiden, most maiden","maidenly (adj.), maidenhood (n.)",Virgin.,The Titanic sank on its maiden voyage across the Atlantic in 1912.,maiden voyage; maiden speech; maiden name,C2
Majesty,/ˈmædʒəsti/,n. [U],no changes,majestic (adj.),"The quality of being impressive, great, dignified, powerful, sovereign, or any combination thereof.","Indeed, of the signatories to the Agreement, as of December 2010, only Barbados has replaced appeals to Her Majesty in Council with the Caribbean Court of Justice.",royal majesty; Her Majesty; natural majesty,C2
Majestic,/məˈdʒɛstɪk/,adj.,"majestic, more majestic, most majestic",majesty (n.),Having qualities of splendor or royalty.,"The eagle spread its wings and soared above the majestic mountain range in long, sweeping arcs.",majestic animal; majestic mosque; majestic landscapes,C2
Mainland,/ˈmeɪˌnlænd/,n. [U],no changes,None,"The continent; the principal land, as distinguished from islands or a peninsula.","Ares, stationed over the mainland, and Iris, over the islands, threatened all the lands and prevented them from helping Leto.",mainland Europe; mainland China; mainland coast,C2
Maple,/ˈmeɪpəl/,n.,"maple, maples",None,"A tree of the genus Acer, characterised by its usually palmate leaves and winged seeds.",Wild foods including wild rice and maple sugar were harvested.,maple syrup; maple leaf; maple tree,C2
Manuscript,/ˈmænjəsˌkɹɪpt/,n.,"manuscript, manuscripts",None,"A book, composition or any other document, written by hand (or manually typewritten), not mechanically reproduced.","When I'm working hard on a manuscript, I wouldn't say that I am happy.",ancient manuscripts; biblical manuscripts; submit a manuscript,C2
Marginal,/ˈmɑɹdʒənəl/,adj.,"marginal, more marginal, most marginal","margin (n.), marginality (n.)","Of, relating to, or located at or near a margin or edge; also figurative usages of location and margin (edge).",The policy may have only a marginal effect in very small-scale situations.,marginal distributions; marginal probabilities; marginal cost,C2
Mastery,/ˈmæstɚi/,n. [U],no changes,master (v.),The position or authority of a master; dominion; command; supremacy; superiority.,Years of patient practice gave her a complete mastery of the violin.,complete mastery; achieve mastery; technical mastery,C2
Martial,/ˈmɑɹʃəl/,adj.,"martial, more martial, most martial",None,"Of, relating to, or suggestive of war; warlike.",The students trained in the martial art for six years before competing at the national level.,martial arts; martial law; martial artist,C2
Medieval,/mɪˈdivəl/,adj.,"medieval, more medieval, most medieval",None,relating to or belonging to the Middle Ages,"And what we archaeologists are trying to argue now is stop calling it a dark age, the medieval people don't want theirs to be a dark age anymore either.",early medieval; medieval world; medieval period,C2
Marvel,/ˈmɑɹvəl/,v.,"marvel, marvels, marvelled, marvelled, marveling","marveller (n.), marvelous (adj.), marvellous (adj.)",To become filled with wonderment or admiration; to be amazed at something.,Visitors to the cathedral marvel at the soaring arches and the stained-glass windows.,marvel at an invention; marvel at the scenery; marvel at human ingenuity,C2
Magnify,/ˈmæɡnəˌfaɪ/,v.,"magnify, magnifies, magnified, magnified, magnifying","magnifier (n.), magnitude (n.), magnification (n.)","To make something appear larger, especially by using a lens or other device; to increase its apparent size or importance.",The lens magnifies the image so that even the smallest details become visible to the naked eye.,magnify quality; magnify intensity; magnify difference,C2
Linger,/ˈlɪŋɡɚ/,v.,"linger, lingers, lingered, lingered, lingering",lingerer (n.),"To stay or remain in a place or situation, especially as if unwilling to depart or not easily able to do so.","In 2007, the Alabama Legislature passed, and Republican governor Bob Riley signed a resolution expressing ""profound regret"" over slavery and its lingering impact.",linger over a memory; linger in the mind; linger for years,C2
Lighten,/ˈlaɪtən/,v.,"lighten, lightens, lightened, lightened, lightening",None,"to make something lighter, brighter, less heavy, or less serious",The new service has helped lighten the burden on caregivers.,lighten the burden; lighten the load; lighten the mood,C2
Lure,/ˈlʊɹ/,v.,"lure, lures, lured, lured, luring",None,"To attract by temptation, appeal, or guile.",The advertisement was designed to lure customers in with the promise of cheap electronics.,lure sailors; lure in; lure men,C2
Lodge,/ˈlɑdʒ/,v.,"lodge, lodges, lodged, lodged, lodging","lodger (n.), lodging (n.), lodgings (n.), lodgement (n.)",To be firmly fixed in a specified position.,Tiny asbestos fibers became lodged in the lung tissue after prolonged exposure.,safari lodge; lodge in tissue; lodge between teeth,C2
Liberate,/ˈlɪbɚˌeɪt/,v.,"liberate, liberates, liberated, liberated, liberating","liberty (n.), liberator (n.), liberation (n.)","To set someone or something free, especially from imprisonment, oppression, or control.",The soldiers fought bravely to liberate the captured city from the occupying army.,liberate from oppression; liberate the city; liberate the hostages,C2
Mar,/ˈmɑɹ/,v.,"mar, mars, marred, marred, marring",None,To spoil; to ruin; to scathe; to damage.,A single careless remark can mar an otherwise perfect evening among friends.,mar the landscape; mar one's reputation; mar the moment,C2
Mediate,/ˈmidiˌeɪt/,v.,"mediate, mediates, mediated, mediated, mediating","mediator (n.), mediation (n.), mediateness (n.)","To resolve differences, or to bring about a settlement, between conflicting parties.","By contrast, if competition is mediated by the consumption of a common resource then demographic noise leads to the stabilization of species with near minimal fitness.",mediate ceasefire; mediate between; mediate relationship,C2
Meditate,/ˈmɛdəˌteɪt/,v.,"meditate, meditates, meditated, meditated, meditating","meditation (n.), meditative (adj.)",To contemplate; to keep the mind fixed upon something; to study.,"Watts wrote that Huxley was ""meditating on the central problems of many modern men"".",meditate on meaning; meditate for hours; meditate every morning,C2
Melancholy,/ˈmɛləˌnkɑli/,n. [U],no changes,None,"A deep, pensive, and persistent sadness.",A profound melancholy settled over her after the long winter months.,melancholy song; heroic melancholy; grandiose melancholy,C2
Meditation,/ˌmɛdəˈteɪʃən/,n. [U],no changes,meditate (v.),"A devotional exercise of, or leading to, contemplation.","He also described alchemy, along with meditation, as the sole spiritual practices that could allow one to gain immortality or to transcend to a higher state of being.",practice meditation; guided meditation; meditation practice,C2
Mermaid,/ˈmɝˌmeɪd/,n.,"mermaid, mermaids",None,half woman and half fish; lives in the sea,The children pressed their faces to the aquarium glass and waved at the mermaid statue.,mermaid statue; mythical mermaid; mermaid legend,C2
Merchandise,/ˈmɝtʃəˌndaɪz/,n. [U],no changes,merchant (n.),Goods which are or were offered or intended for sale.,"Since then, it has reappeared in sequels, spin-off games, related merchandise, and animated and printed adaptations of the franchise.",branded merchandise; sell merchandise; new merchandise,C2
Migrant,/ˈmaɪɡɹənt/,n.,"migrant, migrants",migrate (v.),"A person or animal that moves from one place to another, often seasonally or in search of work or better living conditions.",They were migrants in search of a better life.,migrant workers; economic migrants; undocumented migrants,C2
Mentality,/mɛˈntæləti/,n.,"mentality, mentalities",mental (adj.),A mindset; a way of thinking; a set of beliefs.,And the Jewish people to whom I gladly belong and with whose mentality I have a deep affinity have no different quality for me than all other people.,victim mentality; same mentality; different mentality,C2
Miscellaneous,/ˌmɪsəˈleɪniəs/,adj.,"miscellaneous, more miscellaneous, most miscellaneous",None,Consisting of a variety of ingredients or parts.,The release includes miscellaneous improvements to the library.,miscellaneous tasks; miscellaneous category; miscellaneous talks,C2
Mingle,/ˈmɪŋɡəl/,v.,"mingle, mingles, mingled, mingled, mingling",mingling (n.),"To intermix; to combine or join, as an individual or part, with other parts, but commonly so as to be distinguishable in the product.","The event will include a variety of delicious refreshments to enjoy, creating a welcoming atmosphere for both casual mingling and engaging discussions.",mingle with guests; mingle freely; mingle with the crowd,C2
Miraculous,/mɚˈækjələs/,adj.,"miraculous, more miraculous, most miraculous",miracle (n.),being or having the character of a miracle,"That’s crucial, because despite the steady drumbeat of miraculous results from BCI trials, receiving a brain implant comes with significant risks.",miraculous goal; miraculous life; miraculous results,C2
Mistress,/ˈmɪstɹəs/,n.,"mistress, mistresses",None,"a woman in authority or control, or a woman having an affair with a married man",She was the undisputed mistress of the household and ran it with quiet authority.,headmistress; mistress of the household; a married man's mistress,C2
Modernization,/ˌmɑdɚnəˈzeɪʃən/,n. [U],no changes,modernize (v.),making modern in appearance or behavior,"In the case of Indigenous African-managed fisheries, technological modernization was advised in order to increase efficiency and productivity.",rapid modernization; nuclear modernization; technological modernization,C2
Mischievous,/ˈmɪstʃəvəs/,adj.,"mischievous, more mischievous, most mischievous","mischief (n.), mischievousness (n.)",Fond of causing trouble in a playful way; full of harmless tricks.,The mischievous puppy hid one of my shoes behind the sofa every morning.,mischievous grin; mischievous child; mischievous smile,C2
Mimic,/ˈmɪmɪk/,n.,"mimic, mimics",mimicker (n.),"a person who imitates another person's voice, manner, or behavior",The gifted mimic reproduced the actor's voice so accurately that the audience gasped.,gifted mimic; talented mimic; professional mimic,C2
Mobilize,/ˈmoʊbəˌlaɪz/,v.,"mobilize, mobilizes, mobilized, mobilized, mobilizing",mobilization (n.),To make something mobile.,This temporarily mobilizes additional resources to deal with the workload at the cost of accelerated mental exhaustion.,mobilize opposition; mobilize anger; mobilize youth,C2
Modernize,/ˈmɑdɚˌnaɪz/,v.,"modernize, modernizes, modernized, modernized, modernizing",modernization (n.),"to change something so it uses newer methods, ideas, or equipment",The company spent millions to modernize its old factories with new machines.,modernize the system; modernize infrastructure; modernize society,C2
Monotony,/məˈnɑtəni/,n. [U],no changes,None,Tedium as a result of repetition or a lack of variety.,"To break the monotony of the long flight, he watched several films in a row.",break monotony; avoid monotony; rhythmic monotony,C2
Monarch,/ˈmɑˌnɑɹk/,n.,"monarch, monarchs","monarchal (adj.), monarchic (adj.), monarchical (adj.)",The ruler of an absolute monarchy or the head of state of a constitutional monarchy.,The British monarch appeared on the balcony to greet the crowds after the coronation.,british monarch; last monarch; monarch of dynasty,C2
Moody,/ˈmudi/,adj.,"moody, moodier, moodiest","mood (n.), moodiness (n.)",Given to sudden or frequent changes of mind; temperamental.,She grew up with two moody older brothers who could flare up over the smallest things.,moody teenager; become moody; moody temperament,C2
Morale,/mɚˈæl/,n. [U],no changes,None,"The mental and emotional state of a person or group, especially their level of confidence, enthusiasm, and loyalty with regard to a function or task.",The coach gave a rousing speech to boost the morale of the team before the final match.,national morale; boost morale; raise morale,C2
Monstrous,/ˈmɑnstɹəs/,adj.,"monstrous, more monstrous, most monstrous","monster (n.), monstrosity (n.)",Hideous or frightful.,But the unexpectedly monstrous pressure broke through.,monstrous height; monstrous pressure; monstrous deeds,C2
Mortal,/ˈmɔɹtəl/,adj.,no changes,mortality (n.),"Susceptible to death by aging, sickness, injury, or wound; not immortal.","In another version of this story, Thetis anointed the boy in ambrosia and put him on top of a fire in order to burn away the mortal parts of his body.",mortal men; mortal soul; mortal life,C2
Motherhood,/ˈmʌðɚˌhʊd/,n. [U],no changes,mother (n.),The state of being a mother.,"Instead, they derive from a long history of patriarchy and deeply traditional views on the role of women and motherhood.",motherhood penalty; early motherhood; transition to motherhood,C2
Mound,/ˈmaʊnd/,n.,"mound, mounds",None,"a raised heap or bank of earth, sand, or another material",The children built a small mound of sand at the edge of the playground.,mound of sand; burial mound; small mound,C2
Mourn,/ˈmɔɹn/,v.,"mourn, mourns, mourned, mourned, mourning","mourner (n.), mourning (n.)","To feel or express grief or deep sorrow, especially for someone who has died.",The whole country came together to mourn the loss of the beloved leader.,mourn his death; mourn loss; mourn death,C2
Motto,/ˈmɑtoʊ/,n.,"motto, mottoes",None,"A short phrase expressing the guiding principle or purpose of a person, group, or organization.","The crew adopted the motto ""to boldly go where no one has gone before"" as a guiding philosophy for their mission.",Latin motto; popular motto; adopt a motto,C2
Mournful,/ˈmɔɹnfəl/,adj.,"mournful, more mournful, most mournful",mournfulness (n.),Filled with grief or sadness; being in a state in which one mourns.,It is a mournful lament from King David's perspective.,mournful expression; mournful song; mournful silence,C2
Momentum,/moʊˈmɛntəm/,n. [U],no changes,None,"Of a body in motion: the tendency of a body to maintain its inertial motion; the product of its mass and velocity, or the vector sum of the products of its masses and velocities.","Interest in the anarchist movement developed alongside momentum in the anti-globalisation movement, whose leading activist networks were anarchist in orientation.",psychological momentum; angular momentum; forward momentum,C2
Monetary,/ˈmɑnəˌtɛɹi/,adj.,no changes,money (n.),"Of, pertaining to, or consisting of money.","In 2006 a monetary agreement with the European Union was formalised that allows Andorra to use the euro officially, as well as minting its own euro coins.",monetary policy; monetary system; monetary reform,C2
Nag,/ˈnæɡ/,v.,"nag, nags, nagged, nagged, nagging",nagger (n.),"To repeatedly remind or complain to (someone) in an annoying way, often about insignificant or unnecessary matters.",Doubt about his decision kept nagging at him long after he had made it.,nag someone about something; nag at someone; constantly nag,C2
Mow,/ˈmoʊ/,v.,"mow, mows, mowed, mown, mowing",mower (n.),To cut down grass or crops.,She set the alarm early so she could mow the lawn before the sun grew too hot.,mow them down; mow down; mow lawn,C2
Muse,/ˈmjuz/,v.,"muse, muses, mused, mused, musing",muser (n.),"To become lost in thought, to ponder.",She paused at the window to muse on the strange pattern of clouds gathering over the bay.,muse on a question; muse about the past; quietly muse,C2
Mustache,/ˈmʌˌstæʃ/,n.,"mustache, mustaches",None,an unshaved growth of hair on the upper lip,"Kenneth Branagh appeared in the film wearing ""the most extravagant mustache moviegoers have ever seen"".",giant mustache; french mustache; twirl mustache,C2
Mute,/ˈmjut/,adj.,no changes,muteness (n.),Not having the power of speech; dumb.,"Spectrogram inspection confirmed that stimulus females were mute, with no overlapping vocalizations observed; female singing mice also ceased singing during continuous post-surgery monitoring.",mute button; mute switch; mute girl,C2
Narrate,/ˈnɛˌɹeɪt/,v.,"narrate, narrates, narrated, narrated, narrating","narrator (n.), narration (n.), narrative (adj.)",To relate (a story or series of events) in speech or writing.,Do you have an internal voice that narrates your life?,narrate a story; narrate events; narrate a documentary,C2
Narrator,/ˈnɛɹeɪtɚ/,n.,"narrator, narrators",narrate (v.),someone who tells a story,An experienced narrator can bring even a quiet children's story vividly to life.,perfect narrator; anonymous narrator; harsh narrator,C2
Nationalism,/ˈnæʃənəˌlɪzəm/,n. [U],no changes,"nationalist (n.), nationalistic (adj.)",love of country and willingness to sacrifice for it,Rising nationalism gradually pushed the country toward closing its borders to outsiders.,mystical nationalism; linguistic nationalism; religious nationalism,C2
Nearsighted,/ˈniˌɹsaɪtɪd/,adj.,"nearsighted, more nearsighted, most nearsighted",nearsightedness (n.),Unable to see distant objects clearly; myopic.,"Two particular examples are Lillian, an eccentric (and very nearsighted) old lady with odd quirks, and Greta, a muscle-bound woman who was hired to look after the pets during New Year's Eve.",nearsighted child; severely nearsighted; nearsighted patient,C2
Nostril,/ˈnɑstɹɪl/,n.,"nostril, nostrils",None,either one of the two external openings to the nasal cavity in the nose,The swimmer pinched one nostril closed before clearing water from her nose.,one nostril; plug a nostril; flare the nostrils,C2
Nickel,/ˈnɪkəl/,n.,"nickel, nickels",None,A silvery elemental metal with an atomic number of 28 and symbol Ni.,The alloy contains nickel to improve its strength and resistance to corrosion.,nickel coin; nickel alloy; nickel plating,C2
Nourish,/ˈnɝɪʃ/,v.,"nourish, nourishes, nourished, nourished, nourishing",nourishment (n.),To feed and cause to grow; to supply with food or other matter which increases weight and promotes health.,A balanced diet of fresh vegetables and lean protein will nourish your body and sharpen your mind.,nourish the body; nourish a child; nourish the soil,C2
Novice,/ˈnɑvəs/,n.,"novice, novices",None,A beginner; one who is not very familiar or experienced in a particular subject.,Even a novice cook can prepare a satisfying meal by following a clear and well-tested recipe.,novice players; novice competition; true novice,C2
Notorious,/noʊˈtɔɹiəs/,adj.,"notorious, more notorious, most notorious","notoriety (n.), notoriously (adv.)",Famous for something bad; well-known in an unfavourable way.,The district became notorious for its high crime rate and neglected public housing.,notorious dictators; notorious region; notorious waters,C2
Nude,/ˈnud/,adj.,"nude, nuder, nudest",nudeness (n.),Without clothing or other covering of the skin; without clothing on the genitals or female nipples.,The exhibition featured several large nude portraits painted in the tradition of classical European art.,nude portrait; nude woman; nude figures,C2
Notable,/ˈnoʊtəbəl/,adj.,"notable, more notable, most notable",notability (n.),Worthy of note; remarkable; memorable; noted or distinguished.,"Yet, there is a notable absence of methodologies for analyzing cognitive pathways that could aid psychotherapists in conducting effective interventions online.",notable example; particularly notable; notable discrepancy,C2
Nurture,/ˈnɝtʃɚ/,v.,"nurture, nurtures, nurtured, nurtured, nurturing",nurturer (n.),To nourish or nurse.,Good teachers nurture curiosity rather than simply demanding obedience from their pupils.,nurture talent; nurture relationships; nurture a child,C2
Navigate,/ˈnævəˌɡeɪt/,v.,"navigate, navigates, navigated, navigated, navigating","navigable (adj.), navigator (n.), navigation (n.)","To plan, control and record the position and course of a vehicle, ship, aircraft, etc., on a journey; to follow a planned course.",She had to navigate a maze of narrow corridors to reach the back office.,navigate highways; navigate life; navigate landscape,C2
Oasis,/oʊˈeɪsɪs/,n.,"oasis, oases",None,"A spring of fresh water, surrounded by a fertile region of vegetation, in a desert.","After hours of walking through the dry desert, the travellers were overjoyed to spot a small oasis in the distance.",desert oasis; oasis of peace; oasis of calm,C2
Oatmeal,/ˈoʊˌtmil/,n. [U],no changes,None,Meal made from rolled or round oats.,She cooked a warm bowl of oatmeal and topped it with sliced bananas and a drizzle of honey.,bowl of oatmeal; oatmeal porridge; oatmeal cookies,C2
Navigation,/ˈnævəˈɡeɪʃən/,n. [U],no changes,"navigate (v.), navigational (adj.)","The theory, practice and technology of charting a course for a road vehicle, ship, aircraft, or spaceship.",Modern navigation relies on satellites that can pinpoint a ship's position within metres.,social navigation; navigation buttons; autonomous navigation,C2
Oath,/ˈoʊθ/,n.,"oath, oaths",None,"A solemn pledge or promise that invokes a deity, a ruler, or another entity (not necessarily present) to attest the truth of a statement or sincerity of one's desire to fulfill a contract or promise.",Each new president must take the official oath of office before assuming the duties of the role.,swear an oath; take an oath; under oath,C2
Oblige,/əˈblaɪdʒ/,v.,"oblige, obliges, obliged, obliged, obliging","obligation (n.), obligatory (adj.)","To constrain someone by force or by social, moral or legal means.",Most parents feel obliged to help their children through the first difficult years of university.,be obliged to; oblige someone to act; legally oblige,C2
Nucleus,/ˈnukliəs/,n.,"nucleus, nuclei",nucleate (v.),"The core, central part of something, around which other elements are assembled.",The direct (albedo) effect is generally to cool the planet; the indirect effect (the particles act as cloud condensation nuclei and thereby change cloud properties) is less certain.,cell nucleus; atomic nucleus; nucleus of the problem,C2
Obstinate,/ˈɑbstənət/,adj.,"obstinate, more obstinate, most obstinate","obstinacy (n.), obstinately (adv.)","Stubbornly adhering to an opinion, purpose, or course, usually with implied unreasonableness; persistent.",He was too obstinate to admit his mistake even when the evidence was overwhelming.,obstinate child; obstinate refusal; obstinate streak,C2
Oppression,/əˈpɹɛʃən/,n. [U],no changes,oppress (v.),"The exercise of authority or power in a burdensome, cruel, or unjust manner.",This is the symbol of our oppression.,political oppression; resist oppression; brutal oppression,C2
Odor,/ˈoʊdɚ/,n.,"odor, odors","odorize (v.), odorous (adj.)",any property detected by the olfactory system,"A strange, sweet odor drifted from the kitchen and made her wonder what was on the stove.",strong odor; bodily odor; fragrant odor,C2
Octopus,/ˈɑktəˌpʊs/,n.,"octopus, octopuses",None,A sea animal with a soft rounded body and eight long tentacles.,An octopus can squeeze through any opening larger than the size of its beak.,venomous octopus; modern octopuses; pet octopus,C2
Occurrence,/əˈkɝəns/,n.,"occurrence, occurrences",occurrent (adj.),An actual instance when a situation occurs; an event or happening.,We should view them as simply an occurrence because that's what they are.,rare occurrence; first occurrence; many occurrences,C2
Operative,/ˈɑpɚətɪv/,adj.,"operative, more operative, most operative","operate (v.), operation (n.)",Effectual or important.,The range of population sizes where this effect is operative coincides with the onset of clonal interference.,operative word; operative procedure; operative clause,C2
Oppress,/əˈpɹɛs/,v.,"oppress, oppresses, oppressed, oppressed, oppressing","oppressor (n.), oppression (n.), oppressive (adj.)",To keep down by unjust force.,"Throughout history, authoritarian regimes have used propaganda and fear to oppress ordinary citizens.",oppress the weak; oppress minorities; oppress a population,C2
Oriental,/ˌɔɹiˈɛntəl/,adj.,no changes,orient (n.),"Relating to the East, especially East Asia; note that this term is often outdated or potentially offensive when referring to people.",She collected a series of oriental rugs from markets across the Middle East and Central Asia.,oriental rug; oriental art; oriental languages,C2
Offshore,/ˈɔˈfʃɔɹ/,adj.,"offshore, more offshore, most offshore",None,"Located, operating, or occurring in the sea away from the shore.",Studies showed that real-world offshore emissions were around five times higher than previously thought.,offshore drilling; offshore wind; offshore oil platform,C2
Ordeal,/ɔˈɹdil/,n.,"ordeal, ordeals",None,"A very difficult, painful, or stressful experience or period; historically, a trial by a dangerous test.","After weeks of gruelling examinations and interviews, the ordeal finally ended with a job offer.",undergo ordeal; long ordeal; terrifying ordeal,C2
Offspring,/ˈɔfsˌpɹɪŋ/,n.,"offspring, offspring",None,a person's child or an animal's young; descendants collectively,The offspring did not inherit the epigenetic changes observed in the parent.,produce offspring; rear offspring; offspring of a hybrid,C2
Organizer,/ˈɔɹɡəˌnaɪzɚ/,n.,"organizer, organizers",organize (v.),A person who arranges the details of a public event.,"Finally, we discuss the drawbacks of systemic ""crunch time"" and argue that game jam organizers are in a good position to problematize the phenomenon.",event organizer; conference organizer; arrest organizers,C2
Orderly,/ˈɔɹdɚli/,adj.,"orderly, more orderly, most orderly","order (n.), orderliness (n.)",Neat and tidy; possessing order.,"Later generations of scientists would reduce Bacon’s ideas to the clean, orderly “scientific method.” But in the process, they lost sight of its inventive roots.",orderly fashion; orderly system; orderly manner,C2
Obsess,/əˈbsɛs/,v.,"obsess, obsesses, obsessed, obsessed, obsessing","obsession (n.), obsessive (adj.)",To be preoccupied with a single topic or emotion.,She began to obsess over minor details after the project received unexpected criticism.,obsess over details; obsess about an idea; be obsessed with someone,C2
Ornament,/ˈɔɹnəmənt/,n.,"ornament, ornaments","ornamental (adj.), ornamentation (n.)",something used to beautify,"Some special capitals with floral ornament have been found, which are called Aeolic order, and they seem to have been borrowed from the East.",Christmas ornament; decorative ornament; architectural ornament,C2
Orphanage,/ˈɔɹfənədʒ/,n.,"orphanage, orphanages",orphan (v.),An institution or home that provides care for children who have no living parents or cannot live with them.,"Following the retirement of her long-time maid Florence, Miss Marple occasionally employed girls from a local orphanage as trainees.",at an orphanage; live in an orphanage; run an orphanage,C2
Orthodox,/ˈɔɹθəˌdɑks/,adj.,"orthodox, more orthodox, most orthodox",orthodoxy (n.),"Conforming to the accepted, established, or traditional doctrines of a given faith, religion, or ideology.",His views on family life were far more orthodox than those of his younger colleagues.,orthodox jew; orthodox doctrine; orthodox categories,C2
Ounce,/ˈaʊns/,n.,"ounce, ounces",None,"An avoirdupois ounce, weighing ¹⁄₁₆ of an avoirdupois pound, or 28.349523125 grams.","Alaska was formerly the only state in which possession of one ounce or less of marijuana in one's home was completely legal under state law, though the federal law remains in force.",an ounce of gold; buy an ounce; weigh an ounce,C2
Outing,/ˈaʊtɪŋ/,n.,"outing, outings",None,A pleasure trip or excursion.,We planned a family outing to the lake for the long holiday weekend.,first outing; family outing; good outing,C2
Outgoing,/ˈaʊˌtɡoʊɪŋ/,adj.,"outgoing, more outgoing, most outgoing",None,"leaving a place or position, or being sent outward",The outgoing president met her successor before leaving office.,outgoing president; outgoing mail; outgoing flight,C2
Orient,/ˈɔɹiˌɛnt/,v.,"orient, orients, oriented, oriented, orienting",oriental (adj.),to determine or adjust one's position or direction in relation to surroundings,The guide helped us orient ourselves before we set off into the dense forest.,orient oneself; orient toward the north; correctly orient,C2
Originate,/ɚˈɪdʒəˌneɪt/,v.,"originate, originates, originated, originated, originating","origin (n.), originator (n.), origination (n.), originative (adj.)","to begin, arise, or come from a particular source or place",We have a particular neural circuit that originates with those melanopsin cells in our eye that bypass all the areas of the brain associated with circadian clocks.,originate from a source; originate at a point; originate in a region,C2
Outlaw,/ˈaʊˌtlɔ/,v.,"outlaw, outlaws, outlawed, outlawed, outlawing",outlawry (n.),To declare illegal.,The new law will outlaw the sale of these chemicals to the general public.,outlaw kidnapping; outlaw religion; outlaw marketing,C2
Outbreak,/ˈaʊtˌbɹeɪk/,n.,"outbreak, outbreaks",None,"A sudden emergence or rapid increase of something, especially a disease or conflict.","Here, we demonstrate that the model's ability to learn from real-world data helps to accurately model the evolution of an epidemic outbreak.",ongoing outbreak; outbreak of hantavirus; predict outbreaks,C2
Outnumber,/aʊˈtnʌmbɚ/,v.,"outnumber, outnumbers, outnumbered, outnumbered, outnumbering",None,To be more in number than somebody or something.,"Now isolated and outnumbered by enemy forces, the general continued his advance rather than retreating to more defensible ground.",outnumber employees; outnumber women; outnumber winners,C2
Outrageous,/aʊˈtɹeɪdʒəs/,adj.,"outrageous, more outrageous, most outrageous","outrage (n.), outrageousness (n.)",Violating morality or decency; provoking indignation or affront.,The costume he wore to the party was so outrageous that even his closest friends burst out laughing.,outrageous examples; outrageous price; outrageous fees,C2
Outlook,/ˈaʊˌtlʊk/,n.,"outlook, outlooks",None,"A person's attitude or perspective, or the expected future situation or prospects in a particular area.",The economic outlook for next year is far more positive than analysts had predicted.,inflation outlook; macroeconomic outlook; positive outlook,C2
Outset,/ˈaʊˌtsɛt/,n. [U],no changes,None,An onset; the beginning or initial stage of something.,The researchers established the project parameters from the outset.,from the outset; at the outset; outset of the project,C2
Outrage,/ˈaʊˌtɹeɪdʒ/,n. [U],no changes,outrageous (adj.),An excessively violent or vicious attack; an atrocity.,The public outrage over the scandal forced the minister to resign within a week.,outrage culture; public outrage; moral outrage,C2
Outskirts,/ˈaʊtˌskɝts/,n.,"outskirts, no changes",None,The area surrounding a city or town; suburb.,"Many people live in suburban neighborhoods on the outskirts of Ketchikan, Kodiak, Palmer, and Wasilla.",northern outskirts; city outskirts; outskirts of the city,C2
Outright,/ˈaʊˈtɹaɪt/,adv.,no changes,None,Wholly; completely; entirely.,"The report did not accuse the company of outright sabotage, but it criticized the workers for not trying harder.",reject outright; deny outright; ban outright,C2
Overdo,/ˈoʊvɚˈdu/,v.,"overdo, overdoes, overdid, overdone, overdoing",None,To do too much; to exceed what is proper or true in doing; to carry too far.,"A financially-disappointing July 1980 stage adaptation at the Rainbow Theatre was called ""a fiasco"" by Adams; he criticised the large venue and overdone stage effects.",overdo things; overdo violence; overdo formula,C2
Outward,/ˈaʊtwɚd/,adj.,"outward, more outward, most outward",outwardness (n.),Outer; located towards the outside.,"Despite her outward calm, she was deeply worried about the outcome.",outward appearance; outward expression; outward movement,C2
Overhear,/ˈoʊvɚˈhiɹ/,v.,"overhear, overhears, overheard, overheard, overhearing",None,To hear something that was not meant for one's ears.,"One of the sources, referred to as the cognitive, overhears the other source, referred to as the primary, through a noisy link and can therefore assist in sending the primary's data.",overhear a conversation; overhear a remark; overhear someone talking,C2
Overflow,/ˈoʊvɚˌfloʊ/,v.,"overflow, overflows, overflowed, overflowed, overflowing",None,To flow over the brim of (a container).,Heavy rain caused the river to overflow and flood the fields along its banks.,overflow the banks; overflow into the street; begin to overflow,C2
Ozone,/ˈoʊˌzoʊn/,n. [U],no changes,None,"An allotrope of oxygen with the chemical formula O₃, a reactive gas present in the stratosphere that absorbs ultraviolet radiation.","While oxygen itself has only minor radiative and climatic effects, the accompanying ozone has important consequences for Earth climate.",ozone layer; ozone concentration; monitor ozone levels,C2
Overwork,/ˌoʊvɚˈwɝk/,v.,"overwork, overworks, overworked, overworked, overworking",overworking (n.),To make someone work too hard or to work excessively oneself.,Years of overwork had left her exhausted and in need of a long break.,overwork employees; overwork oneself; suffer from overwork,C2
Oyster,/ˈɔɪstɚ/,n.,"oyster, oysters",None,marine mollusks having a rough irregular shell; found on the sea bed mostly in coastal waters,The oyster's rough shell opened to reveal the pale flesh inside.,raw oyster; oyster shell; oyster bed,C2
Paddle,/ˈpædəl/,n.,"paddle, paddles",paddler (n.),small wooden bat with a flat surface; used for hitting balls in various games,She gripped the paddle firmly and returned the ball across the table.,table-tennis paddle; paddle grip; hold the paddle,C2
Paperback,/ˈpeɪpɚˌbæk/,n.,"paperback, paperbacks",None,a book with paper covers,I picked up the paperback edition because it was lighter to carry on the train.,paperback version; old paperback; thick paperback,C2
Paralyze,/ˈpɛɹəˌlaɪz/,v.,"paralyze, paralyzes, paralyzed, paralyzed, paralyzing",None,To afflict with paralysis.,The other problem of focusing much on the outcome instead of the process is that it can paralyze you.,paralyze motivation; paralyze with indecision; paralyze presidency,C2
Pastime,/ˈpæˌstaɪm/,n.,"pastime, pastimes",None,"Something which amuses, and serves to make time pass agreeably.",Reading detective novels remained her favourite pastime well into her old age.,american pastime; national pastime; dominant pastime,C2
Packet,/ˈpækət/,n.,"packet, packets",None,A small pack or package; a little bundle or parcel,"In most of these, the male deposits a spermatophore, a small packet of sperm on top of a gelatinous cone, on the Substrate (biology) either on land or in the water.",blocked packet; packet arrives; send packet,C2
Pending,/ˈpɛndɪŋ/,adj.,"pending, more pending, most pending",None,Awaiting a conclusion or a confirmation.,No announcement could be made while the investigation remained pending before the committee.,pending approval; pending case; pending decision,C2
Patriotic,/ˌpeɪtɹiˈɑtɪk/,adj.,"patriotic, more patriotic, most patriotic",patriotism (n.),inspired by love for your country,The song is one of the most popular of the many American patriotic songs.,patriotic song; patriotic sentiment; patriotic citizens,C2
Patriot,/ˈpeɪtɹiət/,n.,"patriot, patriots",None,one who loves and defends his or her country,The veteran was remembered as a patriot who had devoted his life to defending his country.,devoted patriot; true patriot; regarded as a patriot,C2
Parliament,/ˈpɑɹləmənt/,n.,"parliament, parliaments",parliamentary (adj.),The elected or appointed legislative body that holds supreme law-making authority in a country.,"In November 2008, the Algerian Constitution was amended following a vote in Parliament, removing the two-term limit on Presidential incumbents.",uk parliament; new parliament; in parliament,C2
Overlap,/ˈoʊvɚˌlæp/,v.,"overlap, overlaps, overlapped, overlapped, overlapping",overlapping (n.),To extend over and partly cover something.,"Anarchists employ a range of approaches to social change, often categorised as revolutionary or evolutionary, though the two frequently overlap and are reflected in a diversity of tactics.",overlap genes; overlap with content; overlap generations,C2
Peninsula,/pəˈnɪnsələ/,n.,"peninsula, peninsulas",peninsular (adj.),a large mass of land projecting into a body of water,The coastal town at the tip of the peninsula attracted thousands of visitors each summer.,Korean Peninsula; whole peninsula; on the peninsula,C2
Peacock,/ˈpiˌkɑk/,n.,"peacock, peacocks",None,"A large male bird of the pheasant family, known for its brilliant tail feathers; the female is a peahen.",A male peacock fans out its brilliant tail feathers to attract a mate in spring.,peacock feathers; male peacock; strutting peacock,C2
Pebble,/ˈpɛbəl/,n.,"pebble, pebbles",pebbly (adj.),a small smooth rounded rock,She skipped a smooth pebble across the surface of the still pond.,smooth pebble; skip a pebble; pebble beach,C2
Peek,/ˈpik/,v.,"peek, peeks, peeked, peeked, peeking",None,"To look slyly, or with the eyes half closed, or through a crevice; to peep.","Curiosity got the better of him, and he peeked at the present before dinner.",peek through; peek out; peek into the future,C2
Paradox,/ˈpɛɹəˌdɑks/,n.,"paradox, paradoxes","paradoxical (adj.), paradoxically (adv.)","An apparently self-contradictory statement, which can only be true if it is false, and vice versa.",Swift also recognises the implications of this fact in making mercantilist philosophy a paradox: the wealth of a country is based on the poverty of the majority of its citizens.,apparent paradox; logical paradox; resolve a paradox,C2
Perch,/ˈpɝtʃ/,n.,"perch, perches",percher (n.),"A resting place for a bird, typically a high branch or ledge.",The robin found a sunny perch on the garden fence and began to sing at dawn.,perch on a branch; favorite perch; bird perch,C2
Peril,/ˈpɛɹəl/,n. [U],no changes,perilous (adj.),Serious and immediate danger.,The sailors faced great peril during the violent storm at sea.,in great peril; grave peril; face peril,C2
Persevere,/pɚsəˈvɪɹ/,v.,"persevere, perseveres, persevered, persevered, persevering",perseverance (n.),"be persistent, refuse to stop","The prefrontal cortex governs many cognitive operations essential to physicians, including abstract reasoning, higher-order decision making, insight, and the ability to persevere through challenges.",persevere through challenges; persevere despite setback; persevere in faith,C2
Perish,/ˈpɛɹɪʃ/,v.,"perish, perishes, perished, perished, perishing",None,To decay and disappear; to waste away to nothing.,A study on aardvarks in the Kalahari Desert saw that five out of six aardvarks being studied perished following a drought.,left to perish; perish from hunger; perish in war,C2
Permissible,/pɚˈmɪsəbəl/,adj.,"permissible, more permissible, most permissible","permit (v.), permissibility (n.)",that may be permitted especially as according to rule,"We find widespread compatibility between protein families, with one class of reading frames markedly more permissible than others.",legally permissible; permissible regions; permissible code,C2
Pimple,/ˈpɪmpəl/,n.,"pimple, pimples",pimply (adj.),An inflamed (raised and colored) spot on the surface of the skin that is usually painful and fills with pus.,"Plaques can be thought of as large ""pimples"" that protrude into the channel of an artery, causing partial obstruction to blood flow.",red pimple; painful pimple; pop a pimple,C2
Petrol,/ˈpɛtɹoʊl/,n. [U],no changes,None,"A fluid consisting of a mixture of refined petroleum hydrocarbons, primarily consisting of octane, commonly used as a motor fuel.",The price of petrol at the pump has risen sharply over the past month.,leaded petrol; petrol station; petrol prices,C2
Pharmacist,/ˈfɑɹməsɪst/,n.,"pharmacist, pharmacists","pharmacy (n.), pharmaceutic (adj.)",a health professional trained in the art of preparing and dispensing drugs,The pharmacist explained which medications should not be taken together and recommended a safer alternative.,community pharmacist; hospital pharmacist; consult a pharmacist,C2
Pilgrim,/ˈpɪlɡɹəm/,n.,"pilgrim, pilgrims",None,"A person who journeys to a sacred place or shrine, often for religious reasons.",The pilgrims continued their long journey toward the shrine despite the worsening weather.,ancient pilgrims; medieval pilgrims; judean pilgrims,C2
Pickpocket,/ˈpɪˌkpɑkət/,n.,"pickpocket, pickpockets",None,a thief who steals from the pockets or purses of others in public places,"Due to its large influx of tourists each year, Barcelona, like many other tourism capitals, has to deal with pickpockets, with wallets and passports being commonly stolen items.",skilled pickpocket; catch a pickpocket; pickpocket on the metro,C2
Petroleum,/pəˈtɹoʊliəm/,n. [U],no changes,None,a dark oil consisting mainly of hydrocarbons,Many countries depend heavily on petroleum exports for a large share of their national income.,petroleum exports; petroleum industry; crude petroleum,C2
Pianist,/piˈænəst/,n.,"pianist, pianists",piano (n.),a person who plays the piano,She had trained as a concert pianist since childhood and performed her debut recital at seventeen.,concert pianist; acclaimed pianist; classical pianists,C2
