word,ipa,pos,inflections,derivatives,definition,example,collocations,context_type
Acclaim,/əˈkleɪm/,n. [U],no changes,acclamation (n.),Enthusiastic public praise or approval.｜熱情的公眾讚揚或肯定,The young pianist won great acclaim for her brilliant and moving performance.,critical acclaim; widespread acclaim; win acclaim,C2
Aboriginal,/ˌæbɚˈɪdʒənəl/,adj.,no changes,aborigine (n.),First according to historical or scientific records; original; indigenous; primitive.｜根據歷史或科學記錄最早的；原始的；本土的；原始的,The first use of bitumen in the New World was by aboriginal peoples.,Aboriginal community; Aboriginal rights; Aboriginal peoples,C2
Accordance,/əˈkɔɹdəns/,n. [U],no changes,"accord (v.), accordant (adj.)",Agreement; harmony; conformity; compliance.｜一致；和諧；相符；遵從,The committee acted in accordance with the rules approved by parliament.,in accordance with; full accordance; accordance with law,C2
Accessory,/æˈksɛsɚi/,n.,"accessory, accessories",accessorial (adj.),"Something that belongs to part of another main thing; something additional and subordinate, an attachment.｜屬於另一主體的一部分的東西；附加的、從屬的東西，附件",She wore a simple black dress with a silver bracelet as her only accessory.,fashion accessory; charged as accessory; accessory to crime,C2
Accordingly,/əˈkɔɹdɪŋli/,adv.,"accordingly, more accordingly, most accordingly",None,in a manner corresponding to the circumstances or information just mentioned; therefore｜以與方才提及的情況或資訊相對應的方式；因此,"To safely and efficiently interact with other road participants, AVs have to accurately predict the behavior of surrounding vehicles and plan accordingly.",act accordingly; respond accordingly; adjust accordingly,C2
Academy,/əˈkædəmi/,n.,"academy, academies","academic (adj.), academician (n.)",An institution for the study of higher learning; a college or a university; typically a private school.｜進行高等學習的機構；學院或大學；通常指私立學校,She enrolled at a prestigious music academy to refine her skills as a concert pianist.,military academy; science academy; music academy,C2
Abundance,/əˈbʌndəns/,n. [U],no changes,abundant (adj.),A large quantity; many.｜大量；很多,"But now we live in times of abundance, but that hardwiring to crave the donuts hasn't gone away.",natural abundance; in abundance; abundance of resources,C2
Abstraction,/æbsˈtɹækʃən/,n.,"abstraction, abstractions",abstract (v.),"The act of abstracting, separating, withdrawing, or taking away; withdrawal; the state of being taken away.｜抽取、分離、撤回或取走的行為；撤回；被取走的狀態","His paintings move toward pure abstraction, leaving behind any recognizable shapes or figures.",data abstraction; level of abstraction; process of abstraction,C2
Accountable,/əˈkaʊntəbəl/,adj.,"accountable, more accountable, most accountable","account (v.), accountability (n.)","Obliged, when called upon, to answer (for one’s deeds); answerable.｜有義務在被要求時為自己的行為負責；負有責任的",SMART goals are really useful because they hold you accountable.,hold accountable; remain accountable; accountable to the public,C2
Acre,/ˈeɪkɚ/,n.,"acre, acres",None,a unit of area (4840 square yards) used in English-speaking countries｜一個面積單位（4840平方碼），通用於英語國家,The farmer purchased five acres of fertile land along the riverbank.,vast acres; acres of land; several thousand acres,C2
Acne,/ˈækni/,n. [U],no changes,None,"A skin condition, usually of the face, that is common in adolescents. It is characterised by red pimples, and is caused by the inflammation of sebaceous glands through bacterial infection; acne vulgaris.｜一種皮膚病，通常發生在臉上，常見於青少年。其特徵是紅色丘疹，由細菌感染引起的皮脂腺發炎所致；即尋常痤瘡",The dermatologist recommended a topical treatment to control the patient's severe acne.,severe acne; treat acne; acne breakout,C2
Accusation,/ˌækjəˈzeɪʃən/,n.,"accusation, accusations","accusatory (adj.), accuse (v.)",The act of accusing.｜指控的行為,"Tebboune rejects these accusations, claiming to be the victim of a witch hunt.",face an accusation; false accusation; deny the accusation,C2
Accumulation,/əˌkjumjəˈleɪʃən/,n. [U],no changes,accumulate (v.),"The act of amassing or gathering, as into a pile.｜堆積或聚集的行為，如堆積成堆","The accumulation of adaptations in an open-ended manner during lifetime learning is a holy grail in reinforcement learning, intrinsic motivation, artificial curiosity, and developmental robotics.",gradual accumulation; accumulation of wealth; toxic accumulation,C2
Admiral,/ˈædmɚəl/,n.,"admiral, admirals",None,"The commander of a naval squadron or fleet, regardless of formal rank.｜海軍分艦隊或艦隊的指揮官，不論正式軍階",The admiral ordered the fleet to retreat once the storm made further fighting impossible.,fleet admiral; rear admiral; admiral in command,C2
Addiction,/əˈdɪkʃən/,n.,"addiction, addictions",addictive (adj.),"A state that is characterized by compulsive drug use or compulsive engagement in rewarding behavior, despite negative consequences.｜一種以強迫性用藥或強迫性參與獎勵行為為特徵的狀態，儘管會帶來負面後果",He sought professional help to overcome his addiction and slowly rebuilt his shattered life.,drug addiction; addiction to gambling; overcome addiction,C2
Adolescence,/ˌædəˈlɛsəns/,n. [U],no changes,"adolesce (v.), adolescent (adj.)",the time period between the beginning of puberty and adulthood｜從青春期開始到成年之間的時期,"There's childhood, there's adolescence, and there's adulthood.",during adolescence; early adolescence; adolescent challenges,C2
Adaptation,/ˌædəˈpteɪʃən/,n.,"adaptation, adaptations",adapt (v.),"The process of adapting something or becoming adapted to a situation; adjustment, modification.｜使某物適應或適應某種情況的過程；調整、修改","In the case of living things, it implies adaptation to a particular way of life.",cultural adaptation; biological adaptation; successful adaptation,C2
Affectionate,/əˈfɛkʃənət/,adj.,"affectionate, more affectionate, most affectionate","affection (n.), affectionateness (n.)",Having affection or warm regard; loving; fond.｜懷有情感或溫情；充滿愛意的；喜愛的,The cat is absent for long periods and is forgiven because her excuses are so convincing and she is naturally charming and affectionate.,deeply affectionate; affectionate gesture; affectionate nickname,C2
Aesthetic,/ɛˈsθɛtɪk/,adj.,"aesthetic, more aesthetic, most aesthetic","aesthetically (adv.), aestheticism (n.)","Concerned with beauty, artistic effect, or appearance.｜與美、藝術效果或外觀相關的",The 19th-century neo-impressionist movement had an ecological aesthetic and offered an example of an anarchist perception of the road towards socialism.,aesthetic appeal; strong aesthetic; aesthetic value,C2
Advisory,/æˈdvaɪzɚi/,adj.,"advisory, more advisory, most advisory",advise (v.),"Having the power to give advice or recommendations, not to make decisions.｜有給予建議或建議的權力，但無權做決定",The committee plays a purely advisory role and cannot enforce any of its suggestions.,advisory board; advisory committee; advisory role,C2
Airtight,/ˈɛˌɹtaɪt/,adj.,no changes,None,Impermeable to air or other gases.｜不透空氣或其他氣體的,Drebbel’s airtight submersibles and methodical trials echo in the motion studies and environmental chambers of Salomon’s House.,airtight container; airtight seal; airtight argument,C2
Airway,/ˈɛˌɹweɪ/,n.,"airway, airways",None,The trachea.｜氣管,"Smooth muscle is found in the walls of the uterus, bladder, intestines, stomach, oesophagus, respiratory airways, and blood vessels.",upper airway; open the airway; airway obstruction,C2
Algebra,/ˈældʒəbɹə/,n. [U],no changes,"algebraic (adj.), algebraist (n.), algebraical (adj.)",the mathematics of generalized arithmetical operations｜推廣算術運算的數學,"Without presupposing any quantization scheme, this algebra is inherently non-commutative and comprises a large set of dynamics.",linear algebra; abstract algebra; study algebra,C2
Abbreviate,/əˈbɹiviˌeɪt/,v.,"abbreviate, abbreviates, abbreviated, abbreviated, abbreviating",abbreviation (n.),To shorten by omitting parts or details.｜通過省略部分或細節來縮短,Editors often abbreviate long organisation names to save space within a headline.,abbreviate a word; commonly abbreviate; abbreviate the title,C2
Administrate,/æˈdmɪnɪsˌtɹeɪt/,v.,"administrate, administrates, administrated, administrated, administrating","administrable (adj.), administrator (n.), administrative (adj.)",to administer｜管理,A central office administrates the grant program and monitors its finances.,administrate a program; administrate a trust; administrate an estate,C2
Accustom,/əˈkʌstəm/,v.,"accustom, accustoms, accustomed, accustomed, accustoming",accustomed (adj.),make psychologically or physically used (to something)｜使心理上或身體上習慣（某事物）,The new recruits quickly accustomed themselves to the rigorous demands of the training schedule.,accustom oneself to change; become accustomed; accustom a child to routine,C2
Abound,/əˈbaʊnd/,v.,"abound, abounds, abounded, abounded, abounding","abundance (n.), abundant (adj.)",To be full to overflowing; to bristle.｜充滿溢出；充滿,"The animals of Animal Farm are terrified of Frederick, as rumours abound of him abusing his animals and entertaining himself with cockfighting.",wildlife abounds; opportunities abound; abound with life,C2
Affirm,/əˈfɝm/,v.,"affirm, affirms, affirmed, affirmed, affirming","affirmer (n.), affirmable (adj.), affirmation (n.), affirmative (adj.), affirmatory (adj.)","To agree, verify or concur; to answer positively.｜同意、核實或贊同；正面回答","Assessments using metrics such as precision , recall , coverage , graph consistency , novelty detection , and expert validation affirm its robustness and coherence.",affirm identity; firmly affirm; affirm a belief,C2
Abide,/əˈbaɪd/,v.,"abide, abides, abided, abided, abiding",abidance (n.),To endure without yielding; to withstand.｜忍受而不屈服；抵擋,Those who abide by the rules of the competition will have a fair chance to win.,abide by rules; abide the outcome; abide by the decision,C2
Affiliate,/əˈfɪliˌeɪt/,v.,"affiliate, affiliates, affiliated, affiliated, affiliating",affiliation (n.),To formally join or associate with a larger organization; to bring into close connection.｜正式加入或附屬於較大的組織；使建立密切關係,The independent clinic decided to affiliate with the regional hospital network to share resources.,affiliate with a network; formally affiliate; choose to affiliate,C2
Administer,/əˈdmɪnəstɚ/,v.,"administer, administers, administered, administered, administering","administrable (adj.), administration (n.), administrative (adj.)","To manage or supervise; to give or apply something officially, such as medicine or a test.｜管理或監督；正式給予或施用，如藥物或測驗",The nurse will administer the medicine to the patient every morning.,administer a test; administer medication; administer justice,C2
Alienate,/ˈeɪljəˌneɪt/,v.,"alienate, alienates, alienated, alienated, alienating",alienation (n.),To cause someone to feel isolated or estranged; to make someone hostile or indifferent.｜使某人感到孤立或疏遠；使某人敵視或冷漠,His cold and dismissive attitude alienated many of his closest colleagues over the years.,feel alienated; alienate supporters; become alienated,C2
Aluminum,/əˈlumənəm/,n. [U],no changes,"aluminise (v.), aluminize (v.), aluminous (adj.)",a silvery ductile metallic element found primarily in bauxite｜一種銀白色可延展的金屬元素，主要存在於鋁礬土中,The lightweight bicycle frame was made of aircraft-grade aluminum.,aluminum alloy; lightweight aluminum; aluminum frame,C2
Alligator,/ˈæləˌɡeɪtɚ/,n.,"alligator, alligators",None,"Either of two large aquatic reptiles (Alligator mississippiensis or Alligator sinensis) with a broad snout, powerful jaws, and tough hide, native to the Americas and China.｜兩種大型水棲爬蟲類之一（密西西比鱷或揚子鱷），嘴寬、顎有力、皮堅韌，原產於美洲和中國","An alligator basked on the muddy bank of the swamp, its eyes just above the water.",wild alligator; alligator attack; alligator habitat,C2
Altitude,/ˈæltəˌtud/,n.,"altitude, altitudes","altitudinal (adj.), altitudinous (adj.)","The absolute height of a location, usually measured from sea level.｜一個地點的絕對高度，通常以海平面測量","At high altitude, the reduced oxygen pressure forces mountaineers to acclimatize gradually.",high altitude; altitude sickness; gain altitude,C2
Accumulate,/əˈkjumjəˌleɪt/,v.,"accumulate, accumulates, accumulated, accumulated, accumulating","accumulation (n.), accumulative (adj.)","To heap up in a mass; to pile up; to collect or bring together (either literally or figuratively), often gradually and without active intent.｜堆積成團；堆疊；（字面或比喻地）收集或聚集，通常是漸進的且非刻意地",These normally play an important role in controlling the growth of algae and also forage on detritus that accumulates as sediment on the bottom.,accumulate debt; gradually accumulate; accumulate savings,C2
Allege,/əˈlɛdʒ/,v.,"allege, alleges, alleged, alleged, alleging",allegation (n.),"To state under oath, to plead.｜宣誓陳述；聲稱","But they do not worship Hercules, alleging as a reason that he ravaged their country.",allege misconduct; allege wrongdoing; falsely allege,C2
Ambiguity,/ˌæmbɪˈɡjuəti/,n.,"ambiguity, ambiguities",ambiguous (adj.),The state of being ambiguous; the state of leaving room for more than one interpretation.｜含糊不清的狀態；留有多種解釋空間的狀態,The ambiguity in the contract wording gave rise to a protracted legal dispute between the two companies.,create ambiguity; resolve ambiguity; legal ambiguity,C2
Align,/əˈlaɪn/,v.,"align, aligns, aligned, aligned, aligning",alignment (n.),To form a line; to fall into line.｜排成直線；使成一直線,Excellence involves sustained engagement in something worthwhile that aligns with your values.,align with values; align interests; align politically,C2
Anthem,/ˈænθəm/,n.,"anthem, anthems",None,"A song of praise or loyalty, especially one adopted as the official song of a nation, organization, or movement.｜頌歌或忠誠之歌，尤指被採納為國家、組織或運動的正式歌曲",The crowd stood in silence as the national anthem played before the championship game.,national anthem; play the anthem; anthem for a generation,C2
Annoyance,/əˈnɔɪəns/,n.,"annoyance, annoyances",annoy (v.),That which annoys.｜令人厭煩的事物,"A malicious applet can infect a computer system in many ways, including denial of service, invasion of privacy, and annoyance.",express annoyance; source of annoyance; minor annoyance,C2
Analogy,/əˈnælədʒi/,n.,"analogy, analogies","analogise (v.), analogist (n.), analogize (v.), analogous (adj.), analogical (adj.)","A relationship of resemblance or equivalence between two situations, people, or objects, especially when used as a basis for explanation or extrapolation.｜兩種情況、人或物之間的相似或對等關係，尤用作解釋或推斷的基礎","Socrates uses various analogies, discussing athletics and the sciences to prove his point.",good analogy; relevant analogy; financial analogy,C2
Amplify,/ˈæmpləˌfaɪ/,v.,"amplify, amplifies, amplified, amplified, amplifying","amplification (n.), amplifier (n.)","To render larger, more extended, or more intense.｜使更大、更擴展或更強烈","But really, they're amplifying what's already there.",amplify the effect; greatly amplify; amplify the signal,C2
Anchor,/ˈæŋkɚ/,n.,"anchor, anchors",anchorage (n.),A tool used to moor a vessel to the bottom of a sea or river to resist movement.｜用於將船隻固定在海底或河底以防止移動的工具,The sailors dropped the anchor as soon as the ship reached the sheltered bay.,cast anchor; anchor point; serve as anchor,C2
Anticipation,/æˌntɪsəˈpeɪʃən/,n.,"anticipation, anticipations",anticipate (v.),"The act of anticipating, taking up, placing, or considering something beforehand, or before the proper time in natural order.｜預期、提前處置或考慮事物的行為，超前於自然順序的適當時機","Alongside Stoicism, Taoism has been said to have had ""significant anticipations"" of anarchism.",in anticipation; build anticipation; sense of anticipation,C2
Animate,/ˈænəmət/,v.,"animate, animates, animated, animated, animating","animator (n.), animateness (n.)",To impart motion or the appearance of motion to.｜賦予運動或動感,Digital artists animate each character by creating a sequence of carefully timed movements.,animate a character; animate the scene; digitally animate,C2
Analytical,/ˌænəˈlɪtɪkəl/,adj.,"analytical, more analytical, most analytical",analysis (n.),Of or pertaining to analysis; resolving into elements or constituent parts｜分析的；將事物分解為元素或成分,This picture allows for an efficient contraction with a simple diagrammatic interpretation and is amenable to analytical study of holographic quantum error-correcting codes.,analytical skills; analytical approach; analytical framework,C2
Antibiotic,/ˌæntibiˈɑtɪk/,n.,"antibiotic, antibiotics",None,a chemical substance derivable from a mold or bacterium that can kill microorganisms and cure bacterial infections｜可從黴菌或細菌中提取的化學物質，能殺死微生物並治療細菌感染,"Environmental issues include greenhouse gas emissions from agriculture, depletion of aquifers, deforestation, antibiotic resistance, and Agricultural pollution.",prescribe antibiotics; antibiotic resistance; take antibiotics,C2
Antonym,/ˈæn.təˌnɪm/,n.,"antonym, antonyms",antonymous (adj.),A word that has the opposite meaning of another word.｜具有與另一個字相反意義的字。,"In linguistics, 'hot' and 'cold' are antonyms because each expresses the opposite meaning of the other.",near antonym; antonym pair; semantic antonym,C2
Applaud,/əˈplɔd/,v.,"applaud, applauds, applauded, applauded, applauding","applauder (n.), applaudable (adj.)",To express approval (of something) by clapping the hands.｜透過拍手錶達對某事物的贊同。,"Some members of Congress applauded Obama's decision to extend diplomatic outreach, though others remained skeptical.",warmly applaud; applaud the decision; audience applauded,C2
Apprentice,/əˈpɹɛntəs/,n.,"apprentice, apprentices",apprenticeship (n.),"A trainee, especially in a skilled trade.｜見習生，尤指技術行業中的見習者。","When observing task demonstrations, human apprentices are able to identify whether a given task is executed correctly long before they gain expertise in performing that task.",trade apprentice; take on an apprentice; skilled apprentice,C2
Archaeology,/ˌɑɹkiˈɑlədʒi/,n. [U],no changes,"archaeologic (adj.), archaeologist (n.), archaeological (adj.)",the branch of anthropology that studies prehistoric people and their cultures｜人類學的分支，研究史前人類及其文化。,Modern archaeology combines excavation with laboratory analysis and digital imaging.,field archaeology; study archaeology; experimental archaeology,C2
Assassinate,/əˈsæsəˌneɪt/,v.,"assassinate, assassinates, assassinated, assassinated, assassinating","assassin (n.), assassinator (n.), assassination (n.)","To murder someone, especially an important person, by a sudden or obscure attack, especially for ideological or political reasons.｜暗殺某人，尤指透過突然或隱蔽的攻擊殺害重要人物，常因意識形態或政治原因。",The spy was sent to assassinate the foreign minister during a public appearance.,attempt to assassinate; assassinate a leader; assassinated in cold blood,C2
Applicable,/ˈæpləkəbəl/,adj.,"applicable, more applicable, most applicable","apply (v.), applicability (n.)","Suitable for application, relevant.｜適用於應用的；相關的。","The framework scales in real-world scenarios, is compatible with downstream feature-based modeling, and is applicable in both supervised and unsupervised learning settings.",broadly applicable; widely applicable; applicable skills,C2
Ascend,/əˈsɛnd/,v.,"ascend, ascends, ascended, ascended, ascending","ascent (n.), ascender (n.), ascendant (adj.), ascendent (adj.), ascension (n.), ascensive (adj.)","To move upward, to fly, to soar.｜向上移動；飛翔；高升。",The climbers ascended the final ridge shortly before sunset.,ascend to power; slowly ascend; ascend the throne,C2
Aspire,/əˈspaɪɹ/,v.,"aspire, aspires, aspired, aspired, aspiring","aspirer (n.), aspirant (adj.), aspiration (n.)",To have a strong desire or ambition to achieve something.｜強烈渴望或懷抱雄心壯志以達成某事。,Many young writers aspire to publish a novel.,aspire to greatness; aspire to leadership; aspire to become,C2
Archive,/ˈɑˌɹkaɪv/,n.,"archive, archives","archival (adj.), archivist (n.)","A place for storing earlier, and often historical, material. An archive usually contains documents (letters, records, newspapers, etc.) or other types of media kept for historical interest.｜儲存早期及常為歷史性資料的場所。檔案室通常存放文件（信件、記錄、報紙等）或其他具有歷史價值的媒體。",The museum keeps an extensive archive of letters and photographs from the war.,national archive; public archive; archive footage,C2
Approximate,/əˈpɹɑksəmət/,adj.,"approximate, more approximate, most approximate",approximative (adj.),close to a number or amount but not exact｜接近某數字或數量但並非精確。,The approximate cost of the trip is about three hundred dollars.,approximate value; approximate cost; approximate number,C2
Arithmetic,/ˌɛɹɪˈθmɛtɪk/,n. [U],no changes,"arithmetical (adj.), arithmetician (n.)","The mathematics of numbers (integers, rational numbers, real numbers, or complex numbers) under the operations of addition, subtraction, multiplication, and division.｜整數、有理數、實數或複數在加、減、乘、除運算下的數學。","The term ""arithmetic mean"" is preferred in some contexts in mathematics and statistics because it helps to distinguish it from other types of means, such as geometric mean and harmonic mean.",basic arithmetic; simple arithmetic; mental arithmetic,C2
Asthma,/ˈæzmə/,n. [U],no changes,asthmatic (adj.),"A long-term respiratory condition, in which the airways may unexpectedly and suddenly narrow, often in response to an allergen, cold air, exercise, or emotional stress. Symptoms include wheezing, shortness of breath, chest tightness, and coughing.｜一種長期的呼吸系統疾病，氣管可能意外突然收縮，常因過敏原、冷空氣、運動或情緒壓力而引發。症狀包括氣喘、呼吸急促、胸悶和咳嗽。","E-cigarettes expose minors to respiratory risks, including asthma exacerbations and bronchitis.",asthma attack; suffer from asthma; asthma symptoms,C2
Astray,/əsˈtɹeɪ/,adv.,no changes,None,Away from the proper path; in a wrong or unknown direction.｜偏離正軌；在錯誤或未知的方向。,All he would describe would be a clever young intellectual who later was corrupted by Hollywood and went astray after spooks.,go astray; lead someone astray; wander astray,C2
Astronaut,/ˈæstɹəˌnɑt/,n.,"astronaut, astronauts","astronautic (adj.), astronautical (adj.)",a person trained to travel in a spacecraft｜受訓乘坐太空船的人。,"It's true that if a big one of those happens in the direction where astronauts are unprotected from the Earth's magnetic field, they could die.",trained astronaut; astronaut mission; astronaut training,C2
Attainment,/əˈteɪnmənt/,n. [U],no changes,attain (v.),The act of attaining; the act of arriving at or reaching; the act of obtaining by effort or exertion.｜達成的行為；抵達或達到的行為；透過努力或用力而獲得的行為。,"Every great accomplishment, every great attainment, every great achievement in science, in the arts, in sports, in business, it was always years in the making.",educational attainment; academic attainment; attainment gap,C2
Attendant,/əˈtɛndənt/,n.,"attendant, attendants","attend (v.), attendance (n.)",One who attends; one who works with or watches over someone or something.｜照顧者；照管或看顧某人或某物的人。,"But classic locomotion models fail when collective cooperation is called for, notably when an agent, say a first-aid attendant, needs to forge a path through a densely packed group.",flight attendant; gas station attendant; on-duty attendant,C2
Astronomer,/əsˈtɹɑnəmɚ/,n.,"astronomer, astronomers",None,"a scientist who studies stars, planets, galaxies, and other objects and phenomena in space｜研究星球、行星、星系及其他太空物體與現象的科學家。","After years of study, she became an astronomer who mapped the distant galaxies.",professional astronomer; amateur astronomer; leading astronomer,C2
Auditorium,/ˌɔdəˈtɔɹiəm/,n.,"auditorium, auditoriums",None,A large room for public meetings or performances.｜用於公共集會或表演的大型房間。,The graduation ceremony was held in the main auditorium of the university.,packed auditorium; school auditorium; auditorium seats,C2
Astronomy,/əsˈtɹɑnəmi/,n. [U],no changes,"astronomic (adj.), astronomical (adj.)",the branch of physics that studies celestial bodies and the universe as a whole｜研究天體及整體宇宙的物理學分支。,She decided to study astronomy after watching a documentary about black holes.,study astronomy; astronomy course; astronomy department,C2
Attain,/əˈteɪn/,v.,"attain, attains, attained, attained, attaining","attainable (adj.), attainment (n.)","to succeed in achieving or reaching something, especially after effort｜成功達成或達到某事，尤指經過努力後。","Those outcomes, they're wonderful and we should want to attain them.",attain a goal; attain success; attain high status,C2
Aviation,/ˌeɪviˈeɪʃən/,n. [U],no changes,aviate (v.),The art or science of making and flying aircraft.｜航空學；航空術,But he was obsessed with solving the problem of aviation safety.,civil aviation; aviation industry; aviation safety,C2
Avert,/əˈvɝt/,v.,"avert, averts, averted, averted, averting","aversion (n.), avertable (adj.), avertible (adj.)",To turn aside or away.｜轉開；避開,"While network reciprocity promotes collaborative efforts, chances of averting the impending social decline are slim if the temptation to defect is strong.",avert a crisis; avert disaster; avert one's eyes,C2
Awhile,/əˈwaɪl/,adv.,no changes,None,for a short period of time｜暫時；片刻,Please sit down and rest awhile before we continue the journey.,wait awhile; stay awhile; rest awhile,C2
Bachelor,/ˈbætʃəlɚ/,n.,"bachelor, bachelors",bachelorhood (n.),a man who has never been married｜單身男子,My uncle is a happy bachelor who enjoys living on his own.,confirmed bachelor; eligible bachelor; lifelong bachelor,C2
Audit,/ˈɔdɪt/,n.,"audit, audits",auditor (n.),"an official examination of accounts, records, systems, or procedures｜審計；稽核",An independent audit revealed serious weaknesses in the control system.,financial audit; conduct an audit; annual audit,C2
Badge,/ˈbædʒ/,n.,"badge, badges",None,"A distinctive mark, token, sign, emblem or cognizance, worn on one’s clothing, as an insignia of some rank, or of the membership of an organization.｜徽章；標誌",The United States Air Force awards an Astronaut Badge to pilots who complete the required altitude training.,new badge; digital badge; verified badge,C2
Batter,/ˈbætɚ/,v.,"batter, batters, battered, battered, battering",bat (v.),To hit or strike violently and repeatedly.｜連續猛擊,Fierce waves continued to batter the old wooden pier throughout the long stormy night.,batter down the door; batter the coastline; batter someone with questions,C2
Banquet,/ˈbæŋkwət/,n.,"banquet, banquets",None,A large celebratory meal; a feast.｜盛宴；宴會,"For this book, I attended an authentic Roman banquet and ate strange foods of all kinds, everything from caterpillars to walruses.",formal banquet; banquet hall; state banquet,C2
Barbarian,/bɑˈɹbɛɹiən/,n.,"barbarian, barbarians",None,a member of an uncivilized people｜野蠻人；未開化的人,"In one famous example, he counsels Alexander to be ""a leader to the Greeks and a despot to the barbarians"".",ancient barbarian; barbarian invasion; barbarian tribe,C2
Bass,/ˈbæs/,n.,"bass, basses",None,A low spectrum of sound tones.｜低音,"The deep bass of the cello filled the concert hall with a rich, resonant tone.",bass guitar; deep bass; bass note,C2
Backbone,/ˈbæˌkboʊn/,n.,"backbone, backbones",None,The fundamental support or most important part of something; the mainstay.｜支柱；骨幹,This study enhances Re:PolyWorld's performance on complex urban residential structures by incorporating attention-based backbones and additional area segmentation loss.,form the backbone; backbone of society; strong backbone,C2
Beautify,/ˈbjutɪˌfaɪ/,v.,"beautify, beautifies, beautified, beautified, beautifying","beauty (n.), beautification (n.)",make more beautiful｜美化,The farmers complained that something was wrong with an electoral system which produced parliamentarians who spent money beautifying vampire-cities instead of developing the interior.,beautify the city; beautify with flowers; efforts to beautify,C2
Beep,/ˈbip/,n.,"beep, beeps",beeper (n.),a short high tone produced as a signal or warning｜嗶聲；蜂鳴聲,The microwave let out a sharp beep when the timer reached zero.,loud beep; a short beep; beep to signal,C2
Awesome,/ˈɑsəm/,adj.,"awesome, more awesome, most awesome",None,Causing awe or terror; inspiring wonder or excitement.｜令人敬畏的；極棒的,"And it's awesome to see someone else coming up who's dancing and singing, and seeing how all these kids relate to her.",an awesome sight; truly awesome; an awesome responsibility,C2
Bilateral,/baɪˈlætɚəl/,adj.,no changes,bilaterality (n.),having identical parts on each side of an axis｜雙邊的；兩側對稱的,The two countries signed a bilateral treaty to promote trade.,bilateral agreement; bilateral talks; bilateral relations,C2
Beverage,/ˈbɛvɚɪdʒ/,n.,"beverage, beverages",None,any liquid suitable for drinking｜飲料,The Alabama Alcoholic Beverage Control Board controls the sale and distribution of alcoholic beverages in the state.,alcoholic beverage; hot beverage; cold beverage,C2
Blaze,/ˈbleɪz/,n.,"blaze, blazes",None,"A fire, especially a fast-burning fire producing a lot of flames and light.｜熊熊燃燒的大火；火焰","A blaze swept through the abandoned warehouse, sending flames high into the night sky.",raging blaze; fierce blaze; fight a blaze,C2
Blond,/ˈblɑnd/,adj.,"blond, blonder, blondest",blondness (n.),"pale yellow or golden in color, especially describing hair｜金髮的；淡金色的",She had naturally blond hair that turned a darker shade as she grew older.,blond hair; natural blond; a blond child,C2
Beforehand,/bɪˈfɔˌɹhænd/,adv.,no changes,None,At an earlier or preceding time.｜預先；事先,"If you had told me beforehand, I would have prepared the documents in advance.",prepare beforehand; know beforehand; plan everything beforehand,C2
Blonde,/ˈblɑnd/,n.,"blonde, blondes",None,Alternative form of blond (“person with fair hair”). (Used especially of a woman. See the usage notes in the entry blond.)｜金髮女子,The witness described the suspect as a tall blonde in a dark coat.,natural blonde; platinum blonde; tall blonde,C2
Blot,/ˈblɑt/,n.,"blot, blots",blotter (n.),"A blemish, spot or stain made by a coloured substance.｜污點，斑點；著色物質造成的汙漬或斑點",A drop of ink left an ugly blot on the freshly signed document.,ink blot; blot on one's reputation; remove a blot,C2
Bleach,/ˈblitʃ/,v.,"bleach, bleaches, bleached, bleached, bleaching",bleacher (n.),"To treat with bleach, especially so as to whiten (fabric, paper, etc.) or lighten (hair).｜用漂白劑處理（織物、紙張等）使之變白，或使（頭髮）變淺",Workers bleach the fabric before dyeing it a lighter color.,bleach fabric; bleach hair; chemically bleach,C2
Boulevard,/ˈbʊləˌvɑɹd/,n.,"boulevard, boulevards",None,a wide street or thoroughfare｜寬闊的街道；大道,The parade moved slowly down the broad boulevard lined with cheering crowds.,tree-lined boulevard; wide boulevard; stroll along the boulevard,C2
Blunt,/ˈblʌnt/,adj.,"blunt, blunter, bluntest","bluntness (n.), bluntly (adv.)","not sharp, or direct and uncompromising in speech｜不鋒利的；（說話）直接的，不留情面的","To be blunt, the proposal is too expensive and poorly designed.",blunt remark; blunt instrument; blunt force,C2
Booklet,/ˈbʊklɪt/,n.,"booklet, booklets",book (n.),a small book usually having a paper cover｜通常有紙封面的薄本小書,He was also upset about a booklet for propagandists the Ministry of Information had put out.,instruction booklet; slim booklet; information booklet,C2
Bosom,/ˈbʊzəm/,n.,"bosom, bosoms",bosomy (adj.),"a person's chest, especially a woman's｜人的胸部，尤指女性的",The frightened child rested safely against her mother's bosom.,warm bosom; mother's bosom; bosom friend,C2
Bodily,/ˈbɑdəli/,adj.,no changes,None,"Of, relating to, or concerning the body.｜身體的，與身體有關的",I was also starting to sweat and there was blood and bodily fluids coming out of this deer skull that I was working on.,bodily changes; bodily functions; bodily odor,C2
Boycott,/ˈbɔɪˌkɑt/,v.,"boycott, boycotts, boycotted, boycotted, boycotting",None,"To abstain, either as an individual or a group, from using, buying, or dealing with someone or some organization as an expression of protest.｜個人或團體拒絕使用、購買或與某人或某組織往來，作為抗議的表達",Consumers decided to boycott the company until it changed its labor practices.,boycott a company; boycott an election; collectively boycott,C2
Breakup,/ˈbɹeɪˌkʌp/,n.,"breakup, breakups",None,The act of breaking up; disintegration or division.｜分裂的行為；瓦解或分裂,The sudden breakup of the partnership left both founders searching for new investors.,painful breakup; relationship breakup; breakup fee,C2
Boxing,/ˈbɑksɪŋ/,n. [U],no changes,box (v.),fighting with the fists｜用拳頭搏鬥,"He challenged the young and sturdy men to a boxing match, only to behead them when they were defeated; he hung the decapitated heads to an oak tree.",boxing match; boxing ring; boxing champion,C2
Bra,/ˈbɹɑ/,n.,"bra, bras",None,"An item of clothing, usually underwear worn to support the breasts.｜一種衣物，通常為內衣，用於支撐胸部",She packed a sports bra and running shoes for her morning workout.,a sports bra; a lace bra; a comfortable bra,C2
Brace,/ˈbɹeɪs/,v.,"brace, braces, braced, braced, bracing","bracer (n.), bracing (n.)","To prepare for something bad, such as an impact or blow.｜為不好的事情（如撞擊或打擊）做準備",The passengers were told to brace themselves for a sudden drop in altitude.,brace for impact; brace oneself; brace against the force,C2
Breadth,/ˈbɹɛdθ/,n. [U],no changes,None,The extent or measure of how broad or wide something is; width.｜寬度，範圍,"Despite the breadth of methods available to address psychological research questions, social network analysis is not yet a standard practice in psychological research.",full breadth; incredible breadth; impressive breadth,C2
Breakdown,/ˈbɹeɪˌkdaʊn/,n.,"breakdown, breakdowns",None,"A failure, particularly one which is mechanical in nature.｜故障，尤指機械性的故障","In the past, their self-identification was often overlooked as the state tried to impose a binary breakdown of society into white and black.",mental breakdown; system breakdown; detailed breakdown,C2
Bribe,/ˈbɹaɪb/,v.,"bribe, bribes, bribed, bribed, bribing","briber (n.), bribery (n.), bribable (adj.)","To give a bribe to; specifically, to ask a person to do something against their original will, in exchange for some type of reward or relief from potential trouble.｜賄賂；以報酬或脫罪為交換，請人做違背本意之事",The contractor tried to bribe an official to overlook the safety violations.,bribe an official; attempt to bribe; bribe someone to act,C2
Broth,/ˈbɹɔθ/,n. [U],no changes,None,"Water in which food (meat, vegetable, etc.) has been boiled.｜肉類、蔬菜等食材煮過的水；高湯",A well-seasoned broth requires careful simmering to extract the full depth of flavor from the bones and vegetables.,chicken broth; bone broth; vegetable broth,C2
Broil,/ˈbɹɔɪl/,v.,"broil, broils, broiled, broiled, broiling",broiler (n.),cook under a broiler｜用烤箱上方或下面的強熱烹調,Broil the fish under high heat until its surface is golden brown.,broil fish; broil at high heat; broil until golden,C2
Brook,/ˈbɹʊk/,n.,"brook, brooks",None,A body of running water smaller than a river; a small stream.｜比河流小的流動水體；小溪,"A shallow brook wound through the meadow, its clear water glittering in the afternoon sun.",babbling brook; clear brook; flow of the brook,C2
Brink,/ˈbɹɪŋk/,n.,"brink, brinks",None,"The edge, margin, or border of a steep place, as of a precipice; a bank or edge.｜陡峭之處的邊緣，如懸崖邊；邊緣、邊界","The fragile ceasefire held, pulling both nations back from the brink of full-scale war.",on the brink; brink of collapse; brink of war,C2
Brochure,/bɹoʊˈʃʊɹ/,n.,"brochure, brochures",None,a small book usually having a paper cover｜通常有紙封面的薄本小書,The travel brochure featured colorful photos of beaches and historic landmarks.,tourist brochure; official brochure; print a brochure,C2
Broaden,/ˈbɹɔdən/,v.,"broaden, broadens, broadened, broadened, broadening",None,To make broad or broader.｜使寬闊；使擴大,This work broadens our understanding of commitments in game theory and raises critical questions about how to safeguard strategic interactions from exploitation through non-coercive extortion.,broaden horizons; broaden the mind; broaden one's knowledge,C2
Bulky,/ˈbʌlki/,adj.,"bulky, bulkier, bulkiest","bulk (n.), bulkiness (n.)","Being large in size, mass, or volume; big, fat or muscular.｜龐大的；巨大的；厚實的",State-of-the-art methods in cognitive science work offline and/or involve bulky equipment hardly deployable in industrial settings.,bulky package; bulky equipment; bulky frame,C2
Calligraphy,/kəˈlɪɡɹəfi/,n. [U],no changes,"calligrapher (n.), calligraphist (n.), calligraphical (adj.)",beautiful handwriting｜書法；美觀的字跡,She spent years mastering calligraphy until her brushwork looked effortlessly graceful.,practice calligraphy; calligraphy class; Chinese calligraphy,C2
Brotherhood,/ˈbɹʌðɚˌhʊd/,n.,"brotherhood, brotherhoods",brother (n.),The state of being brothers or a brother (also figuratively).｜兄弟關係；手足之情；團體情誼,The soldiers developed a deep sense of brotherhood during their months of training together.,sense of brotherhood; foster brotherhood; brotherhood among,C2
Calculator,/ˈkælkjəˌleɪtɚ/,n.,"calculator, calculators",calculate (v.),a small electronic device or software tool used to perform calculations｜計算機；計算器,"For example, a human can produce a much greater, and more accurate, volume of mathematical calculation in a unit of time using a calculator or a spreadsheet application on a computer.",scientific calculator; pocket calculator; use a calculator,C2
Caffeine,/kæˈfin/,n. [U],no changes,None,a bitter alkaloid found in coffee and tea that is responsible for their stimulating effects｜咖啡因（存在於咖啡和茶中的苦味生物鹼，具有刺激作用）,He cut back on caffeine because too much coffee was disturbing his sleep at night.,caffeine intake; caffeine dependency; high caffeine,C2
Bureaucrat,/ˈbjʊɹəˌkɹæt/,n.,"bureaucrat, bureaucrats",None,an official of a bureaucracy｜官僚；公務人員,An overly cautious bureaucrat delayed the permit for months by demanding more paperwork.,government bureaucrat; senior bureaucrat; local bureaucrat,C2
Cape,/ˈkeɪp/,n.,"cape, capes",None,"A piece or point of land, extending beyond the adjacent coast into a sea or lake; a promontory; a headland.｜岬；海角；伸入海或湖的陸地",The lighthouse stands on a rocky cape extending into the Atlantic.,rocky cape; coastal cape; round the cape,C2
Captive,/ˈkæptɪv/,n.,"captive, captives","captivate (v.), captivity (n.)",One who has been captured or is otherwise confined.｜俘虜；被監禁者,The captive was released after months of negotiation.,release a captive; hold a captive; political captive,C2
Capsule,/ˈkæpsəl/,n.,"capsule, capsules","capsular (adj.), capsulate (v.), capsulise (v.), capsulize (v.)",A membranous envelope.｜膜囊；膠囊,"Another feature, unique to frogs and salamanders, is the columella-operculum complex adjoining the auditory capsule which is involved in the transmission of both airborne and seismic signals.",time capsule; space capsule; medicine capsule,C2
Bypass,/ˈbaɪˌpæs/,v.,"bypass, bypasses, bypassed, bypassed, bypassing",None,"To avoid an obstacle etc, by constructing or using a bypass.｜繞過；避開",The new route bypasses the city center and reduces congestion.,bypass the system; bypass security; bypass a restriction,C2
Cardinal,/ˈkɑɹdənəl/,adj.,no changes,cardinalship (n.),"Of fundamental importance; crucial, pivotal.｜基本的；重要的；關鍵的",Protecting patient confidentiality is a cardinal rule of medical practice.,cardinal rule; cardinal sin; cardinal direction,C2
Captivity,/kæˈptɪvəti/,n. [U],no changes,captive (adj.),The state of being captive.｜囚禁；監禁,"Octopuses won’t breed in captivity, for instance, meaning that researchers must rely on wild-caught animals.",egyptian captivity; held in captivity; breed in captivity,C2
Carefree,/ˈkɛɹˌfɹi/,adj.,"carefree, more carefree, most carefree",carefreeness (n.),Without cares or worries; free of concern or worries; without difficulty.｜無憂無慮的；輕鬆愉快的,Her carefree attitude during the trip made everyone relax and enjoy the journey.,carefree attitude; carefree life; carefree childhood,C2
Cardboard,/ˈkɑɹˌdbɔɹd/,n. [U],no changes,None,a stiff moderately thick paper｜硬紙板；紙板,"The bellows is located between the right- and left-hand keyboards, and is made from pleated layers of cloth and cardboard, with added leather and metal.",cardboard box; cardboard cutout; folded cardboard,C2
Caretaker,/ˈkɛˌɹteɪkɚ/,n.,"caretaker, caretakers",None,"Someone who takes care of a place or thing; someone looking after a place, or responsible for keeping it in good repair.｜管理員；看守者；維護者",A new caretaker government was announced on 7 September.,primary caretaker; caretaker role; working caretaker,C2
Caption,/ˈkæpʃən/,n.,"caption, captions",captious (adj.),"The descriptive heading or title, of a document or part thereof.｜標題；說明文字",An affidavit that is prepared for use within the context of litigation may also include a caption that identifies the venue and parties to the relevant judicial proceedings.,photo caption; add a caption; image caption,C2
Carton,/ˈkɑɹtən/,n.,"carton, cartons",None,"An inexpensive, disposable box-like container fashioned from either paper, paper with wax-covering (wax paper), or other lightweight material.｜紙盒；紙箱",She poured the last of the milk from the carton into her morning bowl of cereal.,milk carton; juice carton; egg carton,C2
Cashier,/kæˈʃɪɹ/,n.,"cashier, cashiers",None,a person who takes payments from customers in a shop｜收銀員；出納員,The friendly cashier scanned my items and told me the total price.,store cashier; bank cashier; friendly cashier,C2
Casualty,/ˈkæʒəwəlti/,n.,"casualty, casualties",None,"someone injured, killed, or otherwise harmed in an accident, disaster, or military engagement｜傷亡者；受害者","Driver attention prediction can play an instrumental role in mitigating and preventing high-risk events, collisions and casualties.",civilian casualty; war casualty; heavy casualties,C2
Caterpillar,/ˈkætəˌpɪlɚ/,n.,"caterpillar, caterpillars",None,a wormlike and often brightly colored and hairy or spiny larva of a butterfly or moth｜蝴蝶或蛾的幼蟲，通常為蠕蟲狀，常具鮮豔色彩，有毛或刺,"For this book, I attended an authentic Roman banquet and ate strange foods of all kinds, everything from caterpillars to walruses.",fuzzy caterpillar; caterpillar infestation; caterpillar feeds on leaves,C2
Celery,/ˈsɛlɚi/,n. [U],no changes,None,widely cultivated herb with aromatic leaf stalks that are eaten raw or cooked｜廣泛種植的香草，莖葉芳香，可生食或烹煮食用,"She chopped celery, carrots, and onions to form the aromatic base of the soup.",fresh celery; celery stalk; celery soup,C2
Census,/ˈsɛnsəs/,n.,"census, censuses",None,a periodic count of the population｜定期進行的人口統計,We exploit quasi-random variation around the multi-threshold criteria used to classify Census Towns and focus on settlements near the thresholds that are likely to obtain statutory recognition.,national census; conduct a census; census data,C2
Chairperson,/ˈtʃɛˌɹpɝsən/,n.,"chairperson, chairpersons",None,"A chairman or chairwoman, someone who presides over a meeting, board, etc.｜主席或主持人，主持會議、委員會等集會",The chairperson opened the meeting and warmly welcomed all the new members.,elect a chairperson; acting chairperson; appoint a chairperson,C2
Cavity,/ˈkævəti/,n.,"cavity, cavities",None,a hollow space or hole within a solid object or the body｜固體或身體內部的空洞或洞穴,And then once they had the organs out they had to wash the inner cavity and then use the mineral that he had found in Egypt to dry the body out.,chest cavity; oral cavity; inner cavity,C2
Cater,/ˈkeɪtɚ/,v.,"cater, caters, catered, catered, catering",caterer (n.),"to provide food, services, or what is needed for a particular group or situation｜為特定群體或場合提供食物、服務或所需之物",The service caters to clients with complex dietary needs.,cater to needs; cater for guests; cater to demand,C2
Celsius,/ˈsɛlsiəs/,n. [U],no changes,None,A scale for measuring temperature in which water freezes at 0 degrees and boils at 100 degrees.｜溫度測量刻度，水在0度結冰，100度沸騰,Temperatures dropped to minus ten degrees Celsius overnight in the mountain village.,degrees Celsius; in Celsius; convert to Celsius,C2
Catastrophe,/kəˈtæstɹəfi/,n.,"catastrophe, catastrophes",catastrophic (adj.),a sudden event that causes great harm or destruction｜造成重大損害或毀滅的突發事件,The flood was a catastrophe that destroyed hundreds of homes.,natural catastrophe; major catastrophe; avoid a catastrophe,C2
Cement,/səˈmɛnt/,v.,"cement, cements, cemented, cemented, cementing",cementitious (adj.),to join or strengthen firmly; to make a relationship or agreement permanent｜牢固結合或強化；使關係或協議永久化,The treaty helped cement the two countries' diplomatic relationship.,cement a relationship; cement an alliance; firmly cement,C2
Checkup,/ˈtʃɛˌkʌp/,n.,"checkup, checkups",None,a thorough physical examination; includes a variety of tests depending on the age and sex and health of the person｜徹底的身體檢查；根據年齡、性別和健康狀況包含各項測試,The doctor recommended an annual checkup to monitor her blood pressure and cholesterol levels.,annual checkup; routine checkup; medical checkup,C2
Ceramic,/sɚˈæmɪk/,n. [U],no changes,ceramics (n.),"a hard, brittle, inorganic, nonmetallic material, usually made from clay and fired at high temperature｜堅硬、易碎的無機非金屬材料，通常由黏土製成並經高溫燒製",The artist shaped a small ceramic bowl on her potter's wheel.,ceramic tile; fired ceramic; ceramic artwork,C2
Chemist,/ˈkɛmɪst/,n.,"chemist, chemists",chemistry (n.),"A person who specializes in the science of chemistry, especially at a professional level.｜專門從事化學科學的人，特別指專業層面","After earning her doctorate, she worked as a chemist developing new medicines.",industrial chemist; research chemist; trained chemist,C2
Champagne,/ʃæˈmpeɪn/,n. [U],no changes,None,a white sparkling wine either produced in Champagne or resembling that produced there｜白色氣泡酒，產自香檳區或與該地區所產相似的酒,The guests raised their glasses of champagne to toast the couple's engagement.,glass of champagne; toast with champagne; champagne flute,C2
Charitable,/ˈtʃæɹətəbəl/,adj.,"charitable, more charitable, most charitable",charitableness (n.),Pertaining to charity.｜關於慈善的,Men perform charitable acts in the early stages of a romantic relationship or simply when in the presence of an attractive woman.,charitable donation; charitable organization; charitable act,C2
Certify,/ˈsɝtəˌfaɪ/,v.,"certify, certifies, certified, certified, certifying","certifiable (adj.), certificate (n.), certification (n.), certificatory (adj.)",To attest to (a fact) as the truth.｜證實（某事）為事實,A licensed official must certify that the documents are genuine before the trial.,certify a document; officially certify; certify as compliant,C2
Chant,/ˈtʃænt/,v.,"chant, chants, chanted, chanted, chanting","chanter (n.), chanting (n.)","To sing, especially without instruments, and as applied to monophonic and pre-modern music.｜歌唱，尤指無樂器伴奏，以及應用於單音和前現代音樂",The monks gathered in the stone chapel each morning to chant their ancient hymns in unison.,protest chant; crowd chants; repeat the chant,C2
Cellular,/ˈsɛljəlɚ/,adj.,no changes,"cell (n.), cellularity (n.)","Of, relating to, consisting of, or resembling a cell or cells.｜關於、由...組成或類似細胞的",The scientists studied cellular respiration to understand how the body converts nutrients into energy.,cellular biology; cellular network; cellular respiration,C2
Chestnut,/ˈtʃɛˌsnʌt/,n.,"chestnut, chestnuts",None,an edible brown nut produced by a chestnut tree; also the tree or its wood｜栗樹結的可食用棕色堅果；亦指栗樹或其木材,"Every autumn, street vendors roasted chestnuts over open charcoal fires throughout the city.",roasted chestnut; chestnut tree; chestnut brown,C2
Chimpanzee,/tʃɪˈmpænzi/,n.,"chimpanzee, chimpanzees",None,intelligent somewhat arboreal ape of equatorial African forests｜產於赤道非洲森林的智能樹棲猿類,Researchers documented chimpanzees crafting tools from twigs to extract termites from mounds.,wild chimpanzee; chimpanzee behavior; study chimpanzees,C2
Chili,/ˈtʃɪli/,n.,"chili, chilis",None,"a hot pepper of the genus Capsicum, or the plant that produces it｜辣椒屬的辛辣胡椒，或產生它的植物","Agricultural products include tomatoes, corn, watermelon, beans, green chili peppers, and melons.",hot chili; chili sauce; chili pepper,C2
Chirp,/ˈtʃɝp/,v.,"chirp, chirps, chirped, chirped, chirping",chirpy (adj.),"To make a short, sharp, cheerful note, as of small birds or crickets; to chitter; to twitter.｜發出短促清脆的叫聲，如小鳥或蟋蟀；吱喳叫；啁啾","The sparrows chirped energetically at dawn, filling the garden with their cheerful calls.",chirp softly; chirp happily; birds chirp,C2
Cigar,/sɪˈɡɑɹ/,n.,"cigar, cigars",None,a roll of tobacco for smoking｜卷菸草製成的吸煙用品,"Manufacturing output consists mainly of cigarettes, cigars, and furniture.",light a cigar; smoke a cigar; Cuban cigar,C2
Cholesterol,/kəˈlɛstɚˌɔl/,n. [U],no changes,None,an animal sterol that is normally synthesized by the liver; the most abundant steroid in animal tissues｜動物甾醇，通常由肝臟合成；動物組織中含量最豐富的類固醇,Cells that produce steroid hormones can acquire cholesterol through two paths.,high cholesterol; lower cholesterol; cholesterol levels,C2
Clasp,/ˈklæsp/,v.,"clasp, clasps, clasped, clasped, clasping",None,To take hold of; to grasp.｜抓住；握住,She clasped her daughter's hand tightly as they crossed the busy street.,gold clasp; clasp hands; metal clasp,C2
Civilize,/ˈsɪvəˌlaɪz/,v.,"civilize, civilizes, civilized, civilized, civilizing",civilization (n.),To bring a society or person to a more advanced or cultured state of development.｜使社會或個人達到更進步或更有文化修養的發展狀態,The reformers hoped to civilize the legal system by making its procedures more transparent and humane.,civilize a society; attempt to civilize; gradually civilize,C2
Climax,/ˈklaɪˌmæks/,n.,"climax, climaxes",climactic (adj.),"the highest or most intense point of an event, process, story, or series｜事件、過程、故事或系列的最高點或最激烈點","A child prodigy of exceptional talents, Francisco was dubbed the ""climax"" of the d'Anconia line, an already prestigious Argentine family of skilled industrialists.",reach a climax; dramatic climax; climax of the story,C2
Clam,/ˈklæm/,n.,"clam, clams",None,burrowing marine mollusk living on sand or mud; the shell closes with viselike firmness｜生活在沙灘或泥地上的穴居海洋軟體動物；貝殼能緊密閉合,In 2019 a giant clam was sighted in the territory for the first time since 2006.,fresh clam; steamed clam; clam chowder,C2
Clockwise,/ˈklɑˌkwaɪz/,adv.,no changes,None,in the direction that the hands of a clock move｜時鐘指標移動的方向,"For large lesions, a different part of the tumour was injected at each cycle in a clockwise manner.",move clockwise; rotate clockwise; clockwise direction,C2
Clearance,/ˈklɪɹəns/,n.,"clearance, clearances",clear (v.),The act of clearing or something (such as a space) cleared.｜清除的動作或被清除的東西（如空間）,"If the peg and hole are designed with transition fit, machining errors may lead to either a clearance or an interference fit for a specific pair of components, with uncertain fit amounts.",security clearance; get clearance; low overhead clearance,C2
Colloquial,/kəˈloʊkwiəl/,adj.,"colloquial, more colloquial, most colloquial","colloquialism (n.), colloquially (adv.)","Characteristic of familiar conversation, of common parlance; informal.｜日常會話的特點；口語的；非正式的",Colloquial Algerian Arabic has some Berber loanwords which represent 8% to 9% of its vocabulary.,colloquial expression; colloquial language; colloquial term,C2
Coastline,/ˈkoʊsˌtlaɪn/,n.,"coastline, coastlines",None,the outline of a coast｜海岸線的輪廓,"They suck up carbon and filter water, making coastlines cleaner.",rugged coastline; scenic coastline; protect the coastline,C2
Closure,/ˈkloʊʒɚ/,n.,"closure, closures",close (v.),An event or occurrence that signifies an ending.｜標誌著結束的事件或發生,The grieving family finally found closure years after the long investigation ended.,achieve closure; school closure; factory closure,C2
Commonwealth,/ˈkɑməˌnwɛlθ/,n.,"commonwealth, commonwealths",None,An independent political community or a group of states united by shared interests.｜由共同利益聯合起來的獨立政治社區或國家團體,The Association of Social Anthropologists of the UK and Commonwealth (ASA) has called certain scholarship ethically dangerous.,commonwealth nations; independent commonwealth; form a commonwealth,C2
Commonplace,/ˈkɑmənˌpleɪs/,adj.,"commonplace, more commonplace, most commonplace",commonplaceness (n.),Ordinary; not having any remarkable characteristics.｜普通的；沒有任何顯著特點的,"However, while evaluations of visual tools for their interpretability and intuitiveness have been commonplace, not much research has been devoted to other forms of data rendering, eg, sonification.",become commonplace; commonplace sight; utterly commonplace,C2
Comet,/ˈkɑmət/,n.,"comet, comets","cometic (adj.), cometary (adj.)",(astronomy) a relatively small extraterrestrial body consisting of a frozen mass that travels around the sun in a highly elliptical orbit｜天文學上由冷凍物質組成的相對較小的天體，以高度橢圓的軌道繞太陽運行,Halley's Comet is visible from Earth approximately every seventy-five years as it orbits the sun.,passing comet; comet tail; comet orbit,C2
Coalition,/ˌkoʊəˈlɪʃən/,n.,"coalition, coalitions",coalesce (v.),"A temporary group or union of organizations, usually formed for a particular advantage.｜為特定利益而暫時聯合的組織團體",The smaller parties formed a fragile coalition in order to secure a working majority.,form a coalition; coalition government; diverse coalition,C2
Clone,/ˈkloʊn/,n.,"clone, clones",None,"an organism, cell, or manufactured copy that is genetically or functionally identical to another｜遺傳或功能上與另一個完全相同的生物體、細胞或製造複製品","In the wake of the alliance, Apple opened up to the idea of allowing Motorola and other companies to build Macintosh clones.",genetic clone; exact clone; computer clone,C2
Communicative,/kəˈmjunəkətɪv/,adj.,"communicative, more communicative, most communicative","communicate (v.), communicativeness (n.)",relating to communication or willing and able to communicate｜與溝通相關的，或願意且能夠溝通的,The teacher adopted a communicative approach that encouraged students to speak in every lesson.,communicative competence; communicative skill; communicative approach,C2
Compass,/ˈkʌmpəs/,n.,"compass, compasses",None,an instrument with a magnetic needle used to find direction｜用磁針確定方向的儀器,It's a fascinating question whether you could use a compass in space.,magnetic compass; use a compass; compass direction,C2
Complexion,/kəˈmpɛkʃən/,n.,"complexion, complexions",complect (v.),"The quality, colour, or appearance of the skin on the face.｜面部皮膚的品質、顏色或外觀","Years of working outdoors had given her a healthy, sun-tanned complexion.",skin complexion; fair complexion; different complexion,C2
Collision,/kəˈlɪʒən/,n.,"collision, collisions",collide (v.),An instance of colliding.｜碰撞；撞擊,"In a particle accelerator, a collision occurs when high-energy particles strike one another.",head-on collision; collision course; avoid a collision,C2
Comparative,/kəˈmpɛɹətɪv/,adj.,"comparative, more comparative, most comparative",compare (v.),Of or relating to comparison.｜比較的,Our methodology addresses the challenge of limited comparative data available for different vehicle types within the same urban settings.,comparative study; comparative analysis; comparative advantage,C2
Computerize,/kəmˈpjutɚˌaɪz/,v.,"computerize, computerizes, computerized, computerized, computerizing","computer (n.), computerization (n.)",provide with computers｜配備電腦；使電腦化,The company plans to computerize its records and administrative systems.,computerize records; fully computerize; computerize the system,C2
Complement,/ˈkɑmpləmənt/,v.,"complement, complements, complemented, complemented, complementing",complementary (adj.),"To complete, to bring to perfection, to make whole.｜使完整；補足",Our approach complements traditional methods and provides new insights into AI behavioral science in macroeconomic research.,complement each other; complement the design; complement existing methods,C2
Confederation,/kəˌnfɛdɚˈeɪʃən/,n.,"confederation, confederations",confederate (v.),A union or alliance of states or political organizations.｜邦聯；同盟,The thirteen colonies formed a loose confederation before adopting the federal Constitution.,loose confederation; form a confederation; confederation of states,C2
Compile,/kəˈmpaɪl/,v.,"compile, compiles, compiled, compiled, compiling","compiler (n.), compiling (n.), compilation (n.)",To make by gathering pieces from various sources.｜編纂；彙編,The researchers spent months compiling data from dozens of separate field studies.,compile data; compile a report; compile code,C2
Comrade,/ˈkɑˌmɹæd/,n.,"comrade, comrades","comradely (adj.), comradeship (n.)","A mate, companion, or associate.｜同志；同伴","Furious, Ajax cursed Odysseus, which earned him the ire of Athena, who temporarily made Ajax so mad with grief and anguish that he began killing sheep, thinking them his comrades.",fallen comrade; trusted comrade; close comrade,C2
Comprehensive,/ˌkɑmpɹiˈhɛnsɪv/,adj.,"comprehensive, more comprehensive, most comprehensive","comprehend (v.), comprehensiveness (n.)",Broadly or completely covering; including a large proportion of something.｜全面的；綜合的,"Protestors refused to recognise Tebboune as president, citing demands for comprehensive reform of the political system.",comprehensive understanding; comprehensive coverage; comprehensive list,C2
Compute,/kəmˈpjut/,v.,"compute, computes, computed, computed, computing","computer (n.), computation (n.)","To reckon, calculate.｜計算",The software computes the result from thousands of measurements.,compute a result; compute a value; compute from data,C2
Concession,/kəˈnsɛʃən/,n.,"concession, concessions",concede (v.),The act of conceding.｜讓步；承認,Neither side was willing to make the slightest concession during the tense negotiations.,make a concession; grant a concession; major concession,C2
Concise,/kəˈnsaɪs/,adj.,"concise, more concise, most concise","concision (n.), concisely (adv.)","Brief, yet including all important information.｜簡潔的",Therefore our results provide a concise view of a more robust method for assessing sovereign risk which is a crucial component in investment and monetary decisions.,concise dictionary; concise view; concise responses,C2
Congressman,/ˈkɑŋɡɹəsmən/,n.,"congressman, congressmen",None,A male member of congress.｜國會男議員,No congressman may serve more than three out of any six years.,senior congressman; local congressman; former congressman,C2
Condense,/kəˈndɛns/,v.,"condense, condenses, condensed, condensed, condensing","condenser (n.), condensate (n.), condensing (n.), condensation (n.)","To concentrate toward the essence by making more close, compact, or dense, thereby decreasing size or volume.｜濃縮；壓縮",The models condense the main characteristics of the transmission into a compact representation.,condense information; condense into a summary; condense the text,C2
Conquest,/ˈkɑŋkwɛst/,n.,"conquest, conquests",None,An act or instance of achieving victory through combat; the subjugation of an enemy.｜征服；戰勝,"Gradually, it seems they got more and more lavish as Roman conquest reached into places that were really rich and in Roman terms really exotic.",military conquest; norman conquest; conquest of territory,C2
Contestant,/kəˈntɛstənt/,n.,"contestant, contestants",None,a person who participates in competitions｜參賽者；競爭者,"The contestants agreed to take turns displaying their skills, with the rule that the victor could impose any condition upon the loser.",eliminate a contestant; winning contestant; nervous contestant,C2
Consolation,/ˌkɑnsəˈleɪʃən/,n.,"consolation, consolations",console (v.),The act or example of consoling; the condition of being consoled.｜安慰；慰藉,She found consolation in her old hobby of painting after losing her job.,consolation prize; offer consolation; find consolation,C2
Conscientious,/ˌkɑnʃiˈɛnʃəs/,adj.,"conscientious, more conscientious, most conscientious","conscience (n.), conscientiousness (n.)","Thorough, careful, or vigilant in one’s task performance; painstaking.｜盡職的；勤勉的",Her conscientious attention to detail made her a trusted member of the research team.,conscientious objector; conscientious effort; conscientious worker,C2
Consonant,/ˈkɑnsənənt/,n.,"consonant, consonants","consonance (n.), consonantal (adj.)",a speech sound that is not a vowel｜子音；輔音,"In English phonology, the letters 'b', 'd', and 'g' are consonants that require vocal cord vibration.",voiced consonant; consonant cluster; initial consonant,C2
Contention,/kəˈntɛnʃən/,n.,"contention, contentions","contend (v.), contentious (adj.)","Argument, contest, debate, strife, struggle.｜爭議；論點",The ownership of the land remained a major point of contention between the two communities.,point of contention; major contention; heated contention,C2
Console,/ˈkɑnsoʊl/,v.,"console, consoles, consoled, consoled, consoling","consolation (n.), consolatory (adj.)","To comfort (someone) in a time of grief, disappointment, etc.｜安慰；撫慰",Neighbors came by with food to console the family after the funeral.,console the grieving; console oneself; console a friend,C2
Continuity,/ˌkɑntəˈnuəti/,n. [U],no changes,continuous (adj.),Lack of interruption or disconnection; the quality of being continuous in space or time.｜不間斷或不中斷的狀態；事物在空間或時間上連續的性質。,"However, this change in delivering healthcare services leads to sociotechnical challenges, such as coordination of work, integration into existing healthcare workflows and ensuring continuity of care.",ensure continuity; business continuity; continuity of care,C2
Conserve,/kəˈnsɝv/,v.,"conserve, conserves, conserved, conserved, conserving",conservation (n.),"To save for later use, sometimes by the use of a preservative.｜保存以備後用，有時使用防腐劑保存。",One of the emergent phenomena of the simulations is the adoption of crop rotation patterns by the irrigators to conserve groundwater.,conserve energy; conserve resources; conserve wildlife,C2
Contradict,/ˌkɑntɹəˈdɪkt/,v.,"contradict, contradicts, contradicted, contradicted, contradicting","contradiction (n.), contradictory (adj.)",To deny the truth or validity of (a statement or statements).｜否認（陳述）的真實性或有效性。,"However, real-world events and observations appear to contradict such assumptions, leading to the possibility of other, more complex interaction rules existing between such agents.",contradict oneself; contradict the evidence; openly contradict,C2
Convene,/kəˈnvin/,v.,"convene, convenes, convened, convened, convening","convener (n.), convening (n.), convention (n.)",To come together; to meet; to unite.｜聚集；會面；聯合。,That seemed to be the consensus of an expert panel convened by the US Food and Drug Administration in December.,convene a meeting; convene a panel; convene regularly,C2
Corpse,/ˈkɔɹps/,n.,"corpse, corpses",None,the dead body of a human being｜人類的屍體。,The investigators discovered a corpse in the abandoned building and notified the authorities.,discover a corpse; decomposing corpse; identify the corpse,C2
Coral,/ˈkɔɹəl/,n.,"coral, corals",None,"A hard, calcium carbonate structure formed by marine invertebrates of class Anthozoa, typically found in tropical seas and forming reefs.｜由珊瑚蟲綱海洋無脊椎動物形成的堅硬碳酸鈣結構，常見於熱帶海域並形成珊瑚礁。",Bright tropical fish darted among the coral formations along the reef.,coral reef; coral bleaching; protect coral,C2
Conspiracy,/kənˈspɪɹəsi/,n.,"conspiracy, conspiracies","conspire (v.), conspiratorial (adj.)","An agreement or arrangement between multiple parties to do something harmful, immoral or subversive; an instance of collusion.｜多方之間為做有害、不道德或顛覆性之事而達成的協議或安排；串通勾結的行為。",Lincoln denounced it as the product of a conspiracy of Democrats to support the Slave Power.,conspiracy theory; form a conspiracy; uncover a conspiracy,C2
Correspondence,/ˌkɔɹəˈspɑndəns/,n.,"correspondence, correspondences","correspond (v.), correspondent (adj.)","mutual communication or written exchange, especially by letters or email｜互相溝通或書面交流，尤指透過信件或電子郵件。",Their friendship was maintained through steady correspondence by letter over the decades.,keep up correspondence; official correspondence; personal correspondence,C2
Cosmetic,/kɑˈzmɛtɪk/,n. [U],no changes,None,"Any substances applied to enhance the external color or texture of the skin, e.g. lipstick, eyeshadow, eyeliner.｜用於提升皮膚外觀顏色或質地的任何物質，如口紅、眼影、眼線筆。",Ancient Egyptians were among the first to use minerals such as sulfur as cosmetic substances.,natural cosmetic; facial cosmetic; traditional cosmetic,C2
Courtyard,/ˈkɔɹˌtjɑɹd/,n.,"courtyard, courtyards",None,"An area, open to the sky, partially or wholly surrounded by walls or buildings.｜露天區域，部分或全部被牆壁或建築物環繞。","Out of boredom, he begins observing his neighbours across the courtyard, then becomes convinced that one of them (Raymond Burr) has murdered his wife.",open courtyard; stone courtyard; inner courtyard,C2
Coupon,/ˈkuˌpɔn/,n.,"coupon, coupons",None,a negotiable certificate that can be detached and redeemed as needed｜可撕下並按需兌換的有價證券。,She clipped the coupon from the newspaper and saved a dollar on her groceries.,redeem a coupon; discount coupon; clip a coupon,C2
Cosmetics,/kɑˈzmɛtɪks/,n.,"cosmetics, no changes",None,"substances or products used to enhance or alter the appearance of the body, especially the face｜用於增強或改變身體外觀的物質或產品，尤指臉部。",The regulatory agency updated its guidelines to ensure all cosmetics are tested for skin safety.,apply cosmetics; cosmetics industry; cosmetics safety,C2
Cowardly,/ˈkaʊɚdli/,adj.,"cowardly, more cowardly, most cowardly","coward (n.), cowardliness (n.)",Showing cowardice; lacking in courage; weakly fearful.｜表現膽怯的；缺乏勇氣的；怯懦的。,It was a cowardly decision to abandon his colleagues the moment trouble appeared.,cowardly act; cowardly retreat; branded as cowardly,C2
Crackdown,/ˈkɹæˌkdaʊn/,n.,"crackdown, crackdowns",None,Abruptly stern measures or disciplinary action; increased enforcement.｜突然嚴厲的措施或紀律行動；加強執法。,The city launched a crackdown on disruptive tourist behavior in public areas.,strict crackdown; government crackdown; crackdown on crime,C2
Cracker,/ˈkɹækɚ/,n.,"cracker, crackers",crack (v.),a thin crisp wafer made of flour and water with or without leavening and shortening; unsweetened or semisweet｜由麵粉和水製成的薄脆餅乾，可加或不加膨鬆劑和酥油；無甜味或微甜。,She arranged a plate of crackers with sharp cheddar and sliced apple for the guests.,rice cracker; cream cracker; crackers and cheese,C2
Counterpart,/ˈkaʊntɚˌpɑɹt/,n.,"counterpart, counterparts",None,"Either of two parts that fit together, or complement one another.｜兩者中相配合或互補的任一方。",The Simulated Flying Shapes dataset comprises scenes showing two objects of equal shape and size in which one object approaches its counterpart.,foreign counterpart; male counterpart; official counterpart,C2
Cozy,/ˈkoʊzi/,adj.,"cozy, cozier, coziest",None,"Giving a feeling of warmth, comfort, and relaxation.｜給予溫暖、舒適和放鬆感的。",They curled up in the cozy living room with a hot drink on a snowy evening.,cozy atmosphere; cozy corner; feel cozy,C2
Cram,/ˈkɹæm/,v.,"cram, crams, crammed, crammed, cramming",crammer (n.),"To press, force, or drive, particularly in filling, or in thrusting one thing into another; to stuff; to fill to superfluity.｜壓、塞或推入，特別是在填充時，或將一物塞入另一物中；填塞；塞滿到過剩。",Students often cram for exams when they have failed to plan their study time.,cram for exams; cram into a space; cram information,C2
Cramp,/ˈkɹæmp/,n.,"cramp, cramps",None,a sudden painful tightening of a muscle that you cannot control｜肌肉突然無法控制的疼痛收縮。,He suddenly felt a sharp cramp in his calf and had to stop running.,muscle cramp; stomach cramp; painful cramp,C2
Crater,/ˈkɹeɪtɚ/,n.,"crater, craters",None,A hemispherical pit created by the impact of a meteorite or other object.｜隕石或其他物體撞擊形成的半球形凹陷。,The asteroid impact created a crater more than two kilometers wide on the lunar surface.,deep crater; meteor crater; crater rim,C2
Crocodile,/ˈkɹɑkəˌdaɪl/,n.,"crocodile, crocodiles",None,large voracious aquatic reptile having a long snout with massive jaws and sharp teeth and a body covered with bony plates; of sluggish tropical waters｜大型的水生爬蟲類動物，擁有長吻、巨大的顎部、鋒利的牙齒和覆蓋骨板的身體；棲息於緩慢的熱帶水域,"Researchers say this ""peculiar"" crocodile relative likely began life walking on four legs, only to adopt a two-legged stance as it reached adulthood.",large crocodile; crocodile attack; crocodile habitat,C2
Cucumber,/ˈkjukəmbɚ/,n.,"cucumber, cucumbers",None,a melon vine of the genus Cucumis; cultivated from earliest times for its cylindrical green fruit｜黃瓜屬的瓜藤；從早期即被栽培以取得其圓柱形綠色果實,They found that cucumber and corn seedlings grew just as well using ATS organic fertilizer as they did with commercial fertilizers.,slice a cucumber; fresh cucumber; cucumber salad,C2
Cub,/ˈkʌb/,n.,"cub, cubs",None,"The young of certain animals, chiefly large carnivorous mammals, including the bear, wolf, fox, lion and tiger.｜某些動物的幼崽，主要為大型肉食哺乳動物，包括熊、狼、狐狸、獅子和老虎",The bear cub stayed close to its mother as she foraged for berries along the stream.,bear cub; young cub; lion cub,C2
Credible,/ˈkɹɛdəbəl/,adj.,"credible, more credible, most credible","credibility (n.), credibleness (n.)",Believable or plausible.｜可信的或似真實的,The journalist refused to publish the story until she had found a credible and independent source to confirm it.,credible source; credible threat; credible evidence,C2
Crutch,/ˈkɹʌtʃ/,n.,"crutch, crutches",None,"A device to assist in motion as a cane, especially one that provides support under the arm to reduce weight on a leg.｜輔助行走的裝置，如拐杖，尤指腋下支撐以減輕腿部負擔的類型","The device is a striking advance that kept him upright without crutches, but it also revealed the friction of the real world.",emotional crutch; walk with crutches; lean on a crutch,C2
Crossing,/ˈkɹɔsɪŋ/,n.,"crossing, crossings",cross (v.),"A place where a road, river, or other obstacle may be crossed; a sea or overland journey from one side to the other.｜可穿越道路、河流或其他障礙物的地點；從一側到另一側的海上或陸地旅程",The rough sea crossing left several passengers feeling dizzy and badly seasick.,sea crossing; pedestrian crossing; level crossing,C2
Curb,/ˈkɝb/,v.,"curb, curbs, curbed, curbed, curbing",None,"To check, restrain or control.｜檢查、約束或控制","In short, a group cannot rely solely on its members' good will to curb incivility.",curb spending; curb violence; curb one's enthusiasm,C2
Curfew,/ˈkɝfju/,n.,"curfew, curfews",None,the time that the curfew signal is sounded｜宵禁信號發出的時間,"Violence and looting break out, leading authorities to declare martial law and impose a curfew.",impose a curfew; break curfew; strict curfew,C2
Cultivate,/ˈkʌltəˌveɪt/,v.,"cultivate, cultivates, cultivated, cultivated, cultivating","cultivator (n.), cultivation (n.)","To grow plants, notably crops.｜種植植物，尤指農作物","When Apollo was teaching the humans to cultivate fruits and civilise themselves, the residents of Parnassus complained to the god about Python.",cultivate discipline; intentionally cultivate; cultivate virtue,C2
Customary,/ˈkʌstəˌmɛɹi/,adj.,"customary, more customary, most customary","customarily (adv.), custom (n.)","In accordance with, or established by, custom or common usage.｜依照或由習俗或慣例建立的","One motivation for this framework comes from information transmission systems, where it is customary to formulate problems in terms of asymptotically vanishing probability of error.",customary law; customary greeting; customary practice,C2
Cumulative,/ˈkjumjələtɪv/,adj.,"cumulative, more cumulative, most cumulative",cumulate (v.),increasing by successive addition｜透過漸進添加而增加,"It's also really contextual, meaning that it's cumulative.",cumulative effect; cumulative damage; cumulative debt,C2
Curry,/ˈkʌɹi/,n.,"curry, curries",None,(East Indian cookery) a pungent dish of vegetables or meats flavored with curry powder and usually eaten with rice｜（印度烹飪）以咖哩粉調味的蔬菜或肉類辛辣菜餚，通常配米飯食用,We ordered a hot bowl of chicken curry with steamed rice for dinner.,spicy curry; curry dish; chicken curry,C2
Dazzle,/ˈdæzəl/,v.,"dazzle, dazzles, dazzled, dazzled, dazzling",None,"To confuse or overpower the sight of (someone or something, such as a sensor) by means of excessive brightness.｜透過過度的亮度混淆或削弱（某人或某物，如感測器）的視覺",The brilliant stage lights dazzled the audience for a moment.,dazzle the audience; dazzle with brilliance; dazzle the judges,C2
Cynical,/ˈsɪnɪkəl/,adj.,"cynical, more cynical, most cynical","cynicism (n.), cynically (adv.)",Of or relating to the belief that human actions are motivated only or primarily by base desires or selfishness.｜屬於或關於人類行為僅由基本慾望或自私所驅動的信念,"Though he starts out as a cynical follower of the looters' code, his experience at the mills transforms him, and he comes to respect and admire the producers.",cynical attitude; become cynical; cynical view,C2
Deduct,/dɪˈdʌkt/,v.,"deduct, deducts, deducted, deducted, deducting","deduction (n.), deductible (adj.)",To take one thing from another; remove from; make smaller or less by some amount.｜從某物中取走；移除；使數量減少,The company will deduct a small fee from your salary to cover the insurance plan.,deduct expenses; deduct from pay; deduct a fee,C2
Deafen,/ˈdɛfən/,v.,"deafen, deafens, deafened, deafened, deafening",None,"To make deaf, either temporarily or permanently.｜使失去聽覺，暫時或永久地",The explosion deafened several workers standing near the machinery.,deafen the audience; deafen someone with noise; nearly deafen,C2
Decisive,/dɪˈsaɪsɪv/,adj.,"decisive, more decisive, most decisive","decide (v.), decisiveness (n.)",Having the power or quality of deciding a question or controversy; putting an end to contest or controversy; final; conclusive.｜具有決定問題或爭端的權力或品質；終結競賽或爭端；最終的；決定性的,"Such dependence is often seen in strongly correlated/Hubbard systems, but because we do not measure this quantity in separation, we cannot make a decisive claim.",decisive action; decisive victory; decisive factor,C2
Dedication,/ˌdɛdəˈkeɪʃən/,n. [U],no changes,dedicate (v.),The act of dedicating or the state of being dedicated.｜奉獻的行為或被奉獻的狀態,Her dedication to the project over many years earned the respect of her colleagues.,complete dedication; obsessive dedication; individual dedication,C2
Amid/amidst,/ˈæmədəˌmɛdəst/,prep.,no changes,None,Surrounded by; in the middle of.｜被包圍；在……之中,The negotiations continued amid growing tension between the two rival delegations.,amid controversy; amid growing concerns; amid uncertainty,C2
Defiance,/dɪˈfaɪəns/,n. [U],no changes,defiant (adj.),"The feeling, or spirit of being defiant.｜不服從或挑釁的感覺或精神",She drove through the storm in defiance of the warnings from local authorities.,act of defiance; in defiance of; open defiance,C2
Deem,/ˈdim/,v.,"deem, deems, deemed, deemed, deeming",None,To hold in belief or estimation; to adjudge as a conclusion; to regard as being; to evaluate according to one's beliefs; to account.｜認為；判定；視為；根據自己的信念來評價,Our main finding is that participants deem teleological explanations to be of significantly better quality than counterfactual ones.,deemed necessary; deem appropriate; deem unfit,C2
Default,/dɪˈfɔlt/,n.,"default, defaults",defaulter (n.),The condition of failing to meet an obligation.｜未履行義務的狀態,The borrower slipped into default after missing three consecutive monthly payments.,payment default; loan default; in default,C2
Defect,/ˈdifɛkt/,n.,"defect, defects","defector (n.), defection (n.)",A fault or malfunction.｜故障；缺陷,"If the appellate court finds no defect, it ""affirms"" the judgment.",birth defect; product defect; manufacturing defect,C2
Dental,/ˈdɛntəl/,adj.,no changes,None,Of or concerning the teeth.｜牙齒的；牙科的,"During the same procedure, an FOC was implanted and secured on the skull surface using a pair of surgical screws and dental cement.",dental care; dental hygiene; dental appointment,C2
Definitive,/dɪˈfɪnɪtɪv/,adj.,no changes,"definitively (adv.), definitiveness (n.)",explicitly defined｜明確界定的,"Since the published circulars are definitive, better estimates do not create another version of TAI; it is instead considered to be creating a better realisation of Terrestrial Time (TT).",definitive answer; definitive guide; definitive proof,C2
Deplete,/dɪˈplit/,v.,"deplete, depletes, depleted, depleted, depleting",depletion (n.),To reduce the amount of; to remove (a substance from something)｜減少數量；移除（某物中的物質）,"There is a risk that plastic mulch will deteriorate soil quality, deplete soil organic matter stocks, increase soil water repellence and emit greenhouse gases.",deplete resources; deplete energy; severely deplete,C2
Destined,/ˈdɛstɪnd/,adj.,"destined, more destined, most destined",None,Confined to a predetermined fate or destiny; certain.｜命中注定的；必然的,"But in Newton's clockwork universe, even though that future is preordained, it's destined to be, it still doesn't exist.",destined for greatness; seemingly destined; destined to fail,C2
Descent,/dɪˈsɛnt/,n.,"descent, descents",descend (v.),An instance of descending; act of coming down.｜下降；下來,"In the more general setting of continuously parameterized policies , we minimize this upper bound using stochastic gradient descent.",steep descent; rapid descent; rocky descent,C2
Despise,/dɪˈspaɪz/,v.,"despise, despises, despised, despised, despising","despisal (n.), despising (n.)",To regard with contempt or scorn.｜蔑視；鄙視,"Otherwise, they may suffer the same fate as their counterparts in Sardinia: despised by locals, delayed by politics, and surprised at how badly it all went.",deeply despise; openly despise; despise the hypocrisy,C2
Deprive,/dɪˈpɹaɪv/,v.,"deprive, deprives, deprived, deprived, depriving",deprivation (n.),"Used with “of”, to take something away from (someone) and keep it away; to deny someone something.｜與of連用，指從（某人）處拿走並扣留某物；拒絕給予某人某物",Then I had no right to deprive the country of their services.,deprive someone of sleep; deprive people of their rights; deprive children of opportunities,C2
Detach,/dɪˈtætʃ/,v.,"detach, detaches, detached, detached, detaching",detachment (n.),To take apart from; to take off.｜分開；取下,"While research strongly supports the capacity of detached mindfulness to reduce depression and anxiety, its cognitive and computational underpinnings remain largely unexplained.",detach from reality; detach yourself; detach the cord,C2
Detain,/dɪˈteɪn/,v.,"detain, detains, detained, detained, detaining",detainee (n.),"to keep someone from leaving, often officially｜阻止某人離開，通常是官方地",The police detained the suspect for several hours of questioning.,detain a suspect; unlawfully detain; detain without charge,C2
Detergent,/dɪˈtɝdʒənt/,n.,"detergent, detergents","deterge (v.), detergence (n.), detergency (n.)","Any non-soap cleaning agent, especially a synthetic surfactant.｜任何非肥皂的清潔劑，尤指合成表面活性劑",Add a small amount of detergent to the water to wash the dirty dishes.,laundry detergent; household detergent; dissolve with detergent,C2
Detention,/dɪˈtɛnʃən/,n. [U],no changes,None,The act of detaining or the state of being detained; hindrance.｜拘留的行為或被拘留的狀態；阻礙,The student was assigned detention for repeatedly disrupting the class.,immigration detention; detention center; in detention,C2
Deter,/dɪˈtɝ/,v.,"deter, deters, deterred, deterred, deterring","determent (n.), deterrent (adj.), deterrence (n.)",To prevent something from happening.｜阻止某事發生,"We show that increased patrols in one region deter poaching in the next timestep, but poachers then move to neighboring regions.",deter crime; deter aggression; effectively deter,C2
Dictation,/dɪˈkteɪʃən/,n. [U],no changes,dictate (v.),"Dictating, the process of speaking for someone else to write down the words.｜聽寫，為他人說話並記錄下來的過程","The new dictation starter app, built using the updated model, is a great example of this in action.",voice dictation; take dictation; dictation exercise,C2
Devour,/dɪˈvaʊɚ/,v.,"devour, devours, devoured, devoured, devouring",devourer (n.),"To eat quickly, greedily, hungrily, or ravenously.｜快速、貪心地、飢餓地或狼吞虎嚥地吃","The estimate is based on fossilized jaws, which researchers say show patterns of wear that came from devouring animals that had hard shells and skeletons.",devour a meal; devour books; devour prey,C2
Diabetes,/ˌdaɪəˈbitiz/,n. [U],no changes,diabetic (adj.),a polygenic disease characterized by abnormally high glucose levels in the blood; any of several metabolic disorders marked by excessive urination and persistent thirst｜一種以血糖水平異常升高為特徵的多基因疾病；任何以多尿和持續口渴為特徵的代謝紊亂,A healthy diet and regular exercise can significantly reduce the risk of developing diabetes in later life.,develop diabetes; manage diabetes; type two diabetes,C2
Dictatorship,/dɪˈkteɪtɚˌʃɪp/,n.,"dictatorship, dictatorships",dictator (n.),A type of government where absolute sovereignty is allotted to an individual or a small clique.｜一種將絕對主權賦予個人或少數派系的政府類型,The country suffered under a military dictatorship for nearly two decades.,military dictatorship; overthrow a dictatorship; authoritarian dictatorship,C2
Dictator,/dɪˈkteɪtɚ/,n.,"dictator, dictators","dictate (v.), dictatorial (adj.), dictatorship (n.)","A ruler with absolute, often tyrannical authority over a country, exercising power without democratic accountability.｜擁有絕對且常為專制權力的統治者，在沒有民主問責制的情況下行使權力","Later in the novel he becomes its Top Co-ordinator, a position that eventually becomes Economic Dictator of the country.",ruthless dictator; authoritarian dictator; overthrow a dictator,C2
Dictate,/dɪˈkteɪt/,v.,"dictate, dictates, dictated, dictated, dictating","dictator (n.), dictation (n.)","To order, command, control.｜命令、控制、支配","And a lot of what we think about in terms of self-discipline, habits, goal-setting, self-control, these are largely dictated by our emotional impulses.",dictate terms; dictate the pace; dictate policy,C2
Diesel,/ˈdisəl/,n. [U],no changes,None,A fuel derived from petroleum (or other oils) but heavier than gasoline/petrol. Used to power diesel engines which burn this fuel using the heat produced when air is compressed.｜柴油：一種從石油或其他油類提煉的燃料，比汽油更重。用於驅動柴油引擎，透過壓縮空氣產生的熱量來燃燒這種燃料。,"The truck runs on diesel rather than gasoline, which makes it cheaper to operate.",diesel engine; diesel fuel; diesel vehicle,C2
Diplomacy,/dɪˈploʊməsi/,n. [U],no changes,"diplomatic (adj.), diplomatist (n.), diplomatical (adj.)",negotiation between nations｜國際間的談判,Months of careful diplomacy were needed before the two countries signed the peace treaty.,real diplomacy; focusing on diplomacy; international diplomacy,C2
Directive,/dɚˈɛktɪv/,n.,"directive, directives","direct (v.), directivity (n.), directiveness (n.)",An instruction or guideline that indicates how to perform an action or reach a goal.｜指示、指令：指明如何執行某項行動或達成目標的說明或準則。,The EU AI Act also relates to existing regulations such as the Copyright Directive and the General Data Protection Regulation.,legal directive; issue a directive; clear directive,C2
Disastrous,/dɪˈzæstɹəs/,adj.,"disastrous, more disastrous, most disastrous",disaster (n.),Of the nature of a disaster; calamitous.｜災難性的；造成災害的,"The storm had a disastrous effect on the coastal villages, destroying hundreds of homes.",disastrous consequences; disastrous flood; disastrous earthquake,C2
Differentiate,/ˌdɪfɚˈɛnʃiˌeɪt/,v.,"differentiate, differentiates, differentiated, differentiated, differentiating","difference (n.), differentiator (n.), differentiation (n.)",To modify so as to create a difference or distinction.｜區分、區別；修改以產生差異或區分。,"Altruism that ultimately serves selfish gains is thus differentiated from selfless altruism, but the general conclusion has been that empathy-induced altruism can be genuinely selfless.",differentiate between; differentiate yourself; clearly differentiate,C2
Disbelief,/ˌdɪsbɪˈlif/,n. [U],no changes,None,"An unpreparedness, unwillingness, or an inability to believe that something is the case.｜不相信、懷疑：對某事未準備、不願或無法相信的心理狀態。","Agnosticism is typically contrasted with belief and disbelief and is understood either as the absence of both or as a distinct mental attitude, such as a settled indecision.",suspend disbelief; express disbelief; disbelief in miracles,C2
Disciple,/dɪˈsaɪpəl/,n.,"disciple, disciples",discipleship (n.),"A person who learns from another, especially one who then teaches others.｜門徒、弟子：向他人學習的人，尤指傳授給他人者。","As a devoted disciple, he recorded every lesson his teacher offered on the subject.",devoted disciple; closest disciple; faithful disciple,C2
Discharge,/dɪˈstʃɑɹdʒ/,v.,"discharge, discharges, discharged, discharged, discharging",None,"To accomplish or complete, as an obligation.｜履行、完成（義務）",The trustee discharged her duty with care and submitted a complete final report.,discharge a duty; discharge an obligation; faithfully discharge,C2
Disclosure,/dɪsˈkloʊʒɚ/,n.,"disclosure, disclosures",disclose (v.),The act of revealing something.｜揭露、揭露的行為,It is important for policymakers to understand which financial policies are effective in increasing climate risk disclosure in corporate reporting.,public disclosure; financial disclosure; full disclosure,C2
Discard,/dɪˈskɑɹd/,v.,"discard, discards, discarded, discarded, discarding",None,"To throw away, to reject.｜丟棄、拋棄",The editor carefully discarded every paragraph that was vague or failed to advance the central argument.,discard old habits; discard the idea; freely discard,C2
Disciplinary,/ˈdɪsəpləˌnɛɹi/,adj.,no changes,discipline (n.),"Having to do with discipline, or with the imposition of discipline.｜紀律的；關於紀律處分的","By examining both cross-domain connections and points of tension, we aim to bridge disciplinary divides and promote more thoughtful integration of psychology into NLP research.",disciplinary action; disciplinary hearing; disciplinary committee,C2
Disgrace,/dɪsˈɡɹeɪs/,n. [U],no changes,None,"The condition of being out of favor; loss of favor, regard, or respect.｜失寵；喪失尊嚴、尊敬或好感的狀態。",It would be a disgrace if such a talented musician were forgotten by history.,national disgrace; utter disgrace; bring disgrace,C2
Disable,/dɪˈseɪbəl/,v.,"disable, disables, disabled, disabled, disabling",disablement (n.),"To render unable; to take away an ability of, as by crippling.｜使喪失能力；透過削弱而剝奪能力。",The administrator disabled the account after detecting repeated unauthorized login attempts.,disable the feature; disable the alarm; disable a system,C2
Discreet,/dɪsˈkɹit/,adj.,"discreet, more discreet, most discreet","discreetly (adv.), discretion (n.)",Respectful of privacy or secrecy; exercising caution in order to avoid causing embarrassment; quiet; diplomatic.｜謹慎的；尊重隱私或秘密的；為避免造成困擾而謹言慎行的；低調的；有外交手腕的。,He was discreet about his sources and never revealed where he had obtained the sensitive documents.,remain discreet; discreet manner; discreet inquiry,C2
Dismay,/dɪˈsmeɪ/,n. [U],no changes,None,A sudden or complete loss of courage and firmness in the face of trouble or danger; overwhelming and disabling terror; a sinking of the spirits｜面對麻煩或危險時勇氣和堅定的突然或完全喪失；壓倒性且令人喪失能力的恐懼；精神消沉。,"To our dismay, the long-awaited train pulled into the station on the wrong platform.",express dismay; fill with dismay; to someone's dismay,C2
Dispensable,/dɪˈspɛnsəbəl/,adj.,no changes,"dispensability (n.), dispensableness (n.)",Able to be done without; easily replaced.｜可省略的；容易被取代的。,"Once the project ended, many of the temporary staff felt easily dispensable.",easily dispensable; considered dispensable; viewed as dispensable,C2
Disposable,/dɪˈspoʊzəbəl/,adj.,no changes,None,That can be disposed of.｜可處置的、可丟棄的。,"Lastly, we look at possible correlation between the values from coefficient of determination and Gini coefficient for disposable income.",disposable income; disposable gloves; disposable camera,C2
Discomfort,/dɪˈskʌmfɚt/,n.,"discomfort, discomforts",None,Mental or bodily distress.｜精神或身體上的不適、痛苦。,"But the truth is, life is full of discomfort, of challenge, of suffering, of heartbreak.",cause discomfort; physical discomfort; express discomfort,C2
Dispense,/dɪˈspɛns/,v.,"dispense, dispenses, dispensed, dispensed, dispensing","dispenser (n.), dispensary (n.), dispensation (n.)","To issue, distribute, or give out.｜發放、分發、給予。",The pharmacist dispensed the medication with clear instructions on how to take it.,dispense advice; dispense medication; dispense justice,C2
Disposal,/dɪˈspoʊzəl/,n. [U],no changes,dispose (v.),"A disposition; an arrangement, categorization, or classification of things.｜配置；安排；分類","Luckily, we have many, many things that are at our disposal to try to study these things.",waste disposal; at one's disposal; proper disposal,C2
Dissent,/dɪˈsɛnt/,n. [U],no changes,"dissension (n.), dissenter (n.)","Disagreement with the ideas, doctrines, decrees, etc. of a political party, government or religion.｜反對；異議（尤指對政黨、政府或宗教的學說、命令等的不同意）","We find hidden dissent to be prevalent and systematically driven by macroeconomic conditions, including inflation and unemployment.",political dissent; suppress dissent; voice dissent,C2
Dispose,/dɪˈspoʊz/,v.,"dispose, disposes, disposed, disposed, disposing","disposal (n.), disposition (n.)",To eliminate or to get rid of something.｜處理；排除；消除,The researchers say their work could also help to avoid the need for expensive waste-management systems to dispose of surface fibres in regions that have a lot of date-palm waste.,dispose of waste; properly dispose; dispose of evidence,C2
Downward,/ˈdaʊnwɚd/,adj.,no changes,None,moving or pointing toward a lower place or level｜向下的；往下移動的,The hikers followed the steep downward path until they reached the quiet valley floor.,downward trend; downward slope; downward pressure,C2
Dormitory,/ˈdɔɹməˌtɔɹi/,n.,"dormitory, dormitories",None,"a building or large room where many students sleep, especially at a school or university｜宿舍（學校或大學的）",Most first-year students live in a shared dormitory on the university campus.,college dormitory; dormitory room; shared dormitory,C2
Downwards,/ˈdaʊnwɚdz/,adv.,no changes,None,"toward a lower place, level, or position｜向下；往下",She glanced downwards at the dark water far below the narrow bridge.,spiral downwards; drift downwards; slope downwards,C2
Disturbance,/dɪˈstɝbəns/,n.,"disturbance, disturbances",disturb (v.),"The act of disturbing, being disturbed.｜干擾；擾亂；打擾",But of course linking these qubits together via entanglement is subject to disturbance from outside.,sleep disturbance; emotional disturbance; cause disturbance,C2
Draught,/ˈdɹæft/,n. [U],no changes,None,a current of cool air moving through a room or other enclosed space｜冷風；穿堂風,A cold draught crept under the door and chilled the whole room.,cold draught; draught of air; draught beer,C2
Diversion,/daɪˈvɝʒən/,n.,"diversion, diversions","divert (v.), diversionary (adj.), diversionist (n.)",A tactic used to draw attention away from the real threat or action.｜轉移注意力的手段；聲東擊西的策略,And this is where we need to take a slight diversion.,pleasant diversion; create a diversion; useful diversion,C2
Distress,/dɪsˈtɹɛs/,n. [U],no changes,None,"Physical or emotional discomfort, suffering, or alarm, particularly of a more acute nature.｜痛苦；苦惱；悲痛（尤指較劇烈的身心不適）","With this derivation, the name obtains a double meaning in the poem: when the hero is functioning rightly, his men bring distress to the enemy, but when wrongly, his men get the grief of war.",in distress; severe distress; distress signal,C2
Divert,/daɪˈvɝt/,v.,"divert, diverts, diverted, diverted, diverting",diversion (n.),To turn aside from a course.｜轉向；轉移,"Cognitive distraction occurs when an individual's attention is diverted from a task, while measurement noise refers to the random variation that can occur in system measurements.",divert attention; divert traffic; divert funds,C2
Distraction,/dɪsˈtɹækʃən/,n.,"distraction, distractions",distract (v.),Something that distracts.｜分心的事物；干擾,"Once he realized that his distraction was endangering his life, he refocused and killed her.",cognitive distraction; eliminate distraction; reducing distraction,C2
Diversify,/daɪˈvɝsəˌfaɪ/,v.,"diversify, diversifies, diversified, diversified, diversifying","diversity (n.), diversification (n.)",make (more) diverse｜使多樣化；使多元化,"By introducing calculated randomness via modeling the route planning process as a two-player zero-sum game, we compute immediately deployable plans that are diversified and harder to anticipate.",diversify investments; diversify skills; actively diversify,C2
Drastic,/ˈdɹæstɪk/,adj.,"drastic, more drastic, most drastic",None,"Having a strong or far-reaching effect; extreme, severe.｜激烈的；猛烈的；極端的","After snowball onset, the global sea ice cover and the buildup of salinity stratification caused drastic weakening in the deep ocean circulation.",drastic changes; drastic escalation; drastic action,C2
Doze,/ˈdoʊz/,v.,"doze, dozes, dozed, dozed, dozing",None,"To sleep lightly or briefly; to nap, snooze.｜打瞌睡；小睡片刻",She began to doze on the sofa while waiting for the children to come home.,doze off; light doze; doze in a chair,C2
Doom,/ˈdum/,n. [U],no changes,None,"Destiny, especially terrible.｜命運（尤指厄運）","The poem ends with a description of Hector's funeral, with the doom of Troy and Achilles himself still to come.",sense of doom; gloom and doom; doom and gloom,C2
Dresser,/ˈdɹɛsɚ/,n.,"dresser, dressers",dress (v.),"A low chest of drawers, typically in a bedroom, often with a mirror attached.｜梳妝台；五斗櫃（臥室用，常附鏡子）",She kept her grandmother's antique wooden dresser in the guest bedroom.,bedroom dresser; antique dresser; dresser drawers,C2
Dividend,/ˈdɪvɪˌdɛnd/,n.,"dividend, dividends",None,"A cash payment of money by a company to its shareholders, usually made periodically (e.g., quarterly or annually).｜股利；股息（公司定期發給股東的現金紅利）",The board approved a 65-cent-per-share dividend beginning in the fourth quarter of 2012.,pay a dividend; dividend yield; quarterly dividend,C2
Dressing,/ˈdɹɛsɪŋ/,n.,"dressing, dressings",dress (v.),"A sauce, especially a cold one used to flavor salads.｜醬汁（尤指冷食用的沙拉調味醬）",A light vinaigrette dressing is healthier than a thick creamy one for the salad.,salad dressing; ranch dressing; prepare the dressing,C2
Dusk,/ˈdʌsk/,n. [U],no changes,dusky (adj.),The time after the sun has set but when the sky is still lit by sunlight; the evening twilight period.｜黃昏；傍晚；薄暮,Traffic tends to increase during the evening rush hour at dusk.,at dusk; before dusk; dusk falls,C2
Eclipse,/ɪˈklɪps/,n.,"eclipse, eclipses",None,"An alignment of astronomical objects whereby one object comes between the observer (or notional observer) and another object, thus obscuring the latter.｜天文現象，一個天體位於觀測者與另一天體之間，遮蔽後者。",Travelers gathered on the hilltop to watch the total eclipse of the sun.,solar eclipse; total eclipse; eclipse the sun,C2
Dubious,/ˈdubiəs/,adj.,"dubious, more dubious, most dubious","dubiety (n.), dubiousness (n.)",Arousing doubt; questionable; open to suspicion.｜令人懷疑的；可疑的,"The investors were dubious about the start-up's financial projections, which seemed far too optimistic.",dubious claim; dubious reputation; dubious quality,C2
Dwarf,/ˈdwɔɹf/,n.,"dwarf, dwarves",None,"a mythical being or a person, organism, or astronomical object that is much smaller than usual｜神話中的生物，或遠比一般為小的生物、人或天體",Now there's a proper source of brown dwarf misinformation online.,white dwarf; brown dwarf; dwarf star,C2
Emigrant,/ˈɛməɡɹənt/,n.,"emigrant, emigrants",emigrate (v.),Someone who leaves a country to settle in a new country.｜離開祖國移居新國家的人,"Between 1900 and 1940, only 35,000 Portuguese emigrants settled in Angola, and most worked in commerce in the cities, facilitating trade with Portugal.",poor emigrant; returning emigrant; emigrant family,C2
Dwelling,/ˈdwɛlɪŋ/,n.,"dwelling, dwellings",dwell (v.),"A house or place in which a person lives; a habitation, a home.｜居住的房屋或場所；住處","Similarly, others relate the island's name to its white cliffs, snakes or birds dwelling there.",permanent dwelling; humble dwelling; dwelling place,C2
Dual,/ˈduəl/,adj.,no changes,duality (n.),consisting of or having two parts or aspects｜由兩部分或兩方面組成的,She holds dual citizenship and can travel freely between the two countries.,dual mandate; dual process; dual use,C2
Duration,/ˈdʊˈɹeɪʃən/,n. [U],no changes,None,the period of time during which something continues｜某事持續的時間,"Achilles relents and promises a truce for the duration of the funeral, lasting 9 days with a burial on the 10th (in the tradition of Niobe's offspring).",full duration; session duration; for the duration,C2
Dwell,/ˈdwɛl/,v.,"dwell, dwells, dwelt, dwelt, dwelling","dweller (n.), dwelling (n.)",To live; to reside.｜居住,Many rare birds dwell in the dense forests of the remote mountain region.,dwell on the past; dwell too long; dwell in peace,C2
Eccentric,/ɪˈksɛntɹɪk/,adj.,"eccentric, more eccentric, most eccentric",eccentricity (n.),Not at or in the centre; away from the centre.｜不在中心的；偏離中心的,Their eccentric neighbor painted every fence in the street a different bright color.,somewhat eccentric; eccentric personality; eccentric behavior,C2
Edible,/ˈɛdəbəl/,adj.,"edible, more edible, most edible","edibility (n.), edibleness (n.)",suitable for use as food｜可食用的,"That work focused on agave populations rather than mezcal bottles, but it reinforces the same broader issue: the market for edible agave larvae can affect both the insect and the plant it depends on.",edible plant; barely edible; edible mushroom,C2
Electrician,/ɪlɛkˈtɹɪʃən/,n.,"electrician, electricians",None,a person who installs or repairs electrical or telephone lines｜安裝或維修電線或電話線的人,We called an electrician to fix the broken light fixture in the kitchen.,licensed electrician; hire an electrician; master electrician,C2
Editorial,/ˌɛdəˈtɔɹiəl/,n.,"editorial, editorials","editor (n.), editorialist (n.), editorialize (v.)",an article giving opinions or perspectives｜表達意見或觀點的文章,The newspaper published an editorial urging the council to improve public transport.,newspaper editorial; publish an editorial; editorial opinion,C2
Emigration,/ˌɛməˈɡɹeɪʃən/,n. [U],no changes,emigrate (v.),"The act of emigrating; movement of a person or persons out of a country or national region, for the purpose of permanent relocation of residence.｜移民的行為；為永久移居而離開祖國或原居住地的行為",There’s lots of emigration because there are no jobs.,mass emigration; emigration wave; emigration patterns,C2
Emigrate,/ˈɛməˌɡɹeɪt/,v.,"emigrate, emigrates, emigrated, emigrated, emigrating","emigrant (n.), emigration (n.)",leave one's country of residence for a new one｜離開祖國移居他國,"After the war, many families decided to emigrate to Canada in search of safety.",emigrate to Canada; emigrate from Ireland; emigrate permanently,C2
Encyclopedia,/ɪˌnsaɪkləˈpidiə/,n.,"encyclopedia, encyclopedias",None,"a reference work with articles on many topics, usually arranged alphabetically｜包含多個主題文章的參考書籍，通常按字母順序排列",She consulted an encyclopedia to verify the historical background of the discovery.,online encyclopedia; consult an encyclopedia; encyclopedia article,C2
Endowment,/ɛˈndaʊmənt/,n.,"endowment, endowments",endow (v.),Something with which a person or thing is endowed.｜賦予人或事物的天賦或資助,It can also be caused by a country's structural characteristics such as income status and natural resource endowments as well as its political economy.,educational endowment; endowment fund; endowment for the arts,C2
Endurance,/ˈɛndɚəns/,n. [U],no changes,endure (v.),The measure of a person's stamina or persistence.｜衡量一個人耐力或持久力的標準,Months of careful training gradually built the endurance she needed to finish the marathon.,physical endurance; endurance training; test endurance,C2
Enlighten,/ɛˈnlaɪtən/,v.,"enlighten, enlightens, enlightened, enlightened, enlightening",enlightenment (n.),to give someone greater knowledge or understanding; to inform or clarify｜給予某人更多的知識或理解；通知或澄清,The lecture enlightened students about the causes of the conflict.,enlighten the mind; enlighten the public; truly enlighten,C2
Enlightenment,/ɛˈnlaɪtənmənt/,n. [U],no changes,enlighten (v.),"An act of enlightening, or the state of being enlightened or instructed.｜啟蒙的行為或被啟蒙、被指導的狀態","He spent years in quiet meditation, hoping to reach a deeper sense of enlightenment.",path to enlightenment; spiritual enlightenment; intellectual enlightenment,C2
Endeavor,/ɪˈndɛvɚ/,n.,"endeavor, endeavors",None,A sincere attempt; a determined or assiduous effort towards a specific goal; assiduous or persistent activity.｜真誠的嘗試；為實現特定目標而付出堅定或勤勉的努力；勤勉或持續的活動,Building the bridge was a remarkable engineering endeavor that took six years to complete.,noble endeavor; joint endeavor; artistic endeavor,C2
Enrollment,/ɛˈnɹoʊlmənt/,n. [U],no changes,enroll (v.),The act of enrolling or the state of being enrolled.｜登記或註冊的行為，或已被登記的狀態,The university reported a steady increase in enrollment after expanding its scholarship program.,school enrollment; university enrollment; increase enrollment,C2
Elevate,/ˈɛləˌveɪt/,v.,"elevate, elevates, elevated, elevated, elevating","elevator (n.), elevation (n.)",To raise (something) to a higher position.｜將（某物）提升至更高的位置,The promotion elevated her to the position of senior director within the company.,elevate the status; elevate performance; elevate the mood,C2
Enhancement,/ɛˈnhænsmənt/,n. [U],no changes,enhance (v.),"an improvement or addition that increases the quality, value, effectiveness, or performance of something｜提高某事物的品質、價值、效力或表現的改進或附加物",Regular aerobic exercise is known to produce measurable cognitive enhancement in adults of all ages.,performance enhancement; cognitive enhancement; image enhancement,C2
Enrichment,/ɛˈnɹɪtʃmənt/,n. [U],no changes,enrich (v.),The act of enriching or something enriched.｜充實的行為或已被充實之物,"However, corruption and graft also increased and public resources were either allocated inefficiently or simply embezzled by officials for personal enrichment.",uranium enrichment; enrichment program; cultural enrichment,C2
Equalize,/ˈikwəˌlaɪz/,v.,"equalize, equalizes, equalized, equalized, equalizing","equalizer (n.), equalization (n.)",To make equal; to cause to correspond in amount or degree.｜使相等；使在數量或程度上對應,"Through a game theory analysis approach, this paper provides evidence of the need for a third party to equalize markets and foster trust in organic supply chains.",equalize opportunity; equalize the score; equalize income,C2
Enhance,/ɛˈnhæns/,v.,"enhance, enhances, enhanced, enhanced, enhancing",enhancement (n.),"to improve the quality, value, or attractiveness of something.｜改善事物的品質、價值或吸引力",Adding fresh herbs can greatly enhance the flavor of a simple soup.,enhance the quality; greatly enhance; enhance performance,C2
Enroll,/ɛˈnɹoʊl/,v.,"enroll, enrolls, enrolled, enrolled, enrolling","enrollee (n.), enrollment (n.)","To enter (a name, etc.) in a register, roll or list｜將（姓名等）登錄於登記簿、名冊或清單中","Fifty-one older adults enrolled in the Developmental Epidemiologic Cohort Study in Pittsburgh, Pennsylvania were included in the analyses.",enroll in school; enroll a student; enroll online,C2
Esteem,/əˈstim/,n.,"esteem, esteems",esteemed (v.),"Assessment, estimation, or regard; especially; favourable estimation or regard.｜評估、估計或看法；尤指良好的評價或尊重",Her colleagues hold her in high esteem for both her honesty and her patience.,hold in high esteem; professional esteem; mutual esteem,C2
Equate,/ɪˈkweɪt/,v.,"equate, equates, equated, equated, equating","equal (n.), equator (n.), equating (n.), equation (n.)",To consider equal or equivalent (to or with).｜視為相等或等同（於）,We report an exhaustive analysis of fitness landscapes constructed with an off-lattice model of protein folding where fitness is equated with robustness to misfolding.,equate success with; equate to failure; equate with quality,C2
Examinee,/ɪˈɡzæməni/,n.,"examinee, examinees",examine (v.),someone who is tested (as by an intelligence test or an academic examination)｜接受測試者（如智力測驗或學術考試）,Each examinee was given two hours to complete the difficult written test.,nervous examinee; successful examinee; examinee number,C2
Escort,/ɛˈskɔɹt/,v.,"escort, escorts, escorted, escorted, escorting",None,"to accompany or guide someone, especially for protection or security｜陪伴或引導某人，尤指出於保護或安全",Two officers were assigned to escort the foreign dignitary from the airport to the government building.,escort a visitor; escort to safety; police escort someone,C2
Eternity,/ɪˈtɝnəti/,n.,"eternity, eternities",eternal (adj.),"Existence without end, infinite time.｜無盡的存在，無限的時間","Standing at the edge of the canyon, he felt as if he had been there for an eternity.",for eternity; seemed like eternity; an eternity passed,C2
Enrich,/ɛˈnɹɪtʃ/,v.,"enrich, enriches, enriched, enriched, enriching",enrichment (n.),To enhance.｜充實,"When subsequently harvested, the enriched algae can be used as fertilizer.",enrich lives; enrich the soil; enrich the curriculum,C2
Evacuate,/ɪˈvækjəˌeɪt/,v.,"evacuate, evacuates, evacuated, evacuated, evacuating",evacuation (n.),To leave or withdraw from; to quit; to retire from.｜離開或撤出；退出；隱退,Residents were ordered to evacuate the area before the hurricane made landfall.,evacuate the building; evacuate residents; evacuate immediately,C2
Evergreen,/ˈɛvɚˌɡɹin/,n.,"evergreen, evergreens",None,A shrub or tree that does not shed its leaves or needles seasonally.｜不落葉或針葉的灌木或樹,The garden was dominated by evergreen shrubs that retained their deep colour throughout the coldest months.,evergreen content; evergreen plant; classic evergreen,C2
Excess,/ˈɛˌksɛs/,n.,"excess, excesses",None,"The state of surpassing or going beyond a limit; the state of being beyond sufficiency, necessity, or duty; more than what is usual or proper.｜超越或超過限度的狀態；超出必要性、需求或責任的狀態；超過平常或適當的程度",The Academy enforces rules to limit overt campaigning by its members to try to eliminate excesses and prevent the process from becoming undignified.,in excess; excess weight; excess demand,C2
Examiner,/ɪˈɡzæmənɚ/,n.,"examiner, examiners",examine (v.),A person who investigates someone or something.｜調查某人或某事物的人,"The device integrates synchronized stimulus delivery and event detection within a compact microcontroller-based system, eliminating the need for user focus or examiner supervision.",medical examiner; chief examiner; board examiner,C2
Excerpt,/ˈɛksɚpt/,n.,"excerpt, excerpts",None,"A clip, snippet, passage or extract from a larger work such as a news article, a film, or a literary composition.｜從較大作品中截取的片段、短文或節選，如新聞文章、電影或文學作品",The magazine printed a short excerpt from the new novel by the prize-winning author.,brief excerpt; read an excerpt; film excerpt,C2
Evoke,/ɪˈvoʊk/,v.,"evoke, evokes, evoked, evoked, evoking","evocative (adj.), evocation (n.)",To call out; to draw out or bring forth.｜召喚；引出或喚起,The old photographs evoke fond memories of summers spent at the seaside.,evoke memories; evoke emotions; evoke the past,C2
Exclusion,/ɪksˈkluʒən/,n.,"exclusion, exclusions",exclude (v.),The act of excluding or shutting out; removal from consideration or taking part.｜排除或排斥的行為；從考量或參與中移除,The assumption of relevance is reasonably well satisfied but the assumptions of independence and exclusion are only partially satisfied.,common exclusion; moral exclusion; exclusion zones,C2
Exempt,/ɪˈɡzɛmpt/,adj.,no changes,exemption (n.),"Free from a duty, obligation, rule, law, etc.｜免於義務、責任、規則、法律等的","Therefore, they were exempt from IRB review.",tax-exempt; exempt from duty; legally exempt,C2
Eyelash,/ˈaɪˌlæʃ/,n.,"eyelash, eyelashes",None,any of the short curved hairs that grow from the edges of the eyelids｜睫毛,It's one of those rare tracks that feels like it can play for an eternity without anyone batting an eyelash.,long eyelashes; false eyelashes; bat an eyelash,C2
Eyesight,/ˈaɪˌsaɪt/,n. [U],no changes,None,normal use of the faculty of vision｜視力；視覺,Changes in eyesight are one of the most common signs of aging.,poor eyesight; failing eyesight; good eyesight,C2
Excel,/ɪˈksɛl/,v.,"excel, excels, excelled, excelled, excelling","excellent (adj.), excellence (n.)",To surpass someone or something; to be better or do better than someone or something.｜勝過；超越,"Rather, they were merely sophists who, excelling in the art of beguiling the public, pursued their own selfish interests (such as professional advancement within the university system).",excel at work; excel in school; excel academically,C2
Expiration,/ˌɛkspɚˈeɪʃən/,n.,"expiration, expirations",expire (v.),"An act, process, or instance of expiring.｜期滿；屆滿；終止",Please check the expiration date on the medication before administering it to the patient.,expiration date; contract expiration; upon expiration,C2
Expenditure,/ɪkˈspɛndətʃɚ/,n.,"expenditure, expenditures",expend (v.),Act of expending or paying out.｜支出；花費,The study examines how government expenditure affects macroeconomic stability.,public expenditure; capital expenditure; reduce expenditure,C2
Exert,/ɪˈɡzɝt/,v.,"exert, exerts, exerted, exerted, exerting",exertion (n.),"To make use of, to apply, especially of something non-material; to bring to bear.｜運用；施加",She exerted steady pressure on the wound until the bleeding finally slowed.,exert pressure; exert influence; exert control,C2
Expire,/ɪkˈspaɪɹ/,v.,"expire, expires, expired, expired, expiring","expiration (n.), expiratory (adj.)","To come to an end or cease to be valid; to die, especially formally or poetically.｜期滿；失效；死亡","But no agreement has been reached, and the previous contract expired in June last year.",contract expires; passport expires; expire soon,C2
Extracurricular,/ˌɛkstɹəkɚˈɪkjəlɚ/,adj.,no changes,None,outside the regular academic curriculum｜課外的,Drama club is the most popular extracurricular activity at the high school.,extracurricular activity; extracurricular involvement; join an extracurricular activity,C2
Eyelid,/ˈaɪˌlɪd/,n.,"eyelid, eyelids",None,A thin skin membrane that covers and moves over an eye.｜眼皮；眼瞼,They went off and they conquered things and they came back with their booty and their loot and they didn't bat an eyelid.,upper eyelid; swollen eyelids; close one's eyelids,C2
