word,ipa,pos,inflections,derivatives,definition,example,collocations,context_type
Pharmacy,/ˈfɑɹməsi/,n.,"pharmacy, pharmacies","pharmacist (n.), pharmaceutic (adj.), pharmaceutical (adj.)",A shop where medicines are prepared and sold.｜配製並出售藥物的商店,She collected her medicine from the pharmacy near the train station.,local pharmacy; hospital pharmacy; online pharmacy,C2
Persistence,/pɚˈsɪstəns/,n. [U],no changes,"persist (v.), persistent (adj.)",The property of being persistent.｜持續存在的特性,"Consequently, we deduce that across different macroeconomic states the nature and maturity of borrowing influence the persistence and endurance of the relation between determinants and borrowing.",sheer persistence; persistence pays off; persistence in the face of adversity,C2
Plague,/ˈpleɪɡ/,n.,"plague, plagues","plaguy (adj.), plaguey (adj.)","The bubonic plague, the pestilent disease caused by the virulent bacterium Yersinia pestis.｜腺鼠疫，由劇毒细菌耶爾森氏菌引起的傳染病","For example, Homer in ""The Iliad"" in the first book talks about a plague sweeping through the Mycenaean troops that are besieging Troy.",modern plague; great plague; bring plague,C2
Persistent,/pɚˈsɪstənt/,adj.,"persistent, more persistent, most persistent","persist (v.), persistence (n.), persistency (n.)",Obstinately refusing to give up or let go.｜頑固地拒絕放棄或放手,Her persistent cough finally convinced her to make an appointment with the doctor.,persistent myth; persistent issues; persistent infection,C2
Plantation,/ˌplæˈnteɪʃən/,n.,"plantation, plantations",None,A large farm; estate or area of land designated for agricultural growth. Often includes housing for the owner and workers.｜大型農場；用於農業種植的土地或莊園，常包括所有者和工人的住房,These plantations produced far more than the surrounding farms.,sugar plantation; rubber plantation; coffee plantation,C2
Pneumonia,/nuˈmoʊnjə/,n. [U],no changes,pneumonic (adj.),respiratory disease characterized by inflammation of the lung parenchyma (excluding the bronchi) with congestion caused by viruses or bacteria or irritants｜由病毒、細菌或刺激物引起的肺實質發炎的呼吸道疾病（不包括支氣管）,"Unfortunately, the cold seeped through Bacon’s own body, and within weeks pneumonia claimed him.",bacterial pneumonia; pneumonia treatment; develop pneumonia,C2
Playwright,/ˈpleɪˌɹaɪt/,n.,"playwright, playwrights",None,someone who writes plays｜編寫劇本的人,The young playwright spent three years revising her first full-length drama before it was staged.,incredible playwright; female playwright; successful playwright,C2
Pinch,/ˈpɪntʃ/,v.,"pinch, pinches, pinched, pinched, pinching",None,squeeze tightly between the fingers｜用手指用力捏,"It can be an assault to ""tap"", ""pinch"", ""push"", or direct another such minor action toward another, but an accidental application of force is not an assault.",pinch the skin; pinch someone's arm; pinch tightly,C2
Plow,/ˈplaʊ/,v.,"plow, plows, plowed, plowed, plowing","plower (n.), plowing (n.)",to break and turn over earth especially with a plow｜翻土，尤其用犁翻耕,In autumn the farmers returned to the fields to plow the soil before the first frost.,plow through; plow up; plow through regulations,C2
Poultry,/ˈpoʊltɹi/,n. [U],no changes,None,a domesticated gallinaceous bird thought to be descended from the red jungle fowl｜被認為源自紅原雞的家養雉類鳥,"Most of the Algerian dishes are centred around bread, meats (lamb, beef or poultry), olive oil, vegetables, and fresh herbs.",raise poultry; fresh poultry; poultry farm,C2
Pony,/ˈpoʊni/,n.,"pony, ponies",None,"a small horse, especially one of a breed defined by short stature｜小型馬，尤指矮種馬",The child learned to ride a pony at the local stable.,ride a pony; small pony; pony trek,C2
Precedent,/ˈpɹɛsɪdənt/,n.,"precedent, precedents","precedence (n.), precedented (adj.)",An act in the past which may be used as an example to help decide the outcome of similar instances in the future.｜過去的行為，可作為先例來幫助決定未來類似情況的結果,But they didn't have a lot of other resources or precedent for what they were doing.,set a precedent; legal precedent; without precedent,C2
Ponder,/ˈpɑndɚ/,v.,"ponder, ponders, pondered, pondered, pondering",ponderer (n.),"To wonder, think of deeply.｜深思、沉思",We’re pondering implementing further CoT generation regimes.,ponder life; ponder secrets; ponder success,C2
Polar,/ˈpoʊlɚ/,adj.,"polar, more polar, most polar",polarity (n.),Of or relating to the North or South Pole or the regions around them; extremely cold.｜北極或南極或其周圍地區的；極冷的,The expedition studied how polar ice sheets are slowly shrinking each year.,polar head; polar plunge; polar opposite,C2
Populate,/ˈpɑpjəˌleɪt/,v.,"populate, populates, populated, populated, populating",population (n.),To supply with inhabitants; to people.｜居住於；使…有居民,"It generates selection pressure toward sparsely populated fitness regions, not necessarily toward higher fitness, as is the case for all other selection schemes.",populate database; populate area; populate graph,C2
Porter,/ˈpɔɹtɚ/,n.,"porter, porters","port (v.), porterage (n.)",A person who carries luggage and related objects.｜行李搬運工,The hotel porter carried our luggage from the lobby to the room.,hotel porter; baggage porter; railway porter,C2
Preach,/ˈpɹitʃ/,v.,"preach, preaches, preached, preached, preaching","preacher (n.), preaching (n.), preachment (n.)",To give a sermon.｜佈道、講道,"In Basra, religious sects preached against the state.",preach the gospel; preach to the choir; preach against violence,C2
Posture,/ˈpɑstʃɚ/,n.,"posture, postures",postural (adj.),The way a person holds and positions their body.｜姿勢、姿態,An aggressive posture involved raising the body off the ground and glaring at the opponent who often turned away submissively.,unique posture; maintain posture; good posture,C2
Predecessor,/ˈpɹɛdəˌsɛsɚ/,n.,"predecessor, predecessors",None,"A person who previously held a position, role, or office now held by someone else.｜前任者、前輩","I looked at what my predecessors had suggested and thought that there was merit to almost every one of them, but not on their own.",immediate predecessor; predecessor to; political predecessor,C2
Prehistoric,/ˌpɹihɪˈstɔɹɪk/,adj.,no changes,prehistory (n.),belonging to or existing in times before recorded history｜史前的,"Southern Africa is famous for its rich record of prehistoric life, including dinosaurs.",prehistoric Europe; prehistoric humans; prehistoric cave,C2
Preside,/pɹɪˈzaɪd/,v.,"preside, presides, presided, presided, presiding",president (n.),To be in charge of a meeting or event.｜主持（會議或活動）,The judge will preside over the trial in the main courtroom.,preside over a meeting; preside at a ceremony; preside over a trial,C2
Potent,/ˈpoʊtənt/,adj.,"potent, more potent, most potent",potency (n.),Powerful; possessing power; effective.｜有效的；有力的；強效的,The new medicine proved far more potent than anything previously available to patients.,incredibly potent; potent effects; potent force,C2
Premiere,/pɹɛˈmɪɹ/,n.,"premiere, premieres",None,"The first showing of a film, play or other form of entertainment, often held as a special event with celebrity guests.｜首映；首演",Crowds gathered outside the theatre hours before the premiere of the new film.,film premiere; world premiere; premiere of a play,C2
Precede,/pɹɪˈsid/,v.,"precede, precedes, preceded, preceded, preceding","precedent (adj.), precedence (n.), precedency (n.), precession (n.)","To go before, go in front of.｜在…之前；先於",A period of intense anxiety often precedes major life decisions such as changing careers or relocating.,precede the event; directly precede; precede any action,C2
Preventive,/pɹɪˈvɛntɪv/,adj.,"preventive, more preventive, most preventive",prevent (v.),preventing or contributing to the prevention of disease｜預防的；預防性的,"Equipped with inertial sensors, such devices can capture movement for fitness technology, enabling preventive healthcare applications.",preventive approaches; preventive care; preventive measures,C2
Prestige,/pɹɛˈstiʒ/,n. [U],no changes,prestigious (adj.),"The quality of how good the reputation of something or someone is, how favourably something or someone is regarded.｜聲望；名望",She accepted the position mainly for the prestige it would bring to her family.,academic prestige; international prestige; enhance prestige,C2
Privatize,/ˈpɹɪvəˌtaɪz/,v.,"privatize, privatizes, privatized, privatized, privatizing",privatization (n.),change from governmental to private control or ownership｜民營化；私營化,The new government moved quickly to privatize several major state-owned industries.,privatize healthcare; privatize state assets; fully privatize,C2
Precision,/pɹiˈsɪʒən/,n. [U],no changes,None,"The state of being precise or exact; especially, both exact and accurate.｜精確；精準",The surgeon worked with remarkable precision throughout the delicate operation.,precision weapons; precision strikes; high precision,C2
Prohibition,/ˌpɹoʊəˈbɪʃən/,n.,"prohibition, prohibitions","prohibit (v.), prohibitionist (n.)","An act of prohibiting, forbidding, disallowing, or proscribing something.｜禁止；禁令","For example, religious teachings may prohibit theft and murder, but laws provide a system of justice for those who violate these prohibitions.",gun prohibition; complete prohibition; impose a prohibition,C2
Priceless,/ˈpɹaɪsləs/,adj.,no changes,pricelessness (n.),extremely valuable or precious; too valuable to be measured in money｜無價的；極珍貴的,"For one priceless moment in the whole history of man, all the people on this Earth are truly one: one in their pride in what you have done, and one in our prayers that you will return safely to Earth.",priceless diamond; priceless ring; priceless collection,C2
Procession,/pɹəˈsɛʃən/,n.,"procession, processions",proceed (v.),a group of people or vehicles moving forward in an organized way｜行列；隊伍,A Roman triumph or a triumphal procession was awarded to a super successful Roman general.,triumphal procession; funeral procession; march in procession,C2
Proficiency,/pɹəˈfɪʃənsi/,n. [U],no changes,proficient (adj.),"Ability, skill, competence.｜熟練；精通",Applicants must demonstrate proficiency in written and spoken English.,demonstrate proficiency; proficiency in English; professional proficiency,C2
Propel,/pɹəˈpɛl/,v.,"propel, propels, propelled, propelled, propelling","propeller (n.), propellor (n.), propellant (adj.), propellent (adj.), propulsion (n.), propulsive (adj.)",To provide an impetus for motion or physical action; to cause to move in a certain direction; to drive or push forward.｜推動或促使（某物）運動；使朝某方向前進；驅動或推進,"Large-scale training has propelled significant progress in several fields of AI, including computer vision and natural language processing.",help propel; propel progress; propel development,C2
Preview,/ˈpɹiˌvju/,n.,"preview, previews",None,An experience of something in advance.｜預先觀看或體驗；預覽,It is in the process of restoring the video footage and has released a preview of key moments.,film preview; public preview; preview of the results,C2
Prose,/ˈpɹoʊz/,n.,"prose, proses",prosaic (adj.),ordinary writing as distinguished from verse｜散文（與詩歌相對的普通寫作形式）,"However, most of them are based on texts in prose, lacking applications that work with poetry texts.",prose dialogue; tight prose; spare prose,C2
Prospective,/pɹəˈspɛktɪv/,adj.,"prospective, more prospective, most prospective",None,Likely or expected to happen or become.｜預期的；未來的；可能成為的,"Because spectrum is scarce, cognitive radio is a prospective solution for using underutilized frequencies efficiently.",prospective solution; prospective study; prospective buyers,C2
Proverb,/ˈpɹɑvɚb/,n.,"proverb, proverbs",proverbial (adj.),A commonly used sentence expressing popular wisdom.｜諺語；格言,"It appears in everyday greetings, oral poetry, proverbs, folk narratives, and expressions whose meanings cannot be inferred through literal translation alone.",ancient proverb; common proverb; quote a proverb,C2
Psychiatry,/saɪˈkaɪətɹi/,n. [U],no changes,"psychiatric (adj.), psychiatrist (n.), psychiatrical (adj.)",The medical study and treatment of mental illness.｜精神醫學；精神病學,He decided to study psychiatry to help people with mental illness.,study psychiatry; child psychiatry; field of psychiatry,C2
Psychotherapy,/ˌsaɪkoʊˈθɛɹəpi/,n. [U],no changes,"psychotherapist (n.), psychotherapeutic (adj.)",the branch of psychiatry concerned with psychological methods｜精神治療；心理治療,"But they're different because while you're having those experiences, it's hard to do psychotherapy.",undergo psychotherapy; intensive psychotherapy; group psychotherapy,C2
Provincial,/pɹəˈvɪnʃəl/,adj.,"provincial, more provincial, most provincial",province (n.),Of or pertaining to a province.｜省的；省級的,The provincial government announced a new infrastructure project to connect remote rural communities.,provincial government; provincial governors; provincial capital,C2
Psychic,/ˈsaɪkɪk/,n.,"psychic, psychics",psyche (n.),"A person who possesses, or appears to possess, extra-sensory abilities such as precognition, clairvoyance, and telepathy, or who appears to be susceptible to paranormal or supernatural influences.｜有超感官能力的人；靈媒；通靈者",The psychic claimed to know details about the missing person's whereabouts.,consult a psychic; alleged psychic; professional psychic,C2
Provisional,/pɹəˈvɪʒənəl/,adj.,"provisional, more provisional, most provisional",provisionally (adv.),"Temporary, but with the intention of eventually becoming permanent or being replaced by a permanent equivalent.｜暫時的；臨時的（最終可能成為永久性的）",The researchers reported provisional estimates of the models' critical values.,provisional government; provisional estimates; provisional name,C2
Prosecute,/ˈpɹɑsəˌkjut/,v.,"prosecute, prosecutes, prosecuted, prosecuted, prosecuting","prosecution (n.), prosecutor (n.), prosecutorial (adj.)",To start criminal proceedings against.｜起訴；控告,False alchemists were sometimes prosecuted for fraud when their promises of transmuting base metals into gold proved fraudulent.,aggressively prosecute; prosecute crime; prosecute individuals,C2
Probe,/ˈpɹoʊb/,v.,"probe, probes, probed, probed, probing",None,"To explore, investigate, question, test, or prove.｜探索；調查；探究",Investigators continued to probe the cause of the fire for several weeks.,probe points; probe mechanisms; probe understanding,C2
Publicize,/ˈpʌblɪˌsaɪz/,v.,"publicize, publicizes, publicized, publicized, publicizing","publicist (n.), publicizer (n.), publicizing (n.)","to make information, an event, or a product known to the public｜公開；宣傳；推廣",The company spent a lot of money to publicize its new product.,publicize a campaign; publicize the results; widely publicize,C2
Puff,/ˈpʌf/,v.,"puff, puffs, puffed, puffed, puffing","puffy (adj.), puffer (n.), puffing (n.)","To emit smoke, gas, etc., in puffs.｜噴出；冒出（煙、氣等）",The old engine puffed smoke as it climbed the steep hill.,puff smoke; puff on a pipe; puff away,C2
Prototype,/ˈpɹoʊtəˌtaɪp/,n.,"prototype, prototypes","prototypal (adj.), prototypic (adj.), prototypical (adj.)","An original form or object which is a basis for other forms or objects (particularly manufactured items), or for its generalizations and models.｜原型；樣本",The team built a working prototype of the device before investing in mass production.,early prototype; simple prototype; first prototype,C2
Punctual,/ˈpʌŋktʃuəl/,adj.,"punctual, more punctual, most punctual",punctuality (n.),acting or arriving or performed exactly at the time appointed｜準時的；守時的,Poirot was extremely punctual and carried a pocket watch throughout his career.,strictly punctual; always punctual; punctual arrival,C2
Quake,/ˈkweɪk/,v.,"quake, quakes, quaked, quaked, quaking",quaker (n.),To tremble or shake.｜震動；顫抖,The ground began to quake as the earthquake approached the town.,quake with fear; quake violently; begin to quake,C2
Purify,/ˈpjʊɹəˌfaɪ/,v.,"purify, purifies, purified, purified, purifying","purity (n.), purifier (n.), purification (n.)","To cleanse, or rid of impurities.｜淨化；提純",The river water was chemically treated to purify it before being distributed to homes in the region.,purify the soul; purify water; purify the body,C2
Purity,/ˈpjʊɹəti/,n. [U],no changes,purify (v.),The state or degree of being pure.｜純淨；純度,Purity was assessed by SDS–PAGE followed by Coomassie blue staining.,high purity; purity of doctrine; apostolic purity,C2
Radiate,/ˈɹeɪdiət/,v.,"radiate, radiates, radiated, radiated, radiating","radiant (adj.), radiance (n.), radiancy (n.), radiator (n.), radiation (n.)","To send out light, heat, or energy from a center.｜輻射；發散",The warm fireplace seemed to radiate heat across the whole room.,radiate heat; radiate warmth; radiate energy,C2
Qualification,/ˌkwɑləfəˈkeɪʃən/,n.,"qualification, qualifications",qualify (v.),"The act or process of qualifying for a position, achievement etc.｜取得職位、成就等的行為或過程",She lacked the formal qualification required for the senior position but had years of relevant experience.,academic qualification; professional qualification; formal qualification,C2
Radiant,/ˈɹeɪdiənt/,adj.,"radiant, more radiant, most radiant","radiate (v.), radiance (n.), radiancy (n.)",Radiating light and/or heat.｜發光或發熱的,"After months of recovery, she returned to work looking radiant and full of energy.",radiant smile; radiant light; radiant energy,C2
Radish,/ˈɹædɪʃ/,n.,"radish, radishes",None,pungent fleshy edible root｜辛辣的可食用肉質根,"This is usually filled with dried radish, garlic chives, ground pork, dried shrimp, shiitake mushrooms and peanuts.",radish soup; daikon radish; grated radish,C2
Radioactive,/ˌɹeɪdioʊˈæktɪv/,adj.,no changes,radioactivity (n.),Exhibiting radioactivity.｜具有放射性的,The region is still uninhabitable because tonnes of radioactive waste remain buried underground.,radioactive isotopes; radioactive waste; radioactive materials,C2
Rap,/ˈɹæp/,v.,"rap, raps, rapped, rapped, rapping",None,To strike something sharply with one's knuckles; knock.｜用指關節用力敲打某物；敲擊,She rapped sharply on the door with her knuckles.,rap on the door; rap sharply; rap one's knuckles,C2
Radius,/ˈɹeɪdiəs/,n.,"radius, radiuses",radial (adj.),A straight line from the centre of a circle to its edge; the length of this line.｜從圓心到圓周的直線；此線段的長度,The police searched every property within a ten-mile radius of the crime scene.,radius of curvature; within a radius; turning radius,C2
Rash,/ˈɹæʃ/,adj.,"rash, more rash, most rash",rashness (n.),Acting too quickly without considering the consequences and risks; not careful; hasty.｜行事過快而不考慮後果和風險；不謹慎；草率,"According to Plutarch, Alexander also had a violent temper and rash, impulsive nature, which could influence his decision making.",rash action; rash decision; rash response,C2
Ratify,/ˈɹætəˌfaɪ/,v.,"ratify, ratifies, ratified, ratified, ratifying","ratifier (n.), ratification (n.)","To give formal consent to; make officially valid, sign off on.｜正式同意；使正式生效；批准",The Senate voted overwhelmingly to ratify the new international treaty on climate change.,ratify treaty; ratify protocol; never ratify,C2
Reef,/ˈɹif/,n.,"reef, reefs",reefy (adj.),A line of rocks or coral near the surface of the sea.｜靠近海面的岩石或珊瑚線,Colourful fish swam slowly around the bright coral reef.,coral reef; barrier reef; rocky reef,C2
Reap,/ˈɹip/,v.,"reap, reaps, reaped, reaped, reaping",reaper (n.),"To cut (for example a grain) with a sickle, scythe, or reaping machine.｜用鐮刀、長柄大鐮刀或收割機切割（如穀物）","After years of patient work, she began to reap the rewards of her careful investments.",reap benefits; reap rewards; reap consequences,C2
Reckon,/ˈɹɛkən/,v.,"reckon, reckons, reckoned, reckoned, reckoning","reckoner (n.), reckoning (n.)","to calculate, estimate, or consider something likely｜計算、估計或認為某事物可能",It was so common that I'd reckon 90 per cent of the horses had arsenic in their system.,reckon the cost; reckon that; generally reckon,C2
Referee,/ˌɹɛfɚˈi/,n.,"referee, referees","refer (v.), refereeing (n.)",(sports) the chief official (as in boxing or American football) who is expected to ensure fair play｜（體育）主要裁判員（如拳擊或美式足球），負責確保公平競賽,The referee stopped the match after the player was injured.,football referee; ask the referee; referee's decision,C2
Reconcile,/ˈɹɛkəˌnsaɪl/,v.,"reconcile, reconciles, reconciled, reconciled, reconciling",reconciliation (n.),To restore a friendly relationship; to bring back or return to harmony.｜恢復友好關係；使重返和諧,The researchers asked how they could reconcile quantum field theory with Einstein's general theory of relativity.,reconcile differences; reconcile theory with evidence; reconcile oneself to,C2
Realization,/ˈɹiləˈzeɪʃən/,n.,"realization, realizations",realize (v.),The act of becoming aware of something; something that becomes clear or is achieved.｜開始意識到某事的行為；變得清晰或已達成的事,The sudden realization that he had misjudged the situation forced him to rethink his entire approach.,sudden realization; profound realization; come to a realization,C2
Refreshment,/ɹəˈfɹɛʃmənts/,n.,"refreshment, refreshments",None,light food and drinks served at an event or during a break｜活動或休息期間供應的輕食和飲料,Light refreshments were served to the guests during the short break.,light refreshments; serve refreshments; free refreshments,C2
Reckless,/ˈɹɛkləs/,adj.,"reckless, more reckless, most reckless",recklessness (n.),Careless or heedless; headstrong or rash.｜不顧後果的；魯莽的,His reckless driving eventually caught up with him when he lost his licence for six months.,reckless driver; reckless driving; reckless behavior,C2
Referendum,/ˌɹɛfɚˈɛndəm/,n.,"referendum, referendums",None,a legislative act is referred for final approval to a popular vote by the electorate｜立法行為需經公民投票批准,The government held a national referendum on whether to change the constitution.,referendum result; hold a referendum; national referendum,C2
Recreational,/ˌɹɛkɹiˈeɪʃənəl/,adj.,"recreational, more recreational, most recreational",recreation (n.),"For, or relating to, recreation.｜休閒的；與娛樂相關的","In recent years, several outbreaks linked to recreational water use have already heightened public concern in different parts of the world.",recreational fishing; recreational drugs; recreational use,C2
Reign,/ˈɹeɪn/,n. [U],no changes,None,a period during which something or somebody is dominant or powerful｜某事物或某人占主導或強勢的時期,The kingdom prospered during the queen's long reign.,long reign; peaceful reign; reign of terror,C2
Refreshment,/ɹəˈfɹɛʃmənt/,n. [U],no changes,refresh (v.),"The process of refreshing; a means of restoring strength, energy or vigour.｜恢復活力的過程；恢復體力、精力或活力的方法",The hikers paused beneath a shady tree for a little rest and refreshment.,light refreshments; take refreshment; refreshment stand,C2
Redundancy,/ɹɪˈdʌndənsi/,n.,"redundancy, redundancies",redundant (adj.),"unnecessary repetition, or deliberate duplication that provides backup capacity｜不必要的重複，或是提供備用容量的蓄意重複",The editor removed unnecessary redundancy from the final paragraph.,reduce redundancy; unnecessary redundancy; eliminate redundancy,C2
Refinement,/ɹəˈfaɪnmənt/,n. [U],no changes,refine (v.),"The act, or the result of refining; the removal of impurities, or a purified material｜精煉的行為或其結果；去除雜質，或已被純化的物質","Our approach leverages the temporal information from a video sequence for pose refinement, along with being computationally efficient and robust.",pose refinement; further refinement; iterative refinement,C2
Rehabilitate,/ˌɹihəˈbɪləˌteɪt/,v.,"rehabilitate, rehabilitates, rehabilitated, rehabilitated, rehabilitating","rehabilitation (n.), rehabilitative (adj.)","To restore (someone) to their former state, reputation, possessions, status etc.｜將（某人）恢復至其先前的狀態、名譽、財產、地位等","As reported in 2010, the state needs more than US$2 billion to rehabilitate its irrigation systems so that the water is properly managed.",rehabilitate a patient; rehabilitate one's reputation; rehabilitate damaged land,C2
Reflective,/ɹɪˈflɛktɪv/,adj.,"reflective, more reflective, most reflective","reflect (v.), reflectivity (n.)","That reflects, or redirects back to the source.｜會反射的，或將（資訊）回傳至來源的","Ice is very reflective, therefore it reflects far more solar energy back to space than the other types of land area or open water.",quite reflective; reflective surfaces; reflective properties,C2
Refute,/ɹɪˈfjut/,v.,"refute, refutes, refuted, refuted, refuting","refutation (n.), refutable (adj.)",To prove (something) to be false or incorrect.｜證明（某事物）為錯誤或不當,She quickly produced evidence that helped refute the allegations made against her in court.,refute claim; refute hypothesis; refute allegations,C2
Rehearse,/ɹiˈhɝs/,v.,"rehearse, rehearses, rehearsed, rehearsed, rehearsing",rehearsal (n.),"To repeat, as what has been already said; to tell over again; to recite.｜重複已說過的話；再度講述；背誦",The cast gathered every evening to rehearse the final act until every line and movement felt effortless.,carefully rehearse; rehearse the scene; rehearse a speech,C2
Refine,/ɹəˈfaɪn/,v.,"refine, refines, refined, refined, refining","refiner (n.), refinery (n.), refining (n.), refinement (n.)","To purify; reduce to a fine, unmixed, or pure state; to free from impurities.｜使純淨；將...提煉至細緻、均勻或純淨的狀態；去除雜質","Other ways anthropology contributes to environmental discourse include serving as theorists and analysts, or refining definitions to be more neutral/universal, etc.",refine products; refine ideas; refine models,C2
Rejoice,/ɹɪˈdʒɔɪs/,v.,"rejoice, rejoices, rejoiced, rejoiced, rejoicing",rejoicing (n.),"To be very happy, be delighted, exult; to feel joy.｜非常高興、欣喜雀躍；感到歡樂",Friends and family gathered to rejoice with the young couple on the day of their wedding.,exceedingly rejoice; rejoice in truth; rejoice in life,C2
Refresh,/ɹɪˈfɹɛʃ/,v.,"refresh, refreshes, refreshed, refreshed, refreshing","refresher (n.), refreshment (n.)",To renew or revitalize.｜使煥然一新或恢復活力,To refresh his memory he brought the paper closer and closer to his eyes.,refresh page; refresh memory; refresh screen,C2
Relentless,/ɹɪˈlɛntlɪs/,adj.,"relentless, more relentless, most relentless","relentlessly (adv.), relentlessness (n.)",Unrelenting or unyielding in severity.｜不寬容的或不放鬆的,"Woo’s relentless feedback has driven steady, incremental improvements.",relentless pursuit; relentless terror; relentless focus,C2
Relic,/ˈɹɛlɪk/,n.,"relic, relics",None,That which remains; that which is left after loss or decay; a remaining portion.｜留存下來的東西；損失或衰敗後剩下的東西；殘餘部分,We examine the properties of relic neutralinos in the regions of the parameter space selected by recent fits to all the electroweak observables within the Minimal Supersymmetric Standard Model.,relics of an ancient era; relic of the past; cultural relic,C2
Reliant,/ɹɪˈlaɪənt/,adj.,"reliant, more reliant, most reliant",reliance (n.),Having reliance on somebody or something.｜依賴於某人或某事物的,"In the coming years, neural networks are likely to become less reliant on learning from massive labelled datasets, and more robust and generalisable in their task performance.",heavily reliant; reliant on technology; become reliant,C2
Reliance,/ɹɪˈlaɪəns/,n.,"reliance, reliances",reliant (adj.),The act of relying (on or in someone or something); trust.｜依賴（某人或某事物）的行為；信任,The research aims to explore how individuals perceive and interact with data protection practices in an era of increasing reliance on technology and the widespread availability of personal data.,greater reliance; reduce reliance; heavy reliance,C2
Remainder,/ɹɪˈmeɪndɚ/,n.,"remainder, remainders",remain (v.),A part or parts remaining after some has/have been removed or already occurred.｜移除部分後或部分已發生後剩餘的部分,"If you spend half the budget now, save the remainder for emergencies later in the year.",remainder of the year; the remainder of; keep the remainder,C2
Reminiscent,/ˌɹɛməˈnɪsənt/,adj.,"reminiscent, more reminiscent, most reminiscent","reminisce (v.), reminiscence (n.)","Of, or relating to reminiscence.｜關於回憶的","Products in the vertical category give an external choice operator that is reminiscent of products in game semantics, and is useful in practical examples.",reminiscent of childhood; vaguely reminiscent; strongly reminiscent,C2
Relay,/ˈɹiˌleɪ/,v.,"relay, relays, relayed, relaid, relaying",None,To pass on or transfer (information).｜傳遞或轉移（資訊）,The correspondent called in to relay the latest developments from the scene of the disaster.,relay station; relay message; relay information,C2
Resentment,/ɹɪˈzɛntmənt/,n. [U],no changes,resent (v.),Anger or displeasure stemming from belief that one or one's group has been wronged or betrayed by others; indignation.｜因相信本人或所屬團體被他人冤枉或背叛而產生的憤怒或不快；憤慨,"A late essay, ""On University Philosophy"", expressed his resentment towards the work conducted in academies.",deep resentment; inspire resentment; resentment towards group,C2
Renowned,/ɹɪˈnaʊnd/,adj.,"renowned, more renowned, most renowned",None,"Famous, celebrated, or well-known; widely praised or highly honored.｜著名的、享有聲望的或眾所周知的；被廣泛讚揚或高度尊敬的",She is a renowned scientist whose work on infectious diseases has saved countless lives.,renowned scientists; renowned economists; renowned expert,C2
Resent,/ɹɪˈzɛnt/,v.,"resent, resents, resented, resented, resenting",resentment (n.),To feel resentment over; to consider as an affront.｜對...感到怨恨；將...視為侮辱,She resented the way her colleagues took credit for ideas she had developed on her own.,resent criticism; resent being ignored; deeply resent,C2
Reptile,/ˈɹɛptaɪl/,n.,"reptile, reptiles",None,"any cold-blooded vertebrate of the class Reptilia including tortoises, turtles, snakes, lizards, alligators, crocodiles, and extinct forms｜爬蟲綱中任何冷血脊椎動物，包括烏龜、陸龜、蛇、蜥蜴、鱷魚、短吻鱷及已滅絕的物種",The warm-blooded mammals gradually displaced the reptile as the dominant vertebrate on land.,flying reptile; early reptiles; marine reptile,C2
Restoration,/ˌɹɛstɚˈeɪʃən/,n.,"restoration, restorations",restore (v.),The process of bringing an object back to its original state; the process of restoring something.｜將物品恢復至原狀的過程；修復的過程。,A major river restoration project in Cumbria has shown that reconnecting rivers to their floodplains can slow the movement of water and improve habitats.,network restoration; restoration of function; grant restoration,C2
Restrain,/ɹisˈtɹeɪn/,v.,"restrain, restrains, restrained, restrained, restraining","restraint (n.), restrainer (n.)",To control or keep in check.｜控制或抑制。,She had to restrain herself from laughing out loud during the serious board meeting.,restrain spending; restrain an animal; restrain oneself,C2
Reside,/ɹɪˈzaɪd/,v.,"reside, resides, resided, resided, residing","resident (adj.), residence (n.), residency (n.)",To dwell permanently or for a considerable time; to have a settled abode for a time; to remain for a long time.｜永久或長時間居住；有固定的住處；長期停留。,"When a change in value of a decision element is considered, a forward move is made if the aggregate fitness of the cluster members residing alongside the decision element is higher.",reside in the brain; reside in a city; reside within,C2
Restraint,/ɹɪsˈtɹeɪnt/,n.,"restraint, restraints",restrain (v.),"Something that restrains, ties, fastens or secures.｜用以約束、綁縛、固定或保護的東西。",He showed remarkable restraint and never once raised his voice during the heated argument.,fiscal restraint; show restraint; with restraint,C2
Reproduce,/ˌɹipɹəˈdus/,v.,"reproduce, reproduces, reproduced, reproduced, reproducing","reproduction (n.), reproductive (adj.)",To produce an image or copy of.｜複製或翻印圖像或複本。,The printer can reproduce the original colours of the painting with surprising accuracy.,cannot reproduce; reproduce results; reproduce experiment,C2
Retort,/ˈɹiˌtɔɹt/,v.,"retort, retorts, retorted, retorted, retorting",None,To say something sharp or witty in answer to a remark or accusation.｜以尖銳或機智的話回應他人的言論或指責。,"Despite their hardships, the animals were easily pacified by Squealer's retort that they were better off than under Mr. Jones.",sharp retort; retort with wit; retort angrily,C2
Resistant,/ɹɪˈzɪstənt/,adj.,"resistant, more resistant, most resistant","resistance (n.), resist (v.)",Which makes resistance or offers opposition.｜抵抗或反對的。,These plants are resistant to drought and can survive long periods without rain.,resistant starch; resistant bacteria; resistant strains,C2
Respective,/ɹɪˈspɛktɪv/,adj.,"respective, more respective, most respective",None,Belonging separately to each of the people mentioned.｜分別屬於所提及的每個人。,"After the party, the guests returned to their respective homes.",respective owners; respective fields; respective countries,C2
Revival,/ɹɪˈvaɪvəl/,n.,"revival, revivals",revive (v.),"The act of reviving, or the state of being revived.｜復甦的行為或被復甦的狀態。",The revival was made possible through modern technology and the creativity of two engineering students at the University of Melbourne.,revival event; religious revival; great revival,C2
Revolt,/ɹɪˈvoʊlt/,v.,"revolt, revolts, revolted, revolted, revolting",revolution (n.),"To rebel, particularly against authority.｜叛亂，尤指反抗權威。",The workers threatened to revolt if the company refused to address their grievances about wages and conditions.,armed revolt; revolt against tyranny; rise in revolt,C2
Revelation,/ˌɹɛvəˈleɪʃən/,n.,"revelation, revelations",reveal (v.),The act of revealing or disclosing.｜揭露或披露的行為。,"But during that time, he had a revelation.",revelation came; profound revelation; revelation of love,C2
Revive,/ɹɪˈvaɪv/,v.,"revive, revives, revived, revived, reviving",revival (n.),"to restore someone to consciousness or bring something back into use, activity, or strength｜使恢復意識或使恢復使用、活動或活力。",He has almost single-handedly revived the economy of Colorado by discovering a new process for extracting more oil from what were thought to be exhausted oil wells.,revive the economy; revive a tradition; revive interest,C2
Revolve,/ɹiˈvɑlv/,v.,"revolve, revolves, revolved, revolved, revolving",revolution (n.),To move or develop around a central point; to centre on something.｜繞著中心點移動或發展；以某事為中心。,The story revolves around a family trying to rebuild its life after a natural disaster.,revolve around sun; revolve around character; revolve around career,C2
Ripple,/ˈɹɪpəl/,v.,"ripple, ripples, rippled, rippled, rippling",rippling (n.),To move like the undulating surface of a body of water; to undulate.｜像水面般起伏移動；起伏。,"The hero's death sent a ripple through the comics community, with repercussions felt in the industry for years afterward.",ripple through; ripple outward; ripple across the surface,C2
Rivalry,/ˈɹaɪvəlɹi/,n. [U],no changes,rival (v.),Active competition between two or more parties striving for the same goal or superiority.｜兩個或多個團體為同一目標或爭奪優勢而進行的積極競爭。,"Recent models seek a compromise between prototype and exemplar theories, whose historical rivalry shaped the field.",epic rivalry; heated rivalry; greatest rivalry,C2
Roam,/ˈɹoʊm/,v.,"roam, roams, roamed, roamed, roaming",roamer (n.),To wander or travel freely and with no specific destination.｜自由漫遊或旅行，無特定目的地。,Hens are still kept indoors but have twice as much space and roam freely.,roam the streets; roam freely; roam around the world,C2
Retrieve,/ɹɪˈtɹiv/,v.,"retrieve, retrieves, retrieved, retrieved, retrieving","retrieval (n.), retriever (n.)",To regain or get back something.｜重新獲得或取回某物。,"They also show similar difficulties when retrieving overlapping information, where storing too many similar facts leads to confusion.",selectively retrieve; retrieve information; retrieve data,C2
Royalty,/ˈɹɔɪəlti/,n.,"royalty, royalties",None,members of a royal family or people of royal rank; also the status of a monarch｜王室成員或具有王室地位的人；亦指君主的身份。,European royalty attended the state funeral.,European royalty; members of royalty; royal status,C2
Rigorous,/ˈɹɪɡɚəs/,adj.,"rigorous, more rigorous, most rigorous","rigor (n.), rigorousness (n.)","Showing, causing, or favoring rigour/rigor; scrupulously accurate or strict; thorough.｜顯示、導致或偏愛嚴謹；一絲不苟的精確或嚴格；徹底。",The candidates faced a rigorous series of interviews before being offered the post.,rigorous foundation; rigorous analysis; rigorous evaluation,C2
Rotation,/ɹoʊˈteɪʃən/,n.,"rotation, rotations",rotate (v.),The act of turning around a centre or an axis.｜繞著中心或軸旋轉的動作。,"TAI may be reported using traditional means of specifying days, carried over from non-uniform time standards based on the rotation of the Earth.",full rotation; rotation matrix; internal rotation,C2
Rubbish,/ˈɹʌbɪʃ/,n. [U],no changes,rubbishy (adj.),"Refuse, waste, garbage, junk, trash.｜垃圾、廢棄物、廢物","Eventually, I couldn’t even enjoy activities outside research, such as watching a film, or concentrate on simple things, including taking out the rubbish.",talk rubbish; absolute rubbish; pile of rubbish,C2
Ruthless,/ˈɹuθləs/,adj.,"ruthless, more ruthless, most ruthless",ruthlessness (n.),"Without pity or compassion; cruel, pitiless.｜無情的、冷酷的、狠心的",He has shown himself to be ruthless in every other circumstance.,ruthless competition; ruthless dictator; ruthless enemy,C2
Rugged,/ˈɹʌɡəd/,adj.,"rugged, more rugged, most rugged",ruggedness (n.),Broken into sharp or irregular points; uneven; not smooth; rough.｜崎嶇的、凹凸不平的、不平滑的、粗糙的,"Despite their success, GAs sometimes fail to locate the highest peaks of the fitness landscape, in particular if the landscape is rugged and contains multiple peaks.",rugged terrain; rugged landscape; rugged coastline,C2
Rotate,/ˈɹoʊˌteɪt/,v.,"rotate, rotates, rotated, rotated, rotating","rotation (n.), rotatory (adj.)","To spin, turn, or revolve.｜旋轉、轉動",Technicians rotate the antenna slowly to scan the entire horizon.,rotate the body; rotate clockwise; slowly rotate,C2
Salvage,/ˈsælvədʒ/,v.,"salvage, salvages, salvaged, salvaged, salvaging","salve (v.), salvager (n.)",To rescue.｜搶救、打撈,Crews worked through the night to salvage what they could from the burnt-out warehouse.,salvage pieces; salvage parts; salvage pride,C2
Salute,/səˈlut/,v.,"salute, salutes, saluted, saluted, saluting","saluter (n.), salutation (n.)",To make a gesture in honor of (someone or something).｜向...致敬、行禮,The officer snapped to attention and raised his hand to salute the visiting general.,salute the flag; raise in salute; salute a hero,C2
Sanitation,/ˌsænəˈteɪʃən/,n. [U],no changes,sanitate (v.),The hygienic disposal or recycling of waste.｜環保衛生設施,Only a small fraction of those living in rural areas had access to improved sanitation facilities in the early part of the century.,improved sanitation; basic sanitation; poor sanitation,C2
Robust,/ɹoʊˈbʌst/,adj.,"robust, more robust, most robust","robustly (adv.), robustness (n.)",Able to withstand adverse conditions.｜強健的、堅固的、耐用的,"While the arithmetic mean is often used to report central tendency, it is not a robust statistic: it is greatly influenced by outliers (Value (mathematics) much larger or smaller than most others).",robust foundation; robust system; robust framework,C2
Scenic,/ˈsinɪk/,adj.,"scenic, more scenic, most scenic",scene (n.),having beautiful scenery; picturesque｜風景優美的、景色如畫的,"We took the scenic route along the coast, stopping at every clifftop viewpoint along the way.",scenic view; scenic shots; scenic spot,C2
Scorn,/ˈskɔɹn/,v.,"scorn, scorns, scorned, scorned, scorning",scorner (n.),To feel or display contempt or disdain for something or somebody; to despise.｜輕蔑、蔑視、鄙視,She tends to scorn any advice that does not match her own firm opinions.,with scorn; heap scorn on; scornful glance,C2
Savage,/ˈsævədʒ/,adj.,"savage, more savage, most savage","savagely (adv.), savagery (n.)",Wild; not cultivated or tamed.｜野生的、未開化的、兇猛的,"The explorers described the island as a savage, untamed wilderness.",savage wilderness; savage attack; savage conditions,C2
Sculptor,/ˈskʌlptɚ/,n.,"sculptor, sculptors",sculpt (v.),an artist who creates sculptures｜雕刻家、雕塑家,"The sculptors derived this from observations on human beings, but they also embodied in concrete form, issues beyond the reach of ordinary thought.",famous sculptor; marble sculptor; contemporary sculptor,C2
Screwdriver,/ˈskɹuˌdɹaɪvɚ/,n.,"screwdriver, screwdrivers",None,a hand tool for driving screws; has a tip that fits into the head of a screw｜螺絲起子、螺絲刀,"The action is simple, with the keys being levers with a small brass tangent, a small piece of metal similar in shape and size to the head of a flat-bladed screwdriver, at the far end.",use a screwdriver; Phillips screwdriver; flathead screwdriver,C2
Seagull,/ˈsiˌɡʌl/,n.,"seagull, seagulls",None,mostly white aquatic bird having long pointed wings and short legs｜海鷗,"The seagull faces left, its beak pointed towards the edge of the frame.",herring gull; flock of seagulls; seagull colony,C2
Scrutiny,/ˈskɹutəni/,n. [U],no changes,"scrutineer (n.), scrutinise (v.), scrutinize (v.)",Intense study of someone or something.｜仔細審查、監視、監督,The company's finances came under intense scrutiny after several executives suddenly resigned.,close scrutiny; regulatory scrutiny; public scrutiny,C2
Seduce,/sɪˈdus/,v.,"seduce, seduces, seduced, seduced, seducing","seducer (n.), seduction (n.)","To beguile or lure (someone) away from duty, accepted principles, or proper conduct; to lead astray.｜誘惑、勾引",A thrill-seeking American heiress played by Kelly surmises his true identity and tries to seduce him.,seduce someone; easily seduced; seduce with charm,C2
Scrape,/ˈskɹeɪp/,v.,"scrape, scrapes, scraped, scraped, scraping","scraper (n.), scraping (n.)",scratch repeatedly｜刮、擦,Pieces of the spear were scraped off onto the wound and Telephus was healed.,scrape together; scrape facial images; scrape out,C2
Sergeant,/ˈsɑɹdʒənt/,n.,"sergeant, sergeants",None,"A UK army rank with NATO code OR-6, senior to corporal and junior to warrant officer ranks.｜士官、中士","Two weeks later, Booth was located, shot, and killed at a farm in Virginia by Sergeant Boston Corbett.",army sergeant; staff sergeant; drill sergeant,C2
Serene,/sɚˈin/,adj.,"serene, more serene, most serene",None,"Calm, peaceful, unruffled.｜平靜的、安詳的","The lake was perfectly serene, with only the soft rustle of leaves in the surrounding trees.",serene gardens; serene beach; serene experience,C2
Shaver,/ˈʃeɪvɚ/,n.,"shaver, shavers",shave (v.),"A device used for shaving, especially an electric razor.｜剃鬚刀、刮鬍刀",She plugged in the electric shaver and quickly trimmed the hair along her jawline before the meeting.,electric shaver; cordless shaver; rechargeable shaver,C2
Sermon,/ˈsɝmən/,n.,"sermon, sermons","sermonise (v.), sermonize (v.)",Religious discourse; a written or spoken address on a religious or moral matter.｜宗教演說；宗教或道德方面的書面或口頭演講,The congregation listened in silence as the priest delivered a moving sermon on forgiveness.,preach a sermon; give a sermon; deliver a sermon,C2
Scroll,/ˈskɹoʊl/,v.,"scroll, scrolls, scrolled, scrolled, scrolling",None,"To change one's view of data on a computer's display by moving in gradual increments, typically using an input device or touch screen.｜透過輸入裝置或觸控螢幕逐步移動視窗來改變電腦螢幕上資料的檢視",She reached for her phone to scroll through the news before getting out of bed.,infinite scroll; scroll down; scroll through feeds,C2
Setback,/ˈsɛˌtbæk/,n.,"setback, setbacks",None,"An obstacle, delay, disadvantage, or blow (an adverse event which slows down, or prevents progress towards a desired outcome).｜障礙、延遲、劣勢或打擊（阻礙或阻止目標實現的不利事件）",We have to commit to showing up through those ups and downs and turns and setbacks and highs and lows.,major setback; suffer setback; biggest setbacks,C2
Shred,/ˈʃɹɛd/,v.,"shred, shreds, shredded, shredded, shredding",shredder (n.),"To cut or tear (something) into long, narrow pieces or strips.｜將（某物）切成或撕成細長的碎片或條狀",The clerk shredded the outdated documents before leaving the office.,shred cheese; shred paper; shred documents,C2
Shabby,/ˈʃæbi/,adj.,"shabby, shabbier, shabbiest",shabbiness (n.),"Of clothing, a place, etc.: unkempt and worn or otherwise in poor condition due to age or neglect; scruffy.｜形容衣物、場所等：因年代久遠或缺乏打理而不整潔、破舊的；邋遢的",Corso introduced them to a shabby lodging house above a bar at 9 rue Gît-le-Cœur that was to become known as the Beat Hotel.,shabby clothing; shabby streets; shabby room,C2
Serial,/ˈsɪɹiəl/,adj.,no changes,series (n.),Having to do with or arranged in a series.｜關於系列的或按系列排列的,"This process of serial cell ""capture"" and ""enslavement"" explains the diversity of photosynthetic eukaryotes.",serial protocol; serial killer; serial numbers,C2
Selective,/səˈlɛktɪv/,adj.,"selective, more selective, most selective","select (v.), selectivity (n.)",Of or relating to the process of selection.｜關於選擇過程的,"Rand defined art as a ""selective re-creation of reality according to an artist's metaphysical value-judgments"".",selective use; selective pressure; selective advantage,C2
Shortsighted,/ˈʃɔɹˈtsaɪtɪd/,adj.,"shortsighted, more shortsighted, most shortsighted",shortsightedness (n.),Lacking foresight; unable to see distant objects clearly.｜缺乏遠見的；無法看清遠處物體的,"Alexander criticized the ""shortsighted government"" for supporting policies he opposed.",shortsighted policy; shortsighted decision; shortsighted leaders,C2
Shriek,/ˈʃɹik/,v.,"shriek, shrieks, shrieked, shrieked, shrieking",shrieking (n.),utter a shrill cry｜發出尖銳的叫聲,The children shrieked with delight when the fireworks lit up the sky.,shriek of laughter; shriek with horror; shriek with terror,C2
Sharpen,/ˈʃɑɹpən/,v.,"sharpen, sharpens, sharpened, sharpened, sharpening",sharpener (n.),To make sharp.｜使鋒利,And the second two years is about sharpening the edge of the sword.,sharpen skills; sharpen knives; sharpen mind,C2
Shrub,/ˈʃɹʌb/,n.,"shrub, shrubs","shrubby (adj.), shrublet (n.)",a low woody perennial plant usually having several major stems｜一種低矮的木本多年生植物，通常有多個主要莖,"Vegetation type was also a strong performance indicator: Terrain with shrub or scrub cover, the dominant vegetation type, offered the most accurate predictions for burn severity.",woody shrub; evergreen shrubs; native shrubs,C2
Shortcoming,/ˈʃɔɹˌtkʌmɪŋ/,n.,"shortcoming, shortcomings",None,A deficiency or falling short; failure to attain a goal or ideal.｜不足或未達標準；未能達到目標或理想,"Despite the impressive advancements achieved by deep learning models in various domains, they still have shortcomings in abstract reasoning and causal understanding.",fundamental shortcoming; biggest shortcoming; overcome shortcomings,C2
Serving,/ˈsɝvɪŋ/,n.,"serving, servings",serve (v.),The act or process of serving.｜服務的行為或過程,The serving of food began immediately after the guests were seated.,serving of food; single serving; serving size,C2
Shutter,/ˈʃʌtɚ/,n.,"shutter, shutters",shut (v.),"A hinged cover or mechanical device that opens and closes an aperture, especially the device controlling light in a camera.｜控制孔徑開關的鉸鏈蓋或機械裝置，尤其是控制相機進光的裝置",She adjusted the camera shutter until the photograph of the mountains came out perfectly sharp.,shutter sounds; open shutter; remote shutter,C2
Shuffle,/ˈʃʌfəl/,v.,"shuffle, shuffles, shuffled, shuffled, shuffling","shuffler (n.), shuffling (n.)",To put in a random order.｜隨機排列,"Now, of course, what's interesting is that even at thermal equilibrium, maybe entropy can fluctuate, maybe randomly, in the same way that you can shuffle a pack of cards.",random shuffle; shuffle deck; shuffle dataset,C2
Simplicity,/sɪmˈplɪsəti/,n. [U],no changes,"simple (adj.), simple-minded (adj.)",The state or quality of being simple｜簡單的狀態或性質,"The beauty of the design lies in its simplicity and clean, uncluttered lines.",relative simplicity; for simplicity; ensures computational simplicity,C2
Simultaneous,/ˌsaɪməˈlteɪniəs/,adj.,no changes,simultaneously (adv.),Happening at the same time.｜同時發生的,"The two events were simultaneous, so we could not attend both.",simultaneous translation; simultaneous events; simultaneous release,C2
Slang,/ˈslæŋ/,n. [U],no changes,slangy (adj.),informal language consisting of words and expressions that are not considered appropriate for formal occasions; often vituperative or vulgar｜非正式語言，包含在正式場合被認為不恰當的詞彙和表達；通常帶有貶義或粗俗,A large and dynamic dictionary of frequent illicit drug related slang is used to find these posts.,street slang; drug-related slang; use slang,C2
Skim,/ˈskɪm/,v.,"skim, skims, skimmed, skimmed, skimming","skimmer (n.), skimming (n.)","To pass lightly; to glide along in an even, smooth course; to glide along near the surface.｜輕掠而過；沿著平坦光滑的路線滑翔；靠近表面滑行",She had only enough time to skim the report before the meeting started.,skim over; skim through; skim section,C2
Skeptical,/ˈskɛptəkəl/,adj.,"skeptical, more skeptical, most skeptical","skepticism (n.), skeptically (adv.)",Not easily convinced; questioning whether something is true or reliable.｜不容易被說服的；質疑某事是否為真實或可靠,She was skeptical that the proposed treatment would work without further clinical evidence.,highly skeptical; skeptical eye; skeptical mind,C2
Sneaker,/ˈsnikɚz/,n.,"sneaker, sneakers",None,"a soft, comfortable shoe with a rubber sole, worn for sport or casual use｜一種柔軟舒適的鞋子，鞋底為橡膠，適用於運動或休閒穿著",He laced up his white sneakers before going out for an early morning run.,white sneakers; pair of sneakers; leather sneakers,C2
Simplify,/ˈsɪmpləˌfaɪ/,v.,"simplify, simplifies, simplified, simplified, simplifying",simplification (n.),make simpler or easier or reduce in complexity or extent｜使更簡單、更容易或減少複雜性或範圍,The new software is meant to simplify the way small businesses track their expenses.,simplify process; simplify problem; simplify expression,C2
Sloppy,/ˈslɑpi/,adj.,"sloppy, sloppier, sloppiest","slop (n.), sloppiness (n.)","Careless, imprecise, or poorly organized; lacking attention to detail.｜粗心的、不精確的或組織不善的；不注意細節的",In addition we show that Newcomb's scenario only provides a contradiction between game theory's expected utility and dominance principles if one is sloppy in specifying the underlying Bayes net.,sloppy directions; sloppy thinking; sloppy work,C2
Slay,/ˈsleɪ/,v.,"slay, slays, slew, slain, slaying","slayer (n.), slaying (n.)",To kill; to murder.｜殺死；謀殺,"In the legend, the young knight vowed to slay the dragon threatening the village.",slay a dragon; slay the enemy; brutally slay,C2
Slaughter,/ˈslɔtɚ/,v.,"slaughter, slaughters, slaughtered, slaughtered, slaughtering","slaughterer (n.), slaughterous (adj.)","To butcher animals, generally for food.｜宰殺動物，通常作為食物",The invading army threatened to slaughter the villagers unless they surrendered.,slaughter civilians; slaughter troops; slaughter women,C2
Sly,/ˈslaɪ/,adj.,"sly, slier, sliest",slyness (n.),Artfully cunning; secretly mischievous; wily.｜巧妙狡詐的；暗中調皮的；狡猾的,He gave a sly grin that suggested he knew far more than he was telling.,always sly; sly boots; sly invitation,C2
Slum,/ˈslʌm/,n.,"slum, slums",slummy (adj.),a district of a city marked by poverty and inferior living conditions｜城市中以貧窮和惡劣居住條件為特徵的地區,"Instead of showing us a way through the elegant mansions of the mind, the prophets take us to the slums.",urban slum; slum housing; live in a slum,C2
Slash,/ˈslæʃ/,v.,"slash, slashes, slashed, slashed, slashing",slasher (n.),To cut or attempt to cut｜切或試圖切,"Shifting cultivation (or slash and burn) is a system in which forests are burnt, releasing nutrients to support cultivation of annual and then perennial plant crops for a period of several years.",slash spending; slash prices; slash budget,C2
Slump,/ˈslʌmp/,v.,"slump, slumps, slumped, slumped, slumping",None,To collapse heavily or helplessly.｜沉重或無力地倒下,The firm's profits began to slump after demand weakened.,afternoon slump; slump on couch; slump at end,C2
Sneeze,/ˈsniz/,v.,"sneeze, sneezes, sneezed, sneezed, sneezing","sneezy (adj.), sneezer (n.), sneezing (n.)","exhale spasmodically, as when an irritant entered one's nose｜痙攣地呼氣，當刺激物進入鼻子時的反應","However, the soot causes Alice to sneeze, sending Bill high up into the sky.",sneeze loudly; make someone sneeze; sneeze into a tissue,C2
Snore,/ˈsnɔɹ/,v.,"snore, snores, snored, snored, snoring","snorer (n.), snoring (n.)","To breathe during sleep with harsh, snorting noises caused by vibration of the soft palate.｜睡眠時因軟顎振動而發出粗重、鼻息般的聲音地呼吸","Familiar comic-strip iconography such as stars for pain, sawing logs for snoring, speech balloons, and thought balloons originated in Dirks' strip.",snore at night; snore loudly; snore during sleep,C2
Smuggle,/ˈsmʌɡəl/,v.,"smuggle, smuggles, smuggled, smuggled, smuggling","smuggler (n.), smuggling (n.)","To import or export, illicitly or by stealth, without paying lawful customs charges or duties｜非法或秘密地進口或出口，不繳納合法的關稅",It's cheap to make and easy to smuggle.,smuggle drugs; smuggle across border; smuggle chips,C2
Sociable,/ˈsoʊʃəbəl/,adj.,"sociable, more sociable, most sociable","sociability (n.), sociableness (n.)",Tending to socialize or be social.｜傾向於社交或善於社交的,She is sociable and quickly made friends in her new class.,highly sociable; sociable person; naturally sociable,C2
Sneaky,/ˈsniki/,adj.,"sneaky, sneakier, sneakiest","sneak (n.), sneakiness (n.)","secretive and deceitful, especially in an underhanded way｜秘密且欺騙的，尤指以卑劣的方式",He used a sneaky tactic to read the confidential notes without permission.,sneaky tactic; sneaky behavior; sneaky way,C2
Socialism,/ˈsoʊʃəˌlɪzəm/,n. [U],no changes,"socialist (n.), socialistic (adj.)",a political theory advocating state ownership of industry｜主張國家擁有產業的政治理論,Anarchism is described as being part of the libertarian wing of the socialist movement (libertarian socialism).,democratic socialism; state socialism; advocate socialism,C2
Socialize,/ˈsoʊʃəˌlaɪz/,v.,"socialize, socializes, socialized, socialized, socializing","socializer (n.), socializing (n.), socialization (n.)","To interact with others, especially personally, informally and off the clock rather than formally and officially.｜與他人互動，尤指個人、非正式地在工作時間之外，而非正式官方地",New students are encouraged to socialize with their classmates during the first week of orientation.,socialize at party; socialize with children; socialize at lunch,C2
Sociology,/ˌsoʊsiˈɑlədʒi/,n. [U],no changes,"sociologist (n.), sociological (adj.)",the study and classification of human societies｜人類社會的研究與分類,"The course introduced students to the central debates in sociology, from class and inequality to identity.",sociology of knowledge; sociology of translation; new sociology,C2
Socialist,/ˈsoʊʃələst/,adj.,no changes,socialism (n.),"Of, relating to, supporting, or advocating socialism.｜關於、支持或倡導社會主義的",Anarchism is described as being part of the libertarian wing of the socialist movement (libertarian socialism).,socialist movement; socialist systems; socialist countries,C2
Solidarity,/ˌsɑləˈdɛɹəti/,n. [U],no changes,None,"A bond of unity or agreement between individuals, united around a common goal or against a common enemy, such as the unifying principle that defines the labor movement; mutual support within a group.｜個人之間因共同目標或對抗共同敵人而團結一致的結合，如定義勞工運動的統一原則；團體內的相互支持","The basic principles of anarcho-syndicalism are direct action, workers' solidarity and workers' self-management.",group solidarity; show solidarity; socialist solidarity,C2
Solemn,/ˈsɑləm/,adj.,"solemn, more solemn, most solemn","solemness (n.), solemnity (n.)","Serious, dignified, and not cheerful, often because of importance or sadness.｜嚴肅、莊重且不愉快的，常因重要性或悲傷",The judge spoke in a solemn voice as she read the verdict to the packed courtroom.,solemn obligation; solemn whisper; solemn fashion,C2
Sorrowful,/ˈsɑɹoʊfəl/,adj.,"sorrowful, more sorrowful, most sorrowful",sorrowfulness (n.),"feeling, showing, or causing deep sadness or grief｜感到悲傷或憂傷的；表現出或引起深深悲傷或哀痛的","When Josiah hears the laws which have been broken, he becomes sorrowful and sends a delegation to the prophetess Huldah to ask what to do.",sorrowful expression; sorrowful farewell; sorrowful song,C2
Solitude,/ˈsɑləˌtud/,n. [U],no changes,None,"Aloneness; the state of being alone, solitary, or by oneself.｜孤獨；獨處的狀態","Although it has been said ""not since Adam has any human known such solitude"", Collins felt very much a part of the mission.",quiet solitude; embrace solitude; seek solitude,C2
Sovereign,/ˈsɑvɹən/,adj.,"sovereign, more sovereign, most sovereign",None,Exercising power of rule.｜行使統治權力的,We show how emotions extracted from macroeconomic news can be used to explain and forecast future behaviour of sovereign bond yield spreads in Italy and Spain.,sovereign country; sovereign nation; sovereign debt,C2
Solitary,/ˈsɑləˌtɛɹi/,adj.,"solitary, more solitary, most solitary",solitariness (n.),Living or being by oneself; alone; having no companion present｜獨自生活或存在的；孤獨的；無同伴在場的,"In organizations, this strategy might take the form of withdrawing from social interactions or taking on more solitary tasks.",solitary confinement; solitary experience; solitary animals,C2
Soothe,/ˈsuð/,v.,"soothe, soothes, soothed, soothed, soothing",None,"To restore to ease, comfort, or tranquility; relieve; calm; quiet; refresh.｜使恢復舒適、安寧或平靜；緩解；安撫；使冷靜；使振作",A cup of warm tea before bed can soothe a sore throat and help you relax.,soothe a child; soothe hurt feelings; soothe oneself,C2
Sparrow,/ˈspɛɹoʊ/,n.,"sparrow, sparrows",None,any of several small dull-colored singing birds feeding on seeds or insects｜任何幾種以種子或昆蟲為食的小型顏色暗淡的鳴禽,"A small sparrow hopped along the garden path, searching for crumbs among the fallen leaves.",sparrow hawk; house sparrow; flock of sparrows,C2
Splendor,/ˈsplɛndɚ/,n. [U],no changes,None,"Great light, luster or brilliance.｜壯麗的光輝、光澤或光彩",Tourism became popular after World War II when military personnel stationed in the region returned home praising its natural splendor.,imperial splendor; splendor in court; in splendor,C2
Spectacle,/ˈspɛktəkəl/,n.,"spectacle, spectacles",spectacular (adj.),"An exciting or extraordinary scene, exhibition, performance etc.｜激動人心或非凡的場面、展覽、表演等",Triumphs differed hugely in scale and spectacle.,great spectacle; big spectacle; create spectacle,C2
Spacecraft,/ˈspeɪsˌkɹæft/,n.,"spacecraft, spacecraft",None,"a craft capable of traveling in outer space; technically, a satellite around the sun｜能夠在外太空航行的飛行器；嚴格來說是繞太陽運行的衛星",Engineers monitored the spacecraft's trajectory around the clock to detect any deviation from its planned orbit.,crewed spacecraft; unmanned spacecraft; launch a spacecraft,C2
Spiral,/ˈspaɪɹəl/,n.,"spiral, spirals",None,"A curve or shape that winds outward or inward from a central point, continuously changing direction.｜從中心點向外或向內盤繞的曲線或形狀，持續改變方向","The smoke rose from the chimney in a slow, widening spiral against the evening sky.",perfect spiral; downward spiral; tight spiral,C2
Sportsman,/ˈspɔɹtsmən/,n.,"sportsman, sportsmen",sportsmanship (n.),someone who engages in sports｜從事運動的人,"Since 1999, the city of Amsterdam honours the best sportsmen and women at the Amsterdam Sportsman of the year.",keen sportsman; seasoned sportsman; true sportsman,C2
Sportsmanship,/ˈspɔɹtsməˌnʃɪp/,n. [U],no changes,sportsman (n.),"The good attitude/behaviour displayed by players of a game; fairness, determination, magnanimity, courtesy towards opponents, and winning or losing gracefully.｜運動員在比賽中表現出的良好態度或行為；公平、決心、寬宏大量、對對手的禮貌，以及優雅地獲勝或失敗",Good sportsmanship is an integral part of curling.,good sportsmanship; show sportsmanship; spirit of sportsmanship,C2
Spontaneous,/spɑˈnteɪniəs/,adj.,"spontaneous, more spontaneous, most spontaneous","spontaneity (n.), spontaneousness (n.)",Self-generated; happening without any apparent external cause.｜自發的；沒有明顯外部原因而發生的,The crowd's spontaneous applause surprised the nervous speaker.,completely spontaneous; spontaneous combustion; spontaneous interaction,C2
Spokesperson,/ˈspoʊkspɚsən/,n.,"spokesperson, spokespersons",None,an advocate who represents someone else's policy or purpose｜代表他人政策或目的的倡導者,An agency spokesperson said that the organization was engaging in prudent planning for the coming fiscal year.,agency spokesperson; official spokesperson; spokesperson for the company,C2
Span,/ˈspæn/,v.,"span, spans, spanned, spanned, spanning",None,To extend across (a gap or space between two sides).｜跨越（兩側之間的差距或空間）,The bridge spans the river at its narrowest point.,span centuries; span the spectrum; span a distance,C2
Spotlight,/ˈspɑˌtlaɪt/,n.,"spotlight, spotlights",None,a bright directional stage light｜明亮的方向性舞台燈光,A bright spotlight illuminated the singer at center stage.,bright spotlight; under a spotlight; shine a spotlight,C2
Spur,/ˈspɝ/,v.,"spur, spurs, spurred, spurred, spurring",spurring (n.),To stimulate or encourage someone to take action or move faster.｜刺激或鼓勵某人採取行動或加快速度,The rapid evolution of sensors and resource-efficient machine learning models has spurred the widespread adoption of wearable fitness tracking devices.,spur research; spur companies; spur race,C2
Stagger,/ˈstæɡɚ/,v.,"stagger, staggers, staggered, staggered, staggering",staggerer (n.),"To sway unsteadily, reel, or totter.｜不穩地搖擺、蹣跚或搖晃",The injured runner began to stagger toward the finish line.,stagger forward; stagger under the weight; begin to stagger,C2
Statesman,/ˈsteɪtsmən/,n.,"statesman, statesmen","statesmanly (adj.), statesmanship (n.)",a man who is a respected leader in national or international affairs｜在國家或國際事務中受尊敬的領導人,The elder statesman used his decades of experience to mediate the delicate peace negotiations.,elderly statesman; elder statesman; great statesman,C2
Starvation,/stɑˈɹveɪʃən/,n. [U],no changes,starve (v.),A condition of severe suffering due to a lack of nutrition.｜因缺乏營養而導致嚴重痛苦的狀況,"Drawing from cognitive neuroscience, we map agentic architectures to human analogs, enabling early detection of fatigue, starvation, and role collapse.",die of starvation; risk of starvation; starvation conditions,C2
Staple,/ˈsteɪpəl/,n.,"staple, staples",stapler (n.),"A basic or main item, especially of food, regularly used or produced in large quantities.｜基本或主要的物品，尤指食物，經常使用或大量生產的。","Countries with less fiscal capacity had lower yields of staple crops, including maize, rice, and wheat.",key staple; staple diet; staple in diet,C2
Stabilize,/ˈsteɪbəˌlaɪz/,v.,"stabilize, stabilizes, stabilized, stabilized, stabilizing","stabilizer (n.), stabilization (n.)",make stable and keep from fluctuating or put into an equilibrium｜使穩定，防止波動或使恢復平衡。,The central bank stepped in to stabilize the currency before it fell any further.,stabilize table; stabilize prices; stabilize situation,C2
Stationery,/ˈsteɪʃəˌnɛɹi/,n. [U],no changes,None,paper cut to an appropriate size for writing letters; usually with matching envelopes｜裁切成適合書信尺寸的紙張；通常附有相配的信封。,The team ordered personalized stationery for its official correspondence.,personalized stationery; office stationery; stationery supplies,C2
Stature,/ˈstætʃɚ/,n. [U],no changes,None,"a person's or thing's level of importance or reputation; also, physical height｜一個人或事物的地位或聲譽；也指身高。",It is the only festival of its stature that is free to the public.,international stature; gain stature; person of stature,C2
Stepmother,/ˈstɛˌpmʌðɚ/,n.,"stepmother, stepmothers",None,the wife of your father by a subsequent marriage｜父親再婚後的妻子。,"Abraham became close to his stepmother and called her ""Mama"".",wicked stepmother; loving stepmother; live with a stepmother,C2
Stepfather,/ˈstɛˌpfɑðɚ/,n.,"stepfather, stepfathers",None,the husband of your mother by a subsequent marriage｜母親再婚後的丈夫。,"She grew up close to her stepfather, who raised her from the age of five.",loving stepfather; strict stepfather; stepfather figure,C2
Statute,/ˈstætʃut/,n.,"statute, statutes",None,A written law or ordinance passed by a legislative body.｜立法機關通過的成文法律或條例。,"Their number is fixed by statute, currently to 37, although a number of temporary judges assist the court with its workload.",particular statute; statute of limitations; invoke statute,C2
Stepchild,/ˈstɛˌptʃaɪld/,n.,"stepchild, stepchildren",None,a child of your spouse by a former marriage｜配偶與前任伴侶所生的孩子。,"As a stepchild, she found it hard at first to bond with her new step-siblings.",intellectual stepchild; sad little stepchild; stepchild of slavery,C2
Stationary,/ˈsteɪʃəˌnɛɹi/,adj.,no changes,stationariness (n.),Not moving.｜不動的。,It is revealed that the generated stationary bipartite entanglement due to squeezed light that drives the cavities is robust against the thermal fluctuations.,stationary region; stationary distribution; stationary state,C2
Strangle,/ˈstɹæŋɡəl/,v.,"strangle, strangles, strangled, strangled, strangling","strangler (n.), strangling (n.), strangulation (n.)","to choke someone by squeezing the throat, or severely restrict growth or activity｜掐住喉嚨使某人窒息，或嚴重限制生長或活動。",Heavy taxes can strangle a young business before it ever has a chance to grow.,strangle to death; strangle a business; nearly strangle,C2
Stimulation,/ˌstɪmjəˈleɪʃən/,n. [U],no changes,stimulate (v.),A pushing or goading toward action.｜推動或激勵以促使行動。,Alex is forced to watch violent scenes while receiving unpleasant physical stimulation.,overstimulation; magnetic stimulation; transcranial stimulation,C2
Stray,/ˈstɹeɪ/,v.,"stray, strays, strayed, strayed, straying",strayer (n.),"To wander, as from a direct course; to deviate, or go out of the way.｜偏離正確路線；迷路或走偏。",The hikers strayed from the marked trail and had to retrace their steps.,stray from the course; stray from the topic; accidentally stray,C2
Stroll,/ˈstɹoʊl/,v.,"stroll, strolls, strolled, strolled, strolling",stroller (n.),To wander on foot; to ramble idly or leisurely; to rove.｜徒步漫遊；悠閒地閒逛；閒逛漫遊。,"After dinner, we strolled along the harbour and watched the boats come in.",stroll along the beach; stroll around the market; stroll past the aisles,C2
Strait,/ˈstɹeɪt/,n.,"strait, straits",None,A narrow channel of water connecting two larger bodies of water.｜連接兩大片水域的狹窄水道。,The Bering Strait separates Alaska from eastern Russia.,Taiwan Strait; narrow strait; pass through a strait,C2
Stutter,/ˈstʌtɚ/,v.,"stutter, stutters, stuttered, stuttered, stuttering",stutterer (n.),To speak (words) with a spasmodic repetition of vocal sounds.｜說話時聲音痙攣性地重複。,He began to stutter nervously the moment the interviewer asked the difficult question.,obvious stutter; stutter over words; stutter between topics,C2
Stride,/ˈstɹaɪd/,v.,"stride, strides, strode, stridden, striding",strider (n.),To walk with long steps.｜大步走。,"She strode across the stage with long, confident steps to accept the award.",hit one's stride; make great strides; giant stride,C2
Stun,/ˈstʌn/,v.,"stun, stuns, stunned, stunned, stunning",stunner (n.),To incapacitate; especially by inducing disorientation or unconsciousness.｜使喪失能力；尤指通過使人迷失方向或失去知覺。,The sheer scale of the ancient ruins never fails to stun first-time visitors.,stun an audience; stun an opponent; completely stun,C2
Stylish,/ˈstaɪlɪʃ/,adj.,"stylish, more stylish, most stylish",stylishness (n.),Having style.｜有風格的。,The stylish designer became known for elegant window displays and innovative footwear.,stylish man; stylish device; stylish manner,C2
Subordinate,/səˈbɔɹdəˌneɪt/,adj.,"subordinate, more subordinate, most subordinate","subordination (n.), subordinateness (n.)","Placed in a lower class, rank, or position.｜位於較低階級、等級或職位的。",Junior researchers remained subordinate to the laboratory director in all staffing decisions.,immediate subordinate; subordinate position; subordinate staff,C2
Superficial,/ˌsupɚˈfɪʃəl/,adj.,"superficial, more superficial, most superficial","superficies (n.), superficiality (n.)","Existing, occurring, or located on the surface.｜存在於表面、發生在表面或位於表面的。",Large language models hold transformative potential for medical decision support yet their application in psychiatry remains constrained by hallucinations and superficial reasoning.,superficial variations; superficial understanding; superficial changes,C2
Subjective,/səˈbdʒɛktɪv/,adj.,"subjective, more subjective, most subjective","subjectivity (n.), subjectiveness (n.)",taking place within the mind and modified by individual bias｜發生在心智內部並受個人偏見影響的,A study that asked participants to count each act of kindness they performed for one week significantly enhanced their subjective happiness.,subjective reports; subjective experience; subjective sense,C2
Succession,/səˈksɛʃən/,n. [U],no changes,succeed (v.),A series of people or things that follow one another in order; the act or process of succeeding.｜一系列依順序相繼的人或事物；接續的行為或過程,The explanations appeared either all at once or in rapid succession.,quick succession; rapid succession; succession of species,C2
Superintendent,/ˌsupɚəˈntɛndənt/,n.,"superintendent, superintendents",superintend (v.),"A person who is authorized to supervise, direct or administer something.｜獲授權監督、指導或管理某事物的人","After seeing the sorry state of the Ohio Division, she decides to make him its new superintendent.",building superintendent; school superintendent; general superintendent,C2
Successive,/səˈksɛsɪv/,adj.,"successive, more successive, most successive","succeed (v.), successiveness (n.)",in regular succession without gaps｜接連不斷的,"The region suffered three successive droughts, driving many farmers to abandon their land.",successive generations; successive steps; successive frames,C2
Suffocate,/ˈsʌfəˌkeɪt/,v.,"suffocate, suffocates, suffocated, suffocated, suffocating","suffocation (n.), suffocative (adj.)","To suffer, or cause someone to suffer, from severely reduced oxygen intake to the body.｜因嚴重缺氧而受苦，或使他人受苦","Without fresh air, the trapped miners could easily suffocate within a few hours.",suffocate spirit; suffocate market; suffocate civilians,C2
Suitcase,/ˈsuˌtkeɪs/,n.,"suitcase, suitcases",None,a portable rectangular container for carrying clothes｜便攜式矩形衣物容器,She packed her suitcase the night before and left for the airport at dawn.,pack a suitcase; small suitcase; suitcase handle,C2
Subsidize,/ˈsʌbsɪˌdaɪz/,v.,"subsidize, subsidizes, subsidized, subsidized, subsidizing","subsidy (n.), subsidizer (n.), subsidization (n.)",To assist (someone or something) by granting a subsidy.｜透過提供補貼來資助（某人或某物）,"Making regular flights to most villages and towns within the state commercially viable is difficult, so they are heavily subsidized by the federal government through the Essential Air Service program.",subsidize the cost; subsidize farmers; subsidize public transport,C2
Subscribe,/səbsˈkɹaɪb/,v.,"subscribe, subscribes, subscribed, subscribed, subscribing","subscriber (n.), subscription (n.)","To pay for or sign up to receive a service, publication, or regular supply of something.｜付費或登記以接收服務、出版物或定期供應的某物",Many viewers subscribe to streaming services based on trust and contractual terms.,subscribe to a service; subscribe to a newsletter; subscribe annually,C2
Summon,/ˈsʌmən/,v.,"summon, summons, summoned, summoned, summoning",summoning (n.),To call people together; to convene; to convoke.｜召集人員；召開會議,She had to summon all her courage before stepping on stage to deliver the speech.,summon a demon; summon the gods; summon leaders,C2
Superiority,/ˌsupɪɹiˈɔɹɪti/,n. [U],no changes,superior (adj.),The state of being superior.｜優越的狀態,They were blinded by their own supposed superiority that they never considered another country would beat them.,superiority complex; intellectual superiority; show superiority,C2
Surge,/ˈsɝdʒ/,v.,"surge, surges, surged, surged, surging",None,"To rush, flood, or increase suddenly.｜突然湧入、氾濫或增加",Crowds began to surge forward the moment the gates were finally opened.,sudden surge; surge in demand; surge in popularity,C2
Subscription,/səbsˈkɹɪpʃən/,n.,"subscription, subscriptions",subscribe (v.),"Access to a resource for a period of time, generally for payment.｜在一定期限內使用資源的權利，通常需付費","During the early 1990s, the average subscription lasted for about 25 months and accounted for $350 in total revenue.",subscription price; multiple subscriptions; cancel subscriptions,C2
Superstitious,/ˌsupɚˈstɪʃəs/,adj.,"superstitious, more superstitious, most superstitious",superstition (n.),showing ignorance of the laws of nature and faith in magic or chance｜表現出對自然法則的無知和對魔術或運氣的信仰,Villagers were deeply superstitious and refused to plant crops during the week of the new moon.,superstitious beliefs; superstitious thinking; superstitious nature,C2
Suspense,/səˈspɛns/,n. [U],no changes,None,A feeling of excited or anxious uncertainty about what may happen next.｜對接下來可能發生的事感到興奮或焦慮的不確定感,The film is a character study and a suspense thriller.,building suspense; build suspense; much suspense,C2
Surname,/ˈsɝˌneɪm/,n.,"surname, surnames",None,the name used to identify the members of a family (as distinguished from each member's given name)｜用於識別家庭成員的名字（區別於各成員的名字）,"In Chinese culture, the surname is traditionally written before the given name.",own surname; change surname; bear surnames,C2
Suspension,/səˈspɛnʃən/,n.,"suspension, suspensions",suspend (v.),"The act of suspending, or the state of being suspended.｜懸掛的行為或被懸掛的狀態",The car's suspension absorbed the bump in the road so smoothly that we barely noticed the pothole.,air suspension; suspension of disbelief; suspension of an account,C2
Surgical,/ˈsɝdʒɪkəl/,adj.,"surgical, more surgical, most surgical",surgery (n.),"Of, relating to, used in, or resulting from surgery.｜屬於外科手術、用於外科手術或由外科手術引起的","However, this task is very challenging due to the small sizes of surgical instrument tips, and significant variance of surgical scenes across different procedures.",surgical procedures; surgical instruments; surgical robot,C2
Supplement,/ˈsʌpləmənt/,n.,"supplement, supplements","supplementary (adj.), supplementation (n.)","Something added; especially, such an addition added to make up for a deficiency.｜添加的東西；尤指為彌補不足而添加的東西",Her doctor recommended a vitamin supplement to address the deficiency revealed in her blood test.,dietary supplement; vitamin supplement; daily supplement,C2
Surpass,/sɚˈpæs/,v.,"surpass, surpasses, surpassed, surpassed, surpassing",None,To go beyond or exceed (something) in an adjudicative or literal sense.｜在裁判意義上或字面上超越或超過（某事物）,"In the area of visually-guided manipulation, we present simulation results in which we surpass the performance of a state-of-the-art method when using only visual information from each demonstration.",surpass performance; surpass limitations; surpass estimates,C2
Symbolize,/ˈsɪmbəˌlaɪz/,v.,"symbolize, symbolizes, symbolized, symbolized, symbolizing","symbol (n.), symbolizer (n.), symbolizing (n.), symbolization (n.)",To be symbolic of; to represent.｜作為…的象徵；代表,"Built before the violent conquests, these conical towers have come to symbolize a romanticized vision of the heyday of Sardinia’s independence.",symbolize something; symbolize vision; symbolize approach,C2
Suppress,/səˈpɹɛs/,v.,"suppress, suppresses, suppressed, suppressed, suppressing","suppresser (n.), suppressor (n.), suppression (n.), suppressive (adj.)","To put an end to, especially with force, to crush, do away with; to prohibit, subdue.｜以武力結束、鎮壓、消除；禁止、抑制","Organized Insurgency, resistance groups tried to suppress the freedmen and Republicans.",suppress appetite; suppress symptoms; suppress information,C2
Swamp,/ˈswɑmp/,v.,"swamp, swamps, swamped, swamped, swamping",swampy (adj.),To drench or fill with water.｜浸濕、淹沒、充滿水,"After the storm, the low-lying fields were completely swamped, turning the roads into muddy streams.",swamp the boat; swamp the fields; completely swamp,C2
Sympathize,/ˈsɪmpəˌθaɪz/,v.,"sympathize, sympathizes, sympathized, sympathized, sympathizing","sympathy (n.), sympathizer (n.)","To have, show or express sympathy; to be affected by feelings similar to those of another, in consequence of knowing the person to be thus affected｜同情、表示同情；感受到與他人相似的情感",Nobody sympathizes with the guy whose book is number one everywhere.,sympathize deeply; sympathize with suffering; sympathize with views,C2
Synonym,/ˈsɪnəˌnɪm/,n.,"synonym, synonyms",synonymous (adj.),two words that can be interchanged in a context are said to be synonymous relative to that context｜在某語境中可以互換的兩個詞被稱為該語境的同義詞,"By employing natural language processing techniques and insights from cognitive bias research, we delve into user interactions with synonyms within digital content.",junior synonym; use synonyms; synonym for burden,C2
Symphony,/ˈsɪmfəni/,n.,"symphony, symphonies","symphonic (adj.), symphonize (v.)",A long piece of music written for an orchestra.｜為管弦樂團創作的長篇音樂作品,The orchestra performed a beautiful symphony by Beethoven last night.,perform a symphony; famous symphony; symphony orchestra,C2
Swarm,/ˈswɔɹm/,v.,"swarm, swarms, swarmed, swarmed, swarming",None,"be teeming, be abuzz｜蜂擁、充滿","In late summer, insects began to swarm over the orchard, threatening the harvest.",swarm around; swarm over; begin to swarm,C2
Syrup,/ˈsɝəp/,n.,"syrup, syrups",None,a thick sweet sticky liquid｜濃稠甜密的黏稠液體,"It's really quite thin, a light syrup or a thin honey.",cough syrup; pour syrup over; fructose syrup,C2
Telecommunications,/ˌtɛləkəˌmjunəˈkeɪʃənz/,n. [U],no changes,None,The transmission of information over long distances by electronic means.｜透過電子方式進行遠距離資訊傳輸,Modern telecommunications have made it possible to hold video calls with people on the other side of the world.,telecommunications company; telecommunications industry; telecommunications network,C2
Symmetry,/ˈsɪmətɹi/,n.,"symmetry, symmetries","symmetric (adj.), symmetrise (v.), symmetrize (v.)","Exact correspondence on either side of a dividing line, plane, center or axis.｜分界線、平面、中心或軸線兩側的精確對應","The architect admired the perfect symmetry of the facade, with each window precisely mirroring its counterpart.",rotational symmetry; break symmetry; continuous symmetry,C2
Tan,/ˈtæn/,v.,"tan, tans, tanned, tanned, tanning","tanner (n.), tannery (n.), tanning (n.)",To change to a tan colour due to exposure to the sun.｜因日曬而變成棕褐色,"After two weeks at the beach, her skin began to tan.",tan easily; tan in the sun; gradually tan,C2
Tedious,/ˈtidiəs/,adj.,"tedious, more tedious, most tedious","tedium (n.), tediousness (n.)","Boring, monotonous, time-consuming, wearisome, livelong.｜沉悶乏味的、冗長的、令人厭倦的","Prior works used natural-language instructions, but doing so required tedious human annotation.",tedious process; extremely tedious; tedious tasks,C2
Synthetic,/sɪˈnθɛtɪk/,adj.,no changes,synthesis (n.),"Of, or relating to synthesis.｜合成的",The jacket is made from a synthetic fabric that dries quickly after a downpour.,synthetic diamonds; synthetic data; synthetic rubber,C2
Tempo,/ˈtɛˌmpoʊ/,n.,"tempo, tempos",None,the speed or pace of a piece of music or an activity｜音樂或活動的速度或節奏,The tempo and mode of an adaptive process is strongly determined by the structure of the fitness landscape that underlies it.,tempo differences; change tempo; rapid tempo,C2
Teller,/ˈtɛlɚ/,n.,"teller, tellers",tell (v.),A bank employee who receives and pays out money and assists customers with their accounts.｜銀行員工，負責收取和支付款項並協助顧客處理帳務,The bank teller counted the stack of bills twice before handing the money to the customer.,bank teller; head teller; teller window,C2
Tentative,/ˈtɛntətɪv/,adj.,"tentative, more tentative, most tentative",None,Of or pertaining to a trial or trials; essaying; experimental.｜屬於或關於試驗的；實驗性的,We here provide the first tentative evidence for this by showing that engagement of the goal-driven layer reactivated latent history-driven information.,tentative ceasefire; tentative steps; tentative evidence,C2
Terrace,/ˈtɛɹəs/,n.,"terrace, terraces",None,A flat open area on the topmost floor of a building or apartment｜建築物或公寓最頂層的平坦開放區域,We ate dinner on the terrace while watching the sun sink behind the hills.,agricultural terraces; build terraces; on the terrace,C2
Tenant,/ˈtɛnənt/,n.,"tenant, tenants","tenancy (n.), tenantry (n.)",One who holds a lease (a tenancy).｜持有租約的人,The landlord may assign the lease to a new tenant only with the owner's permission.,commercial tenant; tenant rights; evict a tenant,C2
Thereafter,/ðɛˈɹæftɚ/,adv.,no changes,None,"After that time, from then on; thenceforth.｜在那時之後，從那時起；此後","Thereafter, we develop a protocol through which these elements may be represented within a cognitive experiment.",thereafter known as; thereafter referred to as; years thereafter,C2
Thermometer,/θɚˈmɑmətɚ/,n.,"thermometer, thermometers",thermometric (adj.),measuring instrument for measuring temperature｜測量溫度的儀器,The nurse placed a thermometer under his tongue to check whether he had a fever.,digital thermometer; read a thermometer; clinical thermometer,C2
Textile,/ˈtɛkˌstaɪl/,n.,"textile, textiles",None,"Any material made of interlacing or matted fibres, including carpeting and geotextiles, woven or nonwoven.｜任何由交織或編織纖維製成的材料，包括地毯和土工織物，無論是否為機織","Electronic textiles offer great wearing comfort and unobtrusiveness, thus holding potential for next-generation health monitoring wearables.",electronic textiles; in textiles; for textiles,C2
Tiptoe,/ˈtɪˌptoʊ/,v.,"tiptoe, tiptoes, tiptoed, tiptoed, tiptoeing",None,walk on one's toes｜用腳尖行走；躡手躡腳地走,"The ballet dancer moves through the sequence on tiptoe, balancing on the same bones a human would use when rising onto the balls of the feet.",tiptoe around; tiptoe out; tiptoe through tulips,C2
Tiresome,/ˈtaɪɚsəm/,adj.,"tiresome, more tiresome, most tiresome",tiresomeness (n.),Causing fatigue or boredom; wearisome.｜令人疲憊的；令人厭煩的,The journey grew tiresome once the novelty of the scenery had worn off.,a little tiresome; tiresome argument; tiresome job,C2
Tilt,/ˈtɪlt/,v.,"tilt, tilts, tilted, tilted, tilting",tilter (n.),To move into a sloping position; to lean to one side.｜傾斜；歪斜,She had to tilt her head back to see the top of the tower.,tilt the head; tilt forward; tilt to one side,C2
Torrent,/ˈtɔɹənt/,n.,"torrent, torrents",torrential (adj.),"A violent flow, as of water, lava, etc.; a stream suddenly raised and running rapidly, as down a precipice.｜洪流；急流",After the storm the gentle stream became a raging torrent of muddy water.,wild torrent; torrent of information; torrent of events,C2
Tornado,/tɔˈɹneɪˌdoʊ/,n.,"tornado, tornadoes",None,a localized and violently destructive windstorm occurring over land characterized by a funnel-shaped cloud extending toward the ground｜龍捲風,It's really good to know about hurricanes and tornadoes.,tornado warning; tornado outbreak; tornado damage,C2
Trademark,/ˈtɹeɪˌdmɑɹk/,n.,"trademark, trademarks",None,"A word, symbol, or phrase used to identify a particular company's product and differentiate it from other companies' products.｜註冊商標",The company registered the logo as a trademark to prevent rivals from copying its distinctive design.,trademark rules; registered trademark; violate trademarks,C2
Transplant,/tɹænsˈplænt/,v.,"transplant, transplants, transplanted, transplanted, transplanting","transplanter (n.), transplanting (n.), transplantation (n.)",lift and reset in another soil or situation｜移植,Surgeons transplanted the donor organ into the recipient.,transplant an organ; transplant tissue; successfully transplant,C2
Token,/ˈtoʊkən/,n.,"token, tokens",None,Something serving as an expression of something else.｜象徵；標誌,She gave him a small gift as a token of her lasting gratitude.,token of gratitude; token of respect; small token,C2
Trek,/ˈtɹɛk/,v.,"trek, treks, trekked, trekked, trekking",trekker (n.),"journey on foot, especially in the mountains｜長途跋涉；徒步旅行",Each morning the villagers trek for miles to fetch clean water from the well.,trek through the mountains; trek across the desert; trek for miles,C2
Treasury,/ˈtɹɛʒɚi/,n.,"treasury, treasuries",None,the part of a government or organization that manages its money｜國庫；財政部,The national treasury announced new plans to manage the country's growing debt.,the national treasury; treasury department; public treasury,C2
Trifle,/ˈtɹaɪfəl/,n.,"trifle, trifles","trifler (n.), trifling (n.)",A thing of little value or importance; a small amount of something.｜瑣事；少量,He refused to argue over such a trifle and quietly let the matter drop.,a mere trifle; insignificant trifle; dismiss as a trifle,C2
Twilight,/ˈtwaɪˌlaɪt/,n. [U],no changes,None,"The dim, diffused light visible in the sky just after sunset or just before sunrise.｜暮色；曙光；黃昏",We walked home in the soft twilight as the last colours faded from the sky.,twilight hours; in the twilight; twilight zone,C2
Transcript,/ˈtɹænsˌkɹɪpt/,n.,"transcript, transcripts",None,Something which has been transcribed; a writing or composition consisting of the same words as the original; a written copy.｜謄本；抄本,She requested an official transcript of her university records to send to the new employer.,official transcript; transcript of a video; verbatim transcript,C2
Tropic,/ˈtɹɑpɪk/,n.,"tropic, tropics","tropics (n.), tropical (adj.)","Either of the two circles of latitude approximately 23.5° north and south of the equator, marking the limits of the sun's direct overhead position.｜回歸線","Albedo is highest near the poles and lowest in the subtropics, with a local maximum in the tropics.",Tropic of Cancer; Tropic of Capricorn; cross the tropic,C2
Transmit,/tɹænˈzmɪt/,v.,"transmit, transmits, transmitted, transmitted, transmitting","transmittal (n.), transmitter (n.), transmission (n.), transmitting (n.), transmissible (adj.)","To send or convey from one person, place or thing to another.｜傳送；傳達",Maybe that is a way of transmitting a lesson to the next generation about how to cope or about a potential dangerous situation or scenario.,transmit signals; transmit power; transmit data,C2
Trout,/ˈtɹaʊt/,n. [U],no changes,None,flesh of any of several primarily freshwater game and food fishes｜鱒魚肉,"He spent the morning casting his line across the quiet river, hoping to catch a wild trout.",brown trout; wild trout; catch a trout,C2
Trustee,/ˌtɹʌˈsti/,n.,"trustee, trustees",trust (v.),A person or institution appointed to hold and manage property or assets on behalf of others.｜受托人；保管人,Each trustee is responsible for ensuring the charity spends its funds in line with its stated mission.,charity trustee; board of trustees; act as a trustee,C2
Tuck,/ˈtʌk/,v.,"tuck, tucks, tucked, tucked, tucking",tucker (n.),To pull or gather up (an item of fabric).｜把…塞進；把…折起,She tucked the blanket around the child before leaving the room.,tuck in; tuck away; tuck under,C2
Trillion,/ˈtɹɪljən/,n.,"trillion, trillions",None,The number equal to one million million (10¹²); an extremely large quantity.｜兆,"Because the clocks were, on average, well above sea level, this meant that TAI slowed by about one part in a trillion.",trillions of dollars; trillions of tokens; many trillions,C2
Underway,/ˌʌndɚˈweɪ/,adj.,"underway, more underway, most underway",None,currently in progress｜進行中的,Investigations along all of those lines are underway.,work underway; preparations underway; already underway,C2
Unanimous,/juˈnænəməs/,adj.,no changes,unanimity (n.),"Based on unanimity, assent or agreement.｜基於全體一致意見、同意或共識的","Although the regency patronised the tribal chieftains, it never had the unanimous allegiance of the countryside, where heavy taxation frequently provoked unrest.",unanimous decision; unanimous consent; unanimous vote,C2
Turmoil,/ˈtɝˌmɔɪl/,n. [U],no changes,None,A state of great disorder or uncertainty.｜極度混亂或不安的狀態,"Amid the turmoil of military actions, on June 30, 1864, Lincoln signed into law the Yosemite Grant, which provided unprecedented federal protection for the area now known as Yosemite National Park.",emotional turmoil; political turmoil; economic turmoil,C2
Twinkle,/ˈtwɪŋkəl/,v.,"twinkle, twinkles, twinkled, twinkled, twinkling","twinkly (adj.), twinkler (n.)","to shine with a faint, flickering light｜發出微弱閃爍的光",The stars began to twinkle brightly in the clear night sky.,twinkle brightly; stars twinkle; eyes twinkle,C2
Unconditional,/ˌʌnkəˈndɪʃənəl/,adj.,no changes,None,"Absolute; without conditions, limitations, reservations or qualifications.｜絕對的；無條件的、無限制的、無保留的或無保留條件的",Flow matching has a nice property in the unconditional case: trajectories are implicitly encouraged to be unique (flows should not intersect).,unconditional love; unconditional security; unconditional surrender,C2
Underpass,/ˈʌndɚˌpæs/,n.,"underpass, underpasses",None,an underground tunnel or passage enabling pedestrians to cross a road or railway｜地下通道或隧道，讓行人穿越馬路或鐵路,"Because of heavy traffic near the monument, pedestrians use an underpass to cross the road safely.",railway underpass; pedestrian underpass; walk through the underpass,C2
Urgency,/ˈɝdʒənsi/,n. [U],no changes,"urge (v.), urgent (adj.)",The quality or condition of being urgent.｜緊急的性質或狀態,"However Congress had no power to compel the states to fund this obligation, and as the war wound down after the victory at Yorktown the sense of urgency to support the military was no longer a factor.",increasing urgency; create urgency; real urgency,C2
Underestimate,/ˈʌndɚˈɛstəˌmeɪt/,v.,"underestimate, underestimates, underestimated, underestimated, underestimating",underestimation (n.),"to think that something is smaller, cheaper, or less important than it really is｜低估",Many people underestimate the time and effort required to learn a new language well.,underestimate the cost; underestimate the risk; underestimate the power of technology,C2
Unification,/ˌjunəfəˈkeɪʃən/,n. [U],no changes,unify (v.),The act or process of unifying.｜統一或合併的行為或過程,We apply computational Game Theory to a unification of physics-based models that represent decision-making across a number of agents within both cooperative and competitive processes.,theoretical unification; unification of models; unification of peoples,C2
Upright,/əˈpɹaɪt/,adj.,"upright, more upright, most upright",uprightness (n.),Vertical; erect.｜垂直的；直立的,The bookcase was bolted upright to the wall so it would not tip over during an earthquake.,upright bass; upright posture; upright position,C2
Uprising,/əˈpɹaɪzɪŋ/,n.,"uprising, uprisings",None,A popular revolt that attempts to overthrow a government or its policies; an insurgency or insurrection.｜旨在推翻政府或其政策的民眾叛亂；叛亂或起義,The popular uprising spread rapidly from the capital to provincial cities as anger over corruption mounted.,popular uprising; armed uprising; mass uprising,C2
Unveil,/əˈnveɪl/,v.,"unveil, unveils, unveiled, unveiled, unveiling",unveiling (n.),To remove a veil from; to uncover; to reveal something hidden.｜揭開面紗；揭露；揭示隱藏的事物,We construct the phase diagram of the theory and unveil the presence of two critical lines.,unveil a plan; unveil a new model; publicly unveil,C2
Upward,/ˈʌpwɚd/,adj.,"upward, more upward, most upward",None,directed up｜向上的,"Periods with an upward market trend, higher volatility and liquidity, and lower macroeconomic uncertainty are associated with greater contrarian profitability.",upward motion; upward mobility; upward trajectory,C2
Underneath,/ˌʌndɚˈniθ/,prep.,no changes,None,"Under, below, beneath.｜在…下面",The roots spread underneath the surface of the soil.,stored underneath; hidden underneath; underneath the surface,C2
Unify,/ˈjunəˌfaɪ/,v.,"unify, unifies, unified, unified, unifying",unification (n.),Cause to become one; make into a unit; consolidate; merge; combine.｜使成為一體；使形成一個單位；合併；結合,The leader hoped a common goal would unify the divided factions within the party.,unify a nation; unify opposing theories; unify the factions,C2
Usher,/ˈʌʃɚ/,v.,"usher, ushers, ushered, ushered, ushering",usherette (n.),to guide someone somewhere or cause a new period or development to begin｜引導某人到某處或標誌著新時期或發展的開始,The Manhattan Project changed the world by ushering in the atomic age.,usher in an era; usher guests to their seats; usher in change,C2
Vaccine,/ˌvæˈksin/,n.,"vaccine, vaccines",vaccinate (v.),immunogen consisting of a suspension of weakened or dead pathogenic cells injected in order to stimulate the production of antibodies｜免疫原，由減弱或死亡的病原細胞懸浮液製成，用於刺激抗體產生,Improved vaccine efficiency contributed to a lasting reduction in antibiotic use during the 1990s.,vaccine schedule; receive a vaccine; effective vaccine,C2
Utter,/ˈʌtɚ/,v.,"utter, utters, uttered, uttered, uttering","utterer (n.), utterable (adj.), utterance (n.)",to say or express something aloud｜大聲說出或表達某事物,"In our task setup, we compare several approaches to predicting which word an individual performing SFT will utter next.",utter a word; utter a warning; barely utter,C2
Vanity,/ˈvænəti/,n. [U],no changes,None,"excessive pride in or admiration of one's appearance, abilities, or achievements｜過度驕傲或欽佩自己的外表、能力或成就",His refusal to admit the mistake was driven largely by vanity.,personal vanity; wounded vanity; appeal to vanity,C2
Vanilla,/vəˈnɪlə/,n. [U],no changes,None,"The flavouring extracted from the pods of tropical vanilla orchids, widely used in food and perfume.｜從熱帶香草蘭豆莢中提取的香料，廣泛用於食品和香水",She preferred a simple vanilla ice cream to the fancier desserts topped with fruit and chocolate.,vanilla frosting; pure vanilla; with vanilla,C2
Velvet,/ˈvɛlvət/,n. [U],no changes,velvety (adj.),"A closely woven fabric (originally of silk, now also of cotton or man-made fibres) with a thick short pile on one side.｜一種緊密編織的織物（最初為絲綢，現在也用棉或人造纖維），一面有厚密的短毛絨","An integral component of their costume is the Xhamadan, a woolen red velvet vest adorned with folkloric motifs and gold patterns.",red velvet; velvet curtain; velvet dress,C2
Veil,/ˈveɪl/,v.,"veil, veils, veiled, veiled, veiling",None,"to cover, obscure, or conceal something, or cover it with a veil｜用面紗覆蓋、遮蔽或隱藏某物，或用面紗覆蓋",A thin mist veiled the lake as the sun began to rise.,veil the truth; partially veil; veil the landscape from view,C2
Vapor,/ˈveɪpɚ/,n.,"vapor, vapors","vaporise (v.), vaporize (v.), vaporous (adj.)","Cloudy diffused matter such as mist, steam or fumes suspended in the air.｜懸浮在空氣中的雲狀擴散物質，如霧、蒸汽或煙氣",Water vapor rose gently from the surface of the hot spring on the cold morning air.,water vapor; vapor pressure; vapor deposition,C2
Veterinarian,/ˌvɛtɹəˈnɛɹiən/,n.,"veterinarian, veterinarians",None,a doctor who practices veterinary medicine｜執業獸醫的醫生,"Determinations of clinical signs and mastitis were made by dairy farm owners, workers, and/or veterinarians, depending on each dairy.",consult a veterinarian; licensed veterinarian; local veterinarian,C2
Veto,/ˈvitoʊ/,v.,"veto, vetoes, vetoed, vetoed, vetoing",None,To use a veto against.｜使用否決權反對,The governor vetoed the bill after lawmakers refused to amend it.,veto a bill; veto a proposal; threaten to veto,C2
Vibrate,/ˈvaɪbɹeɪt/,v.,"vibrate, vibrates, vibrated, vibrated, vibrating","vibrant (adj.), vibrancy (n.), vibrator (n.), vibration (n.), vibratory (adj.)","To shake with small, rapid movements to and fro.｜以快速小幅的動作來回搖動",His phone began to vibrate quietly on the table as the message came in.,vibrate strings; vibrate at frequency; vibrate diaphragm,C2
Vibration,/vaɪˈbɹeɪʃən/,n.,"vibration, vibrations","vibrate (v.), vibrational (adj.)",the act of vibrating｜振動的行為,"In the adult state, they have tear ducts and movable eyelids, and most species have ears that can detect airborne or ground vibrations.",capturing vibration; feel vibrations; create vibrations,C2
Vineyard,/ˈvɪnjɚd/,n.,"vineyard, vineyards",None,a farm of grapevines where wine grapes are produced｜生產葡萄酒用葡萄的葡萄園農場,They spent a pleasant afternoon walking through the sunny vineyard and tasting wine.,small vineyard; family vineyard; plant vineyard,C2
Versatile,/ˈvɝsətəl/,adj.,"versatile, more versatile, most versatile",versatility (n.),Capable of doing many things competently.｜能夠勝任地做很多事情,It's a very versatile concept because it can mean very many different things.,versatile tools; versatile framework; versatile platform,C2
Vigorous,/ˈvɪɡɚəs/,adj.,"vigorous, more vigorous, most vigorous",vigor (n.),Physically strong and active.｜身體強健且活躍,The doctor recommended vigorous exercise three times a week to improve his health.,vigorous search; vigorous exercise; vigorous activity,C2
Vigor,/ˈvɪɡɚ/,n. [U],no changes,vigorous (adj.),Physical or mental strength and energy; enthusiasm and determination.｜身體或精神上的力量與精力；熱情與決心,She returned to her studies with renewed vigor after a restful summer break.,mental vigor; physical vigor; with vigor,C2
Villa,/ˈvɪlə/,n.,"villa, villas",None,"A large and luxurious country house, typically one used as a holiday home.｜大型豪華的鄉村別墅，通常用作度假屋",They rented a small villa on the coast for two weeks and spent every day on the beach.,private villa; beach villa; rent a villa,C2
Vocation,/voʊˈkeɪʃən/,n.,"vocation, vocations",None,"A person's occupation or profession, especially one regarded as suited to their abilities or calling.｜一個人的職業或專業，尤其被認為適合其能力或使命的",Pierre de Fermat was a highly influential mathematician whose primary vocation was law.,true vocation; religious vocation; military vocation,C2
Victor,/ˈvɪktɚ/,n.,"victor, victors",None,a combatant who is able to defeat rivals｜能夠打敗對手的鬥士,The victor of the long chess tournament was a quiet teenager from a small mountain town.,victor of the contest; emerge as the victor; celebrate the victor,C2
Violinist,/vaɪəˈlɪnəst/,n.,"violinist, violinists",violin (n.),a musician who plays the violin｜演奏小提琴的音樂家,The young violinist won first prize in the regional competition at only sixteen years old.,first chair violinist; first violinist; great violinists,C2
Vice,/ˈvaɪs/,n. [U],no changes,None,immoral or wicked behaviour; a bad habit｜不道德或邪惡的行為；壞習慣,The politician's secret vice was revealed by a journalist who had been investigating him for months.,common vice; secret vice; moral vice,C2
Vowel,/ˈvaʊəl/,n.,"vowel, vowels",vowelize (v.),a speech sound produced with an open vocal tract and no significant obstruction of airflow｜由開放的聲道發出且氣流沒有明顯阻礙的語音,"Every English word contains at least one vowel, though the vowel may be silent in some words.",vowel sound; long vowel; pronounce a vowel,C2
Vine,/ˈvaɪn/,n.,"vine, vines",None,Any plant whose stem requires support and which climbs by tendrils or twining.｜任何莖部需要支撐並透過卷鬚或纏繞攀爬的植物,A thick vine had grown up the side of the old house and covered most of the front wall.,grapevine; climbing vine; vine leaves,C2
Villain,/ˈvɪlən/,n.,"villain, villains",villainous (adj.),"A vile, wicked person.｜邪惡的人",The novel's villain supports the regime even after learning the truth about its crimes.,main villain; comic-book villain; villain of the story,C2
Virgin,/ˈvɝdʒɪn/,n.,"virgin, virgins","virginal (adj.), virginity (n.)","A person who has never had sexual intercourse, or (uncommonly) an animal that has never mated.｜從未有過性行為的人，或（不常見地）從未交配過的動物",She remained a virgin until she married in her late twenties.,remain a virgin; lifelong virgin; self-described virgin,C2
Vocational,/voʊˈkeɪʃənəl/,adj.,no changes,None,of or relating to a vocation or occupation; especially providing or undergoing training in special skills｜關於職業或工作的；尤其提供或接受特殊技能培訓的,We find no effects of short-term activation measures and further vocational training on aggregate labour market outcomes.,vocational training; vocational schools; vocational education,C2
Wag,/ˈwæɡ/,v.,"wag, wags, wagged, wagged, wagging",None,"To swing from side to side, as an animal's tail, or someone's head to express disagreement or disbelief.｜搖擺，指動物尾巴或某人的頭來回擺動以表示反對或不相信。",The dog wagged its tail excitedly the moment it heard its owner reach for the lead.,wag its tail; wag a finger; wag one's head,C2
Vitality,/vaɪˈtæləti/,n. [U],no changes,vital (adj.),The capacity to live and develop.｜存活和發展的能力。,"In the subsequent part of the paper, we focus on the usability of such classification: we apply our method in a case study of urban vitality prediction.",increase vitality; urban vitality; restore vitality,C2
Weary,/ˈwɪɹi/,adj.,"weary, wearier, weariest",weariness (n.),Having the strength exhausted by toil or exertion; tired; fatigued.｜精力因勞動或努力而耗盡的；疲倦的；疲憊的。,"It is called the bed of Actaeon, for it is said that he slept thereon when weary with hunting and that into this spring he looked while Artemis was bathing in it.",weary traveler; weary passengers; weary boys,C2
Walnut,/ˈwɔˌlnʌt/,n.,"walnut, walnuts",None,"A hard, round nut with a wrinkled shell that you can eat.｜一種硬圓形堅果，外殼有皺紋，可以食用。",She chopped some walnuts and sprinkled them over the salad.,chopped walnuts; walnut shell; walnut oil,C2
Ward,/ˈwɔɹd/,n.,"ward, wards",warder (n.),A separate room or section in a hospital for patients with similar conditions.｜醫院中為患有類似疾病的患者設立的獨立房間或區域。,She spent two weeks recovering in the hospital ward before she was finally allowed to go home.,hospital ward; psychiatric ward; children's ward,C2
Wardrobe,/ˈwɔɹˌdɹoʊb/,n.,"wardrobe, wardrobes",None,"A person's entire collection of clothes; also, a large cabinet used for storing clothes.｜一個人全部的衣物；也指用於存放衣物的大型櫥櫃。",She spent the weekend clearing out her wardrobe and donating clothes she had not worn in years.,capsule wardrobe; extensive wardrobe; spring wardrobe,C2
Warranty,/ˈwɔɹənti/,n.,"warranty, warranties",None,A guarantee that a certain outcome or obligation will be fulfilled; security.｜確保某項結果或義務將被履行的保證；擔保。,"We’re sharing it as-is, without warranties or guarantees, to engage with early adopters and gather feedback.",limited warranty; extended warranty; warranty coverage,C2
Wharf,/ˈwɔɹf/,n.,"wharf, wharves",wharfage (n.),a platform built out from the shore into the water and supported by piles; provides access to ships and boats｜從岸邊延伸到水中的平台，由樁支撐，供船隻停靠。,A few stations have a basic wharf facility.,fish wharf; dock at the wharf; wooden wharf,C2
Waterproof,/ˈwɔtɚˌpɹuf/,adj.,no changes,waterproofing (n.),not permitting the passage of water｜不透水的。,A superhydrophobic fluorinated self-assembled monolayer was deposited on the E-textile surface to render it waterproof while retaining the electrical conductivity.,fully waterproof; waterproof fabric; waterproof shoes,C2
Warrant,/ˈwɔɹənt/,v.,"warrant, warrants, warranted, warranted, warranting","warrantee (n.), warranter (n.), warrantor (n.)",to justify or make necessary a particular action or conclusion｜證明某項行動或結論正當或必要。,"Pesticides select for pesticide resistance in the pest population, leading to a condition termed the ""pesticide treadmill"" in which pest resistance warrants the development of a new pesticide.",warrant further investigation; warrant attention; hardly warrant,C2
Whiskey,/ˈwɪski/,n. [U],no changes,None,a liquor made from fermented mash of grain｜由發酵的穀物糊製成的烈酒。,He poured himself a small glass of whiskey and sat by the fire to think.,Irish whiskey; drink whiskey; sip whiskey,C2
Widow,/ˈwɪdoʊ/,n.,"widow, widows",widowhood (n.),a woman whose husband is dead especially one who has not remarried｜丈夫已故的女人，尤指未再婚者。,"After her husband passed away, she lived as a widow for almost thirty years.",young widow; war widow; widow's pension,C2
Wholesale,/ˈhoʊˌlseɪl/,adj.,"wholesale, more wholesale, most wholesale",wholesaler (n.),"Of or relating to sale in large quantities, for resale.｜關於或涉及大量銷售以供轉售的。","An increase in reserves raises wholesale deposits but not retail deposits, while more lending raises both.",wholesale sales; wholesale prices; wholesale markets,C2
Woodpecker,/ˈwʊˌdpɛkɚ/,n.,"woodpecker, woodpeckers",None,bird with strong claws and a stiff tail adapted for climbing and a hard chisel-like bill for boring into wood for insects｜爪子強健、尾部僵硬的鳥，適應攀爬，並有堅硬的鑿狀喙以啄木捕食昆蟲。,A woodpecker tapped steadily at the dead trunk in search of hidden insects.,pileated woodpecker; woodpecker tapping; red-headed woodpecker,C2
Wholesome,/ˈhoʊlsəm/,adj.,"wholesome, more wholesome, most wholesome",wholesomeness (n.),Promoting good physical health and well-being.｜促進身體健康和福祉的。,The cafe serves wholesome food prepared from fresh local ingredients.,wholesome food; wholesome entertainment; wholesome lifestyle,C2
Withhold,/wɪˈθhoʊld/,v.,"withhold, withholds, withheld, withheld, withholding","withholder (n.), withholding (n.)","to refuse to give, provide, or release something, especially information, money, or support｜拒絕給予、提供或釋放某物，尤指資訊、金錢或支援。",The company chose to withhold key financial information from shareholders ahead of the annual meeting.,withhold information; withhold funding; withhold consent,C2
Woe,/ˈwoʊ/,n.,"woe, woes","woeful (adj.), woefully (adv.)",Great sadness or distress; a misfortune causing such sadness.｜極度的悲傷或苦難；造成這種悲傷的不幸。,"It is not the weal or woe of any one individual, but that of the human race to come, which is here at stake.",financial woes; woes of modern life; cause great woe,C2
Wrestle,/ˈɹɛsəl/,v.,"wrestle, wrestles, wrestled, wrestled, wrestling","wrestler (n.), wrestling (n.)",To take part in (a wrestling bout or match).｜參加摔角比賽。,The two athletes wrestled for several minutes before either scored.,wrestle with an opponent; wrestle professionally; wrestle for control,C2
Workforce,/ˈwɝˌkfɔɹs/,n. [U],no changes,None,"All the workers employed by a specific organization or state, or on a specific project.｜受僱於特定組織、國家或特定專案的全體工作者。",Companies that invest in training tend to retain a more skilled and productive workforce.,skilled workforce; diverse workforce; enter the workforce,C2
Yearn,/ˈjɝn/,v.,"yearn, yearns, yearned, yearned, yearning","yearner (n.), yearning (n.)",To have a strong desire for something or to do something; to long for or to do something.｜強烈渴望某事物或做某事。,After years abroad she began to yearn for the quiet streets of her hometown.,yearn for connection; yearn for freedom; yearn for the past,C2
Wrinkle,/ˈɹɪŋkəl/,v.,"wrinkle, wrinkles, wrinkled, wrinkled, wrinkling",None,To make wrinkles in; to cause to have wrinkles.｜使起皺紋；使有皺紋,Years of exposure to the sun had wrinkled the leather seats.,wrinkle the skin; wrinkle a shirt; badly wrinkle,C2
Yoga,/ˈjoʊɡə/,n. [U],no changes,None,Hindu discipline aimed at training the consciousness for a state of perfect spiritual insight and tranquility that is achieved through the three paths of actions and knowledge and devotion｜印度教修行法門，旨在訓練意識達到完美的心靈洞察力與寧靜境界，透過行動、知識與奉獻三條途徑而達成,She started practising yoga every morning to improve her flexibility and clear her mind.,yoga class; hot yoga; yoga studios,C2
Utensil,/ˈjutənsəl/,n.,"utensil, utensils",None,"An instrument or device for domestic use, especially in the kitchen.｜家庭使用的器具或工具，尤指廚房用具",Common modifications include increasing the size of the utensil handle to make it easier to grasp.,kitchen utensils; cooking utensil; eating utensils,C2
Yogurt,/ˈjoʊɡɚt/,n.,"yogurt, yogurts",None,"a thick, mildly sour food made by fermenting milk with bacterial cultures｜一種濃稠、略帶酸味的食品，由牛奶與細菌培養物發酵製成","Accompanying these staples are native fruits and vegetables as well as dairy products such as milk, yogurt, and whey.",yogurt parfait; Greek yogurt; yogurt smoothie,C2
Zoom,/ˈzum/,v.,"zoom, zooms, zoomed, zoomed, zooming",None,move along very quickly｜快速移動,"If we zoom out, philosophically speaking, the reason we want to get to adulthood is because living that way makes us anti-fragile.",zoom in; zoom out; zoom past,C2
