word,ipa,pos,inflections,derivatives,definition,example,collocations,context_type
Discreet,/dɪˈskrit/,adj.,"discreet, more discreet, most discreet","discreetly (adv.), discretion (n.)",careful and prudent in action or speech; showing good judgment｜謹慎的；考慮周到的,"To avoid unwanted attention, the diplomat made a discreet exit through the back door of the embassy yesterday.",a discreet silence; discreet inquiries; highly discreet,B1
Sporadic,/spəˈrædɪk/,adj.,"sporadic, more sporadic, most sporadic",sporadically (adv.),occurring irregularly; scattered; intermittent｜偶發的；零星的,More than 100 people have been killed this year in sporadic outbursts of ethnic violence.,sporadic fighting; sporadic gunfire; sporadic outbreaks,B1
Ephemeral,/ɪˈfɛmərəl/,adj.,"ephemeral, more ephemeral, most ephemeral",ephemerally (adv.),lasting for a very short time; transitory｜短暫的；朝生暮死的,"Fame in the world of rock and pop can be quite ephemeral, often fading as quickly as it appears in the public eye.",ephemeral beauty; ephemeral nature; ephemeral fashion,B1
Hazardous,/ˈhæzərdəs/,adj.,"hazardous, more hazardous, most hazardous","hazardously (adv.), hazard (n.)",dangerous; involving risk of harm or injury｜危險的；有害的,Exposure to hazardous chemicals without proper protective equipment can cause serious long-term health problems.,hazardous materials; hazardous waste; hazardous conditions,B1
Hazard,/ˈhæzərd/,n.,"hazard, hazards",hazardous (adj.),danger; hazard｜危險；隱患,The accumulation of toxic industrial waste poses a severe and long-term health hazard to the local ecosystem.,a health hazard; fire hazard; occupational hazard,B1
Precarious,/prɪˈkɛriəs/,adj.,"precarious, more precarious, most precarious","precariously (adv.), precariousness (n.)",unstable; dangerous｜不穩定的；危險的,Many borrowers now find themselves caught in a precarious financial position.,a precarious position; precarious situation; financially precarious,B1
Poised,/pɔɪzd/,adj.,"poised, more poised, most poised",poise (v.),ready; composed｜準備就緒的；鎮定的,"He sat with his pencil poised, ready to take notes the moment the professor began the complex lecture.",poised for success; poised to act; calm and poised,B1
Haziness,/ˈheɪzinəs/,n. [U],no changes,hazy (adj.),haziness; obscurity｜朦朧；模糊,"A thick haziness settled over the harbor, making it impossible for ships to navigate safely.",mental haziness; a slight haziness; haziness of the sky,B1
Hazy,/ˈheɪzi/,adj.,"hazy, hazier, haziest","hazily (adv.), haziness (n.)",hazy; unclear｜朦朧的；模糊不清的,"I have a hazy memory of those early childhood years, struggling to recall specific details of our old house.",hazy memories; hazy sunshine; a hazy idea,B1
Rationale,/ˌræʃəˈnæl/,n.,"rationale, rationales",rational (adj.),basic reason; logical basis｜基本理由；邏輯依據,I don't understand the rationale for these new parking restrictions being implemented across the university campus.,the underlying rationale; rationale behind the decision; provide a rationale,B1
Ample,/ˈæmpəl/,adj.,"ample, ampler, amplest",amply (adv.),ample; spacious｜充足的；寬敞的,There is ample evidence to suggest that regular exercise improves both physical and mental health.,ample evidence; ample time; ample opportunity,B1
Deficient,/dɪˈfɪʃənt/,adj.,"deficient, more deficient, most deficient","deficiency (n.), deficiently (adv.)",deficient; defective｜缺乏的；有缺陷的,A diet deficient in vitamin D may affect your bones and overall health.,deficient in vitamins; highly deficient; mentally deficient,C1
Bloodshed,/ˈblʌdʃɛd/,n. [U],no changes,None,bloodshed; killing｜流血；殺戮,Diplomatic negotiations were held in an effort to prevent further bloodshed in the disputed border region.,prevent bloodshed; widespread bloodshed; avoid bloodshed,B1
Rational,/ˈræʃənəl/,adj.,"rational, more rational, most rational","rationally (adv.), rationality (n.)",rational; reasonable｜理性的；合理的,He was too upset and in that state of mind he couldn't make a rational decision.,rational thought; a rational decision; rational explanation,B1
Irrational,/ɪˈræʃənəl/,adj.,"irrational, more irrational, most irrational","irrationally (adv.), irrationality (n.)",irrational; unreasonable｜不理智的；無理性的,"She had an irrational fear of elevators, so she always took the stairs no matter how high the floor.",irrational fear; irrational behavior; highly irrational,C1
Hideous,/ˈhɪdiəs/,adj.,"hideous, more hideous, most hideous","hideously (adv.), hideousness (n.)",hideous; terrible｜極醜的；可怕的,The hideous scar on his face was a constant reminder of the accident that had nearly killed him.,a hideous crime; hideous monster; looking hideous,B1
Profuse,/prəˈfjus/,adj.,"profuse, more profuse, most profuse","profusely (adv.), profusion (n.)",profuse; abundant｜大量的；豐富的,She was admitted to the hospital with profuse bleeding after the severe accident on the construction site.,profuse apologies; profuse bleeding; profuse sweating,B1
Galore,/ɡəˈlɔr/,adj.,no changes,None,galore; abundant｜大量的；豐富的,"The spring festival had food, music, and prizes galore, attracting thousands of visitors from across the region.",bargains galore; prizes galore; opportunities galore,B1
Evasive,/ɪˈveɪsɪv/,adj.,"evasive, more evasive, most evasive","evasively (adv.), evasiveness (n.)",evasive; shifty｜逃避的；推託的,"The mayor was her usual evasive self, skillfully dodging reporters' questions.",take evasive action; an evasive answer; evasive maneuvers,B1
Perplex,/pərˈplɛks/,v.,"perplex, perplexes, perplexed, perplexed, perplexing","perplexed (adj.), perplexing (adj.), perplexity (n.)",to perplex; to complicate｜使困惑；使複雜化,The sudden and unexplained spread of the new disease has continued to perplex doctors and medical researchers.,perplex researchers; perplex the audience; continue to perplex,C1
Confound,/kənˈfaʊnd/,v.,"confound, confounds, confounded, confounded, confounding",confounding (adj.),to confound; to bewilder｜使困惑；使不知所措,The magician's ability to confound the audience with his illusions made the show truly unforgettable.,confound expectations; confound the critics; completely confound,B1
Spurious,/ˈspjʊriəs/,adj.,"spurious, more spurious, most spurious","spuriously (adv.), spuriousness (n.)",spurious; fabricated｜虛假的；偽造的,"The researcher dismissed the evidence as spurious, noting that it had been fabricated to support a flawed conclusion.",spurious claims; spurious argument; entirely spurious,B1
Pliable,/ˈplaɪəbəl/,adj.,"pliable, more pliable, most pliable",pliability (n.),pliable; flexible｜柔韌的；易受影響的,The newly developed plastic material becomes highly pliable and easy to mold if it is heated to a specific temperature.,pliable material; a pliable mind; soft and pliable,C1
Unyielding,/ʌnˈjildɪŋ/,adj.,"unyielding, more unyielding, most unyielding",unyieldingly (adv.),unyielding; rigid｜堅硬的；不屈的,The negotiators faced an unyielding opponent who refused to compromise on any of the key terms.,unyielding resolve; unyielding surface; firm and unyielding,B1
Aloof,/əˈluf/,adj.,"aloof, more aloof, most aloof",aloofness (n.),cold; aloof｜冷漠的；疏遠的,"She seemed rather aloof during the social gathering, when in fact she was just feeling shy and overwhelmed.",remain aloof; keep aloof; aloof demeanor,B1
Biased,/ˈbaɪəst/,adj.,"biased, more biased, most biased",bias (n.),biased; partial｜有偏見的；偏袒的,"The local newspapers gave a very biased report of the town hall meeting, clearly favoring the mayor's perspective.",heavily biased; biased towards; biased against,B1
Unbiased,/ʌnˈbaɪəst/,adj.,"unbiased, more unbiased, most unbiased",None,unbiased; fair｜無偏見的；公正的,The independent panel provided an unbiased assessment of the evidence.,unbiased advice; an unbiased opinion; completely unbiased,C1
Phlegmatic,/flɛɡˈmætɪk/,adj.,"phlegmatic, more phlegmatic, most phlegmatic",phlegmatically (adv.),calm; sluggish｜冷靜的；遲鈍的,"He is a retired lawyer with a solid, phlegmatic manner, rarely showing emotion even during stressful situations.",a phlegmatic temperament; phlegmatic approach; remaining phlegmatic,C1
Stoic,/ˈstoʊɪk/,n.,"stoic, stoics","stoically (adv.), stoicism (n.)",resolute; emotionally restrained｜堅忍的人；克制情感的人,"As a lifelong stoic, Marcus Aurelius practiced remaining calm and rational regardless of his external circumstances.",like a stoic; true stoic; act as a stoic,C1
Callous,/ˈkæləs/,adj.,"callous, more callous, most callous","callously (adv.), callousness (n.)",cold; unfeeling｜冷酷無情的,His callous response to the victim's suffering shocked everyone who witnessed the incident.,a callous disregard; callous remark; seemingly callous,B1
Callus,/ˈkæləs/,n.,"callus, calluses",callused (v.),callus; hardened skin｜老繭；硬皮,"After weeks of heavy lifting and manual labor, thick calluses began to form on his palms and fingers.",develop a callus; thick callus; a rough callus,C1
Robust,/roʊˈbʌst/,adj.,"robust, more robust, most robust","robustly (adv.), robustness (n.)",strong; sturdy｜強健的；結實的,The robust economy created thousands of new jobs and significantly reduced unemployment across the country.,robust health; robust economy; robust flavor,C1
In the pink,/ɪn ðə pɪŋk/,adj.,no changes,None,in excellent health｜非常健康的,"After a week of rest, he was feeling in the pink and ready to return to work.",in the pink; right in the pink; in the pink of health,B1
Chipper,/ˈtʃɪpər/,adj.,"chipper, more chipper, most chipper",None,cheerful; lively｜精神爽朗的；活潑的,"Despite the gloomy weather, she cheered us up with her warm, chipper manner.",feeling chipper; look chipper; sound chipper,B1
Ancestral,/ænˈsɛstrəl/,adj.,"ancestral, more ancestral, most ancestral","ancestor (n.), ancestry (n.)",ancestral; hereditary｜祖先的；祖傳的,The family returned to their ancestral home in Scotland after several generations living abroad.,ancestral home; ancestral lands; ancestral roots,C1
Ancestor,/ˈænsɛstər/,n.,"ancestor, ancestors","ancestral (adj.), ancestry (n.)",ancestor; pioneer｜祖先；先驅,Archaeologists have discovered several ancient tools that were used by our early ancestors to hunt large mammals.,common ancestor; early ancestor; ancient ancestor,C1
Therapeutic,/ˌθɛrəˈpjutɪk/,adj.,"therapeutic, more therapeutic, most therapeutic","therapeutically (adv.), therapy (n.)",therapeutic; curative｜治療的；有療效的,Many doctors recommend yoga as a therapeutic activity for patients recovering from anxiety and depression.,therapeutic benefits; therapeutic effect; highly therapeutic,C1
Lenient,/ˈliniənt/,adj.,"lenient, more lenient, most lenient","leniently (adv.), leniency (n.)",lenient; merciful｜寬容的；仁慈的,People in my country believe that judges are too lenient with murder suspects.,a lenient sentence; too lenient; lenient with,C1
Lax,/læks/,adj.,"lax, laxer, laxest","laxity (n.), laxly (adv.)",lax; slack｜鬆懈的；不嚴格的,The airport authorities were found to be incredibly lax in investigating the recent security breaches at the terminal.,lax security; lax regulations; too lax,B1
Truce,/trus/,n.,"truce, truces",None,truce; armistice｜休戰；停戰協定,The two rival gangs agreed to call a truce during the holiday season to prevent further violence.,call a truce; declare a truce; temporary truce,B1
Indefinitely,/ɪnˈdɛfənɪtli/,adv.,"indefinitely, more indefinitely, most indefinitely",indefinite (adj.),indefinitely; endlessly｜無限期地；無止境地,"Due to the ongoing financial crisis, the construction of the new community center has been postponed indefinitely.",postpone indefinitely; delay indefinitely; suspend indefinitely,B1
Luster,/ˈlʌstər/,n. [U],no changes,lustrous (adj.),luster; sheen｜光澤；光彩,"After being carefully cleaned by the restorer, the antique gold crown regained its original luster and brilliance.",lose its luster; restore luster; add luster to,B1
Incandescence,/ˌɪnkænˈdɛsəns/,n. [U],no changes,incandescent (adj.),incandescence; white heat｜白熾；熾熱,The incandescence of the molten metal lit up the entire foundry with an intense orange glow.,glow with incandescence; brilliant incandescence; pure incandescence,C1
Incandescent,/ˌɪnkænˈdɛsənt/,adj.,"incandescent, more incandescent, most incandescent",incandescence (n.),incandescent; passionate｜白熾的；熱情洋溢的,"The sun blazed down from an incandescent sky, making it nearly impossible to stay outside without proper shade.",incandescent light bulb; incandescent glow; incandescent performance,C1
Luminous,/ˈlumənəs/,adj.,"luminous, more luminous, most luminous","luminosity (n.), luminously (adv.)",emitting light; bright｜發光的；明亮的,This special synthetic fabric has a highly luminous quality that makes it visible even in complete darkness.,luminous dial; luminous colors; luminous beauty,C1
Luminosity,/ˌluməˈnɑsəti/,n. [U],no changes,luminous (adj.),luminous intensity; brightness｜發光度；明亮,"The amount of light entering the building is controlled, allowing maximum brightness and luminosity.",high luminosity; star's luminosity; glowing luminosity,C1
Conviction,/kənˈvɪkʃən/,n.,"conviction, convictions",convict (n.),guilty verdict; firm belief｜定罪；堅定的信念,She spoke with such conviction that everyone in the room believed she was telling the truth.,deep conviction; religious conviction; previous convictions,C1
Pragmatism,/ˈpræɡməˌtɪzəm/,n. [U],no changes,"pragmatic (adj.), pragmatist (n.)",pragmatism; a practical approach｜實用主義；務實作風,"The mayor was widely known for his political pragmatism, often choosing practical solutions over ideological purity.",political pragmatism; economic pragmatism; pure pragmatism,C1
Pragmatic,/præɡˈmætɪk/,adj.,"pragmatic, more pragmatic, most pragmatic","pragmatically (adv.), pragmatism (n.)",practical; pragmatic｜務實的；實用主義的,He was highly practical and would come up with pragmatic solutions on various issues.,a pragmatic approach; pragmatic solution; highly pragmatic,C1
Concurrent,/kənˈkɜrənt/,adj.,no changes,"concurrently (adv.), concurrence (n.)",happening at the same time; concurrent｜同時發生的；並發的,The two concurrent trials related to the same scandal attracted massive media attention simultaneously.,concurrent events; run concurrently; concurrent with,C1
Aftermath,/ˈæftərˌmæθ/,n.,"aftermath, aftermaths",None,aftermath; consequences｜後果；餘波,"In the aftermath of the earthquake, thousands of displaced families sought shelter in temporary camps.",in the aftermath; aftermath of the war; deal with the aftermath,B1
Plausible,/ˈplɔzəbəl/,adj.,"plausible, more plausible, most plausible","plausibility (n.), plausibly (adv.)",seemingly true; plausible｜貌似真實的；有道理的,"There is no definite answer, but if the question itself is analyzed, a plausible answer might surface.",a plausible explanation; plausible excuse; highly plausible,B1
Bilingual,/baɪˈlɪŋɡwəl/,adj.,no changes,bilingualism (n.),bilingual; fluent in two languages｜雙語的；能流利使用兩種語言的,Growing up in a bilingual household gave her a natural advantage when learning foreign languages at school.,bilingual education; become bilingual; bilingual dictionary,C1
Prior,/ˈpraɪər/,adj.,no changes,None,previous; prior｜先前的；在前的,"Prior to the Revolutionary War, the United States was a British colony.",prior to the meeting; weeks prior to; immediately prior to,B1
Resistant,/rɪˈzɪstənt/,adj.,"resistant, more resistant, most resistant","resistance (n.), resist (v.)",resistant; showing resistance｜抵抗的；有抵抗力的,Many of the older institutions were resistant to the sweeping technological changes proposed by the new administration.,water resistant; disease resistant; highly resistant,C1
Luxurious,/lʌɡˈʒʊriəs/,adj.,"luxurious, more luxurious, most luxurious","luxuriously (adv.), luxury (n.)",luxurious; extremely comfortable｜奢華的；極為舒適的,"As he got older, his cars became faster and probably more expensive and luxurious.",a luxurious hotel; luxurious lifestyle; extremely luxurious,B1
Ostentatious,/ˌɑstɛnˈteɪʃəs/,adj.,"ostentatious, more ostentatious, most ostentatious","ostentatiously (adv.), ostentation (n.)",ostentatious; showy｜炫耀的；賣弄的,His ostentatious display of jewelry and luxury cars made his wealth impossible to ignore.,ostentatious display; ostentatious lifestyle; rather ostentatious,B1
Flourish,/ˈflɜrɪʃ/,v.,"flourish, flourishes, flourished, flourished, flourishing",flourishing (v.),to thrive; to prosper｜繁榮；興旺,"This specific type of tropical plant flourishes in hot and humid regions, requiring minimal maintenance to grow.",begin to flourish; flourish in; businesses flourish,C1
Conspicuous,/kənˈspɪkjuəs/,adj.,"conspicuous, more conspicuous, most conspicuous",conspicuously (adv.),conspicuous; easily noticed｜顯眼的；引人注目的,The most conspicuous fact is that people now live better than half a century ago.,highly conspicuous; conspicuous consumption; conspicuous by its absence,B2
Evident,/ˈɛvədənt/,adj.,"evident, more evident, most evident","evidently (adv.), evidence (n.)",evident; obvious｜明顯的；明白的,It was evident from her expression that she was deeply upset by the unexpected news.,clearly evident; become evident; self-evident,B1
Vague,/veɪɡ/,adj.,"vague, more vague, most vague","vaguely (adv.), vagueness (n.)",vague; unclear｜模糊的；不明確的,"The news reports remain uncertain, and the details surrounding the incident are still clouded and extremely vague.",a vague idea; vague memory; deliberately vague,B1
Open-and-shut,/ˌoʊpən ən ˈʃʌt/,adj.,"open-and-shut, more open-and-shut, most open-and-shut",None,clear-cut; straightforward｜一目了然的；簡單明瞭的,The detective thought it was an open-and-shut case until the prime suspect was murdered.,an open-and-shut case; open-and-shut issue; seemingly open-and-shut,B1
Pioneering,/ˌpaɪəˈnɪrɪŋ/,adj.,"pioneering, more pioneering, most pioneering",pioneer (v.),pioneering; innovative｜開創性的；先驅的,Her pioneering research on gene editing opened up new possibilities in the treatment of hereditary diseases.,pioneering work; pioneering spirit; a pioneering study,C1
Pioneer,/ˌpaɪəˈnɪr/,n.,"pioneer, pioneers",pioneering (v.),pioneer; trailblazer｜先驅；拓荒者,"Marie Curie was a true pioneer in the field of radioactivity, winning two Nobel Prizes for her groundbreaking research.",a true pioneer; space pioneer; early pioneers,B1
Avant-garde,/ˌævɑnˈɡɑrd/,adj.,"avant-garde, more avant-garde, most avant-garde",None,avant-garde; pioneering｜前衛的；先鋒的,The gallery showcased avant-garde installations that challenged traditional notions of what art should look like.,avant-garde art; avant-garde film; extremely avant-garde,C1
Initial,/ɪˈnɪʃəl/,adj.,no changes,"initially (adv.), initiate (v.)",initial; beginning｜最初的；開始的,"Her initial reaction to the news was shock, but she quickly composed herself and began planning next steps.",initial reaction; initial stage; initial thought,C1
Trailblazing,/ˈtreɪlˌbleɪzɪŋ/,adj.,"trailblazing, more trailblazing, most trailblazing",trailblazer (n.),trailblazing; pioneering｜開創性的；先驅的,The engineer's trailblazing approach to battery design has already attracted interest from major automotive manufacturers.,trailblazing efforts; a trailblazing leader; trailblazing research,C1
Ambivalent,/æmˈbɪvələnt/,adj.,"ambivalent, more ambivalent, most ambivalent","ambivalently (adv.), ambivalence (n.)",conflicting; indecisive｜矛盾的；搖擺不定的,"She felt ambivalent about the job offer, torn between the higher salary and the longer commute.",feel ambivalent; ambivalent attitude; ambivalent about,C1
Bashful,/ˈbæʃfəl/,adj.,"bashful, more bashful, most bashful","bashfully (adv.), bashfulness (n.)",shy; bashful｜害羞的；羞怯的,"Suddenly becoming bashful in front of the large audience, the young boy could think of absolutely nothing to say.",a bashful smile; bashful about; quite bashful,B1
Conceited,/kənˈsitɪd/,adj.,"conceited, more conceited, most conceited","conceit (n.), conceitedly (adv.)",conceited; arrogant｜自負的；驕傲自滿的,"He was so conceited that he refused to accept any criticism of his work, insisting he was always right.",highly conceited; sound conceited; arrogant and conceited,B1
Haughty,/ˈhɔti/,adj.,"haughty, haughtier, haughtiest","haughtily (adv.), haughtiness (n.)",arrogant; haughty｜傲慢的；高傲的,"He was a haughty young musician with a loyal fan base, often treating local journalists with obvious disdain.",a haughty look; haughty demeanor; proud and haughty,B1
Egoistic,/ˌiɡoʊˈɪstɪk/,adj.,"egoistic, more egoistic, most egoistic","egoistically (adv.), egoism (n.)",self-centered; selfish｜自我中心的；自私自利的,Everything we experience is normally experienced from an egoistic point of view.,egoistic behavior; highly egoistic; an egoistic person,C1
Contemptuous,/kənˈtɛmptʃuəs/,adj.,"contemptuous, more contemptuous, most contemptuous","contemptuously (adv.), contempt (n.)",contemptuous; disdainful｜輕蔑的；鄙視的,The diplomat’s contemptuous disregard for international law led to a significant breakdown in negotiations.,a contemptuous look; contemptuous of; deeply contemptuous,B1
Assuming,/əˈsumɪŋ/,adj.,"assuming, more assuming, most assuming",assume (v.),self-righteous; arrogant｜自以為是的；傲慢的,"She was assuming in her manner, taking it for granted that everyone would follow her lead.",an assuming attitude; too assuming; highly assuming,B1
Arrogant,/ˈærəɡənt/,adj.,"arrogant, more arrogant, most arrogant","arrogantly (adv.), arrogance (n.)",arrogant; overbearing｜傲慢的；狂妄自大的,"His colleagues found him incredibly arrogant, refusing to consider their ideas even when they were clearly better than his own.",an arrogant tone; arrogant attitude; incredibly arrogant,B1
Compelling,/kəmˈpɛlɪŋ/,adj.,"compelling, more compelling, most compelling","compellingly (adv.), compel (v.)",compelling; convincing｜令人信服的；扣人心弦的,She made a compelling argument that changed everyone's mind.,compelling case; compelling argument; compelling evidence,B1
At random,/æt ˈrændəm/,adv.,no changes,None,randomly; arbitrarily｜隨機地；任意地,The teacher selected a student at random to answer the difficult question.,choose at random; pick at random; selected at random,B1
Propagate,/ˈprɑpəˌɡeɪt/,v.,"propagate, propagates, propagated, propagated, propagating","propagation (n.), propagator (n.)",to spread; to reproduce｜傳播；繁殖,Most plant species are propagated from freshly collected seeds sown immediately after harvest.,propagate ideas; propagate plants; successfully propagate,C1
Emerge,/ɪˈmɜrdʒ/,v.,"emerge, emerges, emerged, emerged, emerging","emergence (n.), emergent (adj.)",to appear; to emerge｜出現；浮現,Serious structural problems began to emerge only a few months after the corporate merger was officially completed.,emerge from; slowly emerge; evidence emerges,B1
Dormant,/ˈdɔrmənt/,adj.,no changes,dormancy (n.),dormant; static｜休眠的；靜止的,"During the prolonged drought, many desert seeds remain dormant in the soil until sufficient rainfall triggers germination.",lie dormant; dormant volcano; remain dormant,C1
Inactive,/ɪnˈæktɪv/,adj.,"inactive, more inactive, most inactive",inactivity (n.),inactive; idle｜不活動的；閒置的,"After his retirement from the military, he led a relatively inactive life compared to his previous demanding career.",physically inactive; remain inactive; currently inactive,B1
Preserve,/prɪˈzɜrv/,v.,"preserve, preserves, preserved, preserved, preserving","preservation (n.), preservative (n.)",to protect; to preserve｜保護；保存,Archaeologists carefully document each excavation site in order to preserve fragile artifacts for future scholarly analysis.,preserve the environment; preserve tradition; carefully preserve,C1
Supplement,/ˈsʌpləmənt/,v.,"supplement, supplements, supplemented, supplemented, supplementing","supplementary (adj.), supplementation (n.)",to supplement; to add｜補充；增補,Many students supplement their lecture notes with material drawn from peer-reviewed academic journals.,supplement income; supplement the diet with vitamins; supplement a report with evidence,C1
Supplementary,/ˌsʌpləˈmɛntəri/,adj.,"supplementary, more supplementary, most supplementary",supplement (n.),supplementary; additional｜補充的；附加的,I want my child to spend more time on the supplementary reading materials.,supplementary materials; supplementary income; supplementary reading,C1
Extensive,/ɪkˈstɛnsɪv/,adj.,"extensive, more extensive, most extensive","extensively (adv.), extension (n.)",wide-ranging; extensive｜廣泛的；大量的,The research team conducted extensive surveys across multiple continents to gather sufficient data for their study.,extensive damage; extensive knowledge; extensive research,B1
Steep,/stip/,v.,"steep, steeps, steeped, steeped, steeping",None,to soak; to steep｜浸泡；使沉浸於,"To extract the most flavor from the premium leaves, you should steep the tea in boiling water for at least five minutes.",steep tea leaves; let it steep; steep oneself in,C1
Contract,/kənˈtrækt/,v.,"contract, contracts, contracted, contracted, contracting",contraction (n.),to shrink; to contract; to become infected｜收縮；感染,"When metal is exposed to cold temperatures, it tends to contract and become slightly smaller in size.",muscles contract; contract a virus; contract slightly,C1
Halt,/hɔlt/,n.,"halt, halts",halting (adj.),a pause; a halt｜暫停；停頓,The sudden failure of the local electrical grid brought industrial production to a complete halt for several hours.,grind to a halt; bring to a halt; temporary halt,B1
Penchant,/ˈpɛntʃənt/,n.,"penchant, penchants",None,a strong liking for; a penchant for｜對...的強烈愛好,My neighbors have a strong penchant for hosting loud barbecue parties and serving burgers and fries every weekend.,a penchant for drama; penchant for sweets; develop a penchant for,B1
Inundate,/ˈɪnʌnˌdeɪt/,v.,"inundate, inundates, inundated, inundated, inundating",inundation (n.),to flood; to overwhelm｜淹沒；使應接不暇,The customer service department was inundated with complaints after the faulty product was released.,inundate with calls; inundate the market; completely inundate,C1
Misconception,/ˌmɪskənˈsɛpʃən/,n.,"misconception, misconceptions",None,misunderstanding; misconception｜誤解；錯誤觀念,There is a popular misconception that only poor people get these diseases.,common misconception; clear up a misconception; widespread misconception,B2
Modify,/ˈmɑdəˌfaɪ/,v.,"modify, modifies, modified, modified, modifying","modification (n.), modifier (n.)",to change; to modify｜修改；更改,The engineering team needs to modify the software to meet the specific requirements of our new enterprise clients.,modify behavior; slightly modify; modify a plan,C1
Swift,/swɪft/,adj.,"swift, swifter, swiftest","swiftly (adv.), swiftness (n.)",fast; quick; rapid｜迅速的；敏捷的,The government's swift response to the flood disaster saved hundreds of lives.,swift action; swift response; swift recovery,B1
Ambidexterity,/ˌæmbidɛkˈstɛrəti/,n. [U],no changes,ambidextrous (adj.),the ability to use both hands equally well｜雙手都很靈巧,Her ambidexterity allowed her to write clearly with either hand.,demonstrate ambidexterity; natural ambidexterity; strategic ambidexterity,B1
Gigantic,/dʒaɪˈɡæntɪk/,adj.,"gigantic, more gigantic, most gigantic",gigantically (adv.),huge; gigantic; enormous｜巨大的；龐大的,The gigantic wave crashed onto the beach and swept away several beach umbrellas and chairs.,a gigantic task; gigantic proportions; truly gigantic,B1
Domestic,/dəˈmɛstɪk/,adj.,"domestic, more domestic, most domestic","domestically (adv.), domesticate (v.)",domestic; household; of the home｜國內的；家庭的,She had not gone to school here and her role was mainly helping with domestic chores.,domestic market; domestic flights; domestic violence,B1
Timid,/ˈtɪmɪd/,adj.,"timid, more timid, most timid","timidly (adv.), timidity (n.)",shy; timid; lacking courage｜膽小的；羞怯的,"I was much too timid to ask for what I wanted during the negotiation, resulting in a less favorable contract.",a timid smile; feel timid; timid about,B1
Vanish,/ˈvænɪʃ/,v.,"vanish, vanishes, vanished, vanished, vanishing",vanishing (v.),to disappear; to vanish｜消失；絕跡,The suspect managed to vanish without a trace before the police arrived at the scene.,vanish into thin air; suddenly vanish; completely vanish,C1
Poetic,/poʊˈɛtɪk/,adj.,"poetic, more poetic, most poetic","poetically (adv.), poetry (n.)",poetic; lyrical｜詩意的；充滿詩意的,The poetic landscape attracted many tourists who wanted to experience its unique beauty.,poetic justice; poetic language; highly poetic,C1
Eminent,/ˈɛmənənt/,adj.,"eminent, more eminent, most eminent","eminence (n.), eminently (adv.)",famous; prominent; eminent｜著名的；顯赫的,It was a grand event attended by hundreds of the country's most eminent scholars.,an eminent scientist; eminent scholar; eminent figure,B2
Heritage,/ˈhɛrɪtɪdʒ/,n. [U],no changes,None,heritage; legacy; tradition｜遺產；傳統,The ancient temple is part of our cultural heritage that must be preserved for future generations to appreciate.,cultural heritage; rich heritage; national heritage,C1
Vicious,/ˈvɪʃəs/,adj.,"vicious, more vicious, most vicious","viciously (adv.), viciousness (n.)",evil; vicious; cruel｜邪惡的；凶殘的,"While we were at his place, we were forced to listen to his vicious remarks.",a vicious circle; vicious attack; vicious dog,B1
Vice,/vaɪs/,n. [U],no changes,None,vice; wickedness; corruption｜惡習；墮落,"Two decades ago, the city was considered by the police to be a haven of vice.",vice and virtue; secret vice; political vice,C1
Immoral,/ɪˈmɒrəl/,adj.,"immoral, more immoral, most immoral","immorality (n.), immorally (adv.)",immoral; unethical｜不道德的,"What he did was not grossly immoral, but it was certainly irresponsible.",grossly immoral; immoral behavior; considered immoral,C1
Depraved,/dɪˈpreɪvd/,adj.,"depraved, more depraved, most depraved",depravity (n.),depraved; corrupt｜墮落的；腐化的,The court heard shocking testimony about the depraved acts committed by the suspect over several years.,a depraved mind; depraved act; deeply depraved,C1
Profligate,/ˈprɑflɪɡət/,adj.,"profligate, more profligate, most profligate",profligacy (n.),extravagant; licentious｜揮霍的；放蕩的,We should not tolerate the mayor’s profligate use of taxpayers’ money.,profligate spending; profligate lifestyle; wildly profligate,B1
Blameworthy,/ˈbleɪmˌwɜrði/,adj.,"blameworthy, more blameworthy, most blameworthy",None,deserving blame｜應受責備的,The committee concluded that the manager's decision was blameworthy and had directly caused the accident.,morally blameworthy; highly blameworthy; considered blameworthy,C1
Meager,/ˈmiɡər/,adj.,"meager, more meager, most meager","meagerly (adv.), meagerness (n.)",scanty; meager｜微薄的；貧乏的,She lived on a meager salary that barely covered her rent and basic food expenses.,a meager income; meager portions; meager existence,B1
Destitute,/ˈdɛstəˌtut/,adj.,"destitute, more destitute, most destitute",destitution (n.),destitute; impoverished｜一貧如洗的；赤貧的,The devastating flood left thousands of people completely destitute and homeless just before the harsh winter began.,leave destitute; completely destitute; destitute and homeless,B1
Overjoyed,/ˌoʊvərˈdʒɔɪd/,adj.,"overjoyed, more overjoyed, most overjoyed",None,ecstatic; extremely happy｜狂喜的；極度高興的,Susan is overjoyed to have her husband safely back from the front line.,absolutely overjoyed; overjoyed to hear; overjoyed at,B1
Upbeat,/ˈʌpˌbit/,adj.,"upbeat, more upbeat, most upbeat",None,optimistic; cheerful｜樂觀的；快樂的,"Despite facing numerous personal difficulties, my brother remains a genuinely upbeat guy who always smiles.",upbeat mood; stay upbeat; generally upbeat,B1
Elated,/ɪˈleɪtɪd/,adj.,"elated, more elated, most elated",elation (n.),elated; jubilant｜興高采烈的,She was absolutely elated when she found out she had been accepted into her dream university.,feel elated; absolutely elated; elated by the news,B1
Deterioration,/dɪˌtɪriəˈreɪʃən/,n. [U],no changes,deteriorate (v.),worsening; decline｜惡化；退化,The deterioration in the patient’s condition can lead to other complications.,rapid deterioration; signs of deterioration; cause deterioration,B2
Recession,/rɪˈsɛʃən/,n.,"recession, recessions",recessive (adj.),economic recession; period of significant decline｜經濟衰退；（經濟活動的）顯著下滑期,My father’s factory closed down during the period of economic recession.,economic recession; global recession; fall into recession,C1
Triumph,/ˈtraɪəmf/,v.,"triumph, triumphs, triumphed, triumphed, triumphing","triumphant (adj.), triumphantly (adv.)",to achieve victory; to overcome｜取得勝利；克服,The team managed to triumph over their rivals in the final match of the championship season.,triumph over adversity; eventually triumph; right will triumph,B2
Boom,/buːm/,v.,"boom, booms, boomed, boomed, booming",booming (v.),to rumble; to prosper｜發隆隆聲；繁榮,Online retail sales boomed during the pandemic as consumers shifted away from physical stores.,boom dramatically; boom in popularity; continue to boom,C1
Prosperity,/prɑˈspɛrəti/,n. [U],no changes,"prosperous (adj.), prosper (v.)",prosperity; success｜繁榮；成功,Those who were born during the recession could only dream of a time of peace and prosperity.,economic prosperity; period of prosperity; bring prosperity,B2
Fruition,/fruˈɪʃən/,n. [U],no changes,None,realization; fulfillment｜實現；完成,"After years of planning and hard work, the long-awaited project finally came to fruition last spring.",come to fruition; bring to fruition; reach fruition,B1
Inconsequential,/ɪnˌkɑnsəˈkwɛnʃəl/,adj.,"inconsequential, more inconsequential, most inconsequential",inconsequentially (adv.),trivial; unimportant｜微不足道的；不重要的,"We talked about inconsequential stuff, basically where we went to school.",seem inconsequential; totally inconsequential; inconsequential detail,B1
Implicit,/ɪmˈplɪsɪt/,adj.,"implicit, more implicit, most implicit","implicitly (adv.), implication (n.)",implicit; implied｜含蓄的；未明說但可推知的,"Although the movie never directly blamed Western culture, that criticism was implicit in the story.",implicit trust; implicit assumption; implicit criticism,B2
Indigenous,/ɪnˈdɪdʒənəs/,adj.,no changes,None,indigenous; native｜本土的；原生的,The region is home to several indigenous communities who have preserved their traditional languages and customs.,indigenous people; indigenous to; indigenous plants,B2
Debacle,/dɪˈbɑkəl/,n.,"debacle, debacles",None,complete failure; collapse｜慘敗；崩潰,"After the debacle of his first novel, he had trouble getting a publisher.",a complete debacle; political debacle; avoid a debacle,B1
Massacre,/ˈmæsəkər/,v.,"massacre, massacres, massacred, massacred, massacring",None,to slaughter; to kill on a large scale｜屠殺；殘殺；大規模殺戮,The documentary revealed how the invading forces had massacred thousands of unarmed civilians.,ruthlessly massacre; massacre civilians; massacre the population,C1
Sage,/seɪdʒ/,adj.,"sage, sager, sagest",sagely (adv.),wise; sagacious｜睿智的；賢明的；明智審慎的,The village elder offered sage advice to the young couple before they made their final decision.,sage advice; sage words; give sage counsel,C1
Dull,/dʌl/,v.,"dull, dulls, dulled, dulled, dulling",dullness (n.),to reduce; to blunt｜減輕；使遲鈍,"Aspirin can dull the pain, but it won't address the underlying cause of the headache.",dull the pain; dull the senses; slowly dull,B1
Astute,/əˈstut/,adj.,"astute, more astute, most astute","astutely (adv.), astuteness (n.)",shrewd; keen｜精明的；敏銳的,His astute business sense allowed him to identify the potential in the failing startup long before anyone else did.,an astute observer; astute businessman; highly astute,C1
Cunning,/ˈkʌnɪŋ/,adj.,"cunning, more cunning, most cunning",cunningly (adv.),cunning; sly; clever｜狡猾的；詭詐的；機巧靈敏的,"The fox is often depicted as cunning, using its intelligence to outsmart larger and stronger animals.",a cunning plan; cunning trick; very cunning,B1
Enduring,/ɪnˈdʊrɪŋ/,adj.,"enduring, more enduring, most enduring",endure (v.),lasting; immortal｜持久的；不朽的,The novel has had an enduring appeal that has kept it in print for more than a century.,enduring appeal; enduring legacy; enduring relationship,B2
Dismiss,/dɪsˈmɪs/,v.,"dismiss, dismisses, dismissed, dismissed, dismissing","dismissal (n.), dismissive (adj.)",to fire; to disregard｜解僱；不予理會,The judge dismissed the case for lack of sufficient evidence to support the prosecution's claims.,dismiss a claim; dismiss from a job; quickly dismiss,C1
Vital,/ˈvaɪtəl/,adj.,"vital, more vital, most vital","vitally (adv.), vitality (n.)",essential; lively｜必不可少的；充滿活力的,It is vital that the immune system is regularly supported through proper nutrition and adequate rest.,vital role; absolutely vital; vital signs,B2
Precise,/prɪˈsaɪs/,adj.,"precise, more precise, most precise","precisely (adv.), precision (n.)",exact; accurate｜精確的；準確的,We didn’t trust Jack because his instructions were not always precise.,precise details; precise moment; highly precise,B2
Enlist,/ɪnˈlɪst/,v.,"enlist, enlists, enlisted, enlisted, enlisting",enlistment (n.),to enlist; to recruit｜從軍；爭取,We must enlist more volunteers to help clean up the coastal areas after the massive oil spill last week.,enlist in the army; enlist help; willingly enlist,B2
Dramatic,/drəˈmætɪk/,adj.,"dramatic, more dramatic, most dramatic","dramatically (adv.), drama (n.)",dramatic; striking｜戲劇性的；引人注目的,There has been a dramatic increase in cybercrime over the past decade as more services have moved online.,dramatic change; dramatic increase; highly dramatic,B2
Striking,/ˈstraɪkɪŋ/,adj.,"striking, more striking, most striking",strikingly (adv.),striking; remarkable｜引人注目的；顯著的,There is a striking resemblance between the two sisters that makes strangers frequently mistake one for the other.,a striking resemblance; striking feature; quite striking,B1
Attain,/əˈteɪn/,v.,"attain, attains, attained, attained, attaining","attainable (adj.), attainment (n.)",to obtain; to achieve｜獲得；達到,"After years of dedicated training, she finally attained the level of skill needed to compete internationally.",attain a goal; attain a level; difficult to attain,B2
Define,/dɪˈfaɪn/,v.,"define, defines, defined, defined, defining","definition (n.), definitive (adj.)",to define; to delineate｜下定義；界定,The specific powers and limitations of the regional courts are clearly defined by the newly amended constitution.,define precisely; strictly defined; poorly defined,B2
Adapt,/əˈdæpt tu/,v.,"adapt, adapts, adapted, adapted, adapting","adaptation (n.), adaptable (adj.)",to adapt; to adjust｜適應；調整自己以順應新環境或情況,He tried extremely hard to adapt to the new and challenging conditions of living in a foreign country.,adapt to change; adapt to new environment; quickly adapt to,B1
Conform,/kənˈfɔrm tu/,v.,"conform, conforms, conformed, conformed, conforming","conformity (n.), conformist (n.)",to conform; to comply｜遵守；符合,The teacher asked students to ensure that their responses conformed to the assignment guidelines.,conform to rules; conform to standards; strictly conform to,B2
Neglect,/nɪˈɡlɛkt/,v.,"neglect, neglects, neglected, neglected, neglecting","neglectful (adj.), negligence (n.)",to neglect; to disregard｜忽視；疏忽,I have been so incredibly busy with the project deadline that I completely neglected my physical health recently.,neglect duties; seriously neglect; tend to neglect,B1
Unconcerned,/ˌʌnkənˈsɜrnd/,adj.,"unconcerned, more unconcerned, most unconcerned",None,unconcerned; indifferent｜漠不關心的,"Tom seems quite unconcerned about his own future, preferring to live entirely in the present moment.",seem unconcerned; completely unconcerned; unconcerned about,B1
Disdain,/dɪsˈdeɪn/,v.,"disdain, disdains, disdained, disdained, disdaining",disdainful (adj.),to disdain; to scorn｜鄙視；不屑做,"She openly disdained any form of social media, believing it was a waste of valuable time.",disdain to answer; openly disdain; tend to disdain,B2
Affection,/əˈfɛkʃən/,n. [U],no changes,affectionate (adj.),fondness; love｜喜愛；鍾愛,She felt deep affection for the wise old lady who had been her trusted mentor for many years.,show affection; deep affection; win affection,B1
Affect,/əˈfɛkt/,v.,"affect, affects, affected, affected, affecting","affection (n.), affective (adj.)",to affect; to influence｜影響；感動,The sudden drop in temperature will undoubtedly affect the growth of the sensitive crops in the northern region.,directly affect; deeply affect; negatively affect,B2
Esteem,/ɪˈstim/,n.,"esteem, esteems",esteemed (v.),respect; regard｜尊重；敬重,She is held in high esteem by all her colleagues for her dedication and expertise.,hold in high esteem; self-esteem; gain esteem,B2
Prone,/proʊn tu/,adj.,"prone, more prone, most prone",None,likely to; prone to｜易於...的,He is prone to exaggerating when telling stories about his adventures.,prone to error; prone to injury; highly prone to,B2
Approve,/əˈpruv/,v.,"approve, approves, approved, approved, approving","approval (n.), approvingly (adv.)",to agree with; to approve; to sanction｜贊成；批准,The board of directors unanimously approved the new marketing strategy presented by the CEO.,fully approve; formally approve; approve of,C1
Uplifting,/ʌpˈlɪftɪŋ/,adj.,"uplifting, more uplifting, most uplifting",uplift (v.),inspiring; encouraging｜令人振奮的,"The documentary about the rescue dogs was uplifting, leaving the audience feeling inspired and hopeful.",an uplifting story; uplifting experience; highly uplifting,B1
Merchandise,/ˈmɜrtʃənˌdaɪz/,n. [U],no changes,merchant (n.),goods; commodities｜商品；貨物,The newly opened shop windows are filled with expensive foreign merchandise imported from various European countries.,display merchandise; sell merchandise; quality merchandise,C1
Ware,/wɛr/,n.,"ware, wares",None,products; goods; vessels｜製品；器皿,The street vendor spread his wares on a cloth mat beside the busy market entrance.,silverware; display wares; peddle wares,B1
Junk,/dʒʌŋk/,n. [U],no changes,None,rubbish; trash; waste｜廢棄物；垃圾,The cluttered attic was filled with old junk that had been accumulating for several decades without any use.,junk food; piece of junk; clear out junk,B1
Alleviate,/əˈliviˌeɪt/,v.,"alleviate, alleviates, alleviated, alleviated, alleviating",alleviation (n.),to make less severe; to relieve｜減輕；緩解,Taking regular breaks from the computer can help alleviate eye strain and neck pain.,alleviate pain; alleviate symptoms; partially alleviate,B2
Bully,/ˈbʊli/,v.,"bully, bullies, bullied, bullied, bullying",bullying (v.),to intimidate; to persecute｜欺凌；脅迫,The older students used to bully the younger ones into handing over their lunch money.,bully into doing; constantly bully; easily bullied,B1
Autonomous,/ɔˈtɑnəməs/,adj.,"autonomous, more autonomous, most autonomous","autonomy (n.), autonomously (adv.)",self-governing; independent｜自治的；自主的,"An autonomous, independent press is still the most powerful bulwark of democracy.",autonomous region; autonomous vehicle; fully autonomous,B2
Inclination,/ˌɪnkləˈneɪʃən/,n.,"inclination, inclinations","incline (v.), inclined (v.)",tendency; disposition｜傾向；意願,"She showed little inclination to participate in competitive sports, preferring solo activities like reading and painting.",natural inclination; show an inclination; a strong inclination,B1
Compromise,/ˈkɑmprəˌmaɪz/,v.,"compromise, compromises, compromised, compromised, compromising",compromising (v.),to make concessions; to endanger｜妥協；損害,She refused to compromise her principles even when the company offered her a significant pay raise.,compromise on price; compromise principles; refuse to compromise,B1
Conscience,/ˈkɑnʃəns/,n.,"conscience, consciences",conscientious (adj.),sense of right and wrong; moral sense｜良心；道德感,His guilty conscience haunted him for weeks after he realized he had lied to his best friend.,clear conscience; guilty conscience; matter of conscience,C1
Notorious,/noʊˈtɔriəs/,adj.,"notorious, more notorious, most notorious","notoriously (adv.), notoriety (n.)",famous for something bad; infamous｜臭名昭著的,The coastal region is notorious for its sudden and violent storms that pose a major threat to local fishermen.,notorious for; notorious criminal; quite notorious,B1
Inconspicuous,/ˌɪnkənˈspɪkjuəs/,adj.,"inconspicuous, more inconspicuous, most inconspicuous",inconspicuously (adv.),not noticeable; unobtrusive｜不顯眼的；不引人注目的,The undercover detective managed to blend in and remain inconspicuous at the crowded marketplace.,remain inconspicuous; relatively inconspicuous; small and inconspicuous,B1
Persevere,/ˌpɜrsəˈvɪr/,v.,"persevere, perseveres, persevered, persevered, persevering",perseverance (n.),to persist; to continue despite difficulties｜堅持不懈；不屈不撓地努力,"In spite of all obstacles and failures, the scientist persevered with his experiments.",persevere with; try to persevere; manage to persevere,B1
Perseverance,/ˌpɜrsəˈvɪrəns/,n. [U],no changes,persevere (v.),persistence; determination｜毅力；堅持不懈,"By displaying remarkable perseverance, the crippled boy eventually learned how to swim and compete in races.",show perseverance; great perseverance; teach perseverance,B1
Anticipate,/ænˈtɪsəˌpeɪt/,v.,"anticipate, anticipates, anticipated, anticipated, anticipating","anticipation (n.), anticipatory (adj.)",to expect; to foresee｜預期；預料,Event organizers anticipated a crowd of over ten thousand visitors for the annual food festival.,anticipate problems; eagerly anticipate; fully anticipate,B1
Anticipation,/ænˌtɪsəˈpeɪʃən/,n. [U],no changes,anticipate (v.),expectation; looking forward to｜期盼；預期,The children waited in great anticipation for the arrival of the circus in their small town.,in anticipation; build anticipation; great anticipation,B1
Famine,/ˈfæmɪn/,n.,"famine, famines",None,severe food shortage; widespread hunger｜饑荒；糧食嚴重短缺,A prolonged and severe drought has caused widespread famine and malnutrition across several nations in Africa.,severe famine; widespread famine; cause famine,C1
Starvation,/stɑrˈveɪʃən/,n. [U],no changes,starve (v.),dying from lack of food; extreme hunger｜挨餓；餓死,"Millions of people face starvation every year due to poverty, drought, and armed conflict.",die of starvation; face starvation; near starvation,C1
Collide,/kəˈlaɪd/,v.,"collide, collides, collided, collided, colliding",collision (n.),to collide; to crash into｜碰撞；衝突,"The two massive galaxies are expected to collide and merge over millions of years, creating a new celestial structure.",collide with; violently collide; physically collide,B1
Collision,/kəˈlɪʒən/,n.,"collision, collisions",collide (v.),a collision; a crash｜碰撞；衝突,The fatal collision between the two cargo ships was primarily caused by dense fog and a lack of proper radar.,head-on collision; avoid a collision; mid-air collision,B1
Catastrophic,/ˌkætəˈstrɑfɪk/,adj.,"catastrophic, more catastrophic, most catastrophic","catastrophe (n.), catastrophically (adv.)",disastrous; catastrophic｜災難性的；毀滅性的,A hurricane could cause catastrophic damage in the U.S.'s largest urban center.,catastrophic failure; catastrophic consequences; potentially catastrophic,C1
Catastrophe,/kəˈtæstrəfi/,n.,"catastrophe, catastrophes",catastrophic (adj.),a disaster; a catastrophe; a complete failure｜大災難；大災禍；徹底的失敗,The earthquake was a catastrophe that left thousands homeless and brought entire communities to their knees.,natural catastrophe; major catastrophe; avert a catastrophe,C1
Migrate,/ˈmaɪɡreɪt/,v.,"migrate, migrates, migrated, migrated, migrating","migration (n.), migratory (adj.)",to migrate; to move to another place｜遷徙；移居,Large numbers of these endangered birds migrate south every winter to escape the freezing northern temperatures.,migrate south; migrate to; begin to migrate,C1
Migration,/maɪˈɡreɪʃən/,n.,"migration, migrations",migrate (v.),migration; the movement from one place to another｜遷徙；移民,The annual migration of these butterflies is a spectacular natural event that attracts thousands of tourists.,mass migration; annual migration; pattern of migration,C1
Migratory,/ˈmaɪɡrəˌtɔri/,adj.,"migratory, more migratory, most migratory",migrate (v.),migratory; of migration｜遷徙的；流浪的,These specific routes used by migratory birds are carefully protected by international environmental conservation laws.,migratory birds; migratory species; migratory pattern,C1
Inherent,/ɪnˈhɪrənt/,adj.,no changes,inherently (adv.),inherent; intrinsic｜內在的；固有的,Any form of high-altitude mountaineering carries its own inherent dangers that cannot be completely eliminated.,inherent risk; inherent weakness; inherent in,B1
Top-notch,/ˈtɑp ˈnɑtʃ/,adj.,"top-notch, more top-notch, most top-notch",None,top-quality; excellent｜頂尖的；一流的,"The customer service at that luxury resort in Bali was absolutely top-notch, exceeding all of our expectations.",top-notch quality; top-notch performance; a top-notch team,B1
Cryptic,/ˈkrɪptɪk/,adj.,"cryptic, more cryptic, most cryptic",cryptically (adv.),secretive; obscure in meaning｜隱秘的；含義隱晦的,The final chapter of the mystery novel becomes highly confusing and relies on cryptic clues to reveal the killer.,cryptic message; cryptic note; sound cryptic,B1
Arcane,/ɑrˈkeɪn/,adj.,"arcane, more arcane, most arcane",arcanum (n.),mysterious; obscure｜神秘的；難懂的,Einstein proceeds to describe with arcane mathematics his theory of relativity.,arcane knowledge; arcane rules; somewhat arcane,B1
Communal,/kəˈmjunəl/,adj.,"communal, more communal, most communal",communally (adv.),shared; of a community｜共用的；社區的,There was a large communal kitchen located on the first floor where all the students gathered to cook and socialize.,communal living; communal area; communal facilities,B1
Complimentary,/ˌkɑmpləˈmɛntəri/,adj.,"complimentary, more complimentary, most complimentary",compliment (v.),given free of charge; expressing praise｜免費贈送的；讚美的,"Because of the delay, the hotel manager gave us a complimentary ticket to see the famous evening theater show.",complimentary tickets; complimentary remarks; highly complimentary,C1
Freebie,/ˈfribi/,n.,"freebie, freebies",None,a free gift; something provided at no cost｜免費贈品；免費的東西,"To add more smiles, the organizers gave away freebies to all the participants.",give away freebies; collect freebies; promotional freebie,B1
Gratuitous,/ɡrəˈtuətəs/,adj.,"gratuitous, more gratuitous, most gratuitous",gratuitously (adv.),unnecessary; unwarranted｜無謂的；無理由的,Many critics argued that the film's gratuitous violence served no narrative purpose and merely undermined its artistic credibility.,gratuitous violence; gratuitous insult; completely gratuitous,B1
For love,/fɔr lʌv/,adv.,no changes,None,out of personal interest; without expecting payment｜出於愛好；不為報酬地,"She volunteers at the animal shelter purely for love, never expecting any financial reward.",do it for love; not for money but for love; just for love,B1
Compensation,/ˌkɑmpənˈseɪʃən/,n. [U],no changes,compensate (v.),compensation; payment for damage or loss｜補償金；賠償,"We were given NT 50,000 in compensation which is not much but at least it is something.",claim compensation; receive compensation; adequate compensation,C1
An arm and a leg,/ən ɑrm ənd ə lɛɡ/,idiom,no changes,None,a large sum of money; an extremely high price｜一大筆錢；極其昂貴的代價,"The designer handbag cost an arm and a leg, but she bought it anyway.",cost an arm and a leg; pay an arm and a leg; charge an arm and a leg,B1
Excessive,/ɪkˈsɛsɪv/,adj.,"excessive, more excessive, most excessive","excessively (adv.), excess (n.)",excessive; beyond what is reasonable｜過度的；過分的,The huge diamond necklace she wore that day was an excessive display of her wealth.,excessive force; excessive drinking; highly excessive,B1
Inordinate,/ɪnˈɔrdənɪt/,adj.,"inordinate, more inordinate, most inordinate",inordinately (adv.),excessive; unrestrained｜過度的；無節制的,We’ve had an inordinate number of problems with the new machines earlier this year.,inordinate amount; inordinate delay; taking an inordinate amount,B1
Extravagant,/ɪkˈstrævəɡənt/,adj.,"extravagant, more extravagant, most extravagant","extravagance (n.), extravagantly (adv.)",extravagant; wasteful｜奢侈的；揮霍的,"She has always been quite extravagant with her inherited money, frequently purchasing expensive designer clothing.",extravagant lifestyle; extravagant claims; wildly extravagant,B1
Lavish,/ˈlævɪʃ/,v.,"lavish, lavishes, lavished, lavished, lavishing",lavishly (adv.),to give generously; to spend lavishly｜慷慨給予；揮霍,She lavished praise on her students after their outstanding performance in the competition.,lavish praise on; lavish attention on; lavish with,B1
Frugal,/ˈfruɡəl/,adj.,"frugal, more frugal, most frugal","frugality (n.), frugally (adv.)",frugal; simple｜節儉的；樸素的,I had frugal meals of bread and cheese every day when I was a student.,frugal lifestyle; frugal meal; surprisingly frugal,C1
Frugality,/fruˈɡæləti/,n. [U],no changes,frugal (adj.),frugality; thrift｜節儉；節約,Frugality has become almost a virtue and a much-praised philosophy today.,practice frugality; extreme frugality; known for frugality,C1
Stingy,/ˈstɪndʒi/,adj.,"stingy, stingier, stingiest",stinginess (n.),stingy; miserly｜小氣的；吝嗇的,I am trying to save money for my upcoming vacation without being overly stingy when going out with my close friends.,stingy with money; mean and stingy; incredibly stingy,B1
Penny pincher,/ˈpɛni ˈpɪntʃər/,n.,"penny pincher, penny pinchers",penny-pinching (n.),miser; tightwad｜守財奴；吝嗇鬼,My ex-husband was such a penny pincher that he wouldn't even leave a tip!,known as a penny pincher; notorious penny pincher; absolute penny pincher,B1
Cheapskate,/ˈtʃipˌskeɪt/,n.,"cheapskate, cheapskates",None,miser; tightwad｜小氣鬼；一毛不拔的吝嗇者,Ms. Smith was notoriously known as a cheapskate who lived like a pauper despite her massive hidden wealth.,notorious cheapskate; known as a cheapskate; typical cheapskate,B1
Calculating,/ˈkælkjəˌleɪtɪŋ/,adj.,"calculating, more calculating, most calculating",calculate (v.),calculating; shrewd｜精明的；算計的,My former boss at the corporate firm was a cold and calculating woman who only cared about maximizing profits.,cold and calculating; highly calculating; calculating move,B1
Hence,/hɛns/,adv.,"hence, no changes",None,therefore; hence｜因此；從此,"There has been a massive transportation strike across the city, hence the significant delay in our delivery schedule.",hence the name; hence the need; decades hence,B1
Implement,/ˈɪmpləmənt/,n.,"implement, implements",implementation (n.),tool; implement｜工具；器具,The construction crew used heavy implements to break through the solid concrete wall during the renovation.,agricultural implement; stone implement; useful implement,B1
Scarce,/skɛrs/,adj.,"scarce, scarcer, scarcest","scarcely (adv.), scarcity (n.)",scarce; rare｜缺乏的；罕見的,Fresh food and clean drinking water were extremely scarce in this remote region following the natural disaster.,make oneself scarce; scarce resources; increasingly scarce,C1
Scarcity,/ˈskɛrsəti/,n. [U],no changes,scarce (adj.),scarcity; shortage｜缺乏；不足,The widespread scarcity of fresh fruit in the local markets was directly caused by the unprecedented summer drought.,water scarcity; artificial scarcity; absolute scarcity,C1
Fragile,/ˈfrædʒəl/,adj.,"fragile, more fragile, most fragile",fragility (n.),fragile; brittle｜脆弱的；易碎的,"This antique porcelain mug is incredibly light and very fragile, requiring careful handling during transportation.",highly fragile; fragile ecosystem; fragile state,B1
Uncritical,/ʌnˈkrɪtɪkəl/,adj.,"uncritical, more uncritical, most uncritical",uncritically (adv.),uncritical; lacking critical judgment｜不加批評的；無批判力的,"Her opinion was weak and uncritical, so no one took her words seriously.",uncritical acceptance; uncritical support; completely uncritical,B1
Devoid,/dɪˈvɔɪd ʌv/,adj.,no changes,None,devoid; lacking｜毫無；缺乏,The lunar landscape is almost completely devoid of liquid water and a breathable atmosphere for human survival.,devoid of meaning; completely devoid of; devoid of life,B1
Lacking,/ˈlækɪŋ ɪn/,adj.,"lacking, more lacking, most lacking",None,lacking; deficient｜缺乏；不足；欠缺（某種特質或資源）,The report was criticized for being lacking in concrete evidence to support its major claims.,lacking in confidence; totally lacking in; somehow lacking in,B1
Bland,/blænd/,adj.,"bland, blander, blandest","blandly (adv.), blandness (n.)",bland; tasteless｜枯燥乏味的；清淡的,"The food there was bland so I ended up eating very little, as it lacked any seasoning or distinct flavor.",bland diet; bland taste; utterly bland,B1
Benign,/bɪˈnaɪn/,adj.,"benign, more benign, most benign",benignly (adv.),benign; kind｜良性的；和善的,"Doris was a benign, kind and gentle lady who always welcomed neighbors with a warm and friendly smile at her doorstep.",benign tumor; benign smile; relatively benign,C1
Cancerous,/ˈkænsərəs/,adj.,"cancerous, more cancerous, most cancerous",cancer (n.),cancerous; malignant｜癌的；患癌的,"If stem cells are unstable, they can become cancerous and lead to the rapid growth of malignant tumors within the body.",cancerous cells; cancerous growth; highly cancerous,C1
Benevolent,/bəˈnɛvələnt/,adj.,"benevolent, more benevolent, most benevolent","benevolently (adv.), benevolence (n.)",benevolent; charitable｜仁慈的；慈善的,The benevolent donor gave generously to the local hospital to fund a new pediatric ward.,benevolent dictator; benevolent organization; kind and benevolent,B1
Feeble,/ˈfibəl/,adj.,"feeble, feebler, feeblest","feebly (adv.), feebleness (n.)",weak; faint｜虛弱的；微弱的,"Sometimes the pills make me feel faint and feeble, so I have to lie down and rest for a long while.",feeble attempt; feeble excuse; physically feeble,C1
Tenacious,/təˈneɪʃəs/,adj.,"tenacious, more tenacious, most tenacious","tenaciously (adv.), tenacity (n.)",tenacious; stubborn｜頑強的；固執的,"Despite numerous setbacks, the tenacious scientist continued her research until she found the answer.",tenacious grip; highly tenacious; tenacious spirit,C1
Tenacity,/təˈnæsəti/,n. [U],no changes,tenacious (adj.),tenacity; perseverance｜頑強；不屈不撓,Her tenacity in pursuing justice for her wrongly convicted brother eventually led to his release.,show great tenacity; admire her tenacity; sheer tenacity,C1
Abstract,/ˈæbstrækt/,adj.,"abstract, more abstract, most abstract","abstractly (adv.), abstraction (n.)",abstract; theoretical; non-concrete｜抽象的；理論上的；非具體的,Our goal is to put abstract ideas into concrete forms so that the project can be understood by everyone in the room.,abstract concept; abstract art; highly abstract,C1
Depict,/dɪˈpɪkt/,v.,"depict, depicts, depicted, depicted, depicting",depiction (n.),to depict; to describe｜描繪；描述,The mural depicts the city's history through a series of vivid scenes.,accurately depict; visually depict; vividly depict,C1
Depiction,/dɪˈpɪkʃən/,n.,"depiction, depictions",depict (v.),depiction; description｜描寫；敘述,The film's depiction of life under an authoritarian regime was both realistic and deeply disturbing.,realistic depiction; accurate depiction; visual depiction,C1
Estheticism,/ɛsˈθɛtɪˌsɪzəm/,n. [U],no changes,esthetic (adj.),estheticism; the belief that artistic beauty is more important than moral or practical purposes｜唯美主義；唯美論（強調藝術形式之美高於道德或實用目的的思潮）,"Oscar Wilde was one of the leading figures of estheticism, believing beauty was the highest pursuit in art.",Victorian estheticism; pure estheticism; embrace estheticism,C1
Esthetics,/ɛsˈθɛtɪks/,n. [U],no changes,esthetic (adj.),aesthetics; aesthetic principles; sense of beauty｜美學；美學原則；審美觀,Students of esthetics learn to analyze why some works of art are considered beautiful and others are not.,study esthetics; matters of esthetics; design esthetics,C1
Esthetic,/ɛsˈθɛtɪk/,adj.,"esthetic, more esthetic, most esthetic","esthetically (adv.), esthetics (n.)",aesthetic; relating to beauty or the appreciation of beauty｜美學的；審美的,Critics praised the artist's esthetic approach to depicting modern urban life in her paintings.,esthetic appeal; esthetic value; purely esthetic,C1
Perspective,/pərˈspɛktɪv/,n.,"perspective, perspectives",None,viewpoint; perspective｜觀點；視角,Reading widely allows you to see the world from a different perspective and challenge your own assumptions.,from my perspective; offer a perspective; historical perspective,C1
Connotation,/ˌkɑnəˈteɪʃən/,n.,"connotation, connotations",connote (v.),connotation; implied meaning｜隱含意義；聯想,The word 'snob' often carries a negative connotation in most social contexts across different cultures.,negative connotation; cultural connotation; carry a connotation,C1
Denote,/dɪˈnoʊt/,v.,"denote, denotes, denoted, denoted, denoting",denotation (n.),to denote; to indicate｜表示；代表,"Dark clouds denote rain, serving as a natural warning for people to seek shelter before the heavy storm begins to fall.",clearly denote; commonly denote; denote a change,C1
Illiterate,/ɪˈlɪtərət/,n.,"illiterate, illiterates",illiteracy (n.),illiterate person; someone unable to read or write｜文盲；不識字的人,The program helps illiterates gain basic reading and writing skills so they can find employment.,adult illiterates; functionally illiterate; help the illiterate,B2
Literate,/ˈlɪtərət/,adj.,"literate, more literate, most literate",literacy (n.),literate; able to read and write｜識字的；有讀寫能力的,Many literate adults volunteer to teach basic reading and writing skills.,become literate; literate society; functionally literate,B2
Foresight,/ˈfɔrˌsaɪt/,n. [U],no changes,None,foresight; prudence｜先見之明；深謀遠慮,"Thanks to her foresight in investing early, she was able to retire comfortably at the age of fifty.",have the foresight; lack of foresight; great foresight,C1
Intuition,/ˌɪntuˈɪʃən/,n. [U],no changes,"intuitive (adj.), intuitively (adv.)",intuition; instinctive understanding without reasoning｜直覺；直觀感知（不經推理而得的領悟）,"She trusted her intuition that something was wrong, even before she had any concrete evidence.",trust your intuition; rely on intuition; feminine intuition,C1
Apathy,/ˈæpəθi/,n. [U],no changes,apathetic (adj.),apathy; indifference｜冷漠；無興趣,Voter apathy reached an all-time high when only thirty percent of the eligible population turned out to vote.,public apathy; voter apathy; widespread apathy,C1
Awareness,/əˈwɛrnəs/,n. [U],no changes,aware (adj.),awareness; recognition｜意識；認識,Environmental groups are working hard to raise public awareness of the dangers of climate change.,raise awareness; public awareness; lack of awareness,B1
Consciousness,/ˈkɑnʃəsnəs/,n. [U],no changes,"conscious (adj.), consciously (adv.)",consciousness; awareness｜意識；知覺,Many philosophers argue that human consciousness cannot be fully explained by neural activity alone.,lose consciousness; regain consciousness; class consciousness,C1
Tangible,/ˈtændʒəbəl/,adj.,"tangible, more tangible, most tangible","tangibly (adv.), tangibility (n.)",tangible; concrete｜有形的；實質的,"Despite the long investigation, there is still no tangible evidence to support her claim against the company.",tangible evidence; tangible benefits; tangible assets,C1
Definite,/ˈdɛfənɪt/,adj.,"definite, more definite, most definite",definitely (adv.),clear; definite｜明確的；肯定的,"Her position on the issue was definite, leaving no room for doubt or further negotiation during the meeting.",definite answer; definite proof; definite improvement,B1
Conceptual,/kənˈsɛptʃuəl/,adj.,"conceptual, more conceptual, most conceptual","conceptually (adv.), concept (n.)",conceptual; relating to abstract concepts｜概念上的；觀念性的（與抽象概念或構想有關的）,The artist moved from realistic painting to a more conceptual style that focused on ideas rather than appearances.,conceptual framework; conceptual model; conceptual art,B2
Concept,/ˈkɑnsɛpt/,n.,"concept, concepts",conceptual (adj.),concept; idea｜概念；觀念,The concept of universal basic income has been gaining attention from economists worldwide.,basic concept; abstract concept; grasp the concept,B2
Distinct,/dɪˈstɪŋkt/,adj.,"distinct, more distinct, most distinct","distinctly (adv.), distinction (n.)",clear; distinct｜明顯的；截然不同的,Each herb in the garden has its own distinct flavor and unique aroma that enhances different types of dishes.,distinct possibility; distinct advantage; quite distinct,B1
Distinction,/dɪˈstɪŋkʃən/,n.,"distinction, distinctions","distinct (adj.), distinctive (adj.)",difference; excellence｜區別；卓越,"He was raised in a small town of no great social distinction, but he worked hard to succeed.",make a distinction; clear distinction; blurred distinction,B2
System,/ˈsɪstəm/,n.,"system, systems",systematic (adj.),system; institution｜系統；制度,Researchers analyzed how the immune system responds to repeated exposure to a foreign antigen.,operating system; solar system; immune system,C1
Systematic,/ˌsɪstəˈmætɪk/,adj.,"systematic, more systematic, most systematic","systematically (adv.), system (n.)",systematic; orderly｜系統化的；有條理的,The team conducted a systematic review of all available research before drawing any conclusions.,systematic approach; systematic review; systematic error,B1
Capricious,/kəˈprɪʃəs/,adj.,"capricious, more capricious, most capricious","capriciously (adv.), caprice (n.)",fickle; capricious｜反覆無常的；任性的,"Her capricious moods made the team anxious, as no one knew what she would decide from one moment to the next.",capricious nature; capricious weather; highly capricious,B1
Erratic,/ɪˈrætɪk/,adj.,"erratic, more erratic, most erratic",erratically (adv.),irregular; unstable｜不規律的；不穩定的,I was in danger of being cut from the team because of my erratic attendance at the required practices.,erratic behavior; erratic breathing; highly erratic,B1
Casual,/ˈkæʒuəl/,adj.,"casual, more casual, most casual","casually (adv.), casualty (n.)",casual; nonchalant｜隨便的；漫不經心的,"The atmosphere at the meeting was quite casual, which allowed everyone to speak freely and share their innovative ideas.",casual clothes; casual remark; a casual observer,B1
Disconnected,/ˌdɪskəˈnɛktɪd/,adj.,"disconnected, more disconnected, most disconnected","disconnect (v.), disconnection (n.)",disconnected; incoherent｜分離的；不連貫的,Her biography reads like a series of disconnected stories that fail to provide a cohesive narrative of her life.,feel disconnected; totally disconnected; disconnected thoughts,C1
Conventional,/kənˈvɛnʃənəl/,adj.,"conventional, more conventional, most conventional","conventionally (adv.), convention (n.)",traditional; conventional｜傳統的；常規的,Most food tastes better when cooked in a conventional oven rather than being heated quickly in a microwave.,conventional wisdom; conventional weapons; highly conventional,B1
Convention,/kənˈvɛnʃən/,n.,"convention, conventions",conventional (adj.),conference; custom｜大會；習俗,The annual science convention attracts thousands of researchers from around the world.,annual convention; social convention; defy convention,B1
Orthodox,/ˈɔrθəˌdɑks/,adj.,"orthodox, more orthodox, most orthodox",orthodoxy (n.),orthodox; traditional｜正統的；傳統的,"He took an orthodox approach to the problem, relying on proven methods rather than experimenting with risky new ideas.",orthodox views; orthodox medicine; strictly orthodox,B2
Commonplace,/ˈkɑmənˌpleɪs/,adj.,"commonplace, more commonplace, most commonplace",None,ordinary; commonplace｜平凡的；普通的,"Jet travel is now commonplace, but it was once an expensive luxury.",become commonplace; fairly commonplace; increasingly commonplace,C1
Constant,/ˈkɑnstənt/,adj.,"constant, more constant, most constant","constantly (adv.), constancy (n.)",continuous; unending｜持續不斷的,The experiment required researchers to maintain a constant temperature throughout the entire reaction process.,constant companion; constant reminder; remain constant,C1
Continual,/kənˈtɪnjuəl/,adj.,"continual, more continual, most continual",continually (adv.),frequent; recurring｜頻頻的；一再發生的,"The country has been in a continual state of war for over a decade, causing immense suffering for its citizens.",continual interruptions; continual complaints; source of continual,C1
Continuous,/kənˈtɪnjuəs/,adj.,"continuous, more continuous, most continuous","continuously (adv.), continuity (n.)",continuous; uninterrupted｜連續不斷的,"The factory operates on a continuous production schedule, running twenty-four hours a day, seven days a week.",continuous flow; continuous improvement; continuous process,C1
Fickle,/ˈfɪkəl/,adj.,"fickle, fickler, ficklest",fickleness (n.),changeable; fickle｜善變的；無常的,"The weather can be so fickle in summer, changing from bright sunshine to heavy rain in just a few minutes.",fickle weather; fickle public; notoriously fickle,B1
Unvarying,/ʌnˈvɛriɪŋ/,adj.,"unvarying, more unvarying, most unvarying",None,unchanging; constant｜不變的；恆定的,"The monk followed an unvarying daily routine, waking at dawn and meditating for two hours every morning.",unvarying routine; unvarying pattern; unvarying temperature,B1
Exotic,/ɪɡˈzɑtɪk/,adj.,"exotic, more exotic, most exotic",exotically (adv.),exotic; unusual｜異國情調的；奇特的,She's known for her exotic tastes in fashion and often travels to remote parts of the world to find unique fabrics.,exotic location; exotic pets; truly exotic,B1
Customary,/ˈkʌstəˌmɛri/,adj.,"customary, more customary, most customary","customarily (adv.), custom (n.)",customary; usual｜習慣的；慣常的,It is customary to hold the door open for someone behind you as a simple gesture of politeness and respect.,customary practice; customary procedure; customary law,C1
Minute,/maɪˈnut/,adj.,"minute, more minute, most minute",minutely (adv.),extremely small; minute｜極小的；微小的,"He examined the document in minute detail, looking for any tiny errors that others might have missed.",minute detail; minute amount; minute examination,B1
Asset,/ˈæsɛt/,n.,"asset, assets",None,assets; valuable things or people｜資產；有價值的物品/人,Her ability to stay calm under pressure is a huge asset to the emergency response team.,valuable asset; liquid assets; frozen assets,C1
Practically,/ˈpræktɪkəli/,adv.,"practically, more practically, most practically",practical (adj.),almost; practically｜幾乎；實際上,"I've practically finished the report, so I should be able to send it to you by the end of the day.",practically impossible; practically identical; practically empty,B1
Feasible,/ˈfizəbəl/,adj.,"feasible, more feasible, most feasible","feasibility (n.), feasibly (adv.)",feasible; workable｜可行的；行得通的,"With current technology, it is just not feasible to build a permanent colony on Mars within the next decade.",commercially feasible; economically feasible; perfectly feasible,C1
Achievable,/əˈtʃivəbəl/,adj.,"achievable, more achievable, most achievable","achieve (v.), achievement (n.)",achievable; attainable｜可達成的；可實現的,"Setting smaller, achievable goals every week helps keep the team motivated for the long-term project.",achievable goal; easily achievable; realistically achievable,B1
Compatible,/kəmˈpætəbəl/,adj.,"compatible, more compatible, most compatible",compatibility (n.),compatible; able to coexist｜兼容的；能共處的,"The new software is not compatible with older versions of the operating system, so you'll need to upgrade.",fully compatible; compatible with; backward compatible,C1
Consistent,/kənˈsɪstənt/,adj.,"consistent, more consistent, most consistent","consistently (adv.), consistency (n.)",consistent; steady｜一致的；始終如一的,The athlete's consistent performance throughout the season earned her the MVP title.,consistent effort; consistent quality; consistent with,B1
Improper,/ɪmˈprɑpər/,adj.,"improper, more improper, most improper","improperly (adv.), impropriety (n.)",inappropriate; improper｜不適當的；不合適的,The investigation revealed that the CEO had used company funds for improper personal expenses.,improper conduct; improper use; highly improper,C1
Awkward,/ˈɔkwərd/,adj.,"awkward, more awkward, most awkward","awkwardly (adv.), awkwardness (n.)",embarrassing; clumsy｜令人尷尬的；笨拙的,There was an awkward silence in the room after he made that inappropriate joke at dinner.,awkward silence; awkward situation; feel awkward,B1
Rigid,/ˈrɪdʒɪd/,adj.,"rigid, more rigid, most rigid","rigidly (adv.), rigidity (n.)",rigid; inflexible｜死板的；僵硬的,"The school has a rigid policy regarding attendance, and they rarely make exceptions for anyone.",rigid rules; rigid structure; rigid adherence,B2
Tangled,/ˈtæŋɡəld/,adj.,"tangled, more tangled, most tangled",tangle (v.),tangled; complex｜糾纏的；複雜的,I spent an hour trying to untangle the tangled mess of Christmas lights I pulled out of the attic.,tangled web; tangled mess; tangled hair,B1
Methodical,/məˈθɑdɪkəl/,adj.,"methodical, more methodical, most methodical","methodically (adv.), method (n.)",methodical; systematic｜有條理的；井然有序的,"He's very methodical in his work, checking off each step of the process as he goes along.",methodical approach; highly methodical; methodical worker,B1
Negligent,/ˈnɛɡlɪdʒənt/,adj.,"negligent, more negligent, most negligent","negligence (n.), negligently (adv.)",negligent; careless｜疏忽的；失職的,The company was found negligent for failing to maintain the safety equipment properly.,grossly negligent; criminally negligent; negligent in,C1
Negligence,/ˈnɛɡlɪdʒəns/,n. [U],no changes,negligent (adj.),negligence; carelessness｜疏忽；粗心,"The accident was caused by pure negligence on the part of the contractor, who ignored the safety warnings.",medical negligence; gross negligence; act of negligence,C1
Chaotic,/keɪˈɑtɪk/,adj.,"chaotic, more chaotic, most chaotic","chaotically (adv.), chaos (n.)",chaotic; disorderly｜混亂的；無秩序的,The scene at the airport was chaotic after all flights were canceled due to the blizzard.,chaotic situation; highly chaotic; totally chaotic,B1
Messy,/ˈmɛsi/,adj.,"messy, messier, messiest","mess (n.), messily (adv.)",messy; dirty｜凌亂的；骯髒的,The divorce turned into a messy legal battle that dragged on for nearly three years.,messy room; messy divorce; a bit messy,B1
Turbulent,/ˈtɜrbjələnt/,adj.,"turbulent, more turbulent, most turbulent",turbulence (n.),turbulent; unstable｜動盪的；湍急的,The country has survived a turbulent history marked by frequent revolutions and economic crises.,turbulent times; turbulent history; turbulent waters,C1
Settle,/ˈsɛtəl/,v.,"settle, settles, settled, settled, settling","settlement (n.), settler (n.)",resolve; settle down｜解決；定居,"It took months of negotiation, but they finally managed to settle the dispute out of court.",settle a dispute; settle down; out of court settlement,C1
Obedient,/oʊˈbidiənt/,adj.,"obedient, more obedient, most obedient","obediently (adv.), obedience (n.)",obedient; compliant｜服從的；順從的,"The dog was incredibly obedient, sitting and staying perfectly still even when other animals ran past.",obedient child; blindly obedient; obedient to,B1
Moderate,/ˈmɑdərət/,adj.,"moderate, more moderate, most moderate","moderation (n.), moderately (adv.)",moderate; mild｜適度的；溫和的,The new policy aims to address the moderate challenges facing students in rural areas.,moderate amount; moderate exercise; moderate views,C1
Cultured,/ˈkʌltʃərd/,adj.,"cultured, more cultured, most cultured",culture (n.),cultured; refined; well-educated｜有教養的；文雅的,"He's a very cultured man who enjoys opera, fine art, and classical literature.",cultured man; highly cultured; cultured pearls,B1
Tame,/teɪm/,adj.,"tame, tamer, tamest","tamely (adv.), tamer (adj.)",tamed; docile｜馴服的；溫順的,The tame deer in the wildlife park showed no fear of the visiting tourists.,tame animal; pretty tame; surprisingly tame,C1
Savage,/ˈsævɪdʒ/,n.,"savage, savages","savagely (adv.), savagery (n.)",savage; barbarian｜野蠻人；未開化的人,The tribe was unfairly portrayed as savages by early colonial explorers who misunderstood their customs.,noble savage; act like a savage; bands of savages,B1
Brutal,/ˈbrutəl/,adj.,"brutal, more brutal, most brutal","brutally (adv.), brutality (n.)",brutal; cruel｜殘忍的；嚴酷的,"The winter was brutal, with record-breaking cold temperatures and heavy snow that lasted for months.",brutal attack; brutal honesty; brutal winter,C1
Inhuman,/ɪnˈhjumən/,adj.,"inhuman, more inhuman, most inhuman",inhumanity (n.),inhumane; merciless｜不人道的；無同情心的,"The prisoners were kept in inhuman conditions, with very little food and no access to clean water.",inhuman treatment; cruel and inhuman; inhuman conditions,B1
Refined,/rɪˈfaɪnd/,adj.,"refined, more refined, most refined","refinement (n.), refine (v.)",refined; elegant｜精煉的；優雅的,The artist's refined technique allows for a subtle depiction of emotions in every brushstroke of the painting.,refined sugar; refined taste; highly refined,C1
Insignificant,/ˌɪnsɪɡˈnɪfɪkənt/,adj.,"insignificant, more insignificant, most insignificant","insignificantly (adv.), insignificance (n.)",insignificant; unimportant｜微不足道的；不重要的,The difference in cost between the two options was so insignificant that it did not affect our final decision.,insignificant detail; relatively insignificant; pale into insignificance,B2
Effectual,/ɪˈfɛktʃuəl/,adj.,"effectual, more effectual, most effectual",effectually (adv.),effective; effectual｜有效的；奏效的,The new law proved to be an effectual measure in reducing carbon emissions across the industrial sector.,effectual means; prove effectual; highly effectual,C1
Beneficial,/ˌbɛnəˈfɪʃəl/,adj.,"beneficial, more beneficial, most beneficial","beneficially (adv.), benefit (n.)",beneficial; advantageous｜有益的；有利的,Regular exercise and a balanced diet are highly beneficial for maintaining long-term physical and mental health.,mutually beneficial; highly beneficial; beneficial effect,C1
Benefit,/ˈbɛnəfɪt/,n.,"benefit, benefits",beneficial (adj.),benefit; advantage｜好處；利益,One of the key benefits of regular exercise is improved cardiovascular health and better overall mood.,derive benefit; mutual benefit; fringe benefits,B1
Void,/vɔɪd/,n.,"void, voids",None,emptiness; void｜空虛；空隙,The sudden departure of the founder left a void in the organization that proved difficult to fill.,fill the void; leave a void; an aching void,C1
Copious,/ˈkoʊpiəs/,adj.,"copious, more copious, most copious",copiously (adv.),copious; abundant｜大量的；豐富的,Students are encouraged to take copious notes during the lecture to ensure they capture all the key points for review.,copious amounts; copious notes; take copious notes,B2
Replete,/rɪˈplit wɪθ/,adj.,"replete, more replete, most replete",None,filled with; full of｜充滿...的,The historical manuscript is replete with detailed illustrations that provide a vivid glimpse into medieval daily life.,replete with danger; replete with examples; fully replete with,B1
Populated,/ˈpɑpjəˌleɪtɪd/,adj.,"populated, more populated, most populated","populate (v.), population (n.)",inhabited; populated｜有人居住的,The coastal areas of this country are the most densely populated regions in the entire nation.,densely populated; sparsely populated; heavily populated,C1
Evacuate,/ɪˈvækjueɪt/,v.,"evacuate, evacuates, evacuated, evacuated, evacuating",evacuation (n.),to evacuate; to withdraw｜撤離；疏散,Local authorities had to evacuate the area after heavy rainfall caused widespread flooding.,evacuate the building; forced to evacuate; safely evacuate,B1
Occupy,/ˈɑkjəˌpaɪ/,v.,"occupy, occupies, occupied, occupied, occupying","occupation (n.), occupant (n.)",to occupy; to take up｜佔據；佔用,The administrative tasks will occupy most of her time during the first few weeks of the new project.,occupy space; occupy a position; currently occupy,B1
Accuse,/əˈkjuz/,v.,"accuse, accuses, accused, accused, accusing","accusation (n.), accuser (n.)",to accuse; to charge｜指控；控告,He was accused of fraud after irregularities were discovered in the company's financial records.,accuse someone of fraud; falsely accuse; stand accused,C1
Convict,/ˈkɑnvɪkt/,n.,"convict, convicts",conviction (n.),convict; prisoner｜囚犯；罪犯,The escaped convict was finally apprehended by police three days after breaking out of prison.,escaped convict; former convict; fellow convict,C1
Civil,/ˈsɪvəl/,adj.,"civil, more civil, most civil","civilian (n.), civilly (adv.), civility (n.)",civic; civil｜公民的；民事的,They decided to resolve their dispute in a civil court rather than pursuing a criminal investigation into the matter.,civil rights; civil war; civil society,C1
Guilty,/ˈɡɪlti/,adj.,"guilty, guiltier, guiltiest","guilt (n.), guiltily (adv.)",guilty; remorseful｜有罪的；內疚的,She felt guilty about missing her friend's wedding due to a work commitment.,plead guilty; feel guilty; found guilty,C1
Peer,/pɪr/,n.,"peer, peers",None,peer; equal｜同儕；同輩,Adolescents often feel a strong pressure to conform to the behavior and expectations of their peer group.,peer pressure; peer review; respected by peers,C1
Suspect,/ˈsʌspɛkt/,n.,"suspect, suspects","suspicion (n.), suspicious (adj.)",suspect; the accused｜嫌疑犯；涉嫌者,Police are currently questioning a key suspect who was seen near the crime scene shortly before the incident occurred.,prime suspect; murder suspect; arrest a suspect,C1
Witness,/ˈwɪtnəs/,n.,"witness, witnesses",None,eyewitness; witness｜目擊者；證人,The defense lawyer called a surprise witness to the stand to provide an alibi for the defendant's whereabouts.,eyewitness; key witness; call a witness,C1
Allegedly,/əˈlɛdʒɪdli/,adv.,"allegedly, more allegedly, most allegedly","allege (v.), alleged (adj.)",allegedly; reportedly｜據說；涉嫌,The politician allegedly accepted bribes from several construction companies over a period of five years.,allegedly responsible; allegedly fraudulent; allegedly involved,C1
Verdict,/ˈvɜrdɪkt/,n.,"verdict, verdicts",None,verdict; judgment｜裁決；判決,"After hours of deliberation, the jury finally returned a verdict of not guilty for the young defendant.",reach a verdict; deliver a verdict; guilty verdict,C1
Offense,/əˈfɛns/,n.,"offense, offenses","offender (n.), offensive (adj.)",crime; offense｜犯罪；冒犯,Driving under the influence of alcohol is considered a serious criminal offense in many countries around the world.,criminal offense; minor offense; cause offense,C1
Afford,/əˈfɔrd/,v.,"afford, affords, afforded, afforded, affording","affordable (adj.), affordability (n.)",can afford; can bear｜買得起；承擔得起,Many young families in the city cannot afford to buy a home due to the rising property prices.,can afford; afford to buy; ill afford,B1
Conduct,/kənˈdʌkt/,v.,"conduct, conducts, conducted, conducted, conducting",conductor (n.),to conduct; to guide｜進行；引導,The company decided to conduct its operations in the region due to changing market conditions.,conduct a survey; conduct research; successfully conduct,C1
Operate,/ˈɑpəˌreɪt/,v.,"operate, operates, operated, operated, operating","operation (n.), operator (n.)",to operate; to function｜運作；操作,The new hospital wing will begin to operate at full capacity by the start of next year.,operate a machine; operate successfully; operate smoothly,C1
Govern,/ˈɡʌvərn/,v.,"govern, governs, governed, governed, governing","government (n.), governor (n.)",to rule; to govern｜統治；管理,The new regulations will govern how companies handle sensitive customer data and privacy.,govern successfully; govern the country; loosely governed,C1
Oversee,/ˌoʊvərˈsi/,v.,"oversee, oversees, oversaw, overseen, overseeing",oversight (n.),to supervise; to oversee｜監督；監管,He was hired to oversee the new manufacturing division and ensure all production targets were met on time.,oversee a project; oversee operations; hired to oversee,C1
Notify,/ˈnoʊtəˌfaɪ/,v.,"notify, notifies, notified, notified, notifying",notification (n.),to notify; to inform｜通知；告知,Employees are required to notify their supervisors immediately if they encounter any safety hazards in the workplace.,notify in advance; formally notify; immediately notify,C1
Indifference,/ɪnˈdɪfrəns/,n. [U],no changes,indifferent (adj.),indifference; apathy｜漠不關心；冷淡,The management showed total indifference to the workers' complaints about the poor ventilation in the warehouse.,show indifference; treat with indifference; complete indifference,C1
Oversight,/ˈoʊvərˌsaɪt/,n.,"oversight, oversights",oversee (v.),negligence; supervision｜疏忽；監督,The committee was established to provide independent oversight of the agency's financial practices and ensure full compliance with regulations.,an administrative oversight; strict oversight; lack of oversight,C1
Inattention,/ˌɪnəˈtɛnʃən/,n. [U],no changes,inattentive (adj.),inattention; negligence｜漫不經心；疏忽,Many traffic accidents are the result of driver inattention and a failure to react to changing road conditions.,moment of inattention; sheer inattention; caused by inattention,B1
Delinquency,/dɪˈlɪŋkwənsi/,n. [U],no changes,delinquent (adj.),delinquency; default｜違法行為；拖欠,Social workers are trying to steer high-risk youth away from delinquency by providing better educational opportunities.,juvenile delinquency; tax delinquency; rate of delinquency,C1
Inconsideration,/ˌɪnkənˌsɪdəˈreɪʃən/,n. [U],no changes,inconsiderate (adj.),inconsiderateness; rashness｜不顧及他人；輕率,There is no excuse for his inconsideration and rudeness toward the clients who were waiting for their appointments.,show inconsideration; sheer inconsideration; act with inconsideration,B1
Criticize,/ˈkrɪtɪˌsaɪz/,v.,"criticize, criticizes, criticized, criticized, criticizing","criticism (n.), critic (n.)",to criticize; to blame｜批評；指責,The editorial heavily criticized the government's handling of the public health crisis.,harshly criticize; openly criticize; criticize for,B2
Acclaim,/əˈkleɪm/,v.,"acclaim, acclaims, acclaimed, acclaimed, acclaiming",acclaimed (adj.),praise; acclaim｜讚揚；稱譽,The scientist was widely acclaimed by the international community for her groundbreaking research in renewable energy.,receive widespread acclaim; acclaim as the best; critical acclaim,C1
Applause,/əˈplɔz/,n. [U],no changes,applaud (v.),applause; cheers｜鼓掌；喝采,The announcement of the new environmental policy was greeted with loud applause and cheers from the audience.,loud applause; round of applause; break into applause,B1
Appreciation,/əˌpriʃiˈeɪʃən/,n. [U],no changes,"appreciate (v.), appreciative (adj.)",admiration; gratitude｜欣賞；感謝,I would like to show my appreciation for your hard work by treating the whole team to dinner.,show appreciation; deep appreciation; token of appreciation,C1
Cheer,/tʃɪr/,v.,"cheer, cheers, cheered, cheered, cheering",cheerful (adj.),to cheer; to root for｜歡呼；為...加油,Thousands of fans gathered at the airport to cheer for the national team after their victory in the championship.,cheer wildly; cheer loudly; crowd cheered,B1
Compliment,/ˈkɑmpləˌmɛnt/,v.,"compliment, compliments, complimented, complimented, complimenting",complimentary (adj.),to praise; to flatter｜讚美；恭維,"She complimented him on his excellent presentation, saying it was the clearest she had ever seen.",compliment someone on; warmly compliment; generously compliment,B1
Multiply,/ˈmʌltəˌplaɪ/,v.,"multiply, multiplies, multiplied, multiplied, multiplying","multiplication (n.), multiple (n.)",to multiply; to cause to multiply; to reproduce; to increase dramatically｜乘；使相乘；繁殖；大量增加,"If left unchecked, bacteria can multiply rapidly in warm and moist environments.",multiply quickly; multiply by; rapidly multiply,B1
Dexterity,/dɛkˈstɛrəti/,n. [U],no changes,dexterous (adj.),skill; proficiency｜靈巧；熟練,The job of a watchmaker requires extreme manual dexterity and the ability to work with very tiny components.,manual dexterity; mental dexterity; display dexterity,B1
Clumsy,/ˈklʌmzi/,adj.,"clumsy, clumsier, clumsiest","clumsily (adv.), clumsiness (n.)",clumsy; awkward; inept｜笨拙的；不靈巧的；處事拙劣的,He was so clumsy that he managed to spill coffee on his laptop on his very first day at the new job.,clumsy movement; feel clumsy; terribly clumsy,B1
Savvy,/ˈsævi/,adj.,"savvy, savvier, savviest",None,shrewd; knowledgeable｜精明的；有見識的,She is a very savvy investor who knows exactly when to enter and exit the volatile stock market.,tech savvy; politically savvy; media savvy,C1
Proficient,/prəˈfɪʃənt/,adj.,"proficient, more proficient, most proficient",proficiency (n.),skilled; expert｜熟練的；精通的,"He has become very proficient at programming in several languages, making him a valuable asset to the software team.",highly proficient; technically proficient; proficient in,B2
Incapacity,/ˌɪnkəˈpæsəti/,n. [U],no changes,incapacitate (v.),inability; ineligibility｜無能力；無資格,His temporary incapacity following the accident prevented him from returning to work for three months.,mental incapacity; physical incapacity; suffer from incapacity,C1
Know-how,/ˈnoʊˌhaʊ/,n. [U],no changes,None,expertise; practical skill｜專門知識；實際技能,Transferring the technical know-how to local engineers proved essential for the project's long-term sustainability.,technical know-how; acquire know-how; practical know-how,C1
Significance,/sɪɡˈnɪfɪkəns/,n. [U],no changes,significant (adj.),importance; meaning｜重要性；意義,The discovery of the tomb had enormous historical significance and was widely reported in the press.,great significance; historical significance; attach significance to,B2
Fundamental,/ˌfʌndəˈmɛntəl/,n.,"fundamental, fundamentals",fundamentally (adv.),basic principle; foundation｜基本原則；基礎,Understanding the fundamentals of algebra is essential before tackling more advanced mathematics.,learn the fundamentals; grasp the fundamentals; economic fundamentals,B2
Notion,/ˈnoʊʃən/,n.,"notion, notions",None,concept; idea｜概念；想法,The study disproves any notion that dolphins are not intelligent enough to use tools for their survival.,reject the notion; romantic notion; preconceived notion,C1
Equivalent,/ɪˈkwɪvələnt/,n.,"equivalent, equivalents",equivalence (n.),equivalent; counterpart｜等價物；等同物,The word 'okay' is roughly the equivalent of 'all right' in formal written English.,the modern equivalent; moral equivalent; find an equivalent,B1
Permit,/ˈpɜrmɪt/,n.,"permit, permits",permission (n.),permit; license; pass｜許可證；執照；通行證,You need a valid work permit to be legally employed in a foreign country.,work permit; parking permit; apply for a permit,B1
Protest,/ˈproʊtɛst/,n.,"protest, protests",protester (n.),protest; objection｜抗議；異議,The proposed tuition increase sparked a widespread protest among students and faculty across the university.,peaceful protest; stage a protest; mass protest,B1
Impoverished,/ɪmˈpɑvərɪʃt/,adj.,"impoverished, more impoverished, most impoverished","impoverish (v.), impoverishment (n.)",impoverished; deficient｜窮困的；貧乏的,Many small farmers in the region remain impoverished due to the prolonged drought and lack of modern equipment.,impoverished area; impoverished family; deeply impoverished,B1
Opulent,/ˈɑpjələnt/,adj.,"opulent, more opulent, most opulent","opulence (n.), opulently (adv.)",luxurious; magnificent｜奢華的；富麗堂皇的,The billionaire hosted an opulent banquet at his sprawling estate to celebrate his recent business success.,opulent lifestyle; opulent surroundings; highly opulent,B1
Intact,/ɪnˈtækt/,adj.,no changes,None,complete; undamaged｜完整無缺的；未受損的,"Despite centuries of erosion, the temple's foundations remained remarkably intact when archaeologists excavated the site.",remain intact; survive intact; largely intact,B1
Green,/ɡrin/,adj.,"green, greener, greenest",greenery (n.),green; eco-friendly; inexperienced｜綠色的；環保的；缺乏經驗的,"Although he is talented, the new manager is still quite green and needs guidance on handling complex corporate politics.",green energy; green with envy; still green,C1
Ambiguous,/æmˈbɪɡjuəs/,adj.,"ambiguous, more ambiguous, most ambiguous","ambiguously (adv.), ambiguity (n.)",ambiguous; unclear｜模稜兩可的；含糊不清的,The contract contained an ambiguous clause that both parties interpreted differently in court.,highly ambiguous; deliberately ambiguous; somewhat ambiguous,B1
Animated,/ˈænəˌmeɪtɪd/,adj.,"animated, more animated, most animated","animate (v.), animation (n.)",active; lively｜活躍的；生氣勃勃的,The professor delivered an animated lecture that kept students engaged throughout the entire class.,animated discussion; animated conversation; highly animated,B1
Obscure,/əbˈskjʊr/,v.,"obscure, obscures, obscured, obscured, obscuring",obscurity (n.),to cover; to make unclear｜遮掩；使模糊,"Thick fog began to obscure the mountain peaks, making navigation extremely difficult for the climbers.",obscure the view; obscure the fact; tend to obscure,B1
Exhilarating,/ɪɡˈzɪləˌreɪtɪŋ/,adj.,"exhilarating, more exhilarating, most exhilarating","exhilarate (v.), exhilaration (n.)",exciting; thrilling｜令人振奮的；令人高興的,Reaching the mountain summit after a long climb provided an exhilarating view that made all the effort worthwhile.,exhilarating experience; exhilarating ride; truly exhilarating,B1
Roster,/ˈrɑstər/,n.,"roster, rosters",None,list; duty schedule｜名單；值勤表,The coach carefully reviewed the team roster to decide which players would start in the championship game this weekend.,duty roster; team roster; put on the roster,B1
Parochial,/pəˈroʊkiəl/,adj.,"parochial, more parochial, most parochial",parochialism (n.),narrow-minded; provincial｜狹隘的；地方觀念的,His parochial attitude made it difficult for him to appreciate perspectives from different cultures.,parochial view; parochial attitude; parochial outlook,C1
Curriculum,/kəˈrɪkjələm/,n.,"curriculum, curriculums",curricular (adj.),courses; course of study｜課程；課程體系,The school updated its curriculum to include more courses on environmental sustainability and climate awareness.,school curriculum; national curriculum; core curriculum,B2
Affiliate,/əˈfɪliˌeɪt wɪθ/,v.,"affiliate, affiliates, affiliated, affiliated, affiliating",affiliation (n.),to join; to associate with｜使加入；使隸屬於；與……建立關聯,The local hospital decided to affiliate with a major university to improve its access to cutting-edge medical research.,affiliate with a university; closely affiliate with; choose to affiliate with,C1
Secular,/ˈsɛkjələr/,adj.,"secular, more secular, most secular","secularism (n.), secularize (v.)",worldly; non-religious｜世俗的；非宗教的,France has a strong secular tradition that keeps religious institutions separate from the state.,secular society; secular education; secular state,B1
Implicitly,/ɪmˈplɪsɪtli/,adv.,"implicitly, more implicitly, most implicitly",implicit (adj.),implicitly; without saying｜含蓄地；不言而喻地,"By not objecting to the proposal, she implicitly agreed to take on the extra responsibilities for the upcoming project.",trust implicitly; implicitly assume; agree implicitly,B1
Contentment,/kənˈtɛntmənt/,n. [U],no changes,content (n.),satisfaction; happiness｜滿足；滿意,"She found true contentment in simple pleasures — a good book, a warm cup of tea, and the company of close friends.",feel contentment; sigh of contentment; bring contentment,B1
Pacify,/ˈpæsəˌfaɪ/,v.,"pacify, pacifies, pacified, pacified, pacifying","pacification (n.), pacifier (n.)",to calm; to soothe｜平息；安撫,The manager tried to pacify angry customers by offering full refunds and sincere apologies.,pacify the crowd; pacify a baby; try to pacify,C1
Soothing,/ˈsuðɪŋ/,adj.,"soothing, more soothing, most soothing",soothe (v.),calming; pain-relieving｜撫慰的；鎮痛的,The therapist used a soothing voice and calm music to help the patient relax during the stressful session.,soothing voice; soothing effect; soothing music,C1
Displease,/dɪsˈpliz/,v.,"displease, displeases, displeased, displeased, displeasing",displeasure (n.),to anger; to upset｜使生氣；使不快,The manager’s decision to cancel the annual bonus will certainly displease many employees who worked hard all year.,greatly displease; tend to displease; bound to displease,B1
Oblige,/əˈblaɪdʒ/,v.,"oblige, obliges, obliged, obliged, obliging","obligation (n.), obligatory (adj.)",to force; to do a favor｜迫使；施恩於,The landlord is legally obliged to maintain safe and habitable conditions for all tenants.,feel obliged; happy to oblige; oblige someone with,C1
Bore,/bɔr/,n.,"bore, bores","bored (adj.), boredom (n.)",a boring person or thing｜令人討厭的人或事物,He was such a bore that people avoided inviting him to social gatherings.,such a bore; bit of a bore; crashing bore,B1
Bar,/bɑr/,v.,"bar, bars, barred, barred, barring",None,to block; to forbid｜阻擋；禁止,The court issued an order to bar the defendant from contacting any of the witnesses.,bar the way; strictly bar; formally bar from,B1
Cease,/sis/,v.,"cease, ceases, ceased, ceased, ceasing","ceaseless (adj.), ceaselessly (adv.)",to stop; to end｜停止；中止,The company decided to cease its operations in the region due to changing market conditions.,cease to exist; cease fire; gradually cease,B1
Controversial,/ˌkɑntrəˈvɜrʃəl/,adj.,"controversial, more controversial, most controversial",controversy (n.),causing controversy; debatable｜有爭議的；引起爭論的,The scientist's controversial theory challenged decades of established assumptions and provoked intense debate among his colleagues.,highly controversial; controversial issue; controversial figure,B1
Deficiency,/dɪˈfɪʃənsi/,n.,"deficiency, deficiencies",deficient (adj.),lack; insufficiency｜缺乏；不足,A vitamin D deficiency can lead to weakened bones and an increased risk of fractures.,vitamin deficiency; iron deficiency; overcome a deficiency,C1
Commit,/kəˈmɪt/,v.,"commit, commits, committed, committed, committing","commitment (n.), committed (v.)",to commit (a crime or mistake); to promise; to dedicate; to devote｜犯（罪或錯）；承諾；投入；使致力於,He committed to completing the marathon despite the injury he sustained during training.,commit a crime; commit to memory; commit suicide,C1
Achieve,/əˈtʃiv/,v.,"achieve, achieves, achieved, achieved, achieving","achievement (n.), achievable (adj.)",to accomplish; to attain｜達成；實現,You can achieve your long-term career goals through persistent effort and continuous learning every day.,achieve a goal; achieve success; hard to achieve,B1
Forfeit,/ˈfɔrfɪt/,v.,"forfeit, forfeits, forfeited, forfeited, forfeiting",forfeiture (n.),to lose; to be confiscated｜喪失；被沒收,"If you fail to fulfill the contract terms, you will forfeit your right to the deposit.",forfeit the right; forfeit the match; risk forfeiting,C1
Slump,/slʌmp/,v.,"slump, slumps, slumped, slumped, slumping",None,to drop sharply; to slump down heavily｜暴跌；重重地坐下,The stock market slumped dramatically after the government announced the unexpected interest rate hike.,slump into a chair; sales slump; slump badly,C1
Ascent,/əˈsɛnt/,n.,"ascent, ascents",ascend (v.),upward movement; climb｜上升；攀登,The climbers began their final ascent to the summit just as the sun started to rise.,steep ascent; rapid ascent; begin the ascent,C1
Commence,/kəˈmɛns/,v.,"commence, commences, commenced, commenced, commencing",commencement (n.),to begin; to start｜開始；著手,The formal graduation ceremony will commence promptly at ten o'clock in the main assembly hall.,commence operations; formally commence; shortly commence,C1
Betray,/bɪˈtreɪ/,v.,"betray, betrays, betrayed, betrayed, betraying",betrayal (n.),to betray; to deceive｜背叛；出賣,He felt deeply hurt when he discovered that his closest friend had betrayed his trust for money.,betray a secret; betray trust; horribly betray,B1
Loss,/lɔs/,n.,"loss, losses",lose (v.),loss; being deprived of｜損失；喪失,The company reported a heavy financial loss due to the unexpected changes in international trade policies.,weight loss; heavy loss; suffer a loss,C1
Casualty,/ˈkæʒuəlti/,n.,"casualty, casualties",None,casualties; victims｜傷亡人員；傷亡者；受害者,Aid workers reported that the civilian casualty toll continued to rise as the conflict in the region intensified.,heavy casualties; civilian casualties; suffer casualties,C1
Belongings,/bɪˈlɔŋɪŋz/,n. [U],no changes,belong (v.),possessions; property｜所有物；財產,Please make sure that you take all your personal belongings with you when you leave the train.,personal belongings; gather your belongings; pack your belongings,B1
Thwart,/θwɔrt/,v.,"thwart, thwarts, thwarted, thwarted, thwarting",None,to obstruct; to frustrate｜阻撓；挫敗,The police managed to thwart the attempted robbery by arriving at the scene within minutes of the alarm.,thwart a plan; successfully thwart; repeatedly thwart,B1
Flaw,/flɔ/,n.,"flaw, flaws","flawed (adj.), flawless (adj.)",defect; imperfection｜瑕疵；缺點,The study had a serious flaw in its methodology that undermined the validity of its conclusions.,critical flaw; serious flaw; find a flaw,C1
Endearing,/ɪnˈdɪrɪŋ/,adj.,"endearing, more endearing, most endearing","endearingly (adv.), endear (v.)",charming; lovable｜惹人喜愛的,One of his most endearing qualities is his ability to make everyone feel welcome and comfortable.,endearing quality; endearing smile; absolutely endearing,B1
Fleeting,/ˈflitɪŋ/,adj.,"fleeting, more fleeting, most fleeting",fleetingly (adv.),brief; fleeting｜短暫的；轉瞬即逝的,"For a fleeting moment, she considered quitting her job and traveling around the world alone.",fleeting glimpse; fleeting moment; fleeting thought,C1
Durable,/ˈdʊrəbəl/,adj.,"durable, more durable, most durable",durability (n.),long-lasting; sturdy｜耐用的；持久的,These hiking boots are made of durable leather and are designed to withstand very rough outdoor conditions.,durable material; highly durable; extremely durable,B1
Balanced,/ˈbælənst/,adj.,"balanced, more balanced, most balanced",balance (n.),well-balanced; even｜平衡的；均衡的,Maintaining a balanced diet rich in fruits and vegetables is essential for long-term health and vitality.,balanced diet; well balanced; balanced approach,C1
Wobbly,/ˈwɑbli/,adj.,"wobbly, wobblier, wobbliest",wobble (v.),unsteady; shaky｜搖晃的；不穩的,The table is a bit wobbly because one of its legs is slightly shorter than the others.,wobbly table; feeling wobbly; wobbly legs,B1
Fuzzy,/ˈfʌzi/,adj.,"fuzzy, fuzzier, fuzziest",fuzziness (n.),fuzzy; blurry｜毛茸茸的；模糊的,"Without my glasses, everything in the distance looks fuzzy and I cannot recognize people's faces easily.",fuzzy logic; fuzzy picture; warm and fuzzy,C1
Anemic,/əˈnimɪk/,adj.,"anemic, more anemic, most anemic",anemia (n.),anemic; lacking vitality｜貧血的；缺乏活力的,Investors expressed deep concern over the company's anemic growth rates during the last three fiscal quarters.,look anemic; highly anemic; anemic performance,C1
Pliant,/ˈplaɪənt/,adj.,"pliant, more pliant, most pliant",pliancy (n.),flexible; yielding｜柔軟的；順從的,The young branches of the willow tree are very pliant and can be easily woven into baskets.,pliant material; highly pliant; pliant nature,C1
Vulnerable,/ˈvʌlnərəbəl/,adj.,"vulnerable, more vulnerable, most vulnerable","vulnerability (n.), vulnerably (adv.)",fragile; easily injured｜脆弱的；易受傷的,Young children and the elderly are particularly vulnerable to respiratory infections during the cold winter months.,vulnerable to; highly vulnerable; feel vulnerable,B1
Exposed,/ɪkˈspoʊzd/,adj.,"exposed, more exposed, most exposed","expose (v.), exposure (n.)",exposed; unprotected｜暴露的；無遮蔽的,The hikers were left exposed to the wind and rain when their tent was blown away overnight.,exposed to the elements; left exposed; highly exposed,C1
Heedless,/ˈhidlɪs/,adj.,"heedless, more heedless, most heedless",heedlessly (adv.),careless; heedless｜不注意的；掉以輕心的,"He drove at high speeds through the narrow streets, heedless of the danger to nearby pedestrians.",heedless of danger; entirely heedless; heedless rush,B1
Attentive,/əˈtɛntɪv/,adj.,"attentive, more attentive, most attentive","attentively (adv.), attention (n.)",focused; attentive｜專注的；關心的,A good waiter should be attentive to the needs of the customers without being overly intrusive.,attentive audience; highly attentive; attentive to,B1
Watchful,/ˈwɑtʃfəl/,adj.,"watchful, more watchful, most watchful",watchfully (adv.),vigilant; watchful｜警惕的；注意的,The mother bird kept a watchful eye on her chicks to protect them from potential forest predators.,keep a watchful eye; watchful waiting; remain watchful,C1
Dubious,/ˈdubiəs/,adj.,"dubious, more dubious, most dubious",dubiously (adv.),skeptical; questionable｜半信半疑的；可疑的,He made the highly dubious claim that the famous rock star is still alive and secretly living in a tropical paradise.,dubious distinction; dubious honor; highly dubious,B2
Contented,/kənˈtɛntɪd/,adj.,"contented, more contented, most contented","contentedly (adv.), contentment (n.)",satisfied; content｜滿足的；滿意的,"She felt perfectly contented with her quiet life in the countryside, far from the stress of the city.",feel contented; look contented; perfectly contented,C1
Disputable,/dɪˈspjutəbəl/,adj.,"disputable, more disputable, most disputable",dispute (n.),debatable; questionable; uncertain｜有爭議的；可質疑的；不確定的,His controversial speech is full of disputable statements that have been heavily criticized by historical experts.,highly disputable; arguably disputable; disputable claim,B2
Incontrovertible,/ˌɪnkɑntrəˈvɜrtəbəl/,adj.,no changes,incontrovertibly (adv.),indisputable; undeniable｜無可辯駁的；不容置疑的,The newly discovered DNA evidence against the suspect is absolutely incontrovertible and ensures a conviction.,incontrovertible proof; incontrovertible evidence; absolutely incontrovertible,C1
Assertive,/əˈsɜrtɪv/,adj.,"assertive, more assertive, most assertive","assertively (adv.), assert (v.)",confident; assertive｜堅定自信的；果斷的,"If you want people to listen to your professional opinions, you'll need to learn to be much more assertive.",assertive behavior; highly assertive; become more assertive,C1
Assure,/əˈʃʊr/,v.,"assure, assures, assured, assured, assuring",assurance (n.),to assure; to convince｜向...保證；使確信,"Based on our rigorous testing procedures, I can assure you that you will not be disappointed with this product.",assure someone that; let me assure you; confidently assure,C1
Untroubled,/ʌnˈtrʌbəld/,adj.,"untroubled, more untroubled, most untroubled",trouble (n.),untroubled; calm｜未受困擾的；平靜的,She remains remarkably untroubled and focused despite the absolute chaos and panic erupting all around her.,untroubled sleep; seemingly untroubled; untroubled by,B1
Hesitant,/ˈhɛzətənt/,adj.,"hesitant, more hesitant, most hesitant","hesitantly (adv.), hesitate (v.)",hesitant; reluctant｜猶豫的；遲疑的,Many investors remained hesitant to commit funds until the central bank clarified its long-term policy on interest rates.,hesitant step; feel hesitant; slightly hesitant,B1
Eager,/ˈiɡər/,adj.,"eager, more eager, most eager","eagerly (adv.), eagerness (n.)",eager; enthusiastic｜渴望的；熱切的,The graduate students were eager to begin their field research in the Amazon rainforest after months of preparation.,eager to please; eager beaver; seemingly eager,B1
Indecisive,/ˌɪndɪˈsaɪsɪv/,adj.,"indecisive, more indecisive, most indecisive","indecisively (adv.), indecision (n.)",indecisive; wavering｜優柔寡斷的；猶豫不決的,An indecisive leadership style can lead to significant delays and confusion within a large corporate organization.,indecisive leader; weak and indecisive; indecisive battle,B1
Reluctant,/rɪˈlʌktənt/,adj.,"reluctant, more reluctant, most reluctant","reluctantly (adv.), reluctance (n.)",reluctant; unwilling｜不情願的；勉強的,"Although the evidence is clear, he might agree but still seems reluctant to admit his own mistakes publicly.",reluctant hero; reluctant to agree; seem reluctant,B1
Skeptical,/ˈskɛptɪkəl/,adj.,"skeptical, more skeptical, most skeptical","skeptically (adv.), skepticism (n.)",skeptical; doubtful｜持懷疑態度的,"Given their past failures, she's highly skeptical of the researchers' bold claims regarding the new miracle drug.",highly skeptical; remain skeptical; skeptical of,B2
Audacious,/ɔˈdeɪʃəs/,adj.,"audacious, more audacious, most audacious","audaciously (adv.), audacity (n.)",bold; audacious｜大膽的；無恥的,"Despite the enormous financial risks, she made an audacious decision to quit her secure job and start a business.",audacious plan; audacious move; incredibly audacious,B1
Adventurous,/ædˈvɛntʃərəs/,adj.,"adventurous, more adventurous, most adventurous","adventurously (adv.), adventure (v.)",adventurous; full of danger｜愛冒險的；充滿危險的,Traveling alone through the dense jungle proved to be an incredibly adventurous and unforgettable voyage for him.,adventurous spirit; highly adventurous; adventurous journey,B1
Gallantry,/ˈɡæləntri/,n. [U],no changes,gallant (adj.),heroic bravery; courtesy｜英勇；殷勤,The soldiers received medals for their remarkable gallantry and bravery during the intense final battle.,act of gallantry; award for gallantry; display gallantry,B1
Heroic,/hɪˈroʊɪk/,adj.,"heroic, more heroic, most heroic","heroically (adv.), hero (n.)",heroic; brave｜英雄的；英勇的,The local community built a monument to honor the heroic efforts of the rescuers during the devastating flood.,heroic effort; heroic deeds; truly heroic,B1
Spunky,/ˈspʌŋki/,adj.,"spunky, spunkier, spunkiest",spunk (n.),courageous; spirited｜有膽量的；生氣勃勃的,The spunky little girl refused to back down even when the older kids tried to intimidate her.,spunky kid; spunky attitude; spunky performance,B1
Meek,/mik/,adj.,"meek, meeker, meekest","meekly (adv.), meekness (n.)",gentle; mild｜溫順的；柔和的,"She may seem incredibly meek and mild in social situations, but it is all a carefully constructed professional act.",meek and mild; meek voice; surprisingly meek,B1
Reticent,/ˈrɛtəsənt/,adj.,"reticent, more reticent, most reticent",reticence (n.),reticent; unwilling to speak｜沈默寡言的；不願多談的,Her husband is by nature a highly reticent person who prefers to keep his personal thoughts completely to himself.,reticent about; remain reticent; naturally reticent,B1
Perception,/pərˈsɛpʃən/,n.,"perception, perceptions","perceptive (adj.), perceive (v.)",perception; awareness｜知覺；觀念,Public perception of the new policy shifted dramatically after the president's televised address.,public perception; visual perception; change perception,B2
Explicit,/ɪkˈsplɪsɪt/,adj.,"explicit, more explicit, most explicit",explicitly (adv.),detailed; clear｜詳盡的；明確的,The experienced doctor gave me very explicit instructions on exactly when and how to take the prescribed medicine.,explicit instructions; explicit content; highly explicit,C1
Verity,/ˈvɛrəti/,n.,"verity, verities",None,truth; reality｜真實；真理,The bureau is less concerned with the verity of the legend than the fact that it attracts visitors.,eternal verity; question the verity; historical verity,B1
Approximately,/əˈprɑksəmətli/,adv.,"approximately, more approximately, most approximately",approximate (adj.),approximately; about｜大約；近乎,"During a lifetime, a person will take approximately 500 million breaths.",approximately equal; approximately half; at approximately the same time,B1
Compensate,/ˈkɑmpənˌseɪt/,v.,"compensate, compensates, compensated, compensated, compensating","compensation (n.), compensatory (adj.)",to compensate; to make up for｜補償；賠償,The airline agreed to compensate passengers for the significant delays caused by mechanical issues.,compensate for; fully compensate; adequately compensate,B1
Unobservant,/ˌʌnəbˈzɜrvənt/,adj.,"unobservant, more unobservant, most unobservant",observant (adj.),inattentive; unobservant｜不注意的；不善於觀察的,"Trying to avoid involvement, he falsely claimed that he was just an unobservant passerby during the robbery.",highly unobservant; rather unobservant; notoriously unobservant,B1
Partial,/ˈpɑrʃəl/,adj.,"partial, more partial, most partial","partially (adv.), partiality (n.)",partial; biased｜部分的；偏袒的,The investigation reached only a partial conclusion due to the lack of witness cooperation.,partial success; partial to; only partial,C1
Apathetic,/ˌæpəˈθɛtɪk/,adj.,"apathetic, more apathetic, most apathetic",apathy (n.),apathetic; indifferent｜冷漠的；無動於衷的,"Due to the lack of meaningful change, young citizens are becoming increasingly apathetic toward local politics.",apathetic attitude; highly apathetic; largely apathetic,B1
Frigid,/ˈfrɪdʒɪd/,adj.,"frigid, more frigid, most frigid",frigidity (n.),freezing; aloof｜嚴寒的；冷淡的,The unexpectedly frigid temperatures in early spring significantly delayed the pollination of the fruit trees.,frigid air; frigid response; bitterly frigid,C1
Compel,/kəmˈpɛl/,v.,"compel, compels, compelled, compelled, compelling","compelling (v.), compulsion (n.)",to compel; to force｜強迫；迫使,The mounting body of empirical evidence may eventually compel researchers to abandon the long-held theoretical assumptions of the field.,feel compelled; compel someone to; formally compel,B1
Permeate,/ˈpɜrmiˌeɪt/,v.,"permeate, permeates, permeated, permeated, permeating",permeable (adj.),to permeate; to spread｜滲透；瀰漫,"The smell of freshly baked bread permeated the entire building, drawing customers inside.",permeate the air; permeate society; slowly permeate,B1
Internal combustion,/ɪnˈtɜrnəl kəmˈbʌstʃən/,n. [U],no changes,None,internal combustion (the process of burning fuel inside an engine cylinder to generate power)｜內燃（指燃料在引擎汽缸內部燃燒以產生動力的過程）,The invention of the internal combustion engine fundamentally revolutionized the modern automobile industry.,internal combustion engine; internal combustion process; phase out internal combustion,C1
Trigger,/ˈtrɪɡər/,v.,"trigger, triggers, triggered, triggered, triggering",None,to trigger; to cause｜引發；觸發,A sudden change in temperature can often trigger severe allergies and respiratory problems for sensitive individuals.,trigger a memory; trigger an event; automatically trigger,C1
Convey,/kənˈveɪ/,v.,"convey, conveys, conveyed, conveyed, conveying",conveyance (n.),to convey; to transport｜傳達；運送,"Due to cultural differences, it is often difficult to accurately convey the deep meaning of a traditional poem.",convey meaning; convey a message; accurately convey,B1
Degrade,/dɪˈɡreɪd/,v.,"degrade, degrades, degraded, degraded, degrading","degradation (n.), degrading (v.)",to cause to degenerate; to demote; to lower the quality of｜使退化；使降級；降低……的品質,"Harsh chemicals can degrade the surface of the material, causing it to crack and lose its protective properties over time.",degrade the environment; further degrade; gradually degrade,B1
Norm,/nɔrm/,n.,"norm, norms",normal (adj.),normal state; standard｜常態；規範,Researchers found that behaviour once regarded as deviant had gradually become the accepted social norm within the community.,social norm; cultural norm; deviate from the norm,B1
Anomaly,/əˈnɑməli/,n.,"anomaly, anomalies",anomalous (adj.),abnormality; something irregular｜異常；反常事物,The scientist conducted further tests to explain the data anomaly.,statistical anomaly; historical anomaly; correct an anomaly,B2
Recede,/rɪˈsid/,v.,"recede, recedes, receded, receded, receding",recession (n.),to move backward; to gradually fade｜後退；逐漸減弱,"As the floodwaters began to recede, rescue teams moved in to assess the damage.",waters recede; memories recede; begin to recede,B1
Intervene,/ˌɪntərˈvin/,v.,"intervene, intervenes, intervened, intervened, intervening",intervention (n.),to interfere; to mediate｜干涉；介入,The central bank decided to intervene in the currency market in order to stabilize the rapidly depreciating exchange rate.,intervene in a dispute; forcefully intervene; directly intervene,B1
Dispute,/dɪˈspjut/,v.,"dispute, disputes, disputed, disputed, disputing",disputable (adj.),to challenge; to question the truth of｜對...提出質疑,Several experts have come forward to dispute the official findings of the accident investigation.,dispute a claim; hotly dispute; firmly dispute,C1
Indisputable,/ˌɪndɪˈspjutəbəl/,adj.,no changes,indisputably (adv.),undeniable; unquestionable｜無可爭辯的,The high-resolution satellite imagery provided indisputable proof of the construction.,indisputable fact; indisputable proof; practically indisputable,B1
Gap,/ɡæp/,n.,"gap, gaps",None,opening; disparity｜缺口；差距,There is a significant gap between what the company promises and what it actually delivers to customers.,bridge the gap; generation gap; wide gap,B1
Retrieve,/rɪˈtriv/,v.,"retrieve, retrieves, retrieved, retrieved, retrieving","retrieval (n.), retriever (n.)",to fetch back; to recover｜取回；檢索,The IT team was able to retrieve all the lost data from the damaged hard drive.,retrieve data; retrieve from; quickly retrieve,C1
Apply,/əˈplaɪ/,v.,"apply, applies, applied, applied, applying","application (n.), applicable (adj.)",to make a request; to put to use｜申請；應用,"Despite her lack of formal qualifications, she intuitively felt that she should apply for the management position.",apply for a job; apply pressure; apply to,C1
Acquisition,/ˌækwəˈzɪʃən/,n.,"acquisition, acquisitions",acquire (v.),the act of obtaining; purchase｜獲得；收購,The discovery of the ancient Roman artifacts was considered an extremely important acquisition for the national museum.,language acquisition; recent acquisition; complete an acquisition,C1
Enamored,/ɪˈnæmərd/,adj.,"enamored, more enamored, most enamored",enamor (v.),deeply charmed; fond｜迷戀的；傾心的,"After visiting Japan, she became completely enamored with its culture, food, and traditional architecture.",enamored with; deeply enamored; completely enamored,B1
Infatuated,/ɪnˈfætʃuˌeɪtɪd/,adj.,"infatuated, more infatuated, most infatuated",infatuation (n.),obsessed; completely captivated｜迷戀的；神魂顛倒的,He became so infatuated with the idea of becoming a rock star that he quit his job to pursue music full-time.,infatuated with; become infatuated; wildly infatuated,B1
Ardent,/ˈɑrdənt/,adj.,"ardent, more ardent, most ardent","ardor (n.), ardently (adv.)",passionate; enthusiastic｜熱烈的；熱情的,She has been an ardent supporter of environmental conservation efforts since her early years in university.,ardent supporter; ardent fan; highly ardent,B1
Bone-dry,/ˈboʊn ˈdraɪ/,adj.,no changes,None,completely dry; extremely arid｜乾透的；極乾燥的,The valley remained bone-dry for several months as the expected seasonal rains failed to arrive this year.,bone-dry soil; absolutely bone-dry; leave it bone-dry,B1
Parched,/pɑrtʃt/,adj.,"parched, more parched, most parched",parch (v.),dried out; extremely thirsty｜焦乾的；極渴的,"After hours of hiking under the blazing sun, the travelers were utterly parched and desperately needed water.",parched earth; feel parched; totally parched,B1
Barren,/ˈbærən/,adj.,"barren, more barren, most barren",barrenness (n.),infertile; desolate｜貧瘠的；荒蕪的,The landscape was so barren that few creatures could thrive on these desolate mountaintops.,barren land; completely barren; barren landscape,C1
Fertile,/ˈfɜrtəl/,adj.,"fertile, more fertile, most fertile","fertility (n.), fertilize (v.)",rich; capable of producing offspring｜肥沃的；能生育的,The farmer successfully cultivated these fertile fields of corn and oats near the riverbank.,fertile soil; fertile imagination; highly fertile,C1
Infertile,/ɪnˈfɜrtəl/,adj.,"infertile, more infertile, most infertile",infertility (n.),barren; unable to reproduce｜貧瘠的；不孕的,"Only parched, infertile fields remained after months of severe drought had scorched the entire region.",infertile land; medically infertile; render infertile,C1
Stale,/steɪl/,adj.,"stale, staler, stalest",staleness (n.),not fresh; trite｜不新鮮的；陳腐的,The stale bread was dry and tasteless because it had been left on the counter overnight.,stale bread; stale air; become stale,B1
Prank,/præŋk/,n.,"prank, pranks",prankster (n.),mischief; practical joke｜惡作劇；惡搞,He enjoys playing harmless pranks on his friends to lighten the mood during long study sessions.,play a prank; practical prank; harmless prank,B1
Frolic,/ˈfrɑlɪk/,v.,"frolic, frolics, frolicked, frolicked, frolicking",frolicsome (adj.),play; frolic｜嬉戲；作樂,The puppies were seen frolicking happily in the sun while the children watched them from the edge of the large garden.,frolic in the sun; playfully frolic; happily frolic,B1
Woe,/woʊ/,n.,"woe, woes","woeful (adj.), woefully (adv.)",sorrow; misfortune｜悲哀；不幸,Mary's life was full of woe after she lost her job and her house in the same month.,tale of woe; economic woes; bring woe,B1
Mortgage,/ˈmɔrɡɪdʒ/,v.,"mortgage, mortgages, mortgaged, mortgaged, mortgaging","mortgagee (n.), mortgagor (n.)",pledge; mortgage｜抵押；以（房產或財產）作擔保向他人借款,They had to mortgage their house to raise the funds needed to start their small business.,mortgage a house; heavily mortgage; formally mortgage,C1
Simultaneous,/ˌsaɪməlˈteɪniəs/,adj.,no changes,simultaneously (adv.),occurring at the same time｜同時發生的,The audience burst into simultaneous applause the moment the pianist finished the difficult final movement.,simultaneous translation; roughly simultaneous; almost simultaneous,B1
Analogous,/əˈnæləɡəs/,adj.,"analogous, more analogous, most analogous",analogy (n.),similar to｜與...類似的,"A joystick is analogous to the reins of a horse, allowing the player to control movement precisely.",roughly analogous to; closely analogous to; directly analogous to,B1
Retain,/rɪˈteɪn/,v.,"retain, retains, retained, retained, retaining","retention (n.), retentive (adj.)",keep; hold｜保留；保持,This ceramic vessel won't retain water because it has a tiny crack running down the side.,retain control; retain heat; manage to retain,B1
Elephantine,/ˌɛləˈfænˌtin/,adj.,"elephantine, more elephantine, most elephantine",elephant (n.),huge; clumsy｜巨大的；笨重的,The country is currently facing an elephantine budget deficit that requires immediate and drastic economic reforms.,elephantine memory; elephantine proportions; almost elephantine,B1
Minuscule,/ˈmɪnəˌskjul/,adj.,no changes,None,tiny; negligible｜極小的；微不足道的,He believed that the risk of infection was minuscule if they followed the proper safety protocols.,minuscule amount; minuscule fraction; virtually minuscule,C1
Dwarf,/dwɔrf/,adj.,no changes,None,stunted; dwarfed｜矮小的；發育不全的,The dwarf varieties of these apple trees are perfect for small gardens with limited space.,dwarf star; dwarf planet; dwarf variety,B1
Rejuvenate,/rɪˈdʒuvəˌneɪt/,v.,"rejuvenate, rejuvenates, rejuvenated, rejuvenated, rejuvenating",rejuvenation (n.),make young; revitalize｜使年輕；使恢復活力,The weekend spa treatment rejuvenated me completely before I had to return to my stressful job.,rejuvenate the skin; fully rejuvenate; help rejuvenate,C1
Surge,/sɜrdʒ/,v.,"surge, surges, surged, surged, surging",None,surge; rise suddenly｜猛增；湧動,Water levels in the river began to surge after three days of continuous heavy rainfall in the mountainous regions.,prices surge; suddenly surge; surge dramatically,C1
Deplete,/dɪˈplit/,v.,"deplete, depletes, depleted, depleted, depleting",depletion (n.),exhaust; use up｜耗盡；使枯竭,Excessive logging and irresponsible mining operations deplete our natural resources at an alarming rate.,deplete resources; severely deplete; completely deplete,C1
Diminish,/dɪˈmɪnɪʃ/,v.,"diminish, diminishes, diminished, diminished, diminishing","diminution (n.), diminishing (adj.)",reduce; belittle｜減少；貶低,The doctor assured me that the drug's side effects should diminish significantly over the next few days.,diminish the importance; gradually diminish; significantly diminish,C1
Derive,/dɪˈraɪv/,v.,"derive, derives, derived, derived, deriving","derivation (n.), derivative (n.)",originate from; derive from｜源自於；起源於；由……衍生而來,"Many English words derive from Latin and Greek roots, making them easier to understand in context.",derive pleasure from; mainly derive from; naturally derive from,C1
Prosper,/ˈprɑspər/,v.,"prosper, prospers, prospered, prospered, prospering","prosperity (n.), prosperous (adj.)",flourish; succeed｜繁榮；成功,No crop can prosper in this extreme heat without a reliable and efficient irrigation system.,continue to prosper; business prospers; economically prosper,C1
Wither,/ˈwɪðər/,v.,"wither, withers, withered, withered, withering",None,wilt; shrivel｜枯萎；凋謝,The delicate garden plants withered and died because no one remembered to water them during the vacation.,wither and die; slowly wither; begin to wither,C1
Stagnate,/ˈstæɡneɪt/,v.,"stagnate, stagnates, stagnated, stagnated, stagnating","stagnation (n.), stagnant (adj.)",stop developing; be inactive｜停滯；不發展,"Without continuous learning and professional development, a person's teaching career can easily stagnate over time.",economy stagnates; continue to stagnate; tend to stagnate,C1
Extend,/ɪkˈstɛnd/,v.,"extend, extends, extended, extended, extending","extension (n.), extensive (adj.)",lengthen; expand｜延伸；擴大,The new policy will extend coverage to include part-time employees who were previously excluded from the benefits program.,extend a deadline; formally extend; logically extend,C1
Arbitrary,/ˈɑrbəˌtrɛri/,adj.,"arbitrary, more arbitrary, most arbitrary",arbitrarily (adv.),based on random choice; subjective｜任意的；武斷的,Students felt that the final exam was unfair because the grading criteria seemed rather arbitrary.,arbitrary decision; somewhat arbitrary; purely arbitrary,B1
Rate,/reɪt/,v.,"rate, rates, rated, rated, rating",rating (n.),to evaluate; to assign a rank or grade｜評估；定級,Independent reviewers rate the proposals according to their scientific merit and potential impact on the field.,rate highly; rate among the best; commonly rate,B1
Infinitesimal,/ˌɪnfɪnəˈtɛsəməl/,adj.,no changes,infinitesimally (adv.),extremely small; negligible｜極微小的；微不足道的,"In the initial stages of the project, any improvement in people’s lives was infinitesimal but promising.",infinitesimal amount; infinitesimal fraction; virtually infinitesimal,B1
Adjust,/əˈdʒʌst/,v.,"adjust, adjusts, adjusted, adjusted, adjusting","adjustment (n.), adjustable (adj.)",to adapt; to adjust to conform｜適應；調整以順應,She quickly overcame her culture shock and found it relatively easy to adjust to the new country.,adjust to the new environment; quickly adjust to; hard to adjust to,C1
Denominator,/dɪˈnɑməˌneɪtər/,n.,"denominator, denominators",denominate (v.),denominator; common characteristic｜分母；共同特徵,You can only add two fractions together if they have the same common denominator.,common denominator; lowest common denominator; shared denominator,B1
Currency,/ˈkɜrənsi/,n.,"currency, currencies",current (n.),money; circulation｜貨幣；流通,A new digital currency has been introduced in the foreign exchange market to facilitate international trade.,foreign currency; local currency; gain currency,C1
Refund,/rɪˈfʌnd/,v.,"refund, refunds, refunded, refunded, refunding",refundable (adj.),to return; to repay｜退還；償還,The store agreed to refund the full purchase price after the customer complained about the faulty product.,fully refund; agree to refund; formally refund,B1
Reserve,/rɪˈzɜrv/,v.,"reserve, reserves, reserved, reserved, reserving",reservation (n.),to book; to keep｜預訂；保留,I always reserve a table at the restaurant in advance when dining out during the busy weekend.,reserve a table; reserve the right to; reserve judgment,C1
Coinage,/ˈkɔɪnɪdʒ/,n. [U],no changes,coin (v.),coins; newly coined words｜硬幣；新造詞,The amount of gold coinage in circulation increased nearly six-fold during the peak of the gold rush.,recent coinage; decimal coinage; clever coinage,C1
Deficit,/ˈdɛfəsɪt/,n.,"deficit, deficits",None,financial deficit; adverse balance｜赤字；逆差,The federal government is currently facing a massive deficit of three billion dollars this fiscal year.,budget deficit; trade deficit; run a deficit,C1
Impair,/ɪmˈpɛr/,v.,"impair, impairs, impaired, impaired, impairing",impairment (n.),to damage; to weaken｜損害；削弱,Prolonged exposure to loud noise can permanently impair your hearing.,impair hearing; completely impair; likely to impair,C1
Deteriorate,/dɪˈtɪriəˌreɪt/,v.,"deteriorate, deteriorates, deteriorated, deteriorated, deteriorating",deterioration (n.),to worsen; to become worse｜惡化；變壞,The paint on the old wooden house will deteriorate after prolonged exposure to heavy rain.,condition deteriorates; rapidly deteriorate; gradually deteriorate,C1
Bruise,/bruz/,v.,"bruise, bruises, bruised, bruised, bruising",None,to cause bruises to appear｜使出現瘀傷,He managed to bruise his knee quite badly while hiking through the rocky terrain near the mountain peak last weekend.,easily bruise; badly bruise; severely bruise,B1
Detriment,/ˈdɛtrəmənt/,n.,"detriment, detriments",detrimental (adj.),harm; damage｜損害；傷害,The young athlete worked extremely hard without any detriment to his physical health or growth.,to the detriment of; without detriment to; cause detriment,C1
Auspicious,/ɔˈspɪʃəs/,adj.,"auspicious, more auspicious, most auspicious",auspiciously (adv.),lucky; propitious｜吉利的；吉祥的,The critical success of his very first novel was an auspicious debut for the young writer.,auspicious beginning; auspicious start; highly auspicious,C1
Atrocious,/əˈtroʊʃəs/,adj.,"atrocious, more atrocious, most atrocious","atrociously (adv.), atrocity (n.)",extremely bad; cruel｜極壞的；殘忍的,The prisoner was convicted of a series of atrocious crimes that shocked the entire local community.,atrocious weather; atrocious crime; absolutely atrocious,C1
Wrathful,/ˈræθfəl/,adj.,"wrathful, more wrathful, most wrathful",wrath (n.),angry; furious｜憤怒的；震怒的,"In a wrathful voice, she demanded to know exactly what had happened while she was away.",wrathful gaze; wrathful god; feel wrathful,B1
Agreeable,/əˈɡriəbəl/,adj.,"agreeable, more agreeable, most agreeable","agreeably (adv.), agree (v.)",pleasant; agreeable｜令人愉快的；宜人的,They spent a very agreeable evening together discussing their shared interests in classical music and art.,agreeable surprise; agreeable person; perfectly agreeable,B1
Decent,/ˈdisənt/,adj.,"decent, more decent, most decent","decently (adv.), decency (n.)",decent; respectable｜像樣的；體面的,He is a decent guy who would go out of his way to help anyone in need.,decent job; decent meal; perfectly decent,B1
Malicious,/məˈlɪʃəs/,adj.,"malicious, more malicious, most malicious","maliciously (adv.), malice (n.)",malicious; intentional｜惡意的；蓄意的,The malicious neighbor spread false gossip about the family to ruin their reputation in the town.,malicious gossip; malicious intent; purely malicious,C1
Nefarious,/nɪˈfɛriəs/,adj.,"nefarious, more nefarious, most nefarious",nefariously (adv.),utterly evil; unlawful｜極度邪惡的；不法的,The criminals came up with a nefarious scheme to cheat elderly people out of their life savings.,nefarious activities; nefarious purpose; nefarious plot,B1
Upright,/ˈʌpˌraɪt/,adj.,"upright, more upright, most upright",uprightness (n.),straight; honest｜挺直的；正直的,My father has always been an upright citizen who believes in honesty and hard work above all.,upright citizen; sit upright; upright posture,C1
Nimble,/ˈnɪmbəl/,adj.,"nimble, nimbler, nimblest",nimbly (adv.),nimble; agile｜敏捷的；靈活的,Her nimble fingers make knitting complicated patterns look so easy that anyone could do it.,nimble fingers; nimble mind; quick and nimble,B1
Brisk,/brɪsk/,adj.,"brisk, brisker, briskest",briskly (adv.),brisk; lively｜輕快的；生氣勃勃的,They went for a brisk walk in the park to clear their heads before the meeting.,brisk walk; brisk pace; brisk wind,B1
Naive,/nɑˈiv/,adj.,"naive, naiver, naivest","naivety (n.), naively (adv.)",naïve; childish｜天真的；幼稚的,"I was very young and naive at the time, believing everything that people told me.",naive assumption; incredibly naive; completely naive,B1
Sassy,/ˈsæsi/,adj.,"sassy, sassier, sassiest",sassiness (n.),impudent; fashionable｜傲慢而無禮的；時髦的,The sassy teenager gave a witty reply that left everyone in the room laughing.,sassy attitude; sassy reply; a sassy teenager,B1
Alert,/əˈlɜrt/,n.,"alert, alerts",alertness (n.),alarm; warning; vigilance｜警報；警戒；戒備狀態,A security alert was issued after suspicious activity was detected near the restricted zone.,on high alert; issue an alert; bomb alert,C1
Ascertain,/ˌæsərˈteɪn/,v.,"ascertain, ascertains, ascertained, ascertained, ascertaining",None,determine; find out｜查明；確定,The police are still trying to ascertain the exact cause of the accident through forensic analysis.,ascertain the facts; ascertain the truth; ascertain with certainty,C1
Mitigate,/ˈmɪtəˌɡeɪt/,v.,"mitigate, mitigates, mitigated, mitigated, mitigating",mitigation (n.),mitigate; alleviate｜減輕；緩和,The government has implemented new policies to mitigate the effects of climate change on coastal communities.,mitigate the risk; mitigate the effects; help mitigate,C1
Refute,/rɪˈfjut/,v.,"refute, refutes, refuted, refuted, refuting",refutation (n.),refute; disprove｜駁斥；反駁,The scientist published a detailed report to refute the claims made by the rival research group.,refute a claim; refute an argument; entirely refute,C1
Corroborate,/kəˈrɑbəˌreɪt/,v.,"corroborate, corroborates, corroborated, corroborated, corroborating","corroboration (n.), corroborative (adj.)",confirm; verify｜證實；確證,"The witness was able to corroborate the suspect’s alibi, leading to his eventual release from custody.",corroborate the story; closely corroborate; evidence to corroborate,C1
Substantiate,/səbˈstænʃiˌeɪt/,v.,"substantiate, substantiates, substantiated, substantiated, substantiating",substantiation (n.),substantiate; prove｜證實；證明...有根據,We need more concrete evidence to substantiate the allegations of financial misconduct within the firm.,substantiate a claim; fail to substantiate; evidence to substantiate,C1
Elucidate,/ɪˈlusəˌdeɪt/,v.,"elucidate, elucidates, elucidated, elucidated, elucidating",elucidation (n.),clarify; explain｜闡明；解釋,The professor used several clear examples to elucidate the complex theories of quantum mechanics.,elucidate the matter; elucidate further; attempt to elucidate,C1
Exacerbate,/ɪɡˈzæsərˌbeɪt/,v.,"exacerbate, exacerbates, exacerbated, exacerbated, exacerbating",exacerbation (n.),exacerbate; worsen｜使加劇；使惡化,The lack of reliable public transportation will only exacerbate the traffic problems in the city center.,exacerbate the problem; exacerbate the situation; further exacerbate,C1
Consolidate,/kənˈsɑlɪˌdeɪt/,v.,"consolidate, consolidates, consolidated, consolidated, consolidating",consolidation (n.),consolidate; merge｜鞏固；合併,The two smaller companies decided to consolidate their resources to compete more effectively in the global market.,consolidate power; consolidate debts; successfully consolidate,C1
Advocate,/ˈædvəkət/,v.,"advocate, advocates, advocated, advocated, advocating",advocacy (n.),support; champion｜擁護；提倡,Many international organizations advocate for the protection of human rights and environmental conservation.,strongly advocate; actively advocate; advocate for,C1
Scrutinize,/ˈskrutnˌaɪz/,v.,"scrutinize, scrutinizes, scrutinized, scrutinized, scrutinizing",scrutiny (n.),scrutinize; examine closely｜仔細檢查；仔細審查,The committee will carefully scrutinize every detail of the proposed budget before making a final decision.,closely scrutinize; carefully scrutinize; deeply scrutinize,C1
Synthesize,/ˈsɪnθəˌsaɪz/,v.,"synthesize, synthesizes, synthesized, synthesized, synthesizing",synthesis (n.),synthesize; combine｜合成；綜合,The researchers attempted to synthesize a new compound that could be used in the production of solar panels.,synthesize information; naturally synthesize; artificially synthesize,C1
Facilitate,/fəˈsɪlɪˌteɪt/,v.,"facilitate, facilitates, facilitated, facilitated, facilitating","facilitation (n.), facilitator (n.)",facilitate; ease｜促進；使便利,The new software update is designed to facilitate communication between different departments within the company.,facilitate learning; help facilitate; greatly facilitate,C1
Hinder,/ˈhɪndər/,v.,"hinder, hinders, hindered, hindered, hindering",hindrance (n.),hinder; obstruct｜阻礙；妨礙,The heavy snowfall significantly hindered the rescue efforts after the massive earthquake hit the region.,hinder progress; severely hinder; tend to hinder,C1
Curtail,/kərˈteɪl/,v.,"curtail, curtails, curtailed, curtailed, curtailing",None,curtail; restrict｜縮減；限制,The government had to curtail public spending due to the severe economic crisis facing the country this year.,curtail spending; severely curtail; curtail operations,C1
Initiate,/ɪˈnɪʃiˌeɪt/,v.,"initiate, initiates, initiated, initiated, initiating","initiation (n.), initiative (n.)",to start; to initiate｜開始；發起,The management team decided to initiate a new training program for all entry-level employees next month.,initiate a project; formally initiate; actively initiate,C1
Validate,/ˈvælɪˌdeɪt/,v.,"validate, validates, validated, validated, validating","validation (n.), valid (adj.)",to confirm; to validate｜證實；使生效,We need to conduct further experiments to validate the results of our preliminary research study.,validate a claim; fully validate; scientifically validate,C1
Augment,/ɔɡˈmɛnt/,v.,"augment, augments, augmented, augmented, augmenting",augmentation (n.),to enlarge; to increase｜擴大；增加,The company plans to augment its current workforce by hiring several new software developers this year.,augment income; significantly augment; try to augment,C1
Speculate,/ˈspɛkjəˌleɪt/,v.,"speculate, speculates, speculated, speculated, speculating","speculation (n.), speculative (adj.)",to guess; to speculate｜推測；投機,Economists speculate that the interest rates will continue to rise over the next few fiscal quarters.,speculate about; wildly speculate; widely speculate,C1
Verify,/ˈvɛrəˌfaɪ/,v.,"verify, verifies, verified, verified, verifying",verification (n.),to check; to verify｜核實；查證,The bank will need to verify your identity before they can process your application for a new loan.,verify the facts; independently verify; difficult to verify,C1
Resolve,/rɪˈzɑlv/,v.,"resolve, resolves, resolved, resolved, resolving","resolution (n.), resolved (v.)",to solve; to decide｜解決；決定,The two parties are working hard to resolve their differences through peaceful and constructive dialogue.,resolve a conflict; quickly resolve; peacefully resolve,C1
Fluctuate,/ˈflʌktʃuˌeɪt/,v.,"fluctuate, fluctuates, fluctuated, fluctuated, fluctuating",fluctuation (n.),to wave; to fluctuate｜波動；起伏,The prices of essential commodities tend to fluctuate significantly based on global market demand and supply.,fluctuate wildly; tend to fluctuate; fluctuate significantly,C1
Integrate,/ˈɪntəˌɡreɪt/,v.,"integrate, integrates, integrated, integrated, integrating","integration (n.), integral (adj.)",to integrate; to incorporate｜整合；融入,The goal of the project is to integrate new technology into the existing manufacturing process effectively.,integrate into; fully integrate; successfully integrate,C1
Reconcile,/ˈrɛkənˌsaɪl/,v.,"reconcile, reconciles, reconciled, reconciled, reconciling",reconciliation (n.),to reconcile; to harmonize｜使和解；調和,It is often difficult to reconcile the needs of the individual with the requirements of the entire group.,reconcile differences; difficult to reconcile; completely reconcile,C1
Underscore,/ˌʌndərˈskɔr/,v.,"underscore, underscores, underscored, underscored, underscoring",None,to emphasize; to underline｜強調；在...下面劃線,The recent report underscores the urgent need for more investment in public healthcare infrastructure.,underscore the importance; heavily underscore; underscore the need,C1
Predominantly,/prɪˈdɑmənəntli/,adv.,"predominantly, more predominantly, most predominantly","predominant (adj.), predominate (v.)",mainly; predominantly｜主要地；佔主導地位地,The local population is predominantly composed of young families who have recently moved to the area.,predominantly female; predominantly white; predominantly based on,C1
Subsequently,/ˈsʌbsəkwəntli/,adv.,"subsequently, more subsequently, most subsequently",subsequent (adj.),afterwards; subsequently｜隨後；接著,The initial report was subsequently proved to be inaccurate after a more thorough investigation was conducted.,subsequently revealed; subsequently abandoned; subsequently confirmed,C1
Inadvertently,/ˌɪnədˈvɜrtəntli/,adv.,"inadvertently, more inadvertently, most inadvertently",inadvertent (adj.),unintentionally; inadvertently｜不經意地；非故意地,She inadvertently deleted the important file while she was trying to organize her computer desktop.,inadvertently cause; inadvertently reveal; inadvertently deleted,C1
Paradoxically,/ˌpærəˈdɑksɪkəli/,adv.,"paradoxically, more paradoxically, most paradoxically","paradoxical (adj.), paradox (n.)",paradoxically｜自相矛盾地,"Paradoxically, some people find that they are more productive when they have less time to complete a task.",paradoxically enough; seem paradoxically; somewhat paradoxically,C1
Consequently,/ˈkɑnsəˌkwɛntli/,adv.,"consequently, more consequently, most consequently","consequent (adj.), consequence (n.)",therefore; consequently｜因此；結果,"The company faced significant financial losses, and consequently, several departments had to be closed down.",consequently led to; and consequently; suffered consequently,C1
Sporadically,/spəˈrædɪkəli/,adv.,"sporadically, more sporadically, most sporadically",sporadic (adj.),occasionally; sporadically｜偶爾地；零星地,The virus continues to appear sporadically in different parts of the country despite the vaccination efforts.,occur sporadically; work sporadically; sporadically throughout,C1
Inevitably,/ɪnˈɛvətəbli/,adv.,"inevitably, more inevitably, most inevitably",inevitable (n.),unavoidably; inevitably｜不可避免地；必然地,The rapid expansion of the city will inevitably lead to an increase in demand for more housing and services.,inevitably lead to; perhaps inevitably; almost inevitably,C1
Periodically,/ˌpɪriˈɑdɪkəli/,adv.,"periodically, more periodically, most periodically","periodic (adj.), period (n.)",regularly; periodically｜定期地；週期性地,The system software needs to be updated periodically to ensure that it remains secure and efficient.,review periodically; update periodically; check periodically,C1
Meticulously,/məˈtɪkjələsli/,adv.,"meticulously, more meticulously, most meticulously",meticulous (adj.),carefully; meticulously｜一絲不苟地；極其仔細地,The historical documents were meticulously restored by a team of experts over several years of hard work.,meticulously planned; meticulously documented; meticulously cleaned,C1
Profoundly,/prəˈfaʊndli/,adv.,"profoundly, more profoundly, most profoundly",profound (adj.),deeply; profoundly｜深深地；極度地,The discovery of the ancient ruins has profoundly changed our understanding of early human civilizations.,profoundly affected; profoundly deaf; profoundly disturbing,C1
